============================================================
  Generated by:           Genus(TM) Synthesis Solution 21.10-p002_1
  Generated on:           Apr 07 2026  04:08:45 pm
  Module:                 et4351
  Technology libraries:   slow_vdd1v2 1.0
                          saed32sram_ss0p95vn40c 1.0000000
                          physical_cells 
  Operating conditions:   PVT_1P08V_125C 
  Interconnect mode:      global
  Area mode:              physical library
============================================================

path   1:

         Pin                 Type       Fanout Load Slew Delay Arrival   Location    
                                               (fF) (ps)  (ps)   (ps)       (x,   y) 
-------------------------------------------------------------------------------------
(clock clk)               launch                                 24000 F             
soc
  spimemio
    xfer_io0_90_reg/CKN                                0    +0   24000 F             
    xfer_io0_90_reg/QN    DFFNSRX1LVT        1  4.3   51  +128   24128 F             
    g4638/A0                                                +0   24128               
    g4638/Y               OAI21X1LVT         1  4.9  136   +88   24216 R             
  spimemio/flash_io0_do 
soc/flash_io0_do 
flash_bufs_0_/soc_o 
  g1/A                                                      +0   24216               
  g1/Y                    TBUFX3LVT          3 59.2  204  +181   24396 R             
flash_bufs_0_/io 
flash_io0                 interconnect               204    +0   24397 R             
                          out port                          +0   24397 R             
(et4351.sdc_line_70)      ext delay                      +5000   29397 R             
- - - - - - - - - - - - - - - - - - - - - - - - - - - - - - - - - - - - - - - - - - -
(clock flash_clk)         capture                                32000 R             
                          uncertainty                     -250   31750 R             
-------------------------------------------------------------------------------------
Cost Group   : 'flash_clk' (path_group 'flash_clk')
Timing slack :    2353ps 
Start-point  : soc/spimemio/xfer_io0_90_reg/CKN
End-point    : flash_io0

path   2:

         Pin                 Type       Fanout Load Slew Delay Arrival   Location    
                                               (fF) (ps)  (ps)   (ps)       (x,   y) 
-------------------------------------------------------------------------------------
(clock clk)               launch                                 24000 F             
soc
  spimemio
    xfer_io0_90_reg/CKN                                0    +0   24000 F             
    xfer_io0_90_reg/QN    DFFNSRX1LVT        1  4.4   48  +119   24119 R             
    g4638/A0                                                +0   24119               
    g4638/Y               OAI21X1LVT         1  4.7  128   +94   24213 F             
  spimemio/flash_io0_do 
soc/flash_io0_do 
flash_bufs_0_/soc_o 
  g1/A                                                      +0   24213               
  g1/Y                    TBUFX3LVT          3 59.1  221  +178   24391 F             
flash_bufs_0_/io 
flash_io0                 interconnect               221    +0   24391 F             
                          out port                          +0   24391 F             
(et4351.sdc_line_70)      ext delay                      +5000   29391 F             
- - - - - - - - - - - - - - - - - - - - - - - - - - - - - - - - - - - - - - - - - - -
(clock flash_clk)         capture                                32000 R             
                          uncertainty                     -250   31750 R             
-------------------------------------------------------------------------------------
Cost Group   : 'flash_clk' (path_group 'flash_clk')
Timing slack :    2359ps 
Start-point  : soc/spimemio/xfer_io0_90_reg/CKN
End-point    : flash_io0

path   3:

          Pin                 Type       Fanout Load Slew Delay Arrival   Location    
                                                (fF) (ps)  (ps)   (ps)       (x,   y) 
--------------------------------------------------------------------------------------
(clock clk)                launch                                 24000 F             
soc
  spimemio
    xfer_io3_90_reg/CKN                                 0    +0   24000 F             
    xfer_io3_90_reg/QN     DFFNSRX1LVT        1  4.3   51  +128   24128 F             
    g4639/A0                                                 +0   24128               
    g4639/Y                OAI21X1LVT         1  4.9  136   +88   24216 R             
  spimemio/flash_io3_do 
soc/flash_io3_do 
flash_bufs_3_/soc_o 
  g1/A                                                       +0   24216               
  g1/Y                     TBUFX4LVT          3 59.9  161  +161   24376 R             
flash_bufs_3_/io 
flash_io3                  interconnect               161    +0   24376 R             
                           out port                          +0   24376 R             
(et4351.sdc_line_70_7_1)   ext delay                      +5000   29376 R             
- - - - - - - - - - - - - - - - - - - - - - - - - - - - - - - - - - - - - - - - - - - 
(clock flash_clk)          capture                                32000 R             
                           uncertainty                     -250   31750 R             
--------------------------------------------------------------------------------------
Cost Group   : 'flash_clk' (path_group 'flash_clk')
Timing slack :    2374ps 
Start-point  : soc/spimemio/xfer_io3_90_reg/CKN
End-point    : flash_io3

path   4:

          Pin                 Type       Fanout Load Slew Delay Arrival   Location    
                                                (fF) (ps)  (ps)   (ps)       (x,   y) 
--------------------------------------------------------------------------------------
(clock clk)                launch                                 24000 F             
soc
  spimemio
    xfer_io1_90_reg/CKN                                 0    +0   24000 F             
    xfer_io1_90_reg/QN     DFFNSRX1LVT        1  4.3   51  +128   24128 F             
    g4637/A0                                                 +0   24128               
    g4637/Y                OAI21X1LVT         1  4.9  136   +88   24216 R             
  spimemio/flash_io1_do 
soc/flash_io1_do 
flash_bufs_1_/soc_o 
  g1/A                                                       +0   24216               
  g1/Y                     TBUFX4LVT          3 59.9  160  +161   24376 R             
flash_bufs_1_/io 
flash_io1                  interconnect               160    +0   24376 R             
                           out port                          +0   24376 R             
(et4351.sdc_line_70_5_1)   ext delay                      +5000   29376 R             
- - - - - - - - - - - - - - - - - - - - - - - - - - - - - - - - - - - - - - - - - - - 
(clock flash_clk)          capture                                32000 R             
                           uncertainty                     -250   31750 R             
--------------------------------------------------------------------------------------
Cost Group   : 'flash_clk' (path_group 'flash_clk')
Timing slack :    2374ps 
Start-point  : soc/spimemio/xfer_io1_90_reg/CKN
End-point    : flash_io1

path   5:

          Pin                 Type       Fanout Load Slew Delay Arrival   Location    
                                                (fF) (ps)  (ps)   (ps)       (x,   y) 
--------------------------------------------------------------------------------------
(clock clk)                launch                                 24000 F             
soc
  spimemio
    xfer_io2_90_reg/CKN                                 0    +0   24000 F             
    xfer_io2_90_reg/QN     DFFNSRX1LVT        1  4.3   51  +128   24128 F             
    g4636/A0                                                 +0   24128               
    g4636/Y                OAI21X1LVT         1  4.9  136   +88   24216 R             
  spimemio/flash_io2_do 
soc/flash_io2_do 
flash_bufs_2_/soc_o 
  g1/A                                                       +0   24216               
  g1/Y                     TBUFX4LVT          3 59.7  160  +160   24376 R             
flash_bufs_2_/io 
flash_io2                  interconnect               160    +0   24376 R             
                           out port                          +0   24376 R             
(et4351.sdc_line_70_6_1)   ext delay                      +5000   29376 R             
- - - - - - - - - - - - - - - - - - - - - - - - - - - - - - - - - - - - - - - - - - - 
(clock flash_clk)          capture                                32000 R             
                           uncertainty                     -250   31750 R             
--------------------------------------------------------------------------------------
Cost Group   : 'flash_clk' (path_group 'flash_clk')
Timing slack :    2374ps 
Start-point  : soc/spimemio/xfer_io2_90_reg/CKN
End-point    : flash_io2

path   6:

          Pin                 Type       Fanout Load Slew Delay Arrival   Location    
                                                (fF) (ps)  (ps)   (ps)       (x,   y) 
--------------------------------------------------------------------------------------
(clock clk)                launch                                 24000 F             
soc
  spimemio
    xfer_io3_90_reg/CKN                                 0    +0   24000 F             
    xfer_io3_90_reg/QN     DFFNSRX1LVT        1  4.4   48  +119   24119 R             
    g4639/A0                                                 +0   24119               
    g4639/Y                OAI21X1LVT         1  4.7  128   +94   24213 F             
  spimemio/flash_io3_do 
soc/flash_io3_do 
flash_bufs_3_/soc_o 
  g1/A                                                       +0   24213               
  g1/Y                     TBUFX4LVT          3 59.8  173  +154   24367 F             
flash_bufs_3_/io 
flash_io3                  interconnect               173    +0   24367 F             
                           out port                          +0   24367 F             
(et4351.sdc_line_70_7_1)   ext delay                      +5000   29367 F             
- - - - - - - - - - - - - - - - - - - - - - - - - - - - - - - - - - - - - - - - - - - 
(clock flash_clk)          capture                                32000 R             
                           uncertainty                     -250   31750 R             
--------------------------------------------------------------------------------------
Cost Group   : 'flash_clk' (path_group 'flash_clk')
Timing slack :    2383ps 
Start-point  : soc/spimemio/xfer_io3_90_reg/CKN
End-point    : flash_io3

path   7:

          Pin                 Type       Fanout Load Slew Delay Arrival   Location    
                                                (fF) (ps)  (ps)   (ps)       (x,   y) 
--------------------------------------------------------------------------------------
(clock clk)                launch                                 24000 F             
soc
  spimemio
    xfer_io1_90_reg/CKN                                 0    +0   24000 F             
    xfer_io1_90_reg/QN     DFFNSRX1LVT        1  4.4   48  +119   24119 R             
    g4637/A0                                                 +0   24119               
    g4637/Y                OAI21X1LVT         1  4.7  128   +94   24213 F             
  spimemio/flash_io1_do 
soc/flash_io1_do 
flash_bufs_1_/soc_o 
  g1/A                                                       +0   24213               
  g1/Y                     TBUFX4LVT          3 59.8  173  +154   24367 F             
flash_bufs_1_/io 
flash_io1                  interconnect               173    +0   24367 F             
                           out port                          +0   24367 F             
(et4351.sdc_line_70_5_1)   ext delay                      +5000   29367 F             
- - - - - - - - - - - - - - - - - - - - - - - - - - - - - - - - - - - - - - - - - - - 
(clock flash_clk)          capture                                32000 R             
                           uncertainty                     -250   31750 R             
--------------------------------------------------------------------------------------
Cost Group   : 'flash_clk' (path_group 'flash_clk')
Timing slack :    2383ps 
Start-point  : soc/spimemio/xfer_io1_90_reg/CKN
End-point    : flash_io1

path   8:

          Pin                 Type       Fanout Load Slew Delay Arrival   Location    
                                                (fF) (ps)  (ps)   (ps)       (x,   y) 
--------------------------------------------------------------------------------------
(clock clk)                launch                                 24000 F             
soc
  spimemio
    xfer_io2_90_reg/CKN                                 0    +0   24000 F             
    xfer_io2_90_reg/QN     DFFNSRX1LVT        1  4.4   48  +119   24119 R             
    g4636/A0                                                 +0   24119               
    g4636/Y                OAI21X1LVT         1  4.7  128   +94   24213 F             
  spimemio/flash_io2_do 
soc/flash_io2_do 
flash_bufs_2_/soc_o 
  g1/A                                                       +0   24213               
  g1/Y                     TBUFX4LVT          3 59.6  173  +154   24367 F             
flash_bufs_2_/io 
flash_io2                  interconnect               173    +0   24367 F             
                           out port                          +0   24367 F             
(et4351.sdc_line_70_6_1)   ext delay                      +5000   29367 F             
- - - - - - - - - - - - - - - - - - - - - - - - - - - - - - - - - - - - - - - - - - - 
(clock flash_clk)          capture                                32000 R             
                           uncertainty                     -250   31750 R             
--------------------------------------------------------------------------------------
Cost Group   : 'flash_clk' (path_group 'flash_clk')
Timing slack :    2383ps 
Start-point  : soc/spimemio/xfer_io2_90_reg/CKN
End-point    : flash_io2

path   9:

           Pin                  Type       Fanout Load Slew Delay Arrival   Location    
                                                  (fF) (ps)  (ps)   (ps)       (x,   y) 
----------------------------------------------------------------------------------------
(clock flash_clk)            launch                                     0 R             
(et4351.sdc_line_68_2_1)     ext delay                      +9000    9000 F             
flash_io2                    inout port         2 59.6    0    +0    9000 F             
flash_bufs_2_/io 
flash_bufs_2_/soc_i 
soc/flash_io2_di 
  g2850/A1                                                     +0    9000               
  g2850/Y                    AO22X1LVT          1  4.3   54  +126    9126 F             
  g2795/C0                                                     +0    9126               
  g2795/Y                    AOI221X1LVT        1  4.4  169  +115    9241 R             
  g2761/B                                                      +0    9241               
  g2761/Y                    NAND2X1LVT         2  6.3  158  +148    9388 F             
  cpu/mem_rdata[2] 
    g115757/A1N                                                +0    9388               
    g115757/Y                OAI2BB1X1LVT       2  6.5  151  +136    9524 F             
    g115232/A1                                                 +0    9524               
    g115232/Y                AOI22X1LVT         1  4.2  123  +117    9641 R             
    g114843/B0                                                 +0    9641               
    g114843/Y                OA21X1LVT          9 23.2  237  +212    9853 R             
    g114684/A                                                  +0    9853               
    g114684/Y                INVX1LVT           5 13.2  180  +174   10027 F             
    g113666/C                                                  +0   10027               
    g113666/Y                OR4X1LVT           5 13.2  157  +213   10241 F             
    g113164/C                                                  +0   10241               
    g113164/Y                OR3X1LVT           4 11.3  132  +160   10400 F             
    g112960/B0                                                 +0   10400               
    g112960/Y                OAI2BB1X1LVT       1  4.4   71   +80   10480 R             
    g111313/A1                                                 +0   10480               
    g111313/Y                AOI21X1LVT         1  4.1  116   +94   10574 F             
    g110639/D                                                  +0   10574               
    g110639/Y                OR4X1LVT           1  4.1   60  +129   10703 F             
    g110530/A1N                                                +0   10703               
    g110530/Y                AOI2BB1X1LVT       2  6.1   88   +87   10790 F             
    g110448/C0                                                 +0   10790               
    g110448/Y                AOI211XLLVT        1  4.2  240  +171   10961 R             
    g110387/A1                                                 +0   10961               
    g110387/Y                OA21X2LVT         13 33.2  179  +223   11184 R             
    g110334/B                                                  +0   11184               
    g110334/Y                NOR2X2LVT          7 17.3  131  +116   11300 F             
    g110248/A                                                  +0   11300               
    g110248/Y                AND2X1LVT          4 11.5  128  +119   11419 F             
    g109952/B                                                  +0   11419               
    g109952/Y                NAND2X1LVT         3  9.1  115  +103   11522 R             
    g109666/B0                                                 +0   11522               
    g109666/Y                OAI2BB1X1LVT       4 10.7  238  +178   11700 F             
    g109647/B                                                  +0   11700               
    g109647/Y                OR2X1LVT           2  6.3   75  +127   11827 F             
    g109386/AN                                                 +0   11827               
    g109386/Y                NAND3BXLLVT        1  4.3  278  +192   12019 F             
    g109330/B                                                  +0   12019               
    g109330/Y                NOR2X1LVT          1  4.4  123  +156   12175 R             
    g109242/A1                                                 +0   12175               
    g109242/Y                AOI22X1LVT         1  4.3  137  +125   12300 F             
    g109222/C0                                                 +0   12300               
    g109222/Y                OAI221X1LVT        1  4.2  142   +80   12380 R             
    mem_rdata_q_reg_25_/D    DFFX1LVT                          +0   12380               
    mem_rdata_q_reg_25_/CK   setup                        0   +76   12456 R             
- - - - - - - - - - - - - - - - - - - - - - - - - - - - - - - - - - - - - - - - - - - - 
(clock clk)                  capture                                16000 R             
                             uncertainty                     -250   15750 R             
----------------------------------------------------------------------------------------
Cost Group   : 'clk' (path_group 'clk')
Timing slack :    3294ps 
Start-point  : flash_io2
End-point    : soc/cpu/mem_rdata_q_reg_25_/D

path  10:

           Pin                  Type       Fanout Load Slew Delay Arrival   Location    
                                                  (fF) (ps)  (ps)   (ps)       (x,   y) 
----------------------------------------------------------------------------------------
(clock flash_clk)            launch                                     0 R             
(et4351.sdc_line_68_2_1)     ext delay                      +9000    9000 F             
flash_io2                    inout port         2 59.6    0    +0    9000 F             
flash_bufs_2_/io 
flash_bufs_2_/soc_i 
soc/flash_io2_di 
  g2850/A1                                                     +0    9000               
  g2850/Y                    AO22X1LVT          1  4.3   54  +126    9126 F             
  g2795/C0                                                     +0    9126               
  g2795/Y                    AOI221X1LVT        1  4.4  169  +115    9241 R             
  g2761/B                                                      +0    9241               
  g2761/Y                    NAND2X1LVT         2  6.3  158  +148    9388 F             
  cpu/mem_rdata[2] 
    g115757/A1N                                                +0    9388               
    g115757/Y                OAI2BB1X1LVT       2  6.5  151  +136    9524 F             
    g115232/A1                                                 +0    9524               
    g115232/Y                AOI22X1LVT         1  4.2  123  +117    9641 R             
    g114843/B0                                                 +0    9641               
    g114843/Y                OA21X1LVT          9 23.2  237  +212    9853 R             
    g114684/A                                                  +0    9853               
    g114684/Y                INVX1LVT           5 13.2  180  +174   10027 F             
    g113666/C                                                  +0   10027               
    g113666/Y                OR4X1LVT           5 13.2  157  +213   10241 F             
    g113277/B                                                  +0   10241               
    g113277/Y                NAND2X1LVT         4 10.9  156  +123   10364 R             
    g112960/A1N                                                +0   10364               
    g112960/Y                OAI2BB1X1LVT       1  4.4   71  +107   10470 R             
    g111313/A1                                                 +0   10470               
    g111313/Y                AOI21X1LVT         1  4.1  116   +94   10564 F             
    g110639/D                                                  +0   10564               
    g110639/Y                OR4X1LVT           1  4.1   60  +129   10693 F             
    g110530/A1N                                                +0   10693               
    g110530/Y                AOI2BB1X1LVT       2  6.1   88   +87   10780 F             
    g110448/C0                                                 +0   10780               
    g110448/Y                AOI211XLLVT        1  4.2  240  +171   10951 R             
    g110387/A1                                                 +0   10951               
    g110387/Y                OA21X2LVT         13 33.2  179  +223   11174 R             
    g110334/B                                                  +0   11174               
    g110334/Y                NOR2X2LVT          7 17.3  131  +116   11291 F             
    g110248/A                                                  +0   11291               
    g110248/Y                AND2X1LVT          4 11.5  128  +119   11409 F             
    g109952/B                                                  +0   11409               
    g109952/Y                NAND2X1LVT         3  9.1  115  +103   11512 R             
    g109666/B0                                                 +0   11512               
    g109666/Y                OAI2BB1X1LVT       4 10.7  238  +178   11690 F             
    g109647/B                                                  +0   11690               
    g109647/Y                OR2X1LVT           2  6.3   75  +127   11817 F             
    g109386/AN                                                 +0   11817               
    g109386/Y                NAND3BXLLVT        1  4.3  278  +192   12009 F             
    g109330/B                                                  +0   12009               
    g109330/Y                NOR2X1LVT          1  4.4  123  +156   12165 R             
    g109242/A1                                                 +0   12165               
    g109242/Y                AOI22X1LVT         1  4.3  137  +125   12290 F             
    g109222/C0                                                 +0   12290               
    g109222/Y                OAI221X1LVT        1  4.2  142   +80   12370 R             
    mem_rdata_q_reg_25_/D    DFFX1LVT                          +0   12370               
    mem_rdata_q_reg_25_/CK   setup                        0   +76   12446 R             
- - - - - - - - - - - - - - - - - - - - - - - - - - - - - - - - - - - - - - - - - - - - 
(clock clk)                  capture                                16000 R             
                             uncertainty                     -250   15750 R             
----------------------------------------------------------------------------------------
Cost Group   : 'clk' (path_group 'clk')
Timing slack :    3304ps 
Start-point  : flash_io2
End-point    : soc/cpu/mem_rdata_q_reg_25_/D

path  11:

           Pin                  Type       Fanout Load Slew Delay Arrival   Location    
                                                  (fF) (ps)  (ps)   (ps)       (x,   y) 
----------------------------------------------------------------------------------------
(clock flash_clk)            launch                                     0 R             
(et4351.sdc_line_68_2_1)     ext delay                      +9000    9000 F             
flash_io2                    inout port         2 59.6    0    +0    9000 F             
flash_bufs_2_/io 
flash_bufs_2_/soc_i 
soc/flash_io2_di 
  g2850/A1                                                     +0    9000               
  g2850/Y                    AO22X1LVT          1  4.3   54  +126    9126 F             
  g2795/C0                                                     +0    9126               
  g2795/Y                    AOI221X1LVT        1  4.4  169  +115    9241 R             
  g2761/B                                                      +0    9241               
  g2761/Y                    NAND2X1LVT         2  6.3  158  +148    9388 F             
  cpu/mem_rdata[2] 
    g115757/A1N                                                +0    9388               
    g115757/Y                OAI2BB1X1LVT       2  6.5  151  +136    9524 F             
    g115232/A1                                                 +0    9524               
    g115232/Y                AOI22X1LVT         1  4.2  123  +117    9641 R             
    g114843/B0                                                 +0    9641               
    g114843/Y                OA21X1LVT          9 23.2  237  +212    9853 R             
    g114684/A                                                  +0    9853               
    g114684/Y                INVX1LVT           5 13.2  180  +174   10027 F             
    g113666/C                                                  +0   10027               
    g113666/Y                OR4X1LVT           5 13.2  157  +213   10241 F             
    g113164/C                                                  +0   10241               
    g113164/Y                OR3X1LVT           4 11.3  132  +160   10400 F             
    g112960/B0                                                 +0   10400               
    g112960/Y                OAI2BB1X1LVT       1  4.4   71   +80   10480 R             
    g111313/A1                                                 +0   10480               
    g111313/Y                AOI21X1LVT         1  4.1  116   +94   10574 F             
    g110639/D                                                  +0   10574               
    g110639/Y                OR4X1LVT           1  4.1   60  +129   10703 F             
    g110530/A1N                                                +0   10703               
    g110530/Y                AOI2BB1X1LVT       2  6.1   88   +87   10790 F             
    g110448/C0                                                 +0   10790               
    g110448/Y                AOI211XLLVT        1  4.2  240  +171   10961 R             
    g110387/A1                                                 +0   10961               
    g110387/Y                OA21X2LVT         13 33.2  179  +223   11184 R             
    g110334/B                                                  +0   11184               
    g110334/Y                NOR2X2LVT          7 17.3  131  +116   11300 F             
    g110248/A                                                  +0   11300               
    g110248/Y                AND2X1LVT          4 11.5  128  +119   11419 F             
    g109953/B0                                                 +0   11419               
    g109953/Y                OAI31X2LVT         3  9.1  168   +70   11490 R             
    g109659/B0                                                 +0   11490               
    g109659/Y                OAI2BB1X1LVT       3  8.6  198  +172   11661 F             
    g109462/AN                                                 +0   11661               
    g109462/Y                NAND4BX1LVT        1  4.3  220  +202   11863 F             
    g109296/D                                                  +0   11863               
    g109296/Y                NOR4X1LVT          1  4.4  212  +186   12049 R             
    g109214/B1                                                 +0   12049               
    g109214/Y                AOI222X1LVT        1  4.3  161  +161   12210 F             
    g109203/C0                                                 +0   12210               
    g109203/Y                OAI221X1LVT        1  4.2  134   +89   12300 R             
    g109193/B                                                  +0   12300               
    g109193/Y                OR2X1LVT           1  4.2   47   +78   12378 R             
    mem_rdata_q_reg_27_/D    DFFX1LVT                          +0   12378               
    mem_rdata_q_reg_27_/CK   setup                        0   +50   12429 R             
- - - - - - - - - - - - - - - - - - - - - - - - - - - - - - - - - - - - - - - - - - - - 
(clock clk)                  capture                                16000 R             
                             uncertainty                     -250   15750 R             
----------------------------------------------------------------------------------------
Cost Group   : 'clk' (path_group 'clk')
Timing slack :    3321ps 
Start-point  : flash_io2
End-point    : soc/cpu/mem_rdata_q_reg_27_/D

path  12:

           Pin                  Type       Fanout Load Slew Delay Arrival   Location    
                                                  (fF) (ps)  (ps)   (ps)       (x,   y) 
----------------------------------------------------------------------------------------
(clock flash_clk)            launch                                     0 R             
(et4351.sdc_line_68_2_1)     ext delay                      +9000    9000 F             
flash_io2                    inout port         2 59.6    0    +0    9000 F             
flash_bufs_2_/io 
flash_bufs_2_/soc_i 
soc/flash_io2_di 
  g2850/A1                                                     +0    9000               
  g2850/Y                    AO22X1LVT          1  4.3   54  +126    9126 F             
  g2795/C0                                                     +0    9126               
  g2795/Y                    AOI221X1LVT        1  4.4  169  +115    9241 R             
  g2761/B                                                      +0    9241               
  g2761/Y                    NAND2X1LVT         2  6.3  158  +148    9388 F             
  cpu/mem_rdata[2] 
    g115757/A1N                                                +0    9388               
    g115757/Y                OAI2BB1X1LVT       2  6.5  151  +136    9524 F             
    g115232/A1                                                 +0    9524               
    g115232/Y                AOI22X1LVT         1  4.2  123  +117    9641 R             
    g114843/B0                                                 +0    9641               
    g114843/Y                OA21X1LVT          9 23.2  237  +212    9853 R             
    g114684/A                                                  +0    9853               
    g114684/Y                INVX1LVT           5 13.2  180  +174   10027 F             
    g113666/C                                                  +0   10027               
    g113666/Y                OR4X1LVT           5 13.2  157  +213   10241 F             
    g113281/B                                                  +0   10241               
    g113281/Y                NOR2X1LVT          3  8.9  194  +161   10402 R             
    g113197/A                                                  +0   10402               
    g113197/Y                INVX1LVT           7 17.3  217  +182   10584 F             
    g111313/A0                                                 +0   10584               
    g111313/Y                AOI21X1LVT         1  4.2  118  +133   10716 R             
    g110639/D                                                  +0   10716               
    g110639/Y                OR4X1LVT           1  4.2   48   +80   10796 R             
    g110530/A1N                                                +0   10796               
    g110530/Y                AOI2BB1X1LVT       2  6.3  140  +104   10900 R             
    g110448/C0                                                 +0   10900               
    g110448/Y                AOI211XLLVT        1  4.1  203  +112   11012 F             
    g110387/A1                                                 +0   11012               
    g110387/Y                OA21X2LVT         13 31.8  185  +213   11225 F             
    g110366/A                                                  +0   11225               
    g110366/Y                INVX1LVT           5 13.7  167  +147   11372 R             
    g110293/A                                                  +0   11372               
    g110293/Y                AND2X1LVT          5 13.1  137  +156   11528 R             
    g110245/B                                                  +0   11528               
    g110245/Y                NAND2X1LVT         3  8.6  201  +162   11690 F             
    g109654/A                                                  +0   11690               
    g109654/Y                NAND2X1LVT         1  4.4   82  +106   11796 R             
    g109581/A                                                  +0   11796               
    g109581/Y                NOR2X1LVT          1  4.3   68   +66   11862 F             
    g109458/B                                                  +0   11862               
    g109458/Y                NAND2X1LVT         1  4.4   91   +54   11917 R             
    g109295/D                                                  +0   11917               
    g109295/Y                NOR4X1LVT          1  4.3   88   +68   11985 F             
    g109223/C0                                                 +0   11985               
    g109223/Y                AOI221X1LVT        1  4.4  168  +127   12112 R             
    g109212/C0                                                 +0   12112               
    g109212/Y                OAI221X1LVT        1  4.1  187  +176   12287 F             
    g109197/B                                                  +0   12287               
    g109197/Y                OR2X1LVT           1  4.1   51  +103   12390 F             
    mem_rdata_q_reg_26_/D    DFFX1LVT                          +0   12390               
    mem_rdata_q_reg_26_/CK   setup                        0   +34   12424 R             
- - - - - - - - - - - - - - - - - - - - - - - - - - - - - - - - - - - - - - - - - - - - 
(clock clk)                  capture                                16000 R             
                             uncertainty                     -250   15750 R             
----------------------------------------------------------------------------------------
Cost Group   : 'clk' (path_group 'clk')
Timing slack :    3326ps 
Start-point  : flash_io2
End-point    : soc/cpu/mem_rdata_q_reg_26_/D

path  13:

           Pin                  Type       Fanout Load Slew Delay Arrival   Location    
                                                  (fF) (ps)  (ps)   (ps)       (x,   y) 
----------------------------------------------------------------------------------------
(clock flash_clk)            launch                                     0 R             
(et4351.sdc_line_68_2_1)     ext delay                      +9000    9000 F             
flash_io2                    inout port         2 59.6    0    +0    9000 F             
flash_bufs_2_/io 
flash_bufs_2_/soc_i 
soc/flash_io2_di 
  g2850/A1                                                     +0    9000               
  g2850/Y                    AO22X1LVT          1  4.3   54  +126    9126 F             
  g2795/C0                                                     +0    9126               
  g2795/Y                    AOI221X1LVT        1  4.4  169  +115    9241 R             
  g2761/B                                                      +0    9241               
  g2761/Y                    NAND2X1LVT         2  6.3  158  +148    9388 F             
  cpu/mem_rdata[2] 
    g115757/A1N                                                +0    9388               
    g115757/Y                OAI2BB1X1LVT       2  6.5  151  +136    9524 F             
    g115232/A1                                                 +0    9524               
    g115232/Y                AOI22X1LVT         1  4.2  123  +117    9641 R             
    g114843/B0                                                 +0    9641               
    g114843/Y                OA21X1LVT          9 23.2  237  +212    9853 R             
    g114684/A                                                  +0    9853               
    g114684/Y                INVX1LVT           5 13.2  180  +174   10027 F             
    g113666/C                                                  +0   10027               
    g113666/Y                OR4X1LVT           5 13.2  157  +213   10241 F             
    g113281/B                                                  +0   10241               
    g113281/Y                NOR2X1LVT          3  8.9  194  +161   10402 R             
    g113197/A                                                  +0   10402               
    g113197/Y                INVX1LVT           7 17.3  217  +182   10584 F             
    g111313/A0                                                 +0   10584               
    g111313/Y                AOI21X1LVT         1  4.2  118  +133   10716 R             
    g110639/D                                                  +0   10716               
    g110639/Y                OR4X1LVT           1  4.2   48   +80   10796 R             
    g110530/A1N                                                +0   10796               
    g110530/Y                AOI2BB1X1LVT       2  6.3  140  +104   10900 R             
    g110448/C0                                                 +0   10900               
    g110448/Y                AOI211XLLVT        1  4.1  203  +112   11012 F             
    g110387/A1                                                 +0   11012               
    g110387/Y                OA21X2LVT         13 31.8  185  +213   11225 F             
    g110334/B                                                  +0   11225               
    g110334/Y                NOR2X2LVT          7 18.0  206  +165   11390 R             
    g110248/A                                                  +0   11390               
    g110248/Y                AND2X1LVT          4 12.0  126  +160   11550 R             
    g109952/B                                                  +0   11550               
    g109952/Y                NAND2X1LVT         3  8.8  204  +161   11711 F             
    g109666/B0                                                 +0   11711               
    g109666/Y                OAI2BB1X1LVT       4 11.1  148  +144   11855 R             
    g109647/B                                                  +0   11855               
    g109647/Y                OR2X1LVT           2  6.5   70   +94   11949 R             
    g109386/AN                                                 +0   11949               
    g109386/Y                NAND3BXLLVT        1  4.4  114   +80   12029 R             
    g109330/B                                                  +0   12029               
    g109330/Y                NOR2X1LVT          1  4.3   71   +75   12104 F             
    g109242/A1                                                 +0   12104               
    g109242/Y                AOI22X1LVT         1  4.4  126   +94   12198 R             
    g109222/C0                                                 +0   12198               
    g109222/Y                OAI221X1LVT        1  4.1  183  +160   12358 F             
    mem_rdata_q_reg_25_/D    DFFX1LVT                          +0   12358               
    mem_rdata_q_reg_25_/CK   setup                        0   +66   12424 R             
- - - - - - - - - - - - - - - - - - - - - - - - - - - - - - - - - - - - - - - - - - - - 
(clock clk)                  capture                                16000 R             
                             uncertainty                     -250   15750 R             
----------------------------------------------------------------------------------------
Cost Group   : 'clk' (path_group 'clk')
Timing slack :    3326ps 
Start-point  : flash_io2
End-point    : soc/cpu/mem_rdata_q_reg_25_/D

path  14:

           Pin                  Type       Fanout Load Slew Delay Arrival   Location    
                                                  (fF) (ps)  (ps)   (ps)       (x,   y) 
----------------------------------------------------------------------------------------
(clock flash_clk)            launch                                     0 R             
(et4351.sdc_line_68_2_1)     ext delay                      +9000    9000 F             
flash_io2                    inout port         2 59.6    0    +0    9000 F             
flash_bufs_2_/io 
flash_bufs_2_/soc_i 
soc/flash_io2_di 
  g2850/A1                                                     +0    9000               
  g2850/Y                    AO22X1LVT          1  4.3   54  +126    9126 F             
  g2795/C0                                                     +0    9126               
  g2795/Y                    AOI221X1LVT        1  4.4  169  +115    9241 R             
  g2761/B                                                      +0    9241               
  g2761/Y                    NAND2X1LVT         2  6.3  158  +148    9388 F             
  cpu/mem_rdata[2] 
    g115757/A1N                                                +0    9388               
    g115757/Y                OAI2BB1X1LVT       2  6.5  151  +136    9524 F             
    g115232/A1                                                 +0    9524               
    g115232/Y                AOI22X1LVT         1  4.2  123  +117    9641 R             
    g114843/B0                                                 +0    9641               
    g114843/Y                OA21X1LVT          9 23.2  237  +212    9853 R             
    g114684/A                                                  +0    9853               
    g114684/Y                INVX1LVT           5 13.2  180  +174   10027 F             
    g113666/C                                                  +0   10027               
    g113666/Y                OR4X1LVT           5 13.2  157  +213   10241 F             
    g113277/B                                                  +0   10241               
    g113277/Y                NAND2X1LVT         4 10.9  156  +123   10364 R             
    g112960/A1N                                                +0   10364               
    g112960/Y                OAI2BB1X1LVT       1  4.4   71  +107   10470 R             
    g111313/A1                                                 +0   10470               
    g111313/Y                AOI21X1LVT         1  4.1  116   +94   10564 F             
    g110639/D                                                  +0   10564               
    g110639/Y                OR4X1LVT           1  4.1   60  +129   10693 F             
    g110530/A1N                                                +0   10693               
    g110530/Y                AOI2BB1X1LVT       2  6.1   88   +87   10780 F             
    g110448/C0                                                 +0   10780               
    g110448/Y                AOI211XLLVT        1  4.2  240  +171   10951 R             
    g110387/A1                                                 +0   10951               
    g110387/Y                OA21X2LVT         13 33.2  179  +223   11174 R             
    g110334/B                                                  +0   11174               
    g110334/Y                NOR2X2LVT          7 17.3  131  +116   11291 F             
    g110248/A                                                  +0   11291               
    g110248/Y                AND2X1LVT          4 11.5  128  +119   11409 F             
    g109953/B0                                                 +0   11409               
    g109953/Y                OAI31X2LVT         3  9.1  168   +70   11480 R             
    g109659/B0                                                 +0   11480               
    g109659/Y                OAI2BB1X1LVT       3  8.6  198  +172   11651 F             
    g109462/AN                                                 +0   11651               
    g109462/Y                NAND4BX1LVT        1  4.3  220  +202   11853 F             
    g109296/D                                                  +0   11853               
    g109296/Y                NOR4X1LVT          1  4.4  212  +186   12039 R             
    g109214/B1                                                 +0   12039               
    g109214/Y                AOI222X1LVT        1  4.3  161  +161   12200 F             
    g109203/C0                                                 +0   12200               
    g109203/Y                OAI221X1LVT        1  4.2  134   +89   12290 R             
    g109193/B                                                  +0   12290               
    g109193/Y                OR2X1LVT           1  4.2   47   +78   12368 R             
    mem_rdata_q_reg_27_/D    DFFX1LVT                          +0   12368               
    mem_rdata_q_reg_27_/CK   setup                        0   +50   12419 R             
- - - - - - - - - - - - - - - - - - - - - - - - - - - - - - - - - - - - - - - - - - - - 
(clock clk)                  capture                                16000 R             
                             uncertainty                     -250   15750 R             
----------------------------------------------------------------------------------------
Cost Group   : 'clk' (path_group 'clk')
Timing slack :    3331ps 
Start-point  : flash_io2
End-point    : soc/cpu/mem_rdata_q_reg_27_/D

path  15:

           Pin                  Type       Fanout Load Slew Delay Arrival   Location    
                                                  (fF) (ps)  (ps)   (ps)       (x,   y) 
----------------------------------------------------------------------------------------
(clock flash_clk)            launch                                     0 R             
(et4351.sdc_line_68_2_1)     ext delay                      +9000    9000 F             
flash_io2                    inout port         2 59.6    0    +0    9000 F             
flash_bufs_2_/io 
flash_bufs_2_/soc_i 
soc/flash_io2_di 
  g2850/A1                                                     +0    9000               
  g2850/Y                    AO22X1LVT          1  4.3   54  +126    9126 F             
  g2795/C0                                                     +0    9126               
  g2795/Y                    AOI221X1LVT        1  4.4  169  +115    9241 R             
  g2761/B                                                      +0    9241               
  g2761/Y                    NAND2X1LVT         2  6.3  158  +148    9388 F             
  cpu/mem_rdata[2] 
    g115757/A1N                                                +0    9388               
    g115757/Y                OAI2BB1X1LVT       2  6.5  151  +136    9524 F             
    g115232/A1                                                 +0    9524               
    g115232/Y                AOI22X1LVT         1  4.2  123  +117    9641 R             
    g114843/B0                                                 +0    9641               
    g114843/Y                OA21X1LVT          9 23.2  237  +212    9853 R             
    g114684/A                                                  +0    9853               
    g114684/Y                INVX1LVT           5 13.2  180  +174   10027 F             
    g113666/C                                                  +0   10027               
    g113666/Y                OR4X1LVT           5 13.2  157  +213   10241 F             
    g113164/C                                                  +0   10241               
    g113164/Y                OR3X1LVT           4 11.3  132  +160   10400 F             
    g112960/B0                                                 +0   10400               
    g112960/Y                OAI2BB1X1LVT       1  4.4   71   +80   10480 R             
    g111313/A1                                                 +0   10480               
    g111313/Y                AOI21X1LVT         1  4.1  116   +94   10574 F             
    g110639/D                                                  +0   10574               
    g110639/Y                OR4X1LVT           1  4.1   60  +129   10703 F             
    g110530/A1N                                                +0   10703               
    g110530/Y                AOI2BB1X1LVT       2  6.1   88   +87   10790 F             
    g110448/C0                                                 +0   10790               
    g110448/Y                AOI211XLLVT        1  4.2  240  +171   10961 R             
    g110387/A1                                                 +0   10961               
    g110387/Y                OA21X2LVT         13 33.2  179  +223   11184 R             
    g110366/A                                                  +0   11184               
    g110366/Y                INVX1LVT           5 13.2  171  +152   11336 F             
    g110293/A                                                  +0   11336               
    g110293/Y                AND2X1LVT          5 12.6  140  +134   11470 F             
    g110246/AN                                                 +0   11470               
    g110246/Y                NOR2BX1LVT         3  8.4  113  +102   11572 F             
    g109648/AN                                                 +0   11572               
    g109648/Y                NAND3BX1LVT        2  6.3  230  +175   11747 F             
    g109416/B                                                  +0   11747               
    g109416/Y                NOR2X1LVT          1  4.4  118  +138   11885 R             
    g109325/C                                                  +0   11885               
    g109325/Y                NAND3X1LVT         1  4.3  165  +137   12022 F             
    g109241/C                                                  +0   12022               
    g109241/Y                NOR3BX1LVT         1  4.4  157  +141   12164 R             
    g109213/C0                                                 +0   12164               
    g109213/Y                AOI221X1LVT        1  4.3  142   +93   12256 F             
    g109202/C0                                                 +0   12256               
    g109202/Y                OAI221X1LVT        1  4.3  144   +83   12339 R             
    mem_rdata_q_reg_28_/D    DFFHQX1LVT                        +0   12339               
    mem_rdata_q_reg_28_/CK   setup                        0   +73   12412 R             
- - - - - - - - - - - - - - - - - - - - - - - - - - - - - - - - - - - - - - - - - - - - 
(clock clk)                  capture                                16000 R             
                             uncertainty                     -250   15750 R             
----------------------------------------------------------------------------------------
Cost Group   : 'clk' (path_group 'clk')
Timing slack :    3338ps 
Start-point  : flash_io2
End-point    : soc/cpu/mem_rdata_q_reg_28_/D

path  16:

           Pin                  Type       Fanout Load Slew Delay Arrival   Location    
                                                  (fF) (ps)  (ps)   (ps)       (x,   y) 
----------------------------------------------------------------------------------------
(clock flash_clk)            launch                                     0 R             
(et4351.sdc_line_68_2_1)     ext delay                      +9000    9000 F             
flash_io2                    inout port         2 59.6    0    +0    9000 F             
flash_bufs_2_/io 
flash_bufs_2_/soc_i 
soc/flash_io2_di 
  g2850/A1                                                     +0    9000               
  g2850/Y                    AO22X1LVT          1  4.3   54  +126    9126 F             
  g2795/C0                                                     +0    9126               
  g2795/Y                    AOI221X1LVT        1  4.4  169  +115    9241 R             
  g2761/B                                                      +0    9241               
  g2761/Y                    NAND2X1LVT         2  6.3  158  +148    9388 F             
  cpu/mem_rdata[2] 
    g115757/A1N                                                +0    9388               
    g115757/Y                OAI2BB1X1LVT       2  6.5  151  +136    9524 F             
    g115232/A1                                                 +0    9524               
    g115232/Y                AOI22X1LVT         1  4.2  123  +117    9641 R             
    g114843/B0                                                 +0    9641               
    g114843/Y                OA21X1LVT          9 23.2  237  +212    9853 R             
    g114684/A                                                  +0    9853               
    g114684/Y                INVX1LVT           5 13.2  180  +174   10027 F             
    g113666/C                                                  +0   10027               
    g113666/Y                OR4X1LVT           5 13.2  157  +213   10241 F             
    g113281/B                                                  +0   10241               
    g113281/Y                NOR2X1LVT          3  8.9  194  +161   10402 R             
    g113197/A                                                  +0   10402               
    g113197/Y                INVX1LVT           7 17.3  217  +182   10584 F             
    g111313/A0                                                 +0   10584               
    g111313/Y                AOI21X1LVT         1  4.2  118  +133   10716 R             
    g110639/D                                                  +0   10716               
    g110639/Y                OR4X1LVT           1  4.2   48   +80   10796 R             
    g110530/A1N                                                +0   10796               
    g110530/Y                AOI2BB1X1LVT       2  6.3  140  +104   10900 R             
    g110448/C0                                                 +0   10900               
    g110448/Y                AOI211XLLVT        1  4.1  203  +112   11012 F             
    g110387/A1                                                 +0   11012               
    g110387/Y                OA21X2LVT         13 31.8  185  +213   11225 F             
    g110334/B                                                  +0   11225               
    g110334/Y                NOR2X2LVT          7 18.0  206  +165   11390 R             
    g110248/A                                                  +0   11390               
    g110248/Y                AND2X1LVT          4 12.0  126  +160   11550 R             
    g109953/B0                                                 +0   11550               
    g109953/Y                OAI31X2LVT         3  8.8  130  +120   11670 F             
    g109659/B0                                                 +0   11670               
    g109659/Y                OAI2BB1X1LVT       3  8.9  115  +104   11774 R             
    g109581/B                                                  +0   11774               
    g109581/Y                NOR2X1LVT          1  4.3   68   +75   11849 F             
    g109458/B                                                  +0   11849               
    g109458/Y                NAND2X1LVT         1  4.4   91   +54   11904 R             
    g109295/D                                                  +0   11904               
    g109295/Y                NOR4X1LVT          1  4.3   88   +68   11972 F             
    g109223/C0                                                 +0   11972               
    g109223/Y                AOI221X1LVT        1  4.4  168  +127   12098 R             
    g109212/C0                                                 +0   12098               
    g109212/Y                OAI221X1LVT        1  4.1  187  +176   12274 F             
    g109197/B                                                  +0   12274               
    g109197/Y                OR2X1LVT           1  4.1   51  +103   12376 F             
    mem_rdata_q_reg_26_/D    DFFX1LVT                          +0   12376               
    mem_rdata_q_reg_26_/CK   setup                        0   +34   12411 R             
- - - - - - - - - - - - - - - - - - - - - - - - - - - - - - - - - - - - - - - - - - - - 
(clock clk)                  capture                                16000 R             
                             uncertainty                     -250   15750 R             
----------------------------------------------------------------------------------------
Cost Group   : 'clk' (path_group 'clk')
Timing slack :    3339ps 
Start-point  : flash_io2
End-point    : soc/cpu/mem_rdata_q_reg_26_/D

path  17:

           Pin                  Type       Fanout Load Slew Delay Arrival   Location    
                                                  (fF) (ps)  (ps)   (ps)       (x,   y) 
----------------------------------------------------------------------------------------
(clock flash_clk)            launch                                     0 R             
(et4351.sdc_line_68_2_1)     ext delay                      +9000    9000 F             
flash_io2                    inout port         2 59.6    0    +0    9000 F             
flash_bufs_2_/io 
flash_bufs_2_/soc_i 
soc/flash_io2_di 
  g2850/A1                                                     +0    9000               
  g2850/Y                    AO22X1LVT          1  4.3   54  +126    9126 F             
  g2795/C0                                                     +0    9126               
  g2795/Y                    AOI221X1LVT        1  4.4  169  +115    9241 R             
  g2761/B                                                      +0    9241               
  g2761/Y                    NAND2X1LVT         2  6.3  158  +148    9388 F             
  cpu/mem_rdata[2] 
    g115757/A1N                                                +0    9388               
    g115757/Y                OAI2BB1X1LVT       2  6.5  151  +136    9524 F             
    g115232/A1                                                 +0    9524               
    g115232/Y                AOI22X1LVT         1  4.2  123  +117    9641 R             
    g114843/B0                                                 +0    9641               
    g114843/Y                OA21X1LVT          9 23.2  237  +212    9853 R             
    g114684/A                                                  +0    9853               
    g114684/Y                INVX1LVT           5 13.2  180  +174   10027 F             
    g113666/C                                                  +0   10027               
    g113666/Y                OR4X1LVT           5 13.2  157  +213   10241 F             
    g113281/B                                                  +0   10241               
    g113281/Y                NOR2X1LVT          3  8.9  194  +161   10402 R             
    g113197/A                                                  +0   10402               
    g113197/Y                INVX1LVT           7 17.3  217  +182   10584 F             
    g111313/A0                                                 +0   10584               
    g111313/Y                AOI21X1LVT         1  4.2  118  +133   10716 R             
    g110639/D                                                  +0   10716               
    g110639/Y                OR4X1LVT           1  4.2   48   +80   10796 R             
    g110530/A1N                                                +0   10796               
    g110530/Y                AOI2BB1X1LVT       2  6.3  140  +104   10900 R             
    g110448/C0                                                 +0   10900               
    g110448/Y                AOI211XLLVT        1  4.1  203  +112   11012 F             
    g110387/A1                                                 +0   11012               
    g110387/Y                OA21X2LVT         13 31.8  185  +213   11225 F             
    g110334/B                                                  +0   11225               
    g110334/Y                NOR2X2LVT          7 18.0  206  +165   11390 R             
    g110248/A                                                  +0   11390               
    g110248/Y                AND2X1LVT          4 12.0  126  +160   11550 R             
    g109952/B                                                  +0   11550               
    g109952/Y                NAND2X1LVT         3  8.8  204  +161   11711 F             
    g109666/B0                                                 +0   11711               
    g109666/Y                OAI2BB1X1LVT       4 11.1  148  +144   11855 R             
    g109296/C                                                  +0   11855               
    g109296/Y                NOR4X1LVT          1  4.3   80   +94   11948 F             
    g109214/B1                                                 +0   11948               
    g109214/Y                AOI222X1LVT        1  4.4  187  +142   12090 R             
    g109203/C0                                                 +0   12090               
    g109203/Y                OAI221X1LVT        1  4.1  188  +182   12272 F             
    g109193/B                                                  +0   12272               
    g109193/Y                OR2X1LVT           1  4.1   51  +103   12375 F             
    mem_rdata_q_reg_27_/D    DFFX1LVT                          +0   12375               
    mem_rdata_q_reg_27_/CK   setup                        0   +34   12410 R             
- - - - - - - - - - - - - - - - - - - - - - - - - - - - - - - - - - - - - - - - - - - - 
(clock clk)                  capture                                16000 R             
                             uncertainty                     -250   15750 R             
----------------------------------------------------------------------------------------
Cost Group   : 'clk' (path_group 'clk')
Timing slack :    3340ps 
Start-point  : flash_io2
End-point    : soc/cpu/mem_rdata_q_reg_27_/D

path  18:

           Pin                  Type       Fanout Load Slew Delay Arrival   Location    
                                                  (fF) (ps)  (ps)   (ps)       (x,   y) 
----------------------------------------------------------------------------------------
(clock flash_clk)            launch                                     0 R             
(et4351.sdc_line_68_2_1)     ext delay                      +9000    9000 F             
flash_io2                    inout port         2 59.6    0    +0    9000 F             
flash_bufs_2_/io 
flash_bufs_2_/soc_i 
soc/flash_io2_di 
  g2850/A1                                                     +0    9000               
  g2850/Y                    AO22X1LVT          1  4.3   54  +126    9126 F             
  g2795/C0                                                     +0    9126               
  g2795/Y                    AOI221X1LVT        1  4.4  169  +115    9241 R             
  g2761/B                                                      +0    9241               
  g2761/Y                    NAND2X1LVT         2  6.3  158  +148    9388 F             
  cpu/mem_rdata[2] 
    g115757/A1N                                                +0    9388               
    g115757/Y                OAI2BB1X1LVT       2  6.5  151  +136    9524 F             
    g115232/A1                                                 +0    9524               
    g115232/Y                AOI22X1LVT         1  4.2  123  +117    9641 R             
    g114843/B0                                                 +0    9641               
    g114843/Y                OA21X1LVT          9 23.2  237  +212    9853 R             
    g114684/A                                                  +0    9853               
    g114684/Y                INVX1LVT           5 13.2  180  +174   10027 F             
    g113666/C                                                  +0   10027               
    g113666/Y                OR4X1LVT           5 13.2  157  +213   10241 F             
    g113164/C                                                  +0   10241               
    g113164/Y                OR3X1LVT           4 11.3  132  +160   10400 F             
    g112960/B0                                                 +0   10400               
    g112960/Y                OAI2BB1X1LVT       1  4.4   71   +80   10480 R             
    g111313/A1                                                 +0   10480               
    g111313/Y                AOI21X1LVT         1  4.1  116   +94   10574 F             
    g110639/D                                                  +0   10574               
    g110639/Y                OR4X1LVT           1  4.1   60  +129   10703 F             
    g110530/A1N                                                +0   10703               
    g110530/Y                AOI2BB1X1LVT       2  6.1   88   +87   10790 F             
    g110448/C0                                                 +0   10790               
    g110448/Y                AOI211XLLVT        1  4.2  240  +171   10961 R             
    g110387/A1                                                 +0   10961               
    g110387/Y                OA21X2LVT         13 33.2  179  +223   11184 R             
    g110366/A                                                  +0   11184               
    g110366/Y                INVX1LVT           5 13.2  171  +152   11336 F             
    g110293/A                                                  +0   11336               
    g110293/Y                AND2X1LVT          5 12.6  140  +134   11470 F             
    g110245/B                                                  +0   11470               
    g110245/Y                NAND2X1LVT         3  8.9  115  +106   11576 R             
    g109949/B                                                  +0   11576               
    g109949/Y                AND2X1LVT          2  6.7   73  +110   11686 R             
    g109462/D                                                  +0   11686               
    g109462/Y                NAND4BX1LVT        1  4.3  220  +156   11841 F             
    g109296/D                                                  +0   11841               
    g109296/Y                NOR4X1LVT          1  4.4  212  +186   12027 R             
    g109214/B1                                                 +0   12027               
    g109214/Y                AOI222X1LVT        1  4.3  161  +161   12188 F             
    g109203/C0                                                 +0   12188               
    g109203/Y                OAI221X1LVT        1  4.2  134   +89   12278 R             
    g109193/B                                                  +0   12278               
    g109193/Y                OR2X1LVT           1  4.2   47   +78   12356 R             
    mem_rdata_q_reg_27_/D    DFFX1LVT                          +0   12356               
    mem_rdata_q_reg_27_/CK   setup                        0   +50   12407 R             
- - - - - - - - - - - - - - - - - - - - - - - - - - - - - - - - - - - - - - - - - - - - 
(clock clk)                  capture                                16000 R             
                             uncertainty                     -250   15750 R             
----------------------------------------------------------------------------------------
Cost Group   : 'clk' (path_group 'clk')
Timing slack :    3343ps 
Start-point  : flash_io2
End-point    : soc/cpu/mem_rdata_q_reg_27_/D

path  19:

           Pin                  Type       Fanout Load Slew Delay Arrival   Location    
                                                  (fF) (ps)  (ps)   (ps)       (x,   y) 
----------------------------------------------------------------------------------------
(clock flash_clk)            launch                                     0 R             
(et4351.sdc_line_68_2_1)     ext delay                      +9000    9000 F             
flash_io2                    inout port         2 59.6    0    +0    9000 F             
flash_bufs_2_/io 
flash_bufs_2_/soc_i 
soc/flash_io2_di 
  g2850/A1                                                     +0    9000               
  g2850/Y                    AO22X1LVT          1  4.3   54  +126    9126 F             
  g2795/C0                                                     +0    9126               
  g2795/Y                    AOI221X1LVT        1  4.4  169  +115    9241 R             
  g2761/B                                                      +0    9241               
  g2761/Y                    NAND2X1LVT         2  6.3  158  +148    9388 F             
  cpu/mem_rdata[2] 
    g115757/A1N                                                +0    9388               
    g115757/Y                OAI2BB1X1LVT       2  6.5  151  +136    9524 F             
    g115232/A1                                                 +0    9524               
    g115232/Y                AOI22X1LVT         1  4.2  123  +117    9641 R             
    g114843/B0                                                 +0    9641               
    g114843/Y                OA21X1LVT          9 23.2  237  +212    9853 R             
    g114684/A                                                  +0    9853               
    g114684/Y                INVX1LVT           5 13.2  180  +174   10027 F             
    g113666/C                                                  +0   10027               
    g113666/Y                OR4X1LVT           5 13.2  157  +213   10241 F             
    g113277/B                                                  +0   10241               
    g113277/Y                NAND2X1LVT         4 10.9  156  +123   10364 R             
    g112960/A1N                                                +0   10364               
    g112960/Y                OAI2BB1X1LVT       1  4.4   71  +107   10470 R             
    g111313/A1                                                 +0   10470               
    g111313/Y                AOI21X1LVT         1  4.1  116   +94   10564 F             
    g110639/D                                                  +0   10564               
    g110639/Y                OR4X1LVT           1  4.1   60  +129   10693 F             
    g110530/A1N                                                +0   10693               
    g110530/Y                AOI2BB1X1LVT       2  6.1   88   +87   10780 F             
    g110448/C0                                                 +0   10780               
    g110448/Y                AOI211XLLVT        1  4.2  240  +171   10951 R             
    g110387/A1                                                 +0   10951               
    g110387/Y                OA21X2LVT         13 33.2  179  +223   11174 R             
    g110366/A                                                  +0   11174               
    g110366/Y                INVX1LVT           5 13.2  171  +152   11326 F             
    g110293/A                                                  +0   11326               
    g110293/Y                AND2X1LVT          5 12.6  140  +134   11460 F             
    g110246/AN                                                 +0   11460               
    g110246/Y                NOR2BX1LVT         3  8.4  113  +102   11562 F             
    g109648/AN                                                 +0   11562               
    g109648/Y                NAND3BX1LVT        2  6.3  230  +175   11737 F             
    g109416/B                                                  +0   11737               
    g109416/Y                NOR2X1LVT          1  4.4  118  +138   11875 R             
    g109325/C                                                  +0   11875               
    g109325/Y                NAND3X1LVT         1  4.3  165  +137   12012 F             
    g109241/C                                                  +0   12012               
    g109241/Y                NOR3BX1LVT         1  4.4  157  +141   12154 R             
    g109213/C0                                                 +0   12154               
    g109213/Y                AOI221X1LVT        1  4.3  142   +93   12246 F             
    g109202/C0                                                 +0   12246               
    g109202/Y                OAI221X1LVT        1  4.3  144   +83   12329 R             
    mem_rdata_q_reg_28_/D    DFFHQX1LVT                        +0   12329               
    mem_rdata_q_reg_28_/CK   setup                        0   +73   12402 R             
- - - - - - - - - - - - - - - - - - - - - - - - - - - - - - - - - - - - - - - - - - - - 
(clock clk)                  capture                                16000 R             
                             uncertainty                     -250   15750 R             
----------------------------------------------------------------------------------------
Cost Group   : 'clk' (path_group 'clk')
Timing slack :    3348ps 
Start-point  : flash_io2
End-point    : soc/cpu/mem_rdata_q_reg_28_/D

path  20:

           Pin                  Type       Fanout Load Slew Delay Arrival   Location    
                                                  (fF) (ps)  (ps)   (ps)       (x,   y) 
----------------------------------------------------------------------------------------
(clock flash_clk)            launch                                     0 R             
(et4351.sdc_line_68_2_1)     ext delay                      +9000    9000 F             
flash_io2                    inout port         2 59.6    0    +0    9000 F             
flash_bufs_2_/io 
flash_bufs_2_/soc_i 
soc/flash_io2_di 
  g2850/A1                                                     +0    9000               
  g2850/Y                    AO22X1LVT          1  4.3   54  +126    9126 F             
  g2795/C0                                                     +0    9126               
  g2795/Y                    AOI221X1LVT        1  4.4  169  +115    9241 R             
  g2761/B                                                      +0    9241               
  g2761/Y                    NAND2X1LVT         2  6.3  158  +148    9388 F             
  cpu/mem_rdata[2] 
    g115757/A1N                                                +0    9388               
    g115757/Y                OAI2BB1X1LVT       2  6.5  151  +136    9524 F             
    g115232/A1                                                 +0    9524               
    g115232/Y                AOI22X1LVT         1  4.2  123  +117    9641 R             
    g114843/B0                                                 +0    9641               
    g114843/Y                OA21X1LVT          9 23.2  237  +212    9853 R             
    g114684/A                                                  +0    9853               
    g114684/Y                INVX1LVT           5 13.2  180  +174   10027 F             
    g113666/C                                                  +0   10027               
    g113666/Y                OR4X1LVT           5 13.2  157  +213   10241 F             
    g113277/B                                                  +0   10241               
    g113277/Y                NAND2X1LVT         4 10.9  156  +123   10364 R             
    g112960/A1N                                                +0   10364               
    g112960/Y                OAI2BB1X1LVT       1  4.4   71  +107   10470 R             
    g111313/A1                                                 +0   10470               
    g111313/Y                AOI21X1LVT         1  4.1  116   +94   10564 F             
    g110639/D                                                  +0   10564               
    g110639/Y                OR4X1LVT           1  4.1   60  +129   10693 F             
    g110530/A1N                                                +0   10693               
    g110530/Y                AOI2BB1X1LVT       2  6.1   88   +87   10780 F             
    g110448/C0                                                 +0   10780               
    g110448/Y                AOI211XLLVT        1  4.2  240  +171   10951 R             
    g110387/A1                                                 +0   10951               
    g110387/Y                OA21X2LVT         13 33.2  179  +223   11174 R             
    g110366/A                                                  +0   11174               
    g110366/Y                INVX1LVT           5 13.2  171  +152   11326 F             
    g110293/A                                                  +0   11326               
    g110293/Y                AND2X1LVT          5 12.6  140  +134   11460 F             
    g110245/B                                                  +0   11460               
    g110245/Y                NAND2X1LVT         3  8.9  115  +106   11566 R             
    g109949/B                                                  +0   11566               
    g109949/Y                AND2X1LVT          2  6.7   73  +110   11676 R             
    g109462/D                                                  +0   11676               
    g109462/Y                NAND4BX1LVT        1  4.3  220  +156   11831 F             
    g109296/D                                                  +0   11831               
    g109296/Y                NOR4X1LVT          1  4.4  212  +186   12017 R             
    g109214/B1                                                 +0   12017               
    g109214/Y                AOI222X1LVT        1  4.3  161  +161   12179 F             
    g109203/C0                                                 +0   12179               
    g109203/Y                OAI221X1LVT        1  4.2  134   +89   12268 R             
    g109193/B                                                  +0   12268               
    g109193/Y                OR2X1LVT           1  4.2   47   +78   12346 R             
    mem_rdata_q_reg_27_/D    DFFX1LVT                          +0   12346               
    mem_rdata_q_reg_27_/CK   setup                        0   +50   12397 R             
- - - - - - - - - - - - - - - - - - - - - - - - - - - - - - - - - - - - - - - - - - - - 
(clock clk)                  capture                                16000 R             
                             uncertainty                     -250   15750 R             
----------------------------------------------------------------------------------------
Cost Group   : 'clk' (path_group 'clk')
Timing slack :    3353ps 
Start-point  : flash_io2
End-point    : soc/cpu/mem_rdata_q_reg_27_/D

path  21:

           Pin                  Type       Fanout Load Slew Delay Arrival   Location    
                                                  (fF) (ps)  (ps)   (ps)       (x,   y) 
----------------------------------------------------------------------------------------
(clock flash_clk)            launch                                     0 R             
(et4351.sdc_line_68_2_1)     ext delay                      +9000    9000 F             
flash_io2                    inout port         2 59.6    0    +0    9000 F             
flash_bufs_2_/io 
flash_bufs_2_/soc_i 
soc/flash_io2_di 
  g2850/A1                                                     +0    9000               
  g2850/Y                    AO22X1LVT          1  4.3   54  +126    9126 F             
  g2795/C0                                                     +0    9126               
  g2795/Y                    AOI221X1LVT        1  4.4  169  +115    9241 R             
  g2761/B                                                      +0    9241               
  g2761/Y                    NAND2X1LVT         2  6.3  158  +148    9388 F             
  cpu/mem_rdata[2] 
    g115757/A1N                                                +0    9388               
    g115757/Y                OAI2BB1X1LVT       2  6.5  151  +136    9524 F             
    g115232/A1                                                 +0    9524               
    g115232/Y                AOI22X1LVT         1  4.2  123  +117    9641 R             
    g114843/B0                                                 +0    9641               
    g114843/Y                OA21X1LVT          9 23.2  237  +212    9853 R             
    g114684/A                                                  +0    9853               
    g114684/Y                INVX1LVT           5 13.2  180  +174   10027 F             
    g113666/C                                                  +0   10027               
    g113666/Y                OR4X1LVT           5 13.2  157  +213   10241 F             
    g113164/C                                                  +0   10241               
    g113164/Y                OR3X1LVT           4 11.3  132  +160   10400 F             
    g112960/B0                                                 +0   10400               
    g112960/Y                OAI2BB1X1LVT       1  4.4   71   +80   10480 R             
    g111313/A1                                                 +0   10480               
    g111313/Y                AOI21X1LVT         1  4.1  116   +94   10574 F             
    g110639/D                                                  +0   10574               
    g110639/Y                OR4X1LVT           1  4.1   60  +129   10703 F             
    g110530/A1N                                                +0   10703               
    g110530/Y                AOI2BB1X1LVT       2  6.1   88   +87   10790 F             
    g110448/C0                                                 +0   10790               
    g110448/Y                AOI211XLLVT        1  4.2  240  +171   10961 R             
    g110387/A1                                                 +0   10961               
    g110387/Y                OA21X2LVT         13 33.2  179  +223   11184 R             
    g110366/A                                                  +0   11184               
    g110366/Y                INVX1LVT           5 13.2  171  +152   11336 F             
    g110293/A                                                  +0   11336               
    g110293/Y                AND2X1LVT          5 12.6  140  +134   11470 F             
    g109659/A1N                                                +0   11470               
    g109659/Y                OAI2BB1X1LVT       3  8.6  198  +157   11627 F             
    g109462/AN                                                 +0   11627               
    g109462/Y                NAND4BX1LVT        1  4.3  220  +202   11828 F             
    g109296/D                                                  +0   11828               
    g109296/Y                NOR4X1LVT          1  4.4  212  +186   12014 R             
    g109214/B1                                                 +0   12014               
    g109214/Y                AOI222X1LVT        1  4.3  161  +161   12176 F             
    g109203/C0                                                 +0   12176               
    g109203/Y                OAI221X1LVT        1  4.2  134   +89   12265 R             
    g109193/B                                                  +0   12265               
    g109193/Y                OR2X1LVT           1  4.2   47   +78   12344 R             
    mem_rdata_q_reg_27_/D    DFFX1LVT                          +0   12344               
    mem_rdata_q_reg_27_/CK   setup                        0   +50   12394 R             
- - - - - - - - - - - - - - - - - - - - - - - - - - - - - - - - - - - - - - - - - - - - 
(clock clk)                  capture                                16000 R             
                             uncertainty                     -250   15750 R             
----------------------------------------------------------------------------------------
Cost Group   : 'clk' (path_group 'clk')
Timing slack :    3356ps 
Start-point  : flash_io2
End-point    : soc/cpu/mem_rdata_q_reg_27_/D

path  22:

           Pin                  Type       Fanout Load Slew Delay Arrival   Location    
                                                  (fF) (ps)  (ps)   (ps)       (x,   y) 
----------------------------------------------------------------------------------------
(clock flash_clk)            launch                                     0 R             
(et4351.sdc_line_68_2_1)     ext delay                      +9000    9000 F             
flash_io2                    inout port         2 59.6    0    +0    9000 F             
flash_bufs_2_/io 
flash_bufs_2_/soc_i 
soc/flash_io2_di 
  g2850/A1                                                     +0    9000               
  g2850/Y                    AO22X1LVT          1  4.3   54  +126    9126 F             
  g2795/C0                                                     +0    9126               
  g2795/Y                    AOI221X1LVT        1  4.4  169  +115    9241 R             
  g2761/B                                                      +0    9241               
  g2761/Y                    NAND2X1LVT         2  6.3  158  +148    9388 F             
  cpu/mem_rdata[2] 
    g115757/A1N                                                +0    9388               
    g115757/Y                OAI2BB1X1LVT       2  6.5  151  +136    9524 F             
    g115232/A1                                                 +0    9524               
    g115232/Y                AOI22X1LVT         1  4.2  123  +117    9641 R             
    g114843/B0                                                 +0    9641               
    g114843/Y                OA21X1LVT          9 23.2  237  +212    9853 R             
    g114684/A                                                  +0    9853               
    g114684/Y                INVX1LVT           5 13.2  180  +174   10027 F             
    g113666/C                                                  +0   10027               
    g113666/Y                OR4X1LVT           5 13.2  157  +213   10241 F             
    g113281/B                                                  +0   10241               
    g113281/Y                NOR2X1LVT          3  8.9  194  +161   10402 R             
    g113197/A                                                  +0   10402               
    g113197/Y                INVX1LVT           7 17.3  217  +182   10584 F             
    g111313/A0                                                 +0   10584               
    g111313/Y                AOI21X1LVT         1  4.2  118  +133   10716 R             
    g110639/D                                                  +0   10716               
    g110639/Y                OR4X1LVT           1  4.2   48   +80   10796 R             
    g110530/A1N                                                +0   10796               
    g110530/Y                AOI2BB1X1LVT       2  6.3  140  +104   10900 R             
    g110448/C0                                                 +0   10900               
    g110448/Y                AOI211XLLVT        1  4.1  203  +112   11012 F             
    g110387/A1                                                 +0   11012               
    g110387/Y                OA21X2LVT         13 31.8  185  +213   11225 F             
    g110334/B                                                  +0   11225               
    g110334/Y                NOR2X2LVT          7 18.0  206  +165   11390 R             
    g110248/A                                                  +0   11390               
    g110248/Y                AND2X1LVT          4 12.0  126  +160   11550 R             
    g109952/B                                                  +0   11550               
    g109952/Y                NAND2X1LVT         3  8.8  204  +161   11711 F             
    g109655/B0                                                 +0   11711               
    g109655/Y                OAI2BB1X1LVT       2  6.7  105  +120   11830 R             
    g109416/A                                                  +0   11830               
    g109416/Y                NOR2X1LVT          1  4.3   69   +75   11906 F             
    g109325/C                                                  +0   11906               
    g109325/Y                NAND3X1LVT         1  4.4   87   +56   11962 R             
    g109241/C                                                  +0   11962               
    g109241/Y                NOR3BX1LVT         1  4.3   82   +65   12027 F             
    g109213/C0                                                 +0   12027               
    g109213/Y                AOI221X1LVT        1  4.4  166  +124   12152 R             
    g109202/C0                                                 +0   12152               
    g109202/Y                OAI221X1LVT        1  4.2  190  +177   12328 F             
    mem_rdata_q_reg_28_/D    DFFHQX1LVT                        +0   12328               
    mem_rdata_q_reg_28_/CK   setup                        0   +61   12389 R             
- - - - - - - - - - - - - - - - - - - - - - - - - - - - - - - - - - - - - - - - - - - - 
(clock clk)                  capture                                16000 R             
                             uncertainty                     -250   15750 R             
----------------------------------------------------------------------------------------
Cost Group   : 'clk' (path_group 'clk')
Timing slack :    3361ps 
Start-point  : flash_io2
End-point    : soc/cpu/mem_rdata_q_reg_28_/D

path  23:

           Pin                  Type       Fanout Load Slew Delay Arrival   Location    
                                                  (fF) (ps)  (ps)   (ps)       (x,   y) 
----------------------------------------------------------------------------------------
(clock flash_clk)            launch                                     0 R             
(et4351.sdc_line_68_2_1)     ext delay                      +9000    9000 F             
flash_io2                    inout port         2 59.6    0    +0    9000 F             
flash_bufs_2_/io 
flash_bufs_2_/soc_i 
soc/flash_io2_di 
  g2850/A1                                                     +0    9000               
  g2850/Y                    AO22X1LVT          1  4.3   54  +126    9126 F             
  g2795/C0                                                     +0    9126               
  g2795/Y                    AOI221X1LVT        1  4.4  169  +115    9241 R             
  g2761/B                                                      +0    9241               
  g2761/Y                    NAND2X1LVT         2  6.3  158  +148    9388 F             
  cpu/mem_rdata[2] 
    g115757/A1N                                                +0    9388               
    g115757/Y                OAI2BB1X1LVT       2  6.5  151  +136    9524 F             
    g115232/A1                                                 +0    9524               
    g115232/Y                AOI22X1LVT         1  4.2  123  +117    9641 R             
    g114843/B0                                                 +0    9641               
    g114843/Y                OA21X1LVT          9 23.2  237  +212    9853 R             
    g114684/A                                                  +0    9853               
    g114684/Y                INVX1LVT           5 13.2  180  +174   10027 F             
    g113666/C                                                  +0   10027               
    g113666/Y                OR4X1LVT           5 13.2  157  +213   10241 F             
    g113281/B                                                  +0   10241               
    g113281/Y                NOR2X1LVT          3  8.9  194  +161   10402 R             
    g113197/A                                                  +0   10402               
    g113197/Y                INVX1LVT           7 17.3  217  +182   10584 F             
    g111313/A0                                                 +0   10584               
    g111313/Y                AOI21X1LVT         1  4.2  118  +133   10716 R             
    g110639/D                                                  +0   10716               
    g110639/Y                OR4X1LVT           1  4.2   48   +80   10796 R             
    g110530/A1N                                                +0   10796               
    g110530/Y                AOI2BB1X1LVT       2  6.3  140  +104   10900 R             
    g110448/C0                                                 +0   10900               
    g110448/Y                AOI211XLLVT        1  4.1  203  +112   11012 F             
    g110387/A1                                                 +0   11012               
    g110387/Y                OA21X2LVT         13 31.8  185  +213   11225 F             
    g110366/A                                                  +0   11225               
    g110366/Y                INVX1LVT           5 13.7  167  +147   11372 R             
    g110293/A                                                  +0   11372               
    g110293/Y                AND2X1LVT          5 13.1  137  +156   11528 R             
    g110245/B                                                  +0   11528               
    g110245/Y                NAND2X1LVT         3  8.6  201  +162   11690 F             
    g109949/B                                                  +0   11690               
    g109949/Y                AND2X1LVT          2  6.5   75  +110   11801 F             
    g109462/D                                                  +0   11801               
    g109462/Y                NAND4BX1LVT        1  4.4   87   +60   11860 R             
    g109296/D                                                  +0   11860               
    g109296/Y                NOR4X1LVT          1  4.3   80   +66   11926 F             
    g109214/B1                                                 +0   11926               
    g109214/Y                AOI222X1LVT        1  4.4  187  +142   12068 R             
    g109203/C0                                                 +0   12068               
    g109203/Y                OAI221X1LVT        1  4.1  188  +182   12250 F             
    g109193/B                                                  +0   12250               
    g109193/Y                OR2X1LVT           1  4.1   51  +103   12353 F             
    mem_rdata_q_reg_27_/D    DFFX1LVT                          +0   12353               
    mem_rdata_q_reg_27_/CK   setup                        0   +34   12388 R             
- - - - - - - - - - - - - - - - - - - - - - - - - - - - - - - - - - - - - - - - - - - - 
(clock clk)                  capture                                16000 R             
                             uncertainty                     -250   15750 R             
----------------------------------------------------------------------------------------
Cost Group   : 'clk' (path_group 'clk')
Timing slack :    3362ps 
Start-point  : flash_io2
End-point    : soc/cpu/mem_rdata_q_reg_27_/D

path  24:

           Pin                  Type       Fanout Load Slew Delay Arrival   Location    
                                                  (fF) (ps)  (ps)   (ps)       (x,   y) 
----------------------------------------------------------------------------------------
(clock flash_clk)            launch                                     0 R             
(et4351.sdc_line_68_2_1)     ext delay                      +9000    9000 F             
flash_io2                    inout port         2 59.6    0    +0    9000 F             
flash_bufs_2_/io 
flash_bufs_2_/soc_i 
soc/flash_io2_di 
  g2850/A1                                                     +0    9000               
  g2850/Y                    AO22X1LVT          1  4.3   54  +126    9126 F             
  g2795/C0                                                     +0    9126               
  g2795/Y                    AOI221X1LVT        1  4.4  169  +115    9241 R             
  g2761/B                                                      +0    9241               
  g2761/Y                    NAND2X1LVT         2  6.3  158  +148    9388 F             
  cpu/mem_rdata[2] 
    g115757/A1N                                                +0    9388               
    g115757/Y                OAI2BB1X1LVT       2  6.5  151  +136    9524 F             
    g115232/A1                                                 +0    9524               
    g115232/Y                AOI22X1LVT         1  4.2  123  +117    9641 R             
    g114843/B0                                                 +0    9641               
    g114843/Y                OA21X1LVT          9 23.2  237  +212    9853 R             
    g114684/A                                                  +0    9853               
    g114684/Y                INVX1LVT           5 13.2  180  +174   10027 F             
    g113666/C                                                  +0   10027               
    g113666/Y                OR4X1LVT           5 13.2  157  +213   10241 F             
    g113281/B                                                  +0   10241               
    g113281/Y                NOR2X1LVT          3  8.9  194  +161   10402 R             
    g113197/A                                                  +0   10402               
    g113197/Y                INVX1LVT           7 17.3  217  +182   10584 F             
    g111313/A0                                                 +0   10584               
    g111313/Y                AOI21X1LVT         1  4.2  118  +133   10716 R             
    g110639/D                                                  +0   10716               
    g110639/Y                OR4X1LVT           1  4.2   48   +80   10796 R             
    g110530/A1N                                                +0   10796               
    g110530/Y                AOI2BB1X1LVT       2  6.3  140  +104   10900 R             
    g110448/C0                                                 +0   10900               
    g110448/Y                AOI211XLLVT        1  4.1  203  +112   11012 F             
    g110387/A1                                                 +0   11012               
    g110387/Y                OA21X2LVT         13 31.8  185  +213   11225 F             
    g110334/B                                                  +0   11225               
    g110334/Y                NOR2X2LVT          7 18.0  206  +165   11390 R             
    g110248/A                                                  +0   11390               
    g110248/Y                AND2X1LVT          4 12.0  126  +160   11550 R             
    g109952/B                                                  +0   11550               
    g109952/Y                NAND2X1LVT         3  8.8  204  +161   11711 F             
    g109666/B0                                                 +0   11711               
    g109666/Y                OAI2BB1X1LVT       4 11.1  148  +144   11855 R             
    g109295/C                                                  +0   11855               
    g109295/Y                NOR4X1LVT          1  4.3   88   +94   11948 F             
    g109223/C0                                                 +0   11948               
    g109223/Y                AOI221X1LVT        1  4.4  168  +127   12075 R             
    g109212/C0                                                 +0   12075               
    g109212/Y                OAI221X1LVT        1  4.1  187  +176   12251 F             
    g109197/B                                                  +0   12251               
    g109197/Y                OR2X1LVT           1  4.1   51  +103   12353 F             
    mem_rdata_q_reg_26_/D    DFFX1LVT                          +0   12353               
    mem_rdata_q_reg_26_/CK   setup                        0   +34   12388 R             
- - - - - - - - - - - - - - - - - - - - - - - - - - - - - - - - - - - - - - - - - - - - 
(clock clk)                  capture                                16000 R             
                             uncertainty                     -250   15750 R             
----------------------------------------------------------------------------------------
Cost Group   : 'clk' (path_group 'clk')
Timing slack :    3362ps 
Start-point  : flash_io2
End-point    : soc/cpu/mem_rdata_q_reg_26_/D

path  25:

           Pin                  Type       Fanout Load Slew Delay Arrival   Location    
                                                  (fF) (ps)  (ps)   (ps)       (x,   y) 
----------------------------------------------------------------------------------------
(clock flash_clk)            launch                                     0 R             
(et4351.sdc_line_68_2_1)     ext delay                      +9000    9000 F             
flash_io2                    inout port         2 59.6    0    +0    9000 F             
flash_bufs_2_/io 
flash_bufs_2_/soc_i 
soc/flash_io2_di 
  g2850/A1                                                     +0    9000               
  g2850/Y                    AO22X1LVT          1  4.3   54  +126    9126 F             
  g2795/C0                                                     +0    9126               
  g2795/Y                    AOI221X1LVT        1  4.4  169  +115    9241 R             
  g2761/B                                                      +0    9241               
  g2761/Y                    NAND2X1LVT         2  6.3  158  +148    9388 F             
  cpu/mem_rdata[2] 
    g115757/A1N                                                +0    9388               
    g115757/Y                OAI2BB1X1LVT       2  6.5  151  +136    9524 F             
    g115232/A1                                                 +0    9524               
    g115232/Y                AOI22X1LVT         1  4.2  123  +117    9641 R             
    g114843/B0                                                 +0    9641               
    g114843/Y                OA21X1LVT          9 23.2  237  +212    9853 R             
    g114684/A                                                  +0    9853               
    g114684/Y                INVX1LVT           5 13.2  180  +174   10027 F             
    g113666/C                                                  +0   10027               
    g113666/Y                OR4X1LVT           5 13.2  157  +213   10241 F             
    g113277/B                                                  +0   10241               
    g113277/Y                NAND2X1LVT         4 10.9  156  +123   10364 R             
    g112960/A1N                                                +0   10364               
    g112960/Y                OAI2BB1X1LVT       1  4.4   71  +107   10470 R             
    g111313/A1                                                 +0   10470               
    g111313/Y                AOI21X1LVT         1  4.1  116   +94   10564 F             
    g110639/D                                                  +0   10564               
    g110639/Y                OR4X1LVT           1  4.1   60  +129   10693 F             
    g110530/A1N                                                +0   10693               
    g110530/Y                AOI2BB1X1LVT       2  6.1   88   +87   10780 F             
    g110448/C0                                                 +0   10780               
    g110448/Y                AOI211XLLVT        1  4.2  240  +171   10951 R             
    g110387/A1                                                 +0   10951               
    g110387/Y                OA21X2LVT         13 33.2  179  +223   11174 R             
    g110366/A                                                  +0   11174               
    g110366/Y                INVX1LVT           5 13.2  171  +152   11326 F             
    g110293/A                                                  +0   11326               
    g110293/Y                AND2X1LVT          5 12.6  140  +134   11460 F             
    g109659/A1N                                                +0   11460               
    g109659/Y                OAI2BB1X1LVT       3  8.6  198  +157   11617 F             
    g109462/AN                                                 +0   11617               
    g109462/Y                NAND4BX1LVT        1  4.3  220  +202   11818 F             
    g109296/D                                                  +0   11818               
    g109296/Y                NOR4X1LVT          1  4.4  212  +186   12004 R             
    g109214/B1                                                 +0   12004               
    g109214/Y                AOI222X1LVT        1  4.3  161  +161   12166 F             
    g109203/C0                                                 +0   12166               
    g109203/Y                OAI221X1LVT        1  4.2  134   +89   12255 R             
    g109193/B                                                  +0   12255               
    g109193/Y                OR2X1LVT           1  4.2   47   +78   12334 R             
    mem_rdata_q_reg_27_/D    DFFX1LVT                          +0   12334               
    mem_rdata_q_reg_27_/CK   setup                        0   +50   12384 R             
- - - - - - - - - - - - - - - - - - - - - - - - - - - - - - - - - - - - - - - - - - - - 
(clock clk)                  capture                                16000 R             
                             uncertainty                     -250   15750 R             
----------------------------------------------------------------------------------------
Cost Group   : 'clk' (path_group 'clk')
Timing slack :    3366ps 
Start-point  : flash_io2
End-point    : soc/cpu/mem_rdata_q_reg_27_/D

path  26:

           Pin                  Type       Fanout Load Slew Delay Arrival   Location    
                                                  (fF) (ps)  (ps)   (ps)       (x,   y) 
----------------------------------------------------------------------------------------
(clock flash_clk)            launch                                     0 R             
(et4351.sdc_line_68_2_1)     ext delay                      +9000    9000 F             
flash_io2                    inout port         2 59.6    0    +0    9000 F             
flash_bufs_2_/io 
flash_bufs_2_/soc_i 
soc/flash_io2_di 
  g2850/A1                                                     +0    9000               
  g2850/Y                    AO22X1LVT          1  4.3   54  +126    9126 F             
  g2795/C0                                                     +0    9126               
  g2795/Y                    AOI221X1LVT        1  4.4  169  +115    9241 R             
  g2761/B                                                      +0    9241               
  g2761/Y                    NAND2X1LVT         2  6.3  158  +148    9388 F             
  cpu/mem_rdata[2] 
    g115757/A1N                                                +0    9388               
    g115757/Y                OAI2BB1X1LVT       2  6.5  151  +136    9524 F             
    g115232/A1                                                 +0    9524               
    g115232/Y                AOI22X1LVT         1  4.2  123  +117    9641 R             
    g114843/B0                                                 +0    9641               
    g114843/Y                OA21X1LVT          9 23.2  237  +212    9853 R             
    g114684/A                                                  +0    9853               
    g114684/Y                INVX1LVT           5 13.2  180  +174   10027 F             
    g113666/C                                                  +0   10027               
    g113666/Y                OR4X1LVT           5 13.2  157  +213   10241 F             
    g113281/B                                                  +0   10241               
    g113281/Y                NOR2X1LVT          3  8.9  194  +161   10402 R             
    g113197/A                                                  +0   10402               
    g113197/Y                INVX1LVT           7 17.3  217  +182   10584 F             
    g111313/A0                                                 +0   10584               
    g111313/Y                AOI21X1LVT         1  4.2  118  +133   10716 R             
    g110639/D                                                  +0   10716               
    g110639/Y                OR4X1LVT           1  4.2   48   +80   10796 R             
    g110530/A1N                                                +0   10796               
    g110530/Y                AOI2BB1X1LVT       2  6.3  140  +104   10900 R             
    g110448/C0                                                 +0   10900               
    g110448/Y                AOI211XLLVT        1  4.1  203  +112   11012 F             
    g110387/A1                                                 +0   11012               
    g110387/Y                OA21X2LVT         13 31.8  185  +213   11225 F             
    g110334/B                                                  +0   11225               
    g110334/Y                NOR2X2LVT          7 18.0  206  +165   11390 R             
    g110248/A                                                  +0   11390               
    g110248/Y                AND2X1LVT          4 12.0  126  +160   11550 R             
    g109953/B0                                                 +0   11550               
    g109953/Y                OAI31X2LVT         3  8.8  130  +120   11670 F             
    g109659/B0                                                 +0   11670               
    g109659/Y                OAI2BB1X1LVT       3  8.9  115  +104   11774 R             
    g109462/AN                                                 +0   11774               
    g109462/Y                NAND4BX1LVT        1  4.4   87   +80   11854 R             
    g109296/D                                                  +0   11854               
    g109296/Y                NOR4X1LVT          1  4.3   80   +66   11920 F             
    g109214/B1                                                 +0   11920               
    g109214/Y                AOI222X1LVT        1  4.4  187  +142   12062 R             
    g109203/C0                                                 +0   12062               
    g109203/Y                OAI221X1LVT        1  4.1  188  +182   12244 F             
    g109193/B                                                  +0   12244               
    g109193/Y                OR2X1LVT           1  4.1   51  +103   12347 F             
    mem_rdata_q_reg_27_/D    DFFX1LVT                          +0   12347               
    mem_rdata_q_reg_27_/CK   setup                        0   +34   12382 R             
- - - - - - - - - - - - - - - - - - - - - - - - - - - - - - - - - - - - - - - - - - - - 
(clock clk)                  capture                                16000 R             
                             uncertainty                     -250   15750 R             
----------------------------------------------------------------------------------------
Cost Group   : 'clk' (path_group 'clk')
Timing slack :    3368ps 
Start-point  : flash_io2
End-point    : soc/cpu/mem_rdata_q_reg_27_/D

path  27:

           Pin                  Type       Fanout Load Slew Delay Arrival   Location    
                                                  (fF) (ps)  (ps)   (ps)       (x,   y) 
----------------------------------------------------------------------------------------
(clock flash_clk)            launch                                     0 R             
(et4351.sdc_line_68_2_1)     ext delay                      +9000    9000 F             
flash_io2                    inout port         2 59.6    0    +0    9000 F             
flash_bufs_2_/io 
flash_bufs_2_/soc_i 
soc/flash_io2_di 
  g2850/A1                                                     +0    9000               
  g2850/Y                    AO22X1LVT          1  4.3   54  +126    9126 F             
  g2795/C0                                                     +0    9126               
  g2795/Y                    AOI221X1LVT        1  4.4  169  +115    9241 R             
  g2761/B                                                      +0    9241               
  g2761/Y                    NAND2X1LVT         2  6.3  158  +148    9388 F             
  cpu/mem_rdata[2] 
    g115757/A1N                                                +0    9388               
    g115757/Y                OAI2BB1X1LVT       2  6.5  151  +136    9524 F             
    g115232/A1                                                 +0    9524               
    g115232/Y                AOI22X1LVT         1  4.2  123  +117    9641 R             
    g114843/B0                                                 +0    9641               
    g114843/Y                OA21X1LVT          9 23.2  237  +212    9853 R             
    g114684/A                                                  +0    9853               
    g114684/Y                INVX1LVT           5 13.2  180  +174   10027 F             
    g113666/C                                                  +0   10027               
    g113666/Y                OR4X1LVT           5 13.2  157  +213   10241 F             
    g113281/B                                                  +0   10241               
    g113281/Y                NOR2X1LVT          3  8.9  194  +161   10402 R             
    g113197/A                                                  +0   10402               
    g113197/Y                INVX1LVT           7 17.3  217  +182   10584 F             
    g111313/A0                                                 +0   10584               
    g111313/Y                AOI21X1LVT         1  4.2  118  +133   10716 R             
    g110639/D                                                  +0   10716               
    g110639/Y                OR4X1LVT           1  4.2   48   +80   10796 R             
    g110530/A1N                                                +0   10796               
    g110530/Y                AOI2BB1X1LVT       2  6.3  140  +104   10900 R             
    g110448/C0                                                 +0   10900               
    g110448/Y                AOI211XLLVT        1  4.1  203  +112   11012 F             
    g110387/A1                                                 +0   11012               
    g110387/Y                OA21X2LVT         13 31.8  185  +213   11225 F             
    g110334/B                                                  +0   11225               
    g110334/Y                NOR2X2LVT          7 18.0  206  +165   11390 R             
    g110286/B0                                                 +0   11390               
    g110286/Y                OAI21X1LVT         3  8.4  212  +194   11583 F             
    g109946/A                                                  +0   11583               
    g109946/Y                AND2X1LVT          2  6.5   75  +107   11690 F             
    g109654/B                                                  +0   11690               
    g109654/Y                NAND2X1LVT         1  4.4   82   +57   11747 R             
    g109581/A                                                  +0   11747               
    g109581/Y                NOR2X1LVT          1  4.3   68   +66   11814 F             
    g109458/B                                                  +0   11814               
    g109458/Y                NAND2X1LVT         1  4.4   91   +54   11868 R             
    g109295/D                                                  +0   11868               
    g109295/Y                NOR4X1LVT          1  4.3   88   +68   11936 F             
    g109223/C0                                                 +0   11936               
    g109223/Y                AOI221X1LVT        1  4.4  168  +127   12063 R             
    g109212/C0                                                 +0   12063               
    g109212/Y                OAI221X1LVT        1  4.1  187  +176   12238 F             
    g109197/B                                                  +0   12238               
    g109197/Y                OR2X1LVT           1  4.1   51  +103   12341 F             
    mem_rdata_q_reg_26_/D    DFFX1LVT                          +0   12341               
    mem_rdata_q_reg_26_/CK   setup                        0   +34   12375 R             
- - - - - - - - - - - - - - - - - - - - - - - - - - - - - - - - - - - - - - - - - - - - 
(clock clk)                  capture                                16000 R             
                             uncertainty                     -250   15750 R             
----------------------------------------------------------------------------------------
Cost Group   : 'clk' (path_group 'clk')
Timing slack :    3375ps 
Start-point  : flash_io2
End-point    : soc/cpu/mem_rdata_q_reg_26_/D

path  28:

           Pin                  Type       Fanout Load Slew Delay Arrival   Location    
                                                  (fF) (ps)  (ps)   (ps)       (x,   y) 
----------------------------------------------------------------------------------------
(clock flash_clk)            launch                                     0 R             
(et4351.sdc_line_68_2_1)     ext delay                      +9000    9000 F             
flash_io2                    inout port         2 59.6    0    +0    9000 F             
flash_bufs_2_/io 
flash_bufs_2_/soc_i 
soc/flash_io2_di 
  g2850/A1                                                     +0    9000               
  g2850/Y                    AO22X1LVT          1  4.3   54  +126    9126 F             
  g2795/C0                                                     +0    9126               
  g2795/Y                    AOI221X1LVT        1  4.4  169  +115    9241 R             
  g2761/B                                                      +0    9241               
  g2761/Y                    NAND2X1LVT         2  6.3  158  +148    9388 F             
  cpu/mem_rdata[2] 
    g115757/A1N                                                +0    9388               
    g115757/Y                OAI2BB1X1LVT       2  6.5  151  +136    9524 F             
    g115232/A1                                                 +0    9524               
    g115232/Y                AOI22X1LVT         1  4.2  123  +117    9641 R             
    g114843/B0                                                 +0    9641               
    g114843/Y                OA21X1LVT          9 23.2  237  +212    9853 R             
    g114684/A                                                  +0    9853               
    g114684/Y                INVX1LVT           5 13.2  180  +174   10027 F             
    g113666/C                                                  +0   10027               
    g113666/Y                OR4X1LVT           5 13.2  157  +213   10241 F             
    g113164/C                                                  +0   10241               
    g113164/Y                OR3X1LVT           4 11.3  132  +160   10400 F             
    g112960/B0                                                 +0   10400               
    g112960/Y                OAI2BB1X1LVT       1  4.4   71   +80   10480 R             
    g111313/A1                                                 +0   10480               
    g111313/Y                AOI21X1LVT         1  4.1  116   +94   10574 F             
    g110639/D                                                  +0   10574               
    g110639/Y                OR4X1LVT           1  4.1   60  +129   10703 F             
    g110530/A1N                                                +0   10703               
    g110530/Y                AOI2BB1X1LVT       2  6.1   88   +87   10790 F             
    g110448/C0                                                 +0   10790               
    g110448/Y                AOI211XLLVT        1  4.2  240  +171   10961 R             
    g110387/A1                                                 +0   10961               
    g110387/Y                OA21X2LVT         13 33.2  179  +223   11184 R             
    g110334/B                                                  +0   11184               
    g110334/Y                NOR2X2LVT          7 17.3  131  +116   11300 F             
    g110248/A                                                  +0   11300               
    g110248/Y                AND2X1LVT          4 11.5  128  +119   11419 F             
    g109953/B0                                                 +0   11419               
    g109953/Y                OAI31X2LVT         3  9.1  168   +70   11490 R             
    g109659/B0                                                 +0   11490               
    g109659/Y                OAI2BB1X1LVT       3  8.6  198  +172   11661 F             
    g109581/B                                                  +0   11661               
    g109581/Y                NOR2X1LVT          1  4.4  114  +127   11788 R             
    g109458/B                                                  +0   11788               
    g109458/Y                NAND2X1LVT         1  4.3  117  +104   11892 F             
    g109295/D                                                  +0   11892               
    g109295/Y                NOR4X1LVT          1  4.4  207  +151   12043 R             
    g109223/C0                                                 +0   12043               
    g109223/Y                AOI221X1LVT        1  4.3  145  +112   12155 F             
    g109212/C0                                                 +0   12155               
    g109212/Y                OAI221X1LVT        1  4.2  136   +83   12238 R             
    g109197/B                                                  +0   12238               
    g109197/Y                OR2X1LVT           1  4.2   47   +79   12317 R             
    mem_rdata_q_reg_26_/D    DFFX1LVT                          +0   12317               
    mem_rdata_q_reg_26_/CK   setup                        0   +50   12367 R             
- - - - - - - - - - - - - - - - - - - - - - - - - - - - - - - - - - - - - - - - - - - - 
(clock clk)                  capture                                16000 R             
                             uncertainty                     -250   15750 R             
----------------------------------------------------------------------------------------
Cost Group   : 'clk' (path_group 'clk')
Timing slack :    3383ps 
Start-point  : flash_io2
End-point    : soc/cpu/mem_rdata_q_reg_26_/D

path  29:

           Pin                  Type       Fanout Load Slew Delay Arrival   Location    
                                                  (fF) (ps)  (ps)   (ps)       (x,   y) 
----------------------------------------------------------------------------------------
(clock flash_clk)            launch                                     0 R             
(et4351.sdc_line_68_2_1)     ext delay                      +9000    9000 F             
flash_io2                    inout port         2 59.6    0    +0    9000 F             
flash_bufs_2_/io 
flash_bufs_2_/soc_i 
soc/flash_io2_di 
  g2850/A1                                                     +0    9000               
  g2850/Y                    AO22X1LVT          1  4.3   54  +126    9126 F             
  g2795/C0                                                     +0    9126               
  g2795/Y                    AOI221X1LVT        1  4.4  169  +115    9241 R             
  g2761/B                                                      +0    9241               
  g2761/Y                    NAND2X1LVT         2  6.3  158  +148    9388 F             
  cpu/mem_rdata[2] 
    g115757/A1N                                                +0    9388               
    g115757/Y                OAI2BB1X1LVT       2  6.5  151  +136    9524 F             
    g115232/A1                                                 +0    9524               
    g115232/Y                AOI22X1LVT         1  4.2  123  +117    9641 R             
    g114843/B0                                                 +0    9641               
    g114843/Y                OA21X1LVT          9 23.2  237  +212    9853 R             
    g114684/A                                                  +0    9853               
    g114684/Y                INVX1LVT           5 13.2  180  +174   10027 F             
    g113666/C                                                  +0   10027               
    g113666/Y                OR4X1LVT           5 13.2  157  +213   10241 F             
    g113277/B                                                  +0   10241               
    g113277/Y                NAND2X1LVT         4 10.9  156  +123   10364 R             
    g112960/A1N                                                +0   10364               
    g112960/Y                OAI2BB1X1LVT       1  4.4   71  +107   10470 R             
    g111313/A1                                                 +0   10470               
    g111313/Y                AOI21X1LVT         1  4.1  116   +94   10564 F             
    g110639/D                                                  +0   10564               
    g110639/Y                OR4X1LVT           1  4.1   60  +129   10693 F             
    g110530/A1N                                                +0   10693               
    g110530/Y                AOI2BB1X1LVT       2  6.1   88   +87   10780 F             
    g110448/C0                                                 +0   10780               
    g110448/Y                AOI211XLLVT        1  4.2  240  +171   10951 R             
    g110387/A1                                                 +0   10951               
    g110387/Y                OA21X2LVT         13 33.2  179  +223   11174 R             
    g110334/B                                                  +0   11174               
    g110334/Y                NOR2X2LVT          7 17.3  131  +116   11291 F             
    g110248/A                                                  +0   11291               
    g110248/Y                AND2X1LVT          4 11.5  128  +119   11409 F             
    g109953/B0                                                 +0   11409               
    g109953/Y                OAI31X2LVT         3  9.1  168   +70   11480 R             
    g109659/B0                                                 +0   11480               
    g109659/Y                OAI2BB1X1LVT       3  8.6  198  +172   11651 F             
    g109581/B                                                  +0   11651               
    g109581/Y                NOR2X1LVT          1  4.4  114  +127   11778 R             
    g109458/B                                                  +0   11778               
    g109458/Y                NAND2X1LVT         1  4.3  117  +104   11882 F             
    g109295/D                                                  +0   11882               
    g109295/Y                NOR4X1LVT          1  4.4  207  +151   12033 R             
    g109223/C0                                                 +0   12033               
    g109223/Y                AOI221X1LVT        1  4.3  145  +112   12145 F             
    g109212/C0                                                 +0   12145               
    g109212/Y                OAI221X1LVT        1  4.2  136   +83   12228 R             
    g109197/B                                                  +0   12228               
    g109197/Y                OR2X1LVT           1  4.2   47   +79   12307 R             
    mem_rdata_q_reg_26_/D    DFFX1LVT                          +0   12307               
    mem_rdata_q_reg_26_/CK   setup                        0   +50   12357 R             
- - - - - - - - - - - - - - - - - - - - - - - - - - - - - - - - - - - - - - - - - - - - 
(clock clk)                  capture                                16000 R             
                             uncertainty                     -250   15750 R             
----------------------------------------------------------------------------------------
Cost Group   : 'clk' (path_group 'clk')
Timing slack :    3393ps 
Start-point  : flash_io2
End-point    : soc/cpu/mem_rdata_q_reg_26_/D

path  30:

           Pin                  Type       Fanout Load Slew Delay Arrival   Location    
                                                  (fF) (ps)  (ps)   (ps)       (x,   y) 
----------------------------------------------------------------------------------------
(clock flash_clk)            launch                                     0 R             
(et4351.sdc_line_68_2_1)     ext delay                      +9000    9000 F             
flash_io2                    inout port         2 59.6    0    +0    9000 F             
flash_bufs_2_/io 
flash_bufs_2_/soc_i 
soc/flash_io2_di 
  g2850/A1                                                     +0    9000               
  g2850/Y                    AO22X1LVT          1  4.3   54  +126    9126 F             
  g2795/C0                                                     +0    9126               
  g2795/Y                    AOI221X1LVT        1  4.4  169  +115    9241 R             
  g2761/B                                                      +0    9241               
  g2761/Y                    NAND2X1LVT         2  6.3  158  +148    9388 F             
  cpu/mem_rdata[2] 
    g115757/A1N                                                +0    9388               
    g115757/Y                OAI2BB1X1LVT       2  6.5  151  +136    9524 F             
    g115232/A1                                                 +0    9524               
    g115232/Y                AOI22X1LVT         1  4.2  123  +117    9641 R             
    g114843/B0                                                 +0    9641               
    g114843/Y                OA21X1LVT          9 23.2  237  +212    9853 R             
    g114684/A                                                  +0    9853               
    g114684/Y                INVX1LVT           5 13.2  180  +174   10027 F             
    g113666/C                                                  +0   10027               
    g113666/Y                OR4X1LVT           5 13.2  157  +213   10241 F             
    g113164/C                                                  +0   10241               
    g113164/Y                OR3X1LVT           4 11.3  132  +160   10400 F             
    g112960/B0                                                 +0   10400               
    g112960/Y                OAI2BB1X1LVT       1  4.4   71   +80   10480 R             
    g111313/A1                                                 +0   10480               
    g111313/Y                AOI21X1LVT         1  4.1  116   +94   10574 F             
    g110639/D                                                  +0   10574               
    g110639/Y                OR4X1LVT           1  4.1   60  +129   10703 F             
    g110530/A1N                                                +0   10703               
    g110530/Y                AOI2BB1X1LVT       2  6.1   88   +87   10790 F             
    g110448/C0                                                 +0   10790               
    g110448/Y                AOI211XLLVT        1  4.2  240  +171   10961 R             
    g110387/A1                                                 +0   10961               
    g110387/Y                OA21X2LVT         13 33.2  179  +223   11184 R             
    g110366/A                                                  +0   11184               
    g110366/Y                INVX1LVT           5 13.2  171  +152   11336 F             
    g110293/A                                                  +0   11336               
    g110293/Y                AND2X1LVT          5 12.6  140  +134   11470 F             
    g110245/B                                                  +0   11470               
    g110245/Y                NAND2X1LVT         3  8.9  115  +106   11576 R             
    g109654/A                                                  +0   11576               
    g109654/Y                NAND2X1LVT         1  4.3  107  +103   11678 F             
    g109581/A                                                  +0   11678               
    g109581/Y                NOR2X1LVT          1  4.4  114   +94   11772 R             
    g109458/B                                                  +0   11772               
    g109458/Y                NAND2X1LVT         1  4.3  117  +104   11876 F             
    g109295/D                                                  +0   11876               
    g109295/Y                NOR4X1LVT          1  4.4  207  +151   12027 R             
    g109223/C0                                                 +0   12027               
    g109223/Y                AOI221X1LVT        1  4.3  145  +112   12139 F             
    g109212/C0                                                 +0   12139               
    g109212/Y                OAI221X1LVT        1  4.2  136   +83   12222 R             
    g109197/B                                                  +0   12222               
    g109197/Y                OR2X1LVT           1  4.2   47   +79   12301 R             
    mem_rdata_q_reg_26_/D    DFFX1LVT                          +0   12301               
    mem_rdata_q_reg_26_/CK   setup                        0   +50   12352 R             
- - - - - - - - - - - - - - - - - - - - - - - - - - - - - - - - - - - - - - - - - - - - 
(clock clk)                  capture                                16000 R             
                             uncertainty                     -250   15750 R             
----------------------------------------------------------------------------------------
Cost Group   : 'clk' (path_group 'clk')
Timing slack :    3398ps 
Start-point  : flash_io2
End-point    : soc/cpu/mem_rdata_q_reg_26_/D

path  31:

           Pin                  Type       Fanout Load Slew Delay Arrival   Location    
                                                  (fF) (ps)  (ps)   (ps)       (x,   y) 
----------------------------------------------------------------------------------------
(clock flash_clk)            launch                                     0 R             
(et4351.sdc_line_68_2_1)     ext delay                      +9000    9000 F             
flash_io2                    inout port         2 59.6    0    +0    9000 F             
flash_bufs_2_/io 
flash_bufs_2_/soc_i 
soc/flash_io2_di 
  g2850/A1                                                     +0    9000               
  g2850/Y                    AO22X1LVT          1  4.3   54  +126    9126 F             
  g2795/C0                                                     +0    9126               
  g2795/Y                    AOI221X1LVT        1  4.4  169  +115    9241 R             
  g2761/B                                                      +0    9241               
  g2761/Y                    NAND2X1LVT         2  6.3  158  +148    9388 F             
  cpu/mem_rdata[2] 
    g115757/A1N                                                +0    9388               
    g115757/Y                OAI2BB1X1LVT       2  6.5  151  +136    9524 F             
    g115232/A1                                                 +0    9524               
    g115232/Y                AOI22X1LVT         1  4.2  123  +117    9641 R             
    g114843/B0                                                 +0    9641               
    g114843/Y                OA21X1LVT          9 23.2  237  +212    9853 R             
    g114684/A                                                  +0    9853               
    g114684/Y                INVX1LVT           5 13.2  180  +174   10027 F             
    g113666/C                                                  +0   10027               
    g113666/Y                OR4X1LVT           5 13.2  157  +213   10241 F             
    g113164/C                                                  +0   10241               
    g113164/Y                OR3X1LVT           4 11.3  132  +160   10400 F             
    g112960/B0                                                 +0   10400               
    g112960/Y                OAI2BB1X1LVT       1  4.4   71   +80   10480 R             
    g111313/A1                                                 +0   10480               
    g111313/Y                AOI21X1LVT         1  4.1  116   +94   10574 F             
    g110639/D                                                  +0   10574               
    g110639/Y                OR4X1LVT           1  4.1   60  +129   10703 F             
    g110530/A1N                                                +0   10703               
    g110530/Y                AOI2BB1X1LVT       2  6.1   88   +87   10790 F             
    g110448/C0                                                 +0   10790               
    g110448/Y                AOI211XLLVT        1  4.2  240  +171   10961 R             
    g110387/A1                                                 +0   10961               
    g110387/Y                OA21X2LVT         13 33.2  179  +223   11184 R             
    g110334/B                                                  +0   11184               
    g110334/Y                NOR2X2LVT          7 17.3  131  +116   11300 F             
    g110248/A                                                  +0   11300               
    g110248/Y                AND2X1LVT          4 11.5  128  +119   11419 F             
    g109953/B0                                                 +0   11419               
    g109953/Y                OAI31X2LVT         3  9.1  168   +70   11490 R             
    g109648/C                                                  +0   11490               
    g109648/Y                NAND3BX1LVT        2  6.3  230  +190   11680 F             
    g109416/B                                                  +0   11680               
    g109416/Y                NOR2X1LVT          1  4.4  118  +138   11818 R             
    g109325/C                                                  +0   11818               
    g109325/Y                NAND3X1LVT         1  4.3  165  +137   11955 F             
    g109241/C                                                  +0   11955               
    g109241/Y                NOR3BX1LVT         1  4.4  157  +141   12096 R             
    g109213/C0                                                 +0   12096               
    g109213/Y                AOI221X1LVT        1  4.3  142   +93   12189 F             
    g109202/C0                                                 +0   12189               
    g109202/Y                OAI221X1LVT        1  4.3  144   +83   12272 R             
    mem_rdata_q_reg_28_/D    DFFHQX1LVT                        +0   12272               
    mem_rdata_q_reg_28_/CK   setup                        0   +73   12344 R             
- - - - - - - - - - - - - - - - - - - - - - - - - - - - - - - - - - - - - - - - - - - - 
(clock clk)                  capture                                16000 R             
                             uncertainty                     -250   15750 R             
----------------------------------------------------------------------------------------
Cost Group   : 'clk' (path_group 'clk')
Timing slack :    3406ps 
Start-point  : flash_io2
End-point    : soc/cpu/mem_rdata_q_reg_28_/D

path  32:

           Pin                  Type       Fanout Load Slew Delay Arrival   Location    
                                                  (fF) (ps)  (ps)   (ps)       (x,   y) 
----------------------------------------------------------------------------------------
(clock flash_clk)            launch                                     0 R             
(et4351.sdc_line_68_2_1)     ext delay                      +9000    9000 F             
flash_io2                    inout port         2 59.6    0    +0    9000 F             
flash_bufs_2_/io 
flash_bufs_2_/soc_i 
soc/flash_io2_di 
  g2850/A1                                                     +0    9000               
  g2850/Y                    AO22X1LVT          1  4.3   54  +126    9126 F             
  g2795/C0                                                     +0    9126               
  g2795/Y                    AOI221X1LVT        1  4.4  169  +115    9241 R             
  g2761/B                                                      +0    9241               
  g2761/Y                    NAND2X1LVT         2  6.3  158  +148    9388 F             
  cpu/mem_rdata[2] 
    g115757/A1N                                                +0    9388               
    g115757/Y                OAI2BB1X1LVT       2  6.5  151  +136    9524 F             
    g115232/A1                                                 +0    9524               
    g115232/Y                AOI22X1LVT         1  4.2  123  +117    9641 R             
    g114843/B0                                                 +0    9641               
    g114843/Y                OA21X1LVT          9 23.2  237  +212    9853 R             
    g114684/A                                                  +0    9853               
    g114684/Y                INVX1LVT           5 13.2  180  +174   10027 F             
    g113666/C                                                  +0   10027               
    g113666/Y                OR4X1LVT           5 13.2  157  +213   10241 F             
    g113281/B                                                  +0   10241               
    g113281/Y                NOR2X1LVT          3  8.9  194  +161   10402 R             
    g113197/A                                                  +0   10402               
    g113197/Y                INVX1LVT           7 17.3  217  +182   10584 F             
    g111313/A0                                                 +0   10584               
    g111313/Y                AOI21X1LVT         1  4.2  118  +133   10716 R             
    g110639/D                                                  +0   10716               
    g110639/Y                OR4X1LVT           1  4.2   48   +80   10796 R             
    g110530/A1N                                                +0   10796               
    g110530/Y                AOI2BB1X1LVT       2  6.3  140  +104   10900 R             
    g110448/C0                                                 +0   10900               
    g110448/Y                AOI211XLLVT        1  4.1  203  +112   11012 F             
    g110387/A1                                                 +0   11012               
    g110387/Y                OA21X2LVT         13 31.8  185  +213   11225 F             
    g110366/A                                                  +0   11225               
    g110366/Y                INVX1LVT           5 13.7  167  +147   11372 R             
    g110293/A                                                  +0   11372               
    g110293/Y                AND2X1LVT          5 13.1  137  +156   11528 R             
    g110246/AN                                                 +0   11528               
    g110246/Y                NOR2BX1LVT         3  8.7  188  +154   11683 R             
    g109648/AN                                                 +0   11683               
    g109648/Y                NAND3BX1LVT        2  6.5  104  +107   11789 R             
    g109416/B                                                  +0   11789               
    g109416/Y                NOR2X1LVT          1  4.3   69   +71   11861 F             
    g109325/C                                                  +0   11861               
    g109325/Y                NAND3X1LVT         1  4.4   87   +56   11917 R             
    g109241/C                                                  +0   11917               
    g109241/Y                NOR3BX1LVT         1  4.3   82   +65   11982 F             
    g109213/C0                                                 +0   11982               
    g109213/Y                AOI221X1LVT        1  4.4  166  +124   12107 R             
    g109202/C0                                                 +0   12107               
    g109202/Y                OAI221X1LVT        1  4.2  190  +177   12283 F             
    mem_rdata_q_reg_28_/D    DFFHQX1LVT                        +0   12283               
    mem_rdata_q_reg_28_/CK   setup                        0   +61   12344 R             
- - - - - - - - - - - - - - - - - - - - - - - - - - - - - - - - - - - - - - - - - - - - 
(clock clk)                  capture                                16000 R             
                             uncertainty                     -250   15750 R             
----------------------------------------------------------------------------------------
Cost Group   : 'clk' (path_group 'clk')
Timing slack :    3406ps 
Start-point  : flash_io2
End-point    : soc/cpu/mem_rdata_q_reg_28_/D

path  33:

           Pin                  Type       Fanout Load Slew Delay Arrival   Location    
                                                  (fF) (ps)  (ps)   (ps)       (x,   y) 
----------------------------------------------------------------------------------------
(clock flash_clk)            launch                                     0 R             
(et4351.sdc_line_68_3_1)     ext delay                      +9000    9000 F             
flash_io3                    inout port         2 59.8    0    +0    9000 F             
flash_bufs_3_/io 
flash_bufs_3_/soc_i 
soc/flash_io3_di 
  g2831/B1                                                     +0    9000               
  g2831/Y                    AOI22X1LVT         1  4.4  130  +125    9125 R             
  g2760/B                                                      +0    9125               
  g2760/Y                    NAND2X1LVT         2  6.3  154  +133    9258 F             
  cpu/mem_rdata[3] 
    g115760/A1N                                                +0    9258               
    g115760/Y                OAI2BB1X1LVT       2  6.5  151  +135    9393 F             
    g115233/A1                                                 +0    9393               
    g115233/Y                AOI22X1LVT         1  4.2  123  +117    9510 R             
    g114847/B0                                                 +0    9510               
    g114847/Y                OA21X1LVT          9 22.8  233  +210    9720 R             
    g114688/A                                                  +0    9720               
    g114688/Y                INVX1LVT           7 17.5  224  +198    9918 F             
    g113666/D                                                  +0    9918               
    g113666/Y                OR4X1LVT           5 13.2  157  +209   10127 F             
    g113164/C                                                  +0   10127               
    g113164/Y                OR3X1LVT           4 11.3  132  +160   10287 F             
    g112960/B0                                                 +0   10287               
    g112960/Y                OAI2BB1X1LVT       1  4.4   71   +80   10367 R             
    g111313/A1                                                 +0   10367               
    g111313/Y                AOI21X1LVT         1  4.1  116   +94   10461 F             
    g110639/D                                                  +0   10461               
    g110639/Y                OR4X1LVT           1  4.1   60  +129   10590 F             
    g110530/A1N                                                +0   10590               
    g110530/Y                AOI2BB1X1LVT       2  6.1   88   +87   10676 F             
    g110448/C0                                                 +0   10676               
    g110448/Y                AOI211XLLVT        1  4.2  240  +171   10848 R             
    g110387/A1                                                 +0   10848               
    g110387/Y                OA21X2LVT         13 33.2  179  +223   11071 R             
    g110334/B                                                  +0   11071               
    g110334/Y                NOR2X2LVT          7 17.3  131  +116   11187 F             
    g110248/A                                                  +0   11187               
    g110248/Y                AND2X1LVT          4 11.5  128  +119   11306 F             
    g109952/B                                                  +0   11306               
    g109952/Y                NAND2X1LVT         3  9.1  115  +103   11408 R             
    g109666/B0                                                 +0   11408               
    g109666/Y                OAI2BB1X1LVT       4 10.7  238  +178   11587 F             
    g109647/B                                                  +0   11587               
    g109647/Y                OR2X1LVT           2  6.3   75  +127   11714 F             
    g109386/AN                                                 +0   11714               
    g109386/Y                NAND3BXLLVT        1  4.3  278  +192   11906 F             
    g109330/B                                                  +0   11906               
    g109330/Y                NOR2X1LVT          1  4.4  123  +156   12061 R             
    g109242/A1                                                 +0   12061               
    g109242/Y                AOI22X1LVT         1  4.3  137  +125   12186 F             
    g109222/C0                                                 +0   12186               
    g109222/Y                OAI221X1LVT        1  4.2  142   +80   12266 R             
    mem_rdata_q_reg_25_/D    DFFX1LVT                          +0   12266               
    mem_rdata_q_reg_25_/CK   setup                        0   +76   12343 R             
- - - - - - - - - - - - - - - - - - - - - - - - - - - - - - - - - - - - - - - - - - - - 
(clock clk)                  capture                                16000 R             
                             uncertainty                     -250   15750 R             
----------------------------------------------------------------------------------------
Cost Group   : 'clk' (path_group 'clk')
Timing slack :    3407ps 
Start-point  : flash_io3
End-point    : soc/cpu/mem_rdata_q_reg_25_/D

path  34:

           Pin                  Type       Fanout Load Slew Delay Arrival   Location    
                                                  (fF) (ps)  (ps)   (ps)       (x,   y) 
----------------------------------------------------------------------------------------
(clock flash_clk)            launch                                     0 R             
(et4351.sdc_line_68_2_1)     ext delay                      +9000    9000 F             
flash_io2                    inout port         2 59.6    0    +0    9000 F             
flash_bufs_2_/io 
flash_bufs_2_/soc_i 
soc/flash_io2_di 
  g2850/A1                                                     +0    9000               
  g2850/Y                    AO22X1LVT          1  4.3   54  +126    9126 F             
  g2795/C0                                                     +0    9126               
  g2795/Y                    AOI221X1LVT        1  4.4  169  +115    9241 R             
  g2761/B                                                      +0    9241               
  g2761/Y                    NAND2X1LVT         2  6.3  158  +148    9388 F             
  cpu/mem_rdata[2] 
    g115757/A1N                                                +0    9388               
    g115757/Y                OAI2BB1X1LVT       2  6.5  151  +136    9524 F             
    g115232/A1                                                 +0    9524               
    g115232/Y                AOI22X1LVT         1  4.2  123  +117    9641 R             
    g114843/B0                                                 +0    9641               
    g114843/Y                OA21X1LVT          9 23.2  237  +212    9853 R             
    g114684/A                                                  +0    9853               
    g114684/Y                INVX1LVT           5 13.2  180  +174   10027 F             
    g113666/C                                                  +0   10027               
    g113666/Y                OR4X1LVT           5 13.2  157  +213   10241 F             
    g113277/B                                                  +0   10241               
    g113277/Y                NAND2X1LVT         4 10.9  156  +123   10364 R             
    g112960/A1N                                                +0   10364               
    g112960/Y                OAI2BB1X1LVT       1  4.4   71  +107   10470 R             
    g111313/A1                                                 +0   10470               
    g111313/Y                AOI21X1LVT         1  4.1  116   +94   10564 F             
    g110639/D                                                  +0   10564               
    g110639/Y                OR4X1LVT           1  4.1   60  +129   10693 F             
    g110530/A1N                                                +0   10693               
    g110530/Y                AOI2BB1X1LVT       2  6.1   88   +87   10780 F             
    g110448/C0                                                 +0   10780               
    g110448/Y                AOI211XLLVT        1  4.2  240  +171   10951 R             
    g110387/A1                                                 +0   10951               
    g110387/Y                OA21X2LVT         13 33.2  179  +223   11174 R             
    g110366/A                                                  +0   11174               
    g110366/Y                INVX1LVT           5 13.2  171  +152   11326 F             
    g110293/A                                                  +0   11326               
    g110293/Y                AND2X1LVT          5 12.6  140  +134   11460 F             
    g110245/B                                                  +0   11460               
    g110245/Y                NAND2X1LVT         3  8.9  115  +106   11566 R             
    g109654/A                                                  +0   11566               
    g109654/Y                NAND2X1LVT         1  4.3  107  +103   11669 F             
    g109581/A                                                  +0   11669               
    g109581/Y                NOR2X1LVT          1  4.4  114   +94   11762 R             
    g109458/B                                                  +0   11762               
    g109458/Y                NAND2X1LVT         1  4.3  117  +104   11866 F             
    g109295/D                                                  +0   11866               
    g109295/Y                NOR4X1LVT          1  4.4  207  +151   12017 R             
    g109223/C0                                                 +0   12017               
    g109223/Y                AOI221X1LVT        1  4.3  145  +112   12129 F             
    g109212/C0                                                 +0   12129               
    g109212/Y                OAI221X1LVT        1  4.2  136   +83   12212 R             
    g109197/B                                                  +0   12212               
    g109197/Y                OR2X1LVT           1  4.2   47   +79   12291 R             
    mem_rdata_q_reg_26_/D    DFFX1LVT                          +0   12291               
    mem_rdata_q_reg_26_/CK   setup                        0   +50   12342 R             
- - - - - - - - - - - - - - - - - - - - - - - - - - - - - - - - - - - - - - - - - - - - 
(clock clk)                  capture                                16000 R             
                             uncertainty                     -250   15750 R             
----------------------------------------------------------------------------------------
Cost Group   : 'clk' (path_group 'clk')
Timing slack :    3408ps 
Start-point  : flash_io2
End-point    : soc/cpu/mem_rdata_q_reg_26_/D

path  35:

           Pin                  Type       Fanout Load Slew Delay Arrival   Location    
                                                  (fF) (ps)  (ps)   (ps)       (x,   y) 
----------------------------------------------------------------------------------------
(clock flash_clk)            launch                                     0 R             
(et4351.sdc_line_68_2_1)     ext delay                      +9000    9000 F             
flash_io2                    inout port         2 59.6    0    +0    9000 F             
flash_bufs_2_/io 
flash_bufs_2_/soc_i 
soc/flash_io2_di 
  g2850/A1                                                     +0    9000               
  g2850/Y                    AO22X1LVT          1  4.3   54  +126    9126 F             
  g2795/C0                                                     +0    9126               
  g2795/Y                    AOI221X1LVT        1  4.4  169  +115    9241 R             
  g2761/B                                                      +0    9241               
  g2761/Y                    NAND2X1LVT         2  6.3  158  +148    9388 F             
  cpu/mem_rdata[2] 
    g115757/A1N                                                +0    9388               
    g115757/Y                OAI2BB1X1LVT       2  6.5  151  +136    9524 F             
    g115232/A1                                                 +0    9524               
    g115232/Y                AOI22X1LVT         1  4.2  123  +117    9641 R             
    g114843/B0                                                 +0    9641               
    g114843/Y                OA21X1LVT          9 23.2  237  +212    9853 R             
    g114684/A                                                  +0    9853               
    g114684/Y                INVX1LVT           5 13.2  180  +174   10027 F             
    g113666/C                                                  +0   10027               
    g113666/Y                OR4X1LVT           5 13.2  157  +213   10241 F             
    g113281/B                                                  +0   10241               
    g113281/Y                NOR2X1LVT          3  8.9  194  +161   10402 R             
    g113197/A                                                  +0   10402               
    g113197/Y                INVX1LVT           7 17.3  217  +182   10584 F             
    g111313/A0                                                 +0   10584               
    g111313/Y                AOI21X1LVT         1  4.2  118  +133   10716 R             
    g110639/D                                                  +0   10716               
    g110639/Y                OR4X1LVT           1  4.2   48   +80   10796 R             
    g110530/A1N                                                +0   10796               
    g110530/Y                AOI2BB1X1LVT       2  6.3  140  +104   10900 R             
    g110448/C0                                                 +0   10900               
    g110448/Y                AOI211XLLVT        1  4.1  203  +112   11012 F             
    g110387/A1                                                 +0   11012               
    g110387/Y                OA21X2LVT         13 31.8  185  +213   11225 F             
    g110331/B                                                  +0   11225               
    g110331/Y                NOR2X1LVT          2  6.7  156  +147   11372 R             
    g110244/B                                                  +0   11372               
    g110244/Y                NAND2X1LVT         3  8.6  204  +169   11541 F             
    g109946/B                                                  +0   11541               
    g109946/Y                AND2X1LVT          2  6.5   75  +111   11652 F             
    g109654/B                                                  +0   11652               
    g109654/Y                NAND2X1LVT         1  4.4   82   +57   11709 R             
    g109581/A                                                  +0   11709               
    g109581/Y                NOR2X1LVT          1  4.3   68   +66   11776 F             
    g109458/B                                                  +0   11776               
    g109458/Y                NAND2X1LVT         1  4.4   91   +54   11830 R             
    g109295/D                                                  +0   11830               
    g109295/Y                NOR4X1LVT          1  4.3   88   +68   11898 F             
    g109223/C0                                                 +0   11898               
    g109223/Y                AOI221X1LVT        1  4.4  168  +127   12025 R             
    g109212/C0                                                 +0   12025               
    g109212/Y                OAI221X1LVT        1  4.1  187  +176   12200 F             
    g109197/B                                                  +0   12200               
    g109197/Y                OR2X1LVT           1  4.1   51  +103   12303 F             
    mem_rdata_q_reg_26_/D    DFFX1LVT                          +0   12303               
    mem_rdata_q_reg_26_/CK   setup                        0   +34   12337 R             
- - - - - - - - - - - - - - - - - - - - - - - - - - - - - - - - - - - - - - - - - - - - 
(clock clk)                  capture                                16000 R             
                             uncertainty                     -250   15750 R             
----------------------------------------------------------------------------------------
Cost Group   : 'clk' (path_group 'clk')
Timing slack :    3413ps 
Start-point  : flash_io2
End-point    : soc/cpu/mem_rdata_q_reg_26_/D

path  36:

           Pin                  Type       Fanout Load Slew Delay Arrival   Location    
                                                  (fF) (ps)  (ps)   (ps)       (x,   y) 
----------------------------------------------------------------------------------------
(clock flash_clk)            launch                                     0 R             
(et4351.sdc_line_68_2_1)     ext delay                      +9000    9000 F             
flash_io2                    inout port         2 59.6    0    +0    9000 F             
flash_bufs_2_/io 
flash_bufs_2_/soc_i 
soc/flash_io2_di 
  g2850/A1                                                     +0    9000               
  g2850/Y                    AO22X1LVT          1  4.3   54  +126    9126 F             
  g2795/C0                                                     +0    9126               
  g2795/Y                    AOI221X1LVT        1  4.4  169  +115    9241 R             
  g2761/B                                                      +0    9241               
  g2761/Y                    NAND2X1LVT         2  6.3  158  +148    9388 F             
  cpu/mem_rdata[2] 
    g115757/A1N                                                +0    9388               
    g115757/Y                OAI2BB1X1LVT       2  6.5  151  +136    9524 F             
    g115232/A1                                                 +0    9524               
    g115232/Y                AOI22X1LVT         1  4.2  123  +117    9641 R             
    g114843/B0                                                 +0    9641               
    g114843/Y                OA21X1LVT          9 23.2  237  +212    9853 R             
    g114684/A                                                  +0    9853               
    g114684/Y                INVX1LVT           5 13.2  180  +174   10027 F             
    g113666/C                                                  +0   10027               
    g113666/Y                OR4X1LVT           5 13.2  157  +213   10241 F             
    g113277/B                                                  +0   10241               
    g113277/Y                NAND2X1LVT         4 10.9  156  +123   10364 R             
    g112960/A1N                                                +0   10364               
    g112960/Y                OAI2BB1X1LVT       1  4.4   71  +107   10470 R             
    g111313/A1                                                 +0   10470               
    g111313/Y                AOI21X1LVT         1  4.1  116   +94   10564 F             
    g110639/D                                                  +0   10564               
    g110639/Y                OR4X1LVT           1  4.1   60  +129   10693 F             
    g110530/A1N                                                +0   10693               
    g110530/Y                AOI2BB1X1LVT       2  6.1   88   +87   10780 F             
    g110448/C0                                                 +0   10780               
    g110448/Y                AOI211XLLVT        1  4.2  240  +171   10951 R             
    g110387/A1                                                 +0   10951               
    g110387/Y                OA21X2LVT         13 33.2  179  +223   11174 R             
    g110334/B                                                  +0   11174               
    g110334/Y                NOR2X2LVT          7 17.3  131  +116   11291 F             
    g110248/A                                                  +0   11291               
    g110248/Y                AND2X1LVT          4 11.5  128  +119   11409 F             
    g109953/B0                                                 +0   11409               
    g109953/Y                OAI31X2LVT         3  9.1  168   +70   11480 R             
    g109648/C                                                  +0   11480               
    g109648/Y                NAND3BX1LVT        2  6.3  230  +190   11670 F             
    g109416/B                                                  +0   11670               
    g109416/Y                NOR2X1LVT          1  4.4  118  +138   11808 R             
    g109325/C                                                  +0   11808               
    g109325/Y                NAND3X1LVT         1  4.3  165  +137   11945 F             
    g109241/C                                                  +0   11945               
    g109241/Y                NOR3BX1LVT         1  4.4  157  +141   12086 R             
    g109213/C0                                                 +0   12086               
    g109213/Y                AOI221X1LVT        1  4.3  142   +93   12179 F             
    g109202/C0                                                 +0   12179               
    g109202/Y                OAI221X1LVT        1  4.3  144   +83   12262 R             
    mem_rdata_q_reg_28_/D    DFFHQX1LVT                        +0   12262               
    mem_rdata_q_reg_28_/CK   setup                        0   +73   12335 R             
- - - - - - - - - - - - - - - - - - - - - - - - - - - - - - - - - - - - - - - - - - - - 
(clock clk)                  capture                                16000 R             
                             uncertainty                     -250   15750 R             
----------------------------------------------------------------------------------------
Cost Group   : 'clk' (path_group 'clk')
Timing slack :    3415ps 
Start-point  : flash_io2
End-point    : soc/cpu/mem_rdata_q_reg_28_/D

path  37:

           Pin                  Type       Fanout Load Slew Delay Arrival   Location    
                                                  (fF) (ps)  (ps)   (ps)       (x,   y) 
----------------------------------------------------------------------------------------
(clock flash_clk)            launch                                     0 R             
(et4351.sdc_line_68_2_1)     ext delay                      +9000    9000 F             
flash_io2                    inout port         2 59.6    0    +0    9000 F             
flash_bufs_2_/io 
flash_bufs_2_/soc_i 
soc/flash_io2_di 
  g2850/A1                                                     +0    9000               
  g2850/Y                    AO22X1LVT          1  4.3   54  +126    9126 F             
  g2795/C0                                                     +0    9126               
  g2795/Y                    AOI221X1LVT        1  4.4  169  +115    9241 R             
  g2761/B                                                      +0    9241               
  g2761/Y                    NAND2X1LVT         2  6.3  158  +148    9388 F             
  cpu/mem_rdata[2] 
    g115757/A1N                                                +0    9388               
    g115757/Y                OAI2BB1X1LVT       2  6.5  151  +136    9524 F             
    g115232/A1                                                 +0    9524               
    g115232/Y                AOI22X1LVT         1  4.2  123  +117    9641 R             
    g114843/B0                                                 +0    9641               
    g114843/Y                OA21X1LVT          9 23.2  237  +212    9853 R             
    g114684/A                                                  +0    9853               
    g114684/Y                INVX1LVT           5 13.2  180  +174   10027 F             
    g113666/C                                                  +0   10027               
    g113666/Y                OR4X1LVT           5 13.2  157  +213   10241 F             
    g113164/C                                                  +0   10241               
    g113164/Y                OR3X1LVT           4 11.3  132  +160   10400 F             
    g112960/B0                                                 +0   10400               
    g112960/Y                OAI2BB1X1LVT       1  4.4   71   +80   10480 R             
    g111313/A1                                                 +0   10480               
    g111313/Y                AOI21X1LVT         1  4.1  116   +94   10574 F             
    g110639/D                                                  +0   10574               
    g110639/Y                OR4X1LVT           1  4.1   60  +129   10703 F             
    g110530/A1N                                                +0   10703               
    g110530/Y                AOI2BB1X1LVT       2  6.1   88   +87   10790 F             
    g110448/C0                                                 +0   10790               
    g110448/Y                AOI211XLLVT        1  4.2  240  +171   10961 R             
    g110387/A1                                                 +0   10961               
    g110387/Y                OA21X2LVT         13 33.2  179  +223   11184 R             
    g110366/A                                                  +0   11184               
    g110366/Y                INVX1LVT           5 13.2  171  +152   11336 F             
    g110293/A                                                  +0   11336               
    g110293/Y                AND2X1LVT          5 12.6  140  +134   11470 F             
    g109659/A1N                                                +0   11470               
    g109659/Y                OAI2BB1X1LVT       3  8.6  198  +157   11627 F             
    g109581/B                                                  +0   11627               
    g109581/Y                NOR2X1LVT          1  4.4  114  +127   11754 R             
    g109458/B                                                  +0   11754               
    g109458/Y                NAND2X1LVT         1  4.3  117  +104   11857 F             
    g109295/D                                                  +0   11857               
    g109295/Y                NOR4X1LVT          1  4.4  207  +151   12008 R             
    g109223/C0                                                 +0   12008               
    g109223/Y                AOI221X1LVT        1  4.3  145  +112   12120 F             
    g109212/C0                                                 +0   12120               
    g109212/Y                OAI221X1LVT        1  4.2  136   +83   12204 R             
    g109197/B                                                  +0   12204               
    g109197/Y                OR2X1LVT           1  4.2   47   +79   12282 R             
    mem_rdata_q_reg_26_/D    DFFX1LVT                          +0   12282               
    mem_rdata_q_reg_26_/CK   setup                        0   +50   12333 R             
- - - - - - - - - - - - - - - - - - - - - - - - - - - - - - - - - - - - - - - - - - - - 
(clock clk)                  capture                                16000 R             
                             uncertainty                     -250   15750 R             
----------------------------------------------------------------------------------------
Cost Group   : 'clk' (path_group 'clk')
Timing slack :    3417ps 
Start-point  : flash_io2
End-point    : soc/cpu/mem_rdata_q_reg_26_/D

path  38:

           Pin                  Type       Fanout Load Slew Delay Arrival   Location    
                                                  (fF) (ps)  (ps)   (ps)       (x,   y) 
----------------------------------------------------------------------------------------
(clock flash_clk)            launch                                     0 R             
(et4351.sdc_line_68_3_1)     ext delay                      +9000    9000 F             
flash_io3                    inout port         2 59.8    0    +0    9000 F             
flash_bufs_3_/io 
flash_bufs_3_/soc_i 
soc/flash_io3_di 
  g2831/B1                                                     +0    9000               
  g2831/Y                    AOI22X1LVT         1  4.4  130  +125    9125 R             
  g2760/B                                                      +0    9125               
  g2760/Y                    NAND2X1LVT         2  6.3  154  +133    9258 F             
  cpu/mem_rdata[3] 
    g115760/A1N                                                +0    9258               
    g115760/Y                OAI2BB1X1LVT       2  6.5  151  +135    9393 F             
    g115233/A1                                                 +0    9393               
    g115233/Y                AOI22X1LVT         1  4.2  123  +117    9510 R             
    g114847/B0                                                 +0    9510               
    g114847/Y                OA21X1LVT          9 22.8  233  +210    9720 R             
    g114688/A                                                  +0    9720               
    g114688/Y                INVX1LVT           7 17.5  224  +198    9918 F             
    g113666/D                                                  +0    9918               
    g113666/Y                OR4X1LVT           5 13.2  157  +209   10127 F             
    g113277/B                                                  +0   10127               
    g113277/Y                NAND2X1LVT         4 10.9  156  +123   10250 R             
    g112960/A1N                                                +0   10250               
    g112960/Y                OAI2BB1X1LVT       1  4.4   71  +107   10357 R             
    g111313/A1                                                 +0   10357               
    g111313/Y                AOI21X1LVT         1  4.1  116   +94   10451 F             
    g110639/D                                                  +0   10451               
    g110639/Y                OR4X1LVT           1  4.1   60  +129   10580 F             
    g110530/A1N                                                +0   10580               
    g110530/Y                AOI2BB1X1LVT       2  6.1   88   +87   10667 F             
    g110448/C0                                                 +0   10667               
    g110448/Y                AOI211XLLVT        1  4.2  240  +171   10838 R             
    g110387/A1                                                 +0   10838               
    g110387/Y                OA21X2LVT         13 33.2  179  +223   11061 R             
    g110334/B                                                  +0   11061               
    g110334/Y                NOR2X2LVT          7 17.3  131  +116   11177 F             
    g110248/A                                                  +0   11177               
    g110248/Y                AND2X1LVT          4 11.5  128  +119   11296 F             
    g109952/B                                                  +0   11296               
    g109952/Y                NAND2X1LVT         3  9.1  115  +103   11398 R             
    g109666/B0                                                 +0   11398               
    g109666/Y                OAI2BB1X1LVT       4 10.7  238  +178   11577 F             
    g109647/B                                                  +0   11577               
    g109647/Y                OR2X1LVT           2  6.3   75  +127   11704 F             
    g109386/AN                                                 +0   11704               
    g109386/Y                NAND3BXLLVT        1  4.3  278  +192   11896 F             
    g109330/B                                                  +0   11896               
    g109330/Y                NOR2X1LVT          1  4.4  123  +156   12051 R             
    g109242/A1                                                 +0   12051               
    g109242/Y                AOI22X1LVT         1  4.3  137  +125   12176 F             
    g109222/C0                                                 +0   12176               
    g109222/Y                OAI221X1LVT        1  4.2  142   +80   12256 R             
    mem_rdata_q_reg_25_/D    DFFX1LVT                          +0   12256               
    mem_rdata_q_reg_25_/CK   setup                        0   +76   12333 R             
- - - - - - - - - - - - - - - - - - - - - - - - - - - - - - - - - - - - - - - - - - - - 
(clock clk)                  capture                                16000 R             
                             uncertainty                     -250   15750 R             
----------------------------------------------------------------------------------------
Cost Group   : 'clk' (path_group 'clk')
Timing slack :    3417ps 
Start-point  : flash_io3
End-point    : soc/cpu/mem_rdata_q_reg_25_/D

path  39:

           Pin                  Type       Fanout Load Slew Delay Arrival   Location    
                                                  (fF) (ps)  (ps)   (ps)       (x,   y) 
----------------------------------------------------------------------------------------
(clock flash_clk)            launch                                     0 R             
(et4351.sdc_line_68_2_1)     ext delay                      +9000    9000 F             
flash_io2                    inout port         2 59.6    0    +0    9000 F             
flash_bufs_2_/io 
flash_bufs_2_/soc_i 
soc/flash_io2_di 
  g2850/A1                                                     +0    9000               
  g2850/Y                    AO22X1LVT          1  4.3   54  +126    9126 F             
  g2795/C0                                                     +0    9126               
  g2795/Y                    AOI221X1LVT        1  4.4  169  +115    9241 R             
  g2761/B                                                      +0    9241               
  g2761/Y                    NAND2X1LVT         2  6.3  158  +148    9388 F             
  cpu/mem_rdata[2] 
    g115757/A1N                                                +0    9388               
    g115757/Y                OAI2BB1X1LVT       2  6.5  151  +136    9524 F             
    g115232/A1                                                 +0    9524               
    g115232/Y                AOI22X1LVT         1  4.2  123  +117    9641 R             
    g114843/B0                                                 +0    9641               
    g114843/Y                OA21X1LVT          9 23.2  237  +212    9853 R             
    g114684/A                                                  +0    9853               
    g114684/Y                INVX1LVT           5 13.2  180  +174   10027 F             
    g113666/C                                                  +0   10027               
    g113666/Y                OR4X1LVT           5 13.2  157  +213   10241 F             
    g113264/B                                                  +0   10241               
    g113264/Y                NAND2X1LVT         2  7.0  106  +102   10342 R             
    g113094/B                                                  +0   10342               
    g113094/Y                NOR2X2LVT          5 12.8  116   +78   10421 F             
    g110639/B                                                  +0   10421               
    g110639/Y                OR4X1LVT           1  4.1   60  +152   10573 F             
    g110530/A1N                                                +0   10573               
    g110530/Y                AOI2BB1X1LVT       2  6.1   88   +87   10660 F             
    g110448/C0                                                 +0   10660               
    g110448/Y                AOI211XLLVT        1  4.2  240  +171   10831 R             
    g110387/A1                                                 +0   10831               
    g110387/Y                OA21X2LVT         13 33.2  179  +223   11054 R             
    g110334/B                                                  +0   11054               
    g110334/Y                NOR2X2LVT          7 17.3  131  +116   11171 F             
    g110248/A                                                  +0   11171               
    g110248/Y                AND2X1LVT          4 11.5  128  +119   11289 F             
    g109952/B                                                  +0   11289               
    g109952/Y                NAND2X1LVT         3  9.1  115  +103   11392 R             
    g109666/B0                                                 +0   11392               
    g109666/Y                OAI2BB1X1LVT       4 10.7  238  +178   11570 F             
    g109647/B                                                  +0   11570               
    g109647/Y                OR2X1LVT           2  6.3   75  +127   11697 F             
    g109386/AN                                                 +0   11697               
    g109386/Y                NAND3BXLLVT        1  4.3  278  +192   11889 F             
    g109330/B                                                  +0   11889               
    g109330/Y                NOR2X1LVT          1  4.4  123  +156   12045 R             
    g109242/A1                                                 +0   12045               
    g109242/Y                AOI22X1LVT         1  4.3  137  +125   12170 F             
    g109222/C0                                                 +0   12170               
    g109222/Y                OAI221X1LVT        1  4.2  142   +80   12250 R             
    mem_rdata_q_reg_25_/D    DFFX1LVT                          +0   12250               
    mem_rdata_q_reg_25_/CK   setup                        0   +76   12326 R             
- - - - - - - - - - - - - - - - - - - - - - - - - - - - - - - - - - - - - - - - - - - - 
(clock clk)                  capture                                16000 R             
                             uncertainty                     -250   15750 R             
----------------------------------------------------------------------------------------
Cost Group   : 'clk' (path_group 'clk')
Timing slack :    3424ps 
Start-point  : flash_io2
End-point    : soc/cpu/mem_rdata_q_reg_25_/D

path  40:

           Pin                  Type       Fanout Load Slew Delay Arrival   Location    
                                                  (fF) (ps)  (ps)   (ps)       (x,   y) 
----------------------------------------------------------------------------------------
(clock flash_clk)            launch                                     0 R             
(et4351.sdc_line_68_2_1)     ext delay                      +9000    9000 F             
flash_io2                    inout port         2 59.6    0    +0    9000 F             
flash_bufs_2_/io 
flash_bufs_2_/soc_i 
soc/flash_io2_di 
  g2850/A1                                                     +0    9000               
  g2850/Y                    AO22X1LVT          1  4.3   54  +126    9126 F             
  g2795/C0                                                     +0    9126               
  g2795/Y                    AOI221X1LVT        1  4.4  169  +115    9241 R             
  g2761/B                                                      +0    9241               
  g2761/Y                    NAND2X1LVT         2  6.3  158  +148    9388 F             
  cpu/mem_rdata[2] 
    g115757/A1N                                                +0    9388               
    g115757/Y                OAI2BB1X1LVT       2  6.5  151  +136    9524 F             
    g115232/A1                                                 +0    9524               
    g115232/Y                AOI22X1LVT         1  4.2  123  +117    9641 R             
    g114843/B0                                                 +0    9641               
    g114843/Y                OA21X1LVT          9 23.2  237  +212    9853 R             
    g114684/A                                                  +0    9853               
    g114684/Y                INVX1LVT           5 13.2  180  +174   10027 F             
    g113666/C                                                  +0   10027               
    g113666/Y                OR4X1LVT           5 13.2  157  +213   10241 F             
    g113277/B                                                  +0   10241               
    g113277/Y                NAND2X1LVT         4 10.9  156  +123   10364 R             
    g112960/A1N                                                +0   10364               
    g112960/Y                OAI2BB1X1LVT       1  4.4   71  +107   10470 R             
    g111313/A1                                                 +0   10470               
    g111313/Y                AOI21X1LVT         1  4.1  116   +94   10564 F             
    g110639/D                                                  +0   10564               
    g110639/Y                OR4X1LVT           1  4.1   60  +129   10693 F             
    g110530/A1N                                                +0   10693               
    g110530/Y                AOI2BB1X1LVT       2  6.1   88   +87   10780 F             
    g110448/C0                                                 +0   10780               
    g110448/Y                AOI211XLLVT        1  4.2  240  +171   10951 R             
    g110387/A1                                                 +0   10951               
    g110387/Y                OA21X2LVT         13 33.2  179  +223   11174 R             
    g110366/A                                                  +0   11174               
    g110366/Y                INVX1LVT           5 13.2  171  +152   11326 F             
    g110293/A                                                  +0   11326               
    g110293/Y                AND2X1LVT          5 12.6  140  +134   11460 F             
    g109659/A1N                                                +0   11460               
    g109659/Y                OAI2BB1X1LVT       3  8.6  198  +157   11617 F             
    g109581/B                                                  +0   11617               
    g109581/Y                NOR2X1LVT          1  4.4  114  +127   11744 R             
    g109458/B                                                  +0   11744               
    g109458/Y                NAND2X1LVT         1  4.3  117  +104   11847 F             
    g109295/D                                                  +0   11847               
    g109295/Y                NOR4X1LVT          1  4.4  207  +151   11998 R             
    g109223/C0                                                 +0   11998               
    g109223/Y                AOI221X1LVT        1  4.3  145  +112   12110 F             
    g109212/C0                                                 +0   12110               
    g109212/Y                OAI221X1LVT        1  4.2  136   +83   12194 R             
    g109197/B                                                  +0   12194               
    g109197/Y                OR2X1LVT           1  4.2   47   +79   12272 R             
    mem_rdata_q_reg_26_/D    DFFX1LVT                          +0   12272               
    mem_rdata_q_reg_26_/CK   setup                        0   +50   12323 R             
- - - - - - - - - - - - - - - - - - - - - - - - - - - - - - - - - - - - - - - - - - - - 
(clock clk)                  capture                                16000 R             
                             uncertainty                     -250   15750 R             
----------------------------------------------------------------------------------------
Cost Group   : 'clk' (path_group 'clk')
Timing slack :    3427ps 
Start-point  : flash_io2
End-point    : soc/cpu/mem_rdata_q_reg_26_/D

path  41:

           Pin                  Type       Fanout Load Slew Delay Arrival   Location    
                                                  (fF) (ps)  (ps)   (ps)       (x,   y) 
----------------------------------------------------------------------------------------
(clock flash_clk)            launch                                     0 R             
(et4351.sdc_line_68_3_1)     ext delay                      +9000    9000 F             
flash_io3                    inout port         2 59.8    0    +0    9000 F             
flash_bufs_3_/io 
flash_bufs_3_/soc_i 
soc/flash_io3_di 
  g2831/B1                                                     +0    9000               
  g2831/Y                    AOI22X1LVT         1  4.4  130  +125    9125 R             
  g2760/B                                                      +0    9125               
  g2760/Y                    NAND2X1LVT         2  6.3  154  +133    9258 F             
  cpu/mem_rdata[3] 
    g115760/A1N                                                +0    9258               
    g115760/Y                OAI2BB1X1LVT       2  6.5  151  +135    9393 F             
    g115233/A1                                                 +0    9393               
    g115233/Y                AOI22X1LVT         1  4.2  123  +117    9510 R             
    g114847/B0                                                 +0    9510               
    g114847/Y                OA21X1LVT          9 22.8  233  +210    9720 R             
    g114688/A                                                  +0    9720               
    g114688/Y                INVX1LVT           7 17.5  224  +198    9918 F             
    g113666/D                                                  +0    9918               
    g113666/Y                OR4X1LVT           5 13.2  157  +209   10127 F             
    g113164/C                                                  +0   10127               
    g113164/Y                OR3X1LVT           4 11.3  132  +160   10287 F             
    g112960/B0                                                 +0   10287               
    g112960/Y                OAI2BB1X1LVT       1  4.4   71   +80   10367 R             
    g111313/A1                                                 +0   10367               
    g111313/Y                AOI21X1LVT         1  4.1  116   +94   10461 F             
    g110639/D                                                  +0   10461               
    g110639/Y                OR4X1LVT           1  4.1   60  +129   10590 F             
    g110530/A1N                                                +0   10590               
    g110530/Y                AOI2BB1X1LVT       2  6.1   88   +87   10676 F             
    g110448/C0                                                 +0   10676               
    g110448/Y                AOI211XLLVT        1  4.2  240  +171   10848 R             
    g110387/A1                                                 +0   10848               
    g110387/Y                OA21X2LVT         13 33.2  179  +223   11071 R             
    g110334/B                                                  +0   11071               
    g110334/Y                NOR2X2LVT          7 17.3  131  +116   11187 F             
    g110248/A                                                  +0   11187               
    g110248/Y                AND2X1LVT          4 11.5  128  +119   11306 F             
    g109953/B0                                                 +0   11306               
    g109953/Y                OAI31X2LVT         3  9.1  168   +70   11376 R             
    g109659/B0                                                 +0   11376               
    g109659/Y                OAI2BB1X1LVT       3  8.6  198  +172   11548 F             
    g109462/AN                                                 +0   11548               
    g109462/Y                NAND4BX1LVT        1  4.3  220  +202   11749 F             
    g109296/D                                                  +0   11749               
    g109296/Y                NOR4X1LVT          1  4.4  212  +186   11936 R             
    g109214/B1                                                 +0   11936               
    g109214/Y                AOI222X1LVT        1  4.3  161  +161   12097 F             
    g109203/C0                                                 +0   12097               
    g109203/Y                OAI221X1LVT        1  4.2  134   +89   12186 R             
    g109193/B                                                  +0   12186               
    g109193/Y                OR2X1LVT           1  4.2   47   +78   12265 R             
    mem_rdata_q_reg_27_/D    DFFX1LVT                          +0   12265               
    mem_rdata_q_reg_27_/CK   setup                        0   +50   12315 R             
- - - - - - - - - - - - - - - - - - - - - - - - - - - - - - - - - - - - - - - - - - - - 
(clock clk)                  capture                                16000 R             
                             uncertainty                     -250   15750 R             
----------------------------------------------------------------------------------------
Cost Group   : 'clk' (path_group 'clk')
Timing slack :    3435ps 
Start-point  : flash_io3
End-point    : soc/cpu/mem_rdata_q_reg_27_/D

path  42:

           Pin                  Type       Fanout Load Slew Delay Arrival   Location    
                                                  (fF) (ps)  (ps)   (ps)       (x,   y) 
----------------------------------------------------------------------------------------
(clock flash_clk)            launch                                     0 R             
(et4351.sdc_line_68_2_1)     ext delay                      +9000    9000 F             
flash_io2                    inout port         2 59.6    0    +0    9000 F             
flash_bufs_2_/io 
flash_bufs_2_/soc_i 
soc/flash_io2_di 
  g2850/A1                                                     +0    9000               
  g2850/Y                    AO22X1LVT          1  4.3   54  +126    9126 F             
  g2795/C0                                                     +0    9126               
  g2795/Y                    AOI221X1LVT        1  4.4  169  +115    9241 R             
  g2761/B                                                      +0    9241               
  g2761/Y                    NAND2X1LVT         2  6.3  158  +148    9388 F             
  cpu/mem_rdata[2] 
    g115757/A1N                                                +0    9388               
    g115757/Y                OAI2BB1X1LVT       2  6.5  151  +136    9524 F             
    g115232/A1                                                 +0    9524               
    g115232/Y                AOI22X1LVT         1  4.2  123  +117    9641 R             
    g114843/B0                                                 +0    9641               
    g114843/Y                OA21X1LVT          9 23.2  237  +212    9853 R             
    g114684/A                                                  +0    9853               
    g114684/Y                INVX1LVT           5 13.2  180  +174   10027 F             
    g113666/C                                                  +0   10027               
    g113666/Y                OR4X1LVT           5 13.2  157  +213   10241 F             
    g113281/B                                                  +0   10241               
    g113281/Y                NOR2X1LVT          3  8.9  194  +161   10402 R             
    g113197/A                                                  +0   10402               
    g113197/Y                INVX1LVT           7 17.3  217  +182   10584 F             
    g111313/A0                                                 +0   10584               
    g111313/Y                AOI21X1LVT         1  4.2  118  +133   10716 R             
    g110639/D                                                  +0   10716               
    g110639/Y                OR4X1LVT           1  4.2   48   +80   10796 R             
    g110530/A1N                                                +0   10796               
    g110530/Y                AOI2BB1X1LVT       2  6.3  140  +104   10900 R             
    g110448/C0                                                 +0   10900               
    g110448/Y                AOI211XLLVT        1  4.1  203  +112   11012 F             
    g110387/A1                                                 +0   11012               
    g110387/Y                OA21X2LVT         13 31.8  185  +213   11225 F             
    g110334/B                                                  +0   11225               
    g110334/Y                NOR2X2LVT          7 18.0  206  +165   11390 R             
    g110248/A                                                  +0   11390               
    g110248/Y                AND2X1LVT          4 12.0  126  +160   11550 R             
    g109953/B0                                                 +0   11550               
    g109953/Y                OAI31X2LVT         3  8.8  130  +120   11670 F             
    g109648/C                                                  +0   11670               
    g109648/Y                NAND3BX1LVT        2  6.5  104   +90   11760 R             
    g109416/B                                                  +0   11760               
    g109416/Y                NOR2X1LVT          1  4.3   69   +71   11831 F             
    g109325/C                                                  +0   11831               
    g109325/Y                NAND3X1LVT         1  4.4   87   +56   11887 R             
    g109241/C                                                  +0   11887               
    g109241/Y                NOR3BX1LVT         1  4.3   82   +65   11952 F             
    g109213/C0                                                 +0   11952               
    g109213/Y                AOI221X1LVT        1  4.4  166  +124   12077 R             
    g109202/C0                                                 +0   12077               
    g109202/Y                OAI221X1LVT        1  4.2  190  +177   12253 F             
    mem_rdata_q_reg_28_/D    DFFHQX1LVT                        +0   12253               
    mem_rdata_q_reg_28_/CK   setup                        0   +61   12314 R             
- - - - - - - - - - - - - - - - - - - - - - - - - - - - - - - - - - - - - - - - - - - - 
(clock clk)                  capture                                16000 R             
                             uncertainty                     -250   15750 R             
----------------------------------------------------------------------------------------
Cost Group   : 'clk' (path_group 'clk')
Timing slack :    3436ps 
Start-point  : flash_io2
End-point    : soc/cpu/mem_rdata_q_reg_28_/D

path  43:

           Pin                  Type       Fanout Load Slew Delay Arrival   Location    
                                                  (fF) (ps)  (ps)   (ps)       (x,   y) 
----------------------------------------------------------------------------------------
(clock flash_clk)            launch                                     0 R             
(et4351.sdc_line_68_3_1)     ext delay                      +9000    9000 F             
flash_io3                    inout port         2 59.8    0    +0    9000 F             
flash_bufs_3_/io 
flash_bufs_3_/soc_i 
soc/flash_io3_di 
  g2831/B1                                                     +0    9000               
  g2831/Y                    AOI22X1LVT         1  4.4  130  +125    9125 R             
  g2760/B                                                      +0    9125               
  g2760/Y                    NAND2X1LVT         2  6.3  154  +133    9258 F             
  cpu/mem_rdata[3] 
    g115760/A1N                                                +0    9258               
    g115760/Y                OAI2BB1X1LVT       2  6.5  151  +135    9393 F             
    g115233/A1                                                 +0    9393               
    g115233/Y                AOI22X1LVT         1  4.2  123  +117    9510 R             
    g114847/B0                                                 +0    9510               
    g114847/Y                OA21X1LVT          9 22.8  233  +210    9720 R             
    g114688/A                                                  +0    9720               
    g114688/Y                INVX1LVT           7 17.5  224  +198    9918 F             
    g113666/D                                                  +0    9918               
    g113666/Y                OR4X1LVT           5 13.2  157  +209   10127 F             
    g113281/B                                                  +0   10127               
    g113281/Y                NOR2X1LVT          3  8.9  194  +161   10288 R             
    g113197/A                                                  +0   10288               
    g113197/Y                INVX1LVT           7 17.3  217  +182   10470 F             
    g111313/A0                                                 +0   10470               
    g111313/Y                AOI21X1LVT         1  4.2  118  +133   10603 R             
    g110639/D                                                  +0   10603               
    g110639/Y                OR4X1LVT           1  4.2   48   +80   10683 R             
    g110530/A1N                                                +0   10683               
    g110530/Y                AOI2BB1X1LVT       2  6.3  140  +104   10787 R             
    g110448/C0                                                 +0   10787               
    g110448/Y                AOI211XLLVT        1  4.1  203  +112   10899 F             
    g110387/A1                                                 +0   10899               
    g110387/Y                OA21X2LVT         13 31.8  185  +213   11112 F             
    g110366/A                                                  +0   11112               
    g110366/Y                INVX1LVT           5 13.7  167  +147   11259 R             
    g110293/A                                                  +0   11259               
    g110293/Y                AND2X1LVT          5 13.1  137  +156   11415 R             
    g110245/B                                                  +0   11415               
    g110245/Y                NAND2X1LVT         3  8.6  201  +162   11577 F             
    g109654/A                                                  +0   11577               
    g109654/Y                NAND2X1LVT         1  4.4   82  +106   11683 R             
    g109581/A                                                  +0   11683               
    g109581/Y                NOR2X1LVT          1  4.3   68   +66   11749 F             
    g109458/B                                                  +0   11749               
    g109458/Y                NAND2X1LVT         1  4.4   91   +54   11804 R             
    g109295/D                                                  +0   11804               
    g109295/Y                NOR4X1LVT          1  4.3   88   +68   11872 F             
    g109223/C0                                                 +0   11872               
    g109223/Y                AOI221X1LVT        1  4.4  168  +127   11998 R             
    g109212/C0                                                 +0   11998               
    g109212/Y                OAI221X1LVT        1  4.1  187  +176   12174 F             
    g109197/B                                                  +0   12174               
    g109197/Y                OR2X1LVT           1  4.1   51  +103   12276 F             
    mem_rdata_q_reg_26_/D    DFFX1LVT                          +0   12276               
    mem_rdata_q_reg_26_/CK   setup                        0   +34   12311 R             
- - - - - - - - - - - - - - - - - - - - - - - - - - - - - - - - - - - - - - - - - - - - 
(clock clk)                  capture                                16000 R             
                             uncertainty                     -250   15750 R             
----------------------------------------------------------------------------------------
Cost Group   : 'clk' (path_group 'clk')
Timing slack :    3439ps 
Start-point  : flash_io3
End-point    : soc/cpu/mem_rdata_q_reg_26_/D

path  44:

           Pin                  Type       Fanout Load Slew Delay Arrival   Location    
                                                  (fF) (ps)  (ps)   (ps)       (x,   y) 
----------------------------------------------------------------------------------------
(clock flash_clk)            launch                                     0 R             
(et4351.sdc_line_68_3_1)     ext delay                      +9000    9000 F             
flash_io3                    inout port         2 59.8    0    +0    9000 F             
flash_bufs_3_/io 
flash_bufs_3_/soc_i 
soc/flash_io3_di 
  g2831/B1                                                     +0    9000               
  g2831/Y                    AOI22X1LVT         1  4.4  130  +125    9125 R             
  g2760/B                                                      +0    9125               
  g2760/Y                    NAND2X1LVT         2  6.3  154  +133    9258 F             
  cpu/mem_rdata[3] 
    g115760/A1N                                                +0    9258               
    g115760/Y                OAI2BB1X1LVT       2  6.5  151  +135    9393 F             
    g115233/A1                                                 +0    9393               
    g115233/Y                AOI22X1LVT         1  4.2  123  +117    9510 R             
    g114847/B0                                                 +0    9510               
    g114847/Y                OA21X1LVT          9 22.8  233  +210    9720 R             
    g114688/A                                                  +0    9720               
    g114688/Y                INVX1LVT           7 17.5  224  +198    9918 F             
    g113666/D                                                  +0    9918               
    g113666/Y                OR4X1LVT           5 13.2  157  +209   10127 F             
    g113281/B                                                  +0   10127               
    g113281/Y                NOR2X1LVT          3  8.9  194  +161   10288 R             
    g113197/A                                                  +0   10288               
    g113197/Y                INVX1LVT           7 17.3  217  +182   10470 F             
    g111313/A0                                                 +0   10470               
    g111313/Y                AOI21X1LVT         1  4.2  118  +133   10603 R             
    g110639/D                                                  +0   10603               
    g110639/Y                OR4X1LVT           1  4.2   48   +80   10683 R             
    g110530/A1N                                                +0   10683               
    g110530/Y                AOI2BB1X1LVT       2  6.3  140  +104   10787 R             
    g110448/C0                                                 +0   10787               
    g110448/Y                AOI211XLLVT        1  4.1  203  +112   10899 F             
    g110387/A1                                                 +0   10899               
    g110387/Y                OA21X2LVT         13 31.8  185  +213   11112 F             
    g110334/B                                                  +0   11112               
    g110334/Y                NOR2X2LVT          7 18.0  206  +165   11276 R             
    g110248/A                                                  +0   11276               
    g110248/Y                AND2X1LVT          4 12.0  126  +160   11437 R             
    g109952/B                                                  +0   11437               
    g109952/Y                NAND2X1LVT         3  8.8  204  +161   11597 F             
    g109666/B0                                                 +0   11597               
    g109666/Y                OAI2BB1X1LVT       4 11.1  148  +144   11741 R             
    g109647/B                                                  +0   11741               
    g109647/Y                OR2X1LVT           2  6.5   70   +94   11836 R             
    g109386/AN                                                 +0   11836               
    g109386/Y                NAND3BXLLVT        1  4.4  114   +80   11916 R             
    g109330/B                                                  +0   11916               
    g109330/Y                NOR2X1LVT          1  4.3   71   +75   11991 F             
    g109242/A1                                                 +0   11991               
    g109242/Y                AOI22X1LVT         1  4.4  126   +94   12084 R             
    g109222/C0                                                 +0   12084               
    g109222/Y                OAI221X1LVT        1  4.1  183  +160   12245 F             
    mem_rdata_q_reg_25_/D    DFFX1LVT                          +0   12245               
    mem_rdata_q_reg_25_/CK   setup                        0   +66   12310 R             
- - - - - - - - - - - - - - - - - - - - - - - - - - - - - - - - - - - - - - - - - - - - 
(clock clk)                  capture                                16000 R             
                             uncertainty                     -250   15750 R             
----------------------------------------------------------------------------------------
Cost Group   : 'clk' (path_group 'clk')
Timing slack :    3440ps 
Start-point  : flash_io3
End-point    : soc/cpu/mem_rdata_q_reg_25_/D

path  45:

           Pin                  Type       Fanout Load Slew Delay Arrival   Location    
                                                  (fF) (ps)  (ps)   (ps)       (x,   y) 
----------------------------------------------------------------------------------------
(clock flash_clk)            launch                                     0 R             
(et4351.sdc_line_68_3_1)     ext delay                      +9000    9000 F             
flash_io3                    inout port         2 59.8    0    +0    9000 F             
flash_bufs_3_/io 
flash_bufs_3_/soc_i 
soc/flash_io3_di 
  g2831/B1                                                     +0    9000               
  g2831/Y                    AOI22X1LVT         1  4.4  130  +125    9125 R             
  g2760/B                                                      +0    9125               
  g2760/Y                    NAND2X1LVT         2  6.3  154  +133    9258 F             
  cpu/mem_rdata[3] 
    g115760/A1N                                                +0    9258               
    g115760/Y                OAI2BB1X1LVT       2  6.5  151  +135    9393 F             
    g115233/A1                                                 +0    9393               
    g115233/Y                AOI22X1LVT         1  4.2  123  +117    9510 R             
    g114847/B0                                                 +0    9510               
    g114847/Y                OA21X1LVT          9 22.8  233  +210    9720 R             
    g114688/A                                                  +0    9720               
    g114688/Y                INVX1LVT           7 17.5  224  +198    9918 F             
    g113666/D                                                  +0    9918               
    g113666/Y                OR4X1LVT           5 13.2  157  +209   10127 F             
    g113277/B                                                  +0   10127               
    g113277/Y                NAND2X1LVT         4 10.9  156  +123   10250 R             
    g112960/A1N                                                +0   10250               
    g112960/Y                OAI2BB1X1LVT       1  4.4   71  +107   10357 R             
    g111313/A1                                                 +0   10357               
    g111313/Y                AOI21X1LVT         1  4.1  116   +94   10451 F             
    g110639/D                                                  +0   10451               
    g110639/Y                OR4X1LVT           1  4.1   60  +129   10580 F             
    g110530/A1N                                                +0   10580               
    g110530/Y                AOI2BB1X1LVT       2  6.1   88   +87   10667 F             
    g110448/C0                                                 +0   10667               
    g110448/Y                AOI211XLLVT        1  4.2  240  +171   10838 R             
    g110387/A1                                                 +0   10838               
    g110387/Y                OA21X2LVT         13 33.2  179  +223   11061 R             
    g110334/B                                                  +0   11061               
    g110334/Y                NOR2X2LVT          7 17.3  131  +116   11177 F             
    g110248/A                                                  +0   11177               
    g110248/Y                AND2X1LVT          4 11.5  128  +119   11296 F             
    g109953/B0                                                 +0   11296               
    g109953/Y                OAI31X2LVT         3  9.1  168   +70   11366 R             
    g109659/B0                                                 +0   11366               
    g109659/Y                OAI2BB1X1LVT       3  8.6  198  +172   11538 F             
    g109462/AN                                                 +0   11538               
    g109462/Y                NAND4BX1LVT        1  4.3  220  +202   11740 F             
    g109296/D                                                  +0   11740               
    g109296/Y                NOR4X1LVT          1  4.4  212  +186   11926 R             
    g109214/B1                                                 +0   11926               
    g109214/Y                AOI222X1LVT        1  4.3  161  +161   12087 F             
    g109203/C0                                                 +0   12087               
    g109203/Y                OAI221X1LVT        1  4.2  134   +89   12176 R             
    g109193/B                                                  +0   12176               
    g109193/Y                OR2X1LVT           1  4.2   47   +78   12255 R             
    mem_rdata_q_reg_27_/D    DFFX1LVT                          +0   12255               
    mem_rdata_q_reg_27_/CK   setup                        0   +50   12305 R             
- - - - - - - - - - - - - - - - - - - - - - - - - - - - - - - - - - - - - - - - - - - - 
(clock clk)                  capture                                16000 R             
                             uncertainty                     -250   15750 R             
----------------------------------------------------------------------------------------
Cost Group   : 'clk' (path_group 'clk')
Timing slack :    3445ps 
Start-point  : flash_io3
End-point    : soc/cpu/mem_rdata_q_reg_27_/D

path  46:

           Pin                  Type       Fanout Load Slew Delay Arrival   Location    
                                                  (fF) (ps)  (ps)   (ps)       (x,   y) 
----------------------------------------------------------------------------------------
(clock flash_clk)            launch                                     0 R             
(et4351.sdc_line_68_2_1)     ext delay                      +9000    9000 F             
flash_io2                    inout port         2 59.6    0    +0    9000 F             
flash_bufs_2_/io 
flash_bufs_2_/soc_i 
soc/flash_io2_di 
  g2850/A1                                                     +0    9000               
  g2850/Y                    AO22X1LVT          1  4.3   54  +126    9126 F             
  g2795/C0                                                     +0    9126               
  g2795/Y                    AOI221X1LVT        1  4.4  169  +115    9241 R             
  g2761/B                                                      +0    9241               
  g2761/Y                    NAND2X1LVT         2  6.3  158  +148    9388 F             
  cpu/mem_rdata[2] 
    g115757/A1N                                                +0    9388               
    g115757/Y                OAI2BB1X1LVT       2  6.5  151  +136    9524 F             
    g115232/A1                                                 +0    9524               
    g115232/Y                AOI22X1LVT         1  4.2  123  +117    9641 R             
    g114843/B0                                                 +0    9641               
    g114843/Y                OA21X1LVT          9 23.2  237  +212    9853 R             
    g114684/A                                                  +0    9853               
    g114684/Y                INVX1LVT           5 13.2  180  +174   10027 F             
    g113666/C                                                  +0   10027               
    g113666/Y                OR4X1LVT           5 13.2  157  +213   10241 F             
    g113164/C                                                  +0   10241               
    g113164/Y                OR3X1LVT           4 11.3  132  +160   10400 F             
    g112960/B0                                                 +0   10400               
    g112960/Y                OAI2BB1X1LVT       1  4.4   71   +80   10480 R             
    g111313/A1                                                 +0   10480               
    g111313/Y                AOI21X1LVT         1  4.1  116   +94   10574 F             
    g110639/D                                                  +0   10574               
    g110639/Y                OR4X1LVT           1  4.1   60  +129   10703 F             
    g110530/A1N                                                +0   10703               
    g110530/Y                AOI2BB1X1LVT       2  6.1   88   +87   10790 F             
    g110448/C0                                                 +0   10790               
    g110448/Y                AOI211XLLVT        1  4.2  240  +171   10961 R             
    g110387/A1                                                 +0   10961               
    g110387/Y                OA21X2LVT         13 33.2  179  +223   11184 R             
    g110366/A                                                  +0   11184               
    g110366/Y                INVX1LVT           5 13.2  171  +152   11336 F             
    g110293/A                                                  +0   11336               
    g110293/Y                AND2X1LVT          5 12.6  140  +134   11470 F             
    g109776/A1N                                                +0   11470               
    g109776/Y                OAI2BB1X1LVT       1  4.1  102  +105   11574 F             
    g109647/A                                                  +0   11574               
    g109647/Y                OR2X1LVT           2  6.3   75  +102   11676 F             
    g109386/AN                                                 +0   11676               
    g109386/Y                NAND3BXLLVT        1  4.3  278  +192   11868 F             
    g109330/B                                                  +0   11868               
    g109330/Y                NOR2X1LVT          1  4.4  123  +156   12024 R             
    g109242/A1                                                 +0   12024               
    g109242/Y                AOI22X1LVT         1  4.3  137  +125   12148 F             
    g109222/C0                                                 +0   12148               
    g109222/Y                OAI221X1LVT        1  4.2  142   +80   12229 R             
    mem_rdata_q_reg_25_/D    DFFX1LVT                          +0   12229               
    mem_rdata_q_reg_25_/CK   setup                        0   +76   12305 R             
- - - - - - - - - - - - - - - - - - - - - - - - - - - - - - - - - - - - - - - - - - - - 
(clock clk)                  capture                                16000 R             
                             uncertainty                     -250   15750 R             
----------------------------------------------------------------------------------------
Cost Group   : 'clk' (path_group 'clk')
Timing slack :    3445ps 
Start-point  : flash_io2
End-point    : soc/cpu/mem_rdata_q_reg_25_/D

path  47:

           Pin                  Type       Fanout Load Slew Delay Arrival   Location    
                                                  (fF) (ps)  (ps)   (ps)       (x,   y) 
----------------------------------------------------------------------------------------
(clock flash_clk)            launch                                     0 R             
(et4351.sdc_line_68_2_1)     ext delay                      +9000    9000 R             
flash_io2                    inout port         2 59.7    0    +0    9000 R             
flash_bufs_2_/io 
flash_bufs_2_/soc_i 
soc/flash_io2_di 
  g2850/A1                                                     +0    9000               
  g2850/Y                    AO22X1LVT          1  4.4   53  +139    9139 R             
  g2795/C0                                                     +0    9139               
  g2795/Y                    AOI221X1LVT        1  4.3  145   +53    9192 F             
  g2761/B                                                      +0    9192               
  g2761/Y                    NAND2X1LVT         2  6.5   93   +94    9286 R             
  cpu/mem_rdata[2] 
    g115757/A1N                                                +0    9286               
    g115757/Y                OAI2BB1X1LVT       2  6.7   98  +102    9389 R             
    g115232/A1                                                 +0    9389               
    g115232/Y                AOI22X1LVT         1  4.1  132  +113    9502 F             
    g114843/B0                                                 +0    9502               
    g114843/Y                OA21X1LVT          9 22.3  247  +190    9692 F             
    g114684/A                                                  +0    9692               
    g114684/Y                INVX1LVT           5 13.7  177  +170    9862 R             
    g113666/C                                                  +0    9862               
    g113666/Y                OR4X1LVT           5 13.7  142  +156   10019 R             
    g113281/B                                                  +0   10019               
    g113281/Y                NOR2X1LVT          3  8.6  127  +111   10130 F             
    g113197/A                                                  +0   10130               
    g113197/Y                INVX1LVT           7 18.0  200  +150   10280 R             
    g111313/A0                                                 +0   10280               
    g111313/Y                AOI21X1LVT         1  4.1  116  +138   10418 F             
    g110639/D                                                  +0   10418               
    g110639/Y                OR4X1LVT           1  4.1   60  +129   10547 F             
    g110530/A1N                                                +0   10547               
    g110530/Y                AOI2BB1X1LVT       2  6.1   88   +87   10634 F             
    g110448/C0                                                 +0   10634               
    g110448/Y                AOI211XLLVT        1  4.2  240  +171   10805 R             
    g110387/A1                                                 +0   10805               
    g110387/Y                OA21X2LVT         13 33.2  179  +223   11028 R             
    g110334/B                                                  +0   11028               
    g110334/Y                NOR2X2LVT          7 17.3  131  +116   11144 F             
    g110248/A                                                  +0   11144               
    g110248/Y                AND2X1LVT          4 11.5  128  +119   11263 F             
    g109952/B                                                  +0   11263               
    g109952/Y                NAND2X1LVT         3  9.1  115  +103   11365 R             
    g109666/B0                                                 +0   11365               
    g109666/Y                OAI2BB1X1LVT       4 10.7  238  +178   11544 F             
    g109647/B                                                  +0   11544               
    g109647/Y                OR2X1LVT           2  6.3   75  +127   11671 F             
    g109386/AN                                                 +0   11671               
    g109386/Y                NAND3BXLLVT        1  4.3  278  +192   11863 F             
    g109330/B                                                  +0   11863               
    g109330/Y                NOR2X1LVT          1  4.4  123  +156   12018 R             
    g109242/A1                                                 +0   12018               
    g109242/Y                AOI22X1LVT         1  4.3  137  +125   12143 F             
    g109222/C0                                                 +0   12143               
    g109222/Y                OAI221X1LVT        1  4.2  142   +80   12224 R             
    mem_rdata_q_reg_25_/D    DFFX1LVT                          +0   12224               
    mem_rdata_q_reg_25_/CK   setup                        0   +76   12300 R             
- - - - - - - - - - - - - - - - - - - - - - - - - - - - - - - - - - - - - - - - - - - - 
(clock clk)                  capture                                16000 R             
                             uncertainty                     -250   15750 R             
----------------------------------------------------------------------------------------
Cost Group   : 'clk' (path_group 'clk')
Timing slack :    3450ps 
Start-point  : flash_io2
End-point    : soc/cpu/mem_rdata_q_reg_25_/D

path  48:

           Pin                  Type       Fanout Load Slew Delay Arrival   Location    
                                                  (fF) (ps)  (ps)   (ps)       (x,   y) 
----------------------------------------------------------------------------------------
(clock flash_clk)            launch                                     0 R             
(et4351.sdc_line_68_2_1)     ext delay                      +9000    9000 F             
flash_io2                    inout port         2 59.6    0    +0    9000 F             
flash_bufs_2_/io 
flash_bufs_2_/soc_i 
soc/flash_io2_di 
  g2850/A1                                                     +0    9000               
  g2850/Y                    AO22X1LVT          1  4.3   54  +126    9126 F             
  g2795/C0                                                     +0    9126               
  g2795/Y                    AOI221X1LVT        1  4.4  169  +115    9241 R             
  g2761/B                                                      +0    9241               
  g2761/Y                    NAND2X1LVT         2  6.3  158  +148    9388 F             
  cpu/mem_rdata[2] 
    g115757/A1N                                                +0    9388               
    g115757/Y                OAI2BB1X1LVT       2  6.5  151  +136    9524 F             
    g115232/A1                                                 +0    9524               
    g115232/Y                AOI22X1LVT         1  4.2  123  +117    9641 R             
    g114843/B0                                                 +0    9641               
    g114843/Y                OA21X1LVT          9 23.2  237  +212    9853 R             
    g114684/A                                                  +0    9853               
    g114684/Y                INVX1LVT           5 13.2  180  +174   10027 F             
    g113666/C                                                  +0   10027               
    g113666/Y                OR4X1LVT           5 13.2  157  +213   10241 F             
    g113264/B                                                  +0   10241               
    g113264/Y                NAND2X1LVT         2  7.0  106  +102   10342 R             
    g113094/B                                                  +0   10342               
    g113094/Y                NOR2X2LVT          5 12.8  116   +78   10421 F             
    g110639/B                                                  +0   10421               
    g110639/Y                OR4X1LVT           1  4.1   60  +152   10573 F             
    g110530/A1N                                                +0   10573               
    g110530/Y                AOI2BB1X1LVT       2  6.1   88   +87   10660 F             
    g110448/C0                                                 +0   10660               
    g110448/Y                AOI211XLLVT        1  4.2  240  +171   10831 R             
    g110387/A1                                                 +0   10831               
    g110387/Y                OA21X2LVT         13 33.2  179  +223   11054 R             
    g110334/B                                                  +0   11054               
    g110334/Y                NOR2X2LVT          7 17.3  131  +116   11171 F             
    g110248/A                                                  +0   11171               
    g110248/Y                AND2X1LVT          4 11.5  128  +119   11289 F             
    g109953/B0                                                 +0   11289               
    g109953/Y                OAI31X2LVT         3  9.1  168   +70   11360 R             
    g109659/B0                                                 +0   11360               
    g109659/Y                OAI2BB1X1LVT       3  8.6  198  +172   11531 F             
    g109462/AN                                                 +0   11531               
    g109462/Y                NAND4BX1LVT        1  4.3  220  +202   11733 F             
    g109296/D                                                  +0   11733               
    g109296/Y                NOR4X1LVT          1  4.4  212  +186   11919 R             
    g109214/B1                                                 +0   11919               
    g109214/Y                AOI222X1LVT        1  4.3  161  +161   12080 F             
    g109203/C0                                                 +0   12080               
    g109203/Y                OAI221X1LVT        1  4.2  134   +89   12170 R             
    g109193/B                                                  +0   12170               
    g109193/Y                OR2X1LVT           1  4.2   47   +78   12248 R             
    mem_rdata_q_reg_27_/D    DFFX1LVT                          +0   12248               
    mem_rdata_q_reg_27_/CK   setup                        0   +50   12299 R             
- - - - - - - - - - - - - - - - - - - - - - - - - - - - - - - - - - - - - - - - - - - - 
(clock clk)                  capture                                16000 R             
                             uncertainty                     -250   15750 R             
----------------------------------------------------------------------------------------
Cost Group   : 'clk' (path_group 'clk')
Timing slack :    3451ps 
Start-point  : flash_io2
End-point    : soc/cpu/mem_rdata_q_reg_27_/D

path  49:

           Pin                  Type       Fanout Load Slew Delay Arrival   Location    
                                                  (fF) (ps)  (ps)   (ps)       (x,   y) 
----------------------------------------------------------------------------------------
(clock flash_clk)            launch                                     0 R             
(et4351.sdc_line_68_3_1)     ext delay                      +9000    9000 F             
flash_io3                    inout port         2 59.8    0    +0    9000 F             
flash_bufs_3_/io 
flash_bufs_3_/soc_i 
soc/flash_io3_di 
  g2831/B1                                                     +0    9000               
  g2831/Y                    AOI22X1LVT         1  4.4  130  +125    9125 R             
  g2760/B                                                      +0    9125               
  g2760/Y                    NAND2X1LVT         2  6.3  154  +133    9258 F             
  cpu/mem_rdata[3] 
    g115760/A1N                                                +0    9258               
    g115760/Y                OAI2BB1X1LVT       2  6.5  151  +135    9393 F             
    g115233/A1                                                 +0    9393               
    g115233/Y                AOI22X1LVT         1  4.2  123  +117    9510 R             
    g114847/B0                                                 +0    9510               
    g114847/Y                OA21X1LVT          9 22.8  233  +210    9720 R             
    g114688/A                                                  +0    9720               
    g114688/Y                INVX1LVT           7 17.5  224  +198    9918 F             
    g113666/D                                                  +0    9918               
    g113666/Y                OR4X1LVT           5 13.2  157  +209   10127 F             
    g113164/C                                                  +0   10127               
    g113164/Y                OR3X1LVT           4 11.3  132  +160   10287 F             
    g112960/B0                                                 +0   10287               
    g112960/Y                OAI2BB1X1LVT       1  4.4   71   +80   10367 R             
    g111313/A1                                                 +0   10367               
    g111313/Y                AOI21X1LVT         1  4.1  116   +94   10461 F             
    g110639/D                                                  +0   10461               
    g110639/Y                OR4X1LVT           1  4.1   60  +129   10590 F             
    g110530/A1N                                                +0   10590               
    g110530/Y                AOI2BB1X1LVT       2  6.1   88   +87   10676 F             
    g110448/C0                                                 +0   10676               
    g110448/Y                AOI211XLLVT        1  4.2  240  +171   10848 R             
    g110387/A1                                                 +0   10848               
    g110387/Y                OA21X2LVT         13 33.2  179  +223   11071 R             
    g110366/A                                                  +0   11071               
    g110366/Y                INVX1LVT           5 13.2  171  +152   11223 F             
    g110293/A                                                  +0   11223               
    g110293/Y                AND2X1LVT          5 12.6  140  +134   11356 F             
    g110246/AN                                                 +0   11356               
    g110246/Y                NOR2BX1LVT         3  8.4  113  +102   11458 F             
    g109648/AN                                                 +0   11458               
    g109648/Y                NAND3BX1LVT        2  6.3  230  +175   11634 F             
    g109416/B                                                  +0   11634               
    g109416/Y                NOR2X1LVT          1  4.4  118  +138   11772 R             
    g109325/C                                                  +0   11772               
    g109325/Y                NAND3X1LVT         1  4.3  165  +137   11909 F             
    g109241/C                                                  +0   11909               
    g109241/Y                NOR3BX1LVT         1  4.4  157  +141   12050 R             
    g109213/C0                                                 +0   12050               
    g109213/Y                AOI221X1LVT        1  4.3  142   +93   12143 F             
    g109202/C0                                                 +0   12143               
    g109202/Y                OAI221X1LVT        1  4.3  144   +83   12226 R             
    mem_rdata_q_reg_28_/D    DFFHQX1LVT                        +0   12226               
    mem_rdata_q_reg_28_/CK   setup                        0   +73   12298 R             
- - - - - - - - - - - - - - - - - - - - - - - - - - - - - - - - - - - - - - - - - - - - 
(clock clk)                  capture                                16000 R             
                             uncertainty                     -250   15750 R             
----------------------------------------------------------------------------------------
Cost Group   : 'clk' (path_group 'clk')
Timing slack :    3452ps 
Start-point  : flash_io3
End-point    : soc/cpu/mem_rdata_q_reg_28_/D

path  50:

           Pin                  Type       Fanout Load Slew Delay Arrival   Location    
                                                  (fF) (ps)  (ps)   (ps)       (x,   y) 
----------------------------------------------------------------------------------------
(clock flash_clk)            launch                                     0 R             
(et4351.sdc_line_68_3_1)     ext delay                      +9000    9000 F             
flash_io3                    inout port         2 59.8    0    +0    9000 F             
flash_bufs_3_/io 
flash_bufs_3_/soc_i 
soc/flash_io3_di 
  g2831/B1                                                     +0    9000               
  g2831/Y                    AOI22X1LVT         1  4.4  130  +125    9125 R             
  g2760/B                                                      +0    9125               
  g2760/Y                    NAND2X1LVT         2  6.3  154  +133    9258 F             
  cpu/mem_rdata[3] 
    g115760/A1N                                                +0    9258               
    g115760/Y                OAI2BB1X1LVT       2  6.5  151  +135    9393 F             
    g115233/A1                                                 +0    9393               
    g115233/Y                AOI22X1LVT         1  4.2  123  +117    9510 R             
    g114847/B0                                                 +0    9510               
    g114847/Y                OA21X1LVT          9 22.8  233  +210    9720 R             
    g114688/A                                                  +0    9720               
    g114688/Y                INVX1LVT           7 17.5  224  +198    9918 F             
    g113666/D                                                  +0    9918               
    g113666/Y                OR4X1LVT           5 13.2  157  +209   10127 F             
    g113281/B                                                  +0   10127               
    g113281/Y                NOR2X1LVT          3  8.9  194  +161   10288 R             
    g113197/A                                                  +0   10288               
    g113197/Y                INVX1LVT           7 17.3  217  +182   10470 F             
    g111313/A0                                                 +0   10470               
    g111313/Y                AOI21X1LVT         1  4.2  118  +133   10603 R             
    g110639/D                                                  +0   10603               
    g110639/Y                OR4X1LVT           1  4.2   48   +80   10683 R             
    g110530/A1N                                                +0   10683               
    g110530/Y                AOI2BB1X1LVT       2  6.3  140  +104   10787 R             
    g110448/C0                                                 +0   10787               
    g110448/Y                AOI211XLLVT        1  4.1  203  +112   10899 F             
    g110387/A1                                                 +0   10899               
    g110387/Y                OA21X2LVT         13 31.8  185  +213   11112 F             
    g110334/B                                                  +0   11112               
    g110334/Y                NOR2X2LVT          7 18.0  206  +165   11276 R             
    g110248/A                                                  +0   11276               
    g110248/Y                AND2X1LVT          4 12.0  126  +160   11437 R             
    g109953/B0                                                 +0   11437               
    g109953/Y                OAI31X2LVT         3  8.8  130  +120   11556 F             
    g109659/B0                                                 +0   11556               
    g109659/Y                OAI2BB1X1LVT       3  8.9  115  +104   11660 R             
    g109581/B                                                  +0   11660               
    g109581/Y                NOR2X1LVT          1  4.3   68   +75   11736 F             
    g109458/B                                                  +0   11736               
    g109458/Y                NAND2X1LVT         1  4.4   91   +54   11790 R             
    g109295/D                                                  +0   11790               
    g109295/Y                NOR4X1LVT          1  4.3   88   +68   11858 F             
    g109223/C0                                                 +0   11858               
    g109223/Y                AOI221X1LVT        1  4.4  168  +127   11985 R             
    g109212/C0                                                 +0   11985               
    g109212/Y                OAI221X1LVT        1  4.1  187  +176   12160 F             
    g109197/B                                                  +0   12160               
    g109197/Y                OR2X1LVT           1  4.1   51  +103   12263 F             
    mem_rdata_q_reg_26_/D    DFFX1LVT                          +0   12263               
    mem_rdata_q_reg_26_/CK   setup                        0   +34   12297 R             
- - - - - - - - - - - - - - - - - - - - - - - - - - - - - - - - - - - - - - - - - - - - 
(clock clk)                  capture                                16000 R             
                             uncertainty                     -250   15750 R             
----------------------------------------------------------------------------------------
Cost Group   : 'clk' (path_group 'clk')
Timing slack :    3453ps 
Start-point  : flash_io3
End-point    : soc/cpu/mem_rdata_q_reg_26_/D

path  51:

           Pin                  Type       Fanout Load Slew Delay Arrival   Location    
                                                  (fF) (ps)  (ps)   (ps)       (x,   y) 
----------------------------------------------------------------------------------------
(clock flash_clk)            launch                                     0 R             
(et4351.sdc_line_68_3_1)     ext delay                      +9000    9000 F             
flash_io3                    inout port         2 59.8    0    +0    9000 F             
flash_bufs_3_/io 
flash_bufs_3_/soc_i 
soc/flash_io3_di 
  g2831/B1                                                     +0    9000               
  g2831/Y                    AOI22X1LVT         1  4.4  130  +125    9125 R             
  g2760/B                                                      +0    9125               
  g2760/Y                    NAND2X1LVT         2  6.3  154  +133    9258 F             
  cpu/mem_rdata[3] 
    g115760/A1N                                                +0    9258               
    g115760/Y                OAI2BB1X1LVT       2  6.5  151  +135    9393 F             
    g115233/A1                                                 +0    9393               
    g115233/Y                AOI22X1LVT         1  4.2  123  +117    9510 R             
    g114847/B0                                                 +0    9510               
    g114847/Y                OA21X1LVT          9 22.8  233  +210    9720 R             
    g114688/A                                                  +0    9720               
    g114688/Y                INVX1LVT           7 17.5  224  +198    9918 F             
    g113666/D                                                  +0    9918               
    g113666/Y                OR4X1LVT           5 13.2  157  +209   10127 F             
    g113281/B                                                  +0   10127               
    g113281/Y                NOR2X1LVT          3  8.9  194  +161   10288 R             
    g113197/A                                                  +0   10288               
    g113197/Y                INVX1LVT           7 17.3  217  +182   10470 F             
    g111313/A0                                                 +0   10470               
    g111313/Y                AOI21X1LVT         1  4.2  118  +133   10603 R             
    g110639/D                                                  +0   10603               
    g110639/Y                OR4X1LVT           1  4.2   48   +80   10683 R             
    g110530/A1N                                                +0   10683               
    g110530/Y                AOI2BB1X1LVT       2  6.3  140  +104   10787 R             
    g110448/C0                                                 +0   10787               
    g110448/Y                AOI211XLLVT        1  4.1  203  +112   10899 F             
    g110387/A1                                                 +0   10899               
    g110387/Y                OA21X2LVT         13 31.8  185  +213   11112 F             
    g110334/B                                                  +0   11112               
    g110334/Y                NOR2X2LVT          7 18.0  206  +165   11276 R             
    g110248/A                                                  +0   11276               
    g110248/Y                AND2X1LVT          4 12.0  126  +160   11437 R             
    g109952/B                                                  +0   11437               
    g109952/Y                NAND2X1LVT         3  8.8  204  +161   11597 F             
    g109666/B0                                                 +0   11597               
    g109666/Y                OAI2BB1X1LVT       4 11.1  148  +144   11741 R             
    g109296/C                                                  +0   11741               
    g109296/Y                NOR4X1LVT          1  4.3   80   +94   11835 F             
    g109214/B1                                                 +0   11835               
    g109214/Y                AOI222X1LVT        1  4.4  187  +142   11977 R             
    g109203/C0                                                 +0   11977               
    g109203/Y                OAI221X1LVT        1  4.1  188  +182   12159 F             
    g109193/B                                                  +0   12159               
    g109193/Y                OR2X1LVT           1  4.1   51  +103   12262 F             
    mem_rdata_q_reg_27_/D    DFFX1LVT                          +0   12262               
    mem_rdata_q_reg_27_/CK   setup                        0   +34   12296 R             
- - - - - - - - - - - - - - - - - - - - - - - - - - - - - - - - - - - - - - - - - - - - 
(clock clk)                  capture                                16000 R             
                             uncertainty                     -250   15750 R             
----------------------------------------------------------------------------------------
Cost Group   : 'clk' (path_group 'clk')
Timing slack :    3454ps 
Start-point  : flash_io3
End-point    : soc/cpu/mem_rdata_q_reg_27_/D

path  52:

           Pin                  Type       Fanout Load Slew Delay Arrival   Location    
                                                  (fF) (ps)  (ps)   (ps)       (x,   y) 
----------------------------------------------------------------------------------------
(clock flash_clk)            launch                                     0 R             
(et4351.sdc_line_68_2_1)     ext delay                      +9000    9000 F             
flash_io2                    inout port         2 59.6    0    +0    9000 F             
flash_bufs_2_/io 
flash_bufs_2_/soc_i 
soc/flash_io2_di 
  g2850/A1                                                     +0    9000               
  g2850/Y                    AO22X1LVT          1  4.3   54  +126    9126 F             
  g2795/C0                                                     +0    9126               
  g2795/Y                    AOI221X1LVT        1  4.4  169  +115    9241 R             
  g2761/B                                                      +0    9241               
  g2761/Y                    NAND2X1LVT         2  6.3  158  +148    9388 F             
  cpu/mem_rdata[2] 
    g115757/A1N                                                +0    9388               
    g115757/Y                OAI2BB1X1LVT       2  6.5  151  +136    9524 F             
    g115232/A1                                                 +0    9524               
    g115232/Y                AOI22X1LVT         1  4.2  123  +117    9641 R             
    g114843/B0                                                 +0    9641               
    g114843/Y                OA21X1LVT          9 23.2  237  +212    9853 R             
    g114684/A                                                  +0    9853               
    g114684/Y                INVX1LVT           5 13.2  180  +174   10027 F             
    g113666/C                                                  +0   10027               
    g113666/Y                OR4X1LVT           5 13.2  157  +213   10241 F             
    g113277/B                                                  +0   10241               
    g113277/Y                NAND2X1LVT         4 10.9  156  +123   10364 R             
    g112960/A1N                                                +0   10364               
    g112960/Y                OAI2BB1X1LVT       1  4.4   71  +107   10470 R             
    g111313/A1                                                 +0   10470               
    g111313/Y                AOI21X1LVT         1  4.1  116   +94   10564 F             
    g110639/D                                                  +0   10564               
    g110639/Y                OR4X1LVT           1  4.1   60  +129   10693 F             
    g110530/A1N                                                +0   10693               
    g110530/Y                AOI2BB1X1LVT       2  6.1   88   +87   10780 F             
    g110448/C0                                                 +0   10780               
    g110448/Y                AOI211XLLVT        1  4.2  240  +171   10951 R             
    g110387/A1                                                 +0   10951               
    g110387/Y                OA21X2LVT         13 33.2  179  +223   11174 R             
    g110366/A                                                  +0   11174               
    g110366/Y                INVX1LVT           5 13.2  171  +152   11326 F             
    g110293/A                                                  +0   11326               
    g110293/Y                AND2X1LVT          5 12.6  140  +134   11460 F             
    g109776/A1N                                                +0   11460               
    g109776/Y                OAI2BB1X1LVT       1  4.1  102  +105   11564 F             
    g109647/A                                                  +0   11564               
    g109647/Y                OR2X1LVT           2  6.3   75  +102   11666 F             
    g109386/AN                                                 +0   11666               
    g109386/Y                NAND3BXLLVT        1  4.3  278  +192   11858 F             
    g109330/B                                                  +0   11858               
    g109330/Y                NOR2X1LVT          1  4.4  123  +156   12014 R             
    g109242/A1                                                 +0   12014               
    g109242/Y                AOI22X1LVT         1  4.3  137  +125   12139 F             
    g109222/C0                                                 +0   12139               
    g109222/Y                OAI221X1LVT        1  4.2  142   +80   12219 R             
    mem_rdata_q_reg_25_/D    DFFX1LVT                          +0   12219               
    mem_rdata_q_reg_25_/CK   setup                        0   +76   12295 R             
- - - - - - - - - - - - - - - - - - - - - - - - - - - - - - - - - - - - - - - - - - - - 
(clock clk)                  capture                                16000 R             
                             uncertainty                     -250   15750 R             
----------------------------------------------------------------------------------------
Cost Group   : 'clk' (path_group 'clk')
Timing slack :    3455ps 
Start-point  : flash_io2
End-point    : soc/cpu/mem_rdata_q_reg_25_/D

path  53:

           Pin                  Type       Fanout Load Slew Delay Arrival   Location    
                                                  (fF) (ps)  (ps)   (ps)       (x,   y) 
----------------------------------------------------------------------------------------
(clock flash_clk)            launch                                     0 R             
(et4351.sdc_line_68_3_1)     ext delay                      +9000    9000 F             
flash_io3                    inout port         2 59.8    0    +0    9000 F             
flash_bufs_3_/io 
flash_bufs_3_/soc_i 
soc/flash_io3_di 
  g2831/B1                                                     +0    9000               
  g2831/Y                    AOI22X1LVT         1  4.4  130  +125    9125 R             
  g2760/B                                                      +0    9125               
  g2760/Y                    NAND2X1LVT         2  6.3  154  +133    9258 F             
  cpu/mem_rdata[3] 
    g115760/A1N                                                +0    9258               
    g115760/Y                OAI2BB1X1LVT       2  6.5  151  +135    9393 F             
    g115233/A1                                                 +0    9393               
    g115233/Y                AOI22X1LVT         1  4.2  123  +117    9510 R             
    g114847/B0                                                 +0    9510               
    g114847/Y                OA21X1LVT          9 22.8  233  +210    9720 R             
    g114688/A                                                  +0    9720               
    g114688/Y                INVX1LVT           7 17.5  224  +198    9918 F             
    g113666/D                                                  +0    9918               
    g113666/Y                OR4X1LVT           5 13.2  157  +209   10127 F             
    g113164/C                                                  +0   10127               
    g113164/Y                OR3X1LVT           4 11.3  132  +160   10287 F             
    g112960/B0                                                 +0   10287               
    g112960/Y                OAI2BB1X1LVT       1  4.4   71   +80   10367 R             
    g111313/A1                                                 +0   10367               
    g111313/Y                AOI21X1LVT         1  4.1  116   +94   10461 F             
    g110639/D                                                  +0   10461               
    g110639/Y                OR4X1LVT           1  4.1   60  +129   10590 F             
    g110530/A1N                                                +0   10590               
    g110530/Y                AOI2BB1X1LVT       2  6.1   88   +87   10676 F             
    g110448/C0                                                 +0   10676               
    g110448/Y                AOI211XLLVT        1  4.2  240  +171   10848 R             
    g110387/A1                                                 +0   10848               
    g110387/Y                OA21X2LVT         13 33.2  179  +223   11071 R             
    g110366/A                                                  +0   11071               
    g110366/Y                INVX1LVT           5 13.2  171  +152   11223 F             
    g110293/A                                                  +0   11223               
    g110293/Y                AND2X1LVT          5 12.6  140  +134   11356 F             
    g110245/B                                                  +0   11356               
    g110245/Y                NAND2X1LVT         3  8.9  115  +106   11462 R             
    g109949/B                                                  +0   11462               
    g109949/Y                AND2X1LVT          2  6.7   73  +110   11572 R             
    g109462/D                                                  +0   11572               
    g109462/Y                NAND4BX1LVT        1  4.3  220  +156   11728 F             
    g109296/D                                                  +0   11728               
    g109296/Y                NOR4X1LVT          1  4.4  212  +186   11914 R             
    g109214/B1                                                 +0   11914               
    g109214/Y                AOI222X1LVT        1  4.3  161  +161   12075 F             
    g109203/C0                                                 +0   12075               
    g109203/Y                OAI221X1LVT        1  4.2  134   +89   12164 R             
    g109193/B                                                  +0   12164               
    g109193/Y                OR2X1LVT           1  4.2   47   +78   12243 R             
    mem_rdata_q_reg_27_/D    DFFX1LVT                          +0   12243               
    mem_rdata_q_reg_27_/CK   setup                        0   +50   12293 R             
- - - - - - - - - - - - - - - - - - - - - - - - - - - - - - - - - - - - - - - - - - - - 
(clock clk)                  capture                                16000 R             
                             uncertainty                     -250   15750 R             
----------------------------------------------------------------------------------------
Cost Group   : 'clk' (path_group 'clk')
Timing slack :    3457ps 
Start-point  : flash_io3
End-point    : soc/cpu/mem_rdata_q_reg_27_/D

path  54:

           Pin                  Type       Fanout Load Slew Delay Arrival   Location    
                                                  (fF) (ps)  (ps)   (ps)       (x,   y) 
----------------------------------------------------------------------------------------
(clock flash_clk)            launch                                     0 R             
(et4351.sdc_line_68_2_1)     ext delay                      +9000    9000 F             
flash_io2                    inout port         2 59.6    0    +0    9000 F             
flash_bufs_2_/io 
flash_bufs_2_/soc_i 
soc/flash_io2_di 
  g2850/A1                                                     +0    9000               
  g2850/Y                    AO22X1LVT          1  4.3   54  +126    9126 F             
  g2795/C0                                                     +0    9126               
  g2795/Y                    AOI221X1LVT        1  4.4  169  +115    9241 R             
  g2761/B                                                      +0    9241               
  g2761/Y                    NAND2X1LVT         2  6.3  158  +148    9388 F             
  cpu/mem_rdata[2] 
    g115757/A1N                                                +0    9388               
    g115757/Y                OAI2BB1X1LVT       2  6.5  151  +136    9524 F             
    g115232/A1                                                 +0    9524               
    g115232/Y                AOI22X1LVT         1  4.2  123  +117    9641 R             
    g114843/B0                                                 +0    9641               
    g114843/Y                OA21X1LVT          9 23.2  237  +212    9853 R             
    g114684/A                                                  +0    9853               
    g114684/Y                INVX1LVT           5 13.2  180  +174   10027 F             
    g113666/C                                                  +0   10027               
    g113666/Y                OR4X1LVT           5 13.2  157  +213   10241 F             
    g113281/B                                                  +0   10241               
    g113281/Y                NOR2X1LVT          3  8.9  194  +161   10402 R             
    g113197/A                                                  +0   10402               
    g113197/Y                INVX1LVT           7 17.3  217  +182   10584 F             
    g113082/B                                                  +0   10584               
    g113082/Y                NOR2X1LVT          2  6.3  152  +154   10738 R             
    g111319/D                                                  +0   10738               
    g111319/Y                OR4X1LVT           1  4.4   50   +90   10828 R             
    g110638/D                                                  +0   10828               
    g110638/Y                NOR4X1LVT          1  4.3   93   +52   10880 F             
    g110526/A1                                                 +0   10880               
    g110526/Y                OAI211X1LVT        1  4.4  119  +102   10982 R             
    g110431/A1                                                 +0   10982               
    g110431/Y                OAI21X1LVT         1  4.1  119  +104   11085 F             
    g110430/B                                                  +0   11085               
    g110430/Y                AND2X1LVT          9 22.1  242  +183   11268 F             
    g110359/AN                                                 +0   11268               
    g110359/Y                NAND2BX1LVT        3  8.8  217  +179   11446 F             
    g110323/B0                                                 +0   11446               
    g110323/Y                AOI21X1LVT         1  4.4  120  +138   11585 R             
    g110285/B                                                  +0   11585               
    g110285/Y                NAND2X1LVT         2  6.5  157  +132   11716 F             
    g109950/B                                                  +0   11716               
    g109950/Y                NAND2X1LVT         2  6.5   96   +99   11815 R             
    g116839/AN                                                 +0   11815               
    g116839/Y                NAND4BX1LVT        1  4.4   82   +76   11891 R             
    g109379/B0                                                 +0   11891               
    g109379/Y                OAI21X1LVT         1  4.3  117  +100   11991 F             
    g109323/C0                                                 +0   11991               
    g109323/Y                AOI221X1LVT        1  4.4  167  +137   12127 R             
    g109262/B                                                  +0   12127               
    g109262/Y                NAND2X1LVT         1  4.2  115  +122   12250 F             
    mem_rdata_q_reg_22_/D    DFFHQX1LVT                        +0   12250               
    mem_rdata_q_reg_22_/CK   setup                        0   +43   12293 R             
- - - - - - - - - - - - - - - - - - - - - - - - - - - - - - - - - - - - - - - - - - - - 
(clock clk)                  capture                                16000 R             
                             uncertainty                     -250   15750 R             
----------------------------------------------------------------------------------------
Cost Group   : 'clk' (path_group 'clk')
Timing slack :    3457ps 
Start-point  : flash_io2
End-point    : soc/cpu/mem_rdata_q_reg_22_/D

path  55:

           Pin                  Type       Fanout Load Slew Delay Arrival   Location    
                                                  (fF) (ps)  (ps)   (ps)       (x,   y) 
----------------------------------------------------------------------------------------
(clock flash_clk)            launch                                     0 R             
(et4351.sdc_line_68_2_1)     ext delay                      +9000    9000 F             
flash_io2                    inout port         2 59.6    0    +0    9000 F             
flash_bufs_2_/io 
flash_bufs_2_/soc_i 
soc/flash_io2_di 
  g2850/A1                                                     +0    9000               
  g2850/Y                    AO22X1LVT          1  4.3   54  +126    9126 F             
  g2795/C0                                                     +0    9126               
  g2795/Y                    AOI221X1LVT        1  4.4  169  +115    9241 R             
  g2761/B                                                      +0    9241               
  g2761/Y                    NAND2X1LVT         2  6.3  158  +148    9388 F             
  cpu/mem_rdata[2] 
    g115757/A1N                                                +0    9388               
    g115757/Y                OAI2BB1X1LVT       2  6.5  151  +136    9524 F             
    g115232/A1                                                 +0    9524               
    g115232/Y                AOI22X1LVT         1  4.2  123  +117    9641 R             
    g114843/B0                                                 +0    9641               
    g114843/Y                OA21X1LVT          9 23.2  237  +212    9853 R             
    g114684/A                                                  +0    9853               
    g114684/Y                INVX1LVT           5 13.2  180  +174   10027 F             
    g113666/C                                                  +0   10027               
    g113666/Y                OR4X1LVT           5 13.2  157  +213   10241 F             
    g113164/C                                                  +0   10241               
    g113164/Y                OR3X1LVT           4 11.3  132  +160   10400 F             
    g112960/B0                                                 +0   10400               
    g112960/Y                OAI2BB1X1LVT       1  4.4   71   +80   10480 R             
    g111313/A1                                                 +0   10480               
    g111313/Y                AOI21X1LVT         1  4.1  116   +94   10574 F             
    g110639/D                                                  +0   10574               
    g110639/Y                OR4X1LVT           1  4.1   60  +129   10703 F             
    g110530/A1N                                                +0   10703               
    g110530/Y                AOI2BB1X1LVT       2  6.1   88   +87   10790 F             
    g110448/C0                                                 +0   10790               
    g110448/Y                AOI211XLLVT        1  4.2  240  +171   10961 R             
    g110387/A1                                                 +0   10961               
    g110387/Y                OA21X2LVT         13 33.2  179  +223   11184 R             
    g110334/B                                                  +0   11184               
    g110334/Y                NOR2X2LVT          7 17.3  131  +116   11300 F             
    g110286/B0                                                 +0   11300               
    g110286/Y                OAI21X1LVT         3  8.7  193  +102   11402 R             
    g109946/A                                                  +0   11402               
    g109946/Y                AND2X1LVT          2  6.7   74  +128   11530 R             
    g109654/B                                                  +0   11530               
    g109654/Y                NAND2X1LVT         1  4.3  107   +89   11618 F             
    g109581/A                                                  +0   11618               
    g109581/Y                NOR2X1LVT          1  4.4  114   +94   11712 R             
    g109458/B                                                  +0   11712               
    g109458/Y                NAND2X1LVT         1  4.3  117  +104   11816 F             
    g109295/D                                                  +0   11816               
    g109295/Y                NOR4X1LVT          1  4.4  207  +151   11967 R             
    g109223/C0                                                 +0   11967               
    g109223/Y                AOI221X1LVT        1  4.3  145  +112   12079 F             
    g109212/C0                                                 +0   12079               
    g109212/Y                OAI221X1LVT        1  4.2  136   +83   12162 R             
    g109197/B                                                  +0   12162               
    g109197/Y                OR2X1LVT           1  4.2   47   +79   12241 R             
    mem_rdata_q_reg_26_/D    DFFX1LVT                          +0   12241               
    mem_rdata_q_reg_26_/CK   setup                        0   +50   12292 R             
- - - - - - - - - - - - - - - - - - - - - - - - - - - - - - - - - - - - - - - - - - - - 
(clock clk)                  capture                                16000 R             
                             uncertainty                     -250   15750 R             
----------------------------------------------------------------------------------------
Cost Group   : 'clk' (path_group 'clk')
Timing slack :    3458ps 
Start-point  : flash_io2
End-point    : soc/cpu/mem_rdata_q_reg_26_/D

path  56:

           Pin                  Type       Fanout Load Slew Delay Arrival   Location    
                                                  (fF) (ps)  (ps)   (ps)       (x,   y) 
----------------------------------------------------------------------------------------
(clock flash_clk)            launch                                     0 R             
(et4351.sdc_line_68_2_1)     ext delay                      +9000    9000 F             
flash_io2                    inout port         2 59.6    0    +0    9000 F             
flash_bufs_2_/io 
flash_bufs_2_/soc_i 
soc/flash_io2_di 
  g2850/A1                                                     +0    9000               
  g2850/Y                    AO22X1LVT          1  4.3   54  +126    9126 F             
  g2795/C0                                                     +0    9126               
  g2795/Y                    AOI221X1LVT        1  4.4  169  +115    9241 R             
  g2761/B                                                      +0    9241               
  g2761/Y                    NAND2X1LVT         2  6.3  158  +148    9388 F             
  cpu/mem_rdata[2] 
    g115757/A1N                                                +0    9388               
    g115757/Y                OAI2BB1X1LVT       2  6.5  151  +136    9524 F             
    g115232/A1                                                 +0    9524               
    g115232/Y                AOI22X1LVT         1  4.2  123  +117    9641 R             
    g114843/B0                                                 +0    9641               
    g114843/Y                OA21X1LVT          9 23.2  237  +212    9853 R             
    g114684/A                                                  +0    9853               
    g114684/Y                INVX1LVT           5 13.2  180  +174   10027 F             
    g113666/C                                                  +0   10027               
    g113666/Y                OR4X1LVT           5 13.2  157  +213   10241 F             
    g113281/B                                                  +0   10241               
    g113281/Y                NOR2X1LVT          3  8.9  194  +161   10402 R             
    g113197/A                                                  +0   10402               
    g113197/Y                INVX1LVT           7 17.3  217  +182   10584 F             
    g111313/A0                                                 +0   10584               
    g111313/Y                AOI21X1LVT         1  4.2  118  +133   10716 R             
    g110639/D                                                  +0   10716               
    g110639/Y                OR4X1LVT           1  4.2   48   +80   10796 R             
    g110530/A1N                                                +0   10796               
    g110530/Y                AOI2BB1X1LVT       2  6.3  140  +104   10900 R             
    g110448/C0                                                 +0   10900               
    g110448/Y                AOI211XLLVT        1  4.1  203  +112   11012 F             
    g110387/A1                                                 +0   11012               
    g110387/Y                OA21X2LVT         13 31.8  185  +213   11225 F             
    g110366/A                                                  +0   11225               
    g110366/Y                INVX1LVT           5 13.7  167  +147   11372 R             
    g110293/A                                                  +0   11372               
    g110293/Y                AND2X1LVT          5 13.1  137  +156   11528 R             
    g109659/A1N                                                +0   11528               
    g109659/Y                OAI2BB1X1LVT       3  8.9  115  +126   11654 R             
    g109581/B                                                  +0   11654               
    g109581/Y                NOR2X1LVT          1  4.3   68   +75   11730 F             
    g109458/B                                                  +0   11730               
    g109458/Y                NAND2X1LVT         1  4.4   91   +54   11784 R             
    g109295/D                                                  +0   11784               
    g109295/Y                NOR4X1LVT          1  4.3   88   +68   11852 F             
    g109223/C0                                                 +0   11852               
    g109223/Y                AOI221X1LVT        1  4.4  168  +127   11979 R             
    g109212/C0                                                 +0   11979               
    g109212/Y                OAI221X1LVT        1  4.1  187  +176   12154 F             
    g109197/B                                                  +0   12154               
    g109197/Y                OR2X1LVT           1  4.1   51  +103   12257 F             
    mem_rdata_q_reg_26_/D    DFFX1LVT                          +0   12257               
    mem_rdata_q_reg_26_/CK   setup                        0   +34   12291 R             
- - - - - - - - - - - - - - - - - - - - - - - - - - - - - - - - - - - - - - - - - - - - 
(clock clk)                  capture                                16000 R             
                             uncertainty                     -250   15750 R             
----------------------------------------------------------------------------------------
Cost Group   : 'clk' (path_group 'clk')
Timing slack :    3459ps 
Start-point  : flash_io2
End-point    : soc/cpu/mem_rdata_q_reg_26_/D

path  57:

           Pin                  Type       Fanout Load Slew Delay Arrival   Location    
                                                  (fF) (ps)  (ps)   (ps)       (x,   y) 
----------------------------------------------------------------------------------------
(clock flash_clk)            launch                                     0 R             
(et4351.sdc_line_68_2_1)     ext delay                      +9000    9000 F             
flash_io2                    inout port         2 59.6    0    +0    9000 F             
flash_bufs_2_/io 
flash_bufs_2_/soc_i 
soc/flash_io2_di 
  g2850/A1                                                     +0    9000               
  g2850/Y                    AO22X1LVT          1  4.3   54  +126    9126 F             
  g2795/C0                                                     +0    9126               
  g2795/Y                    AOI221X1LVT        1  4.4  169  +115    9241 R             
  g2761/B                                                      +0    9241               
  g2761/Y                    NAND2X1LVT         2  6.3  158  +148    9388 F             
  cpu/mem_rdata[2] 
    g115757/A1N                                                +0    9388               
    g115757/Y                OAI2BB1X1LVT       2  6.5  151  +136    9524 F             
    g115232/A1                                                 +0    9524               
    g115232/Y                AOI22X1LVT         1  4.2  123  +117    9641 R             
    g114843/B0                                                 +0    9641               
    g114843/Y                OA21X1LVT          9 23.2  237  +212    9853 R             
    g114684/A                                                  +0    9853               
    g114684/Y                INVX1LVT           5 13.2  180  +174   10027 F             
    g113666/C                                                  +0   10027               
    g113666/Y                OR4X1LVT           5 13.2  157  +213   10241 F             
    g113164/C                                                  +0   10241               
    g113164/Y                OR3X1LVT           4 11.3  132  +160   10400 F             
    g112960/B0                                                 +0   10400               
    g112960/Y                OAI2BB1X1LVT       1  4.4   71   +80   10480 R             
    g111313/A1                                                 +0   10480               
    g111313/Y                AOI21X1LVT         1  4.1  116   +94   10574 F             
    g110639/D                                                  +0   10574               
    g110639/Y                OR4X1LVT           1  4.1   60  +129   10703 F             
    g110530/A1N                                                +0   10703               
    g110530/Y                AOI2BB1X1LVT       2  6.1   88   +87   10790 F             
    g110448/C0                                                 +0   10790               
    g110448/Y                AOI211XLLVT        1  4.2  240  +171   10961 R             
    g110387/A1                                                 +0   10961               
    g110387/Y                OA21X2LVT         13 33.2  179  +223   11184 R             
    g110331/B                                                  +0   11184               
    g110331/Y                NOR2X1LVT          2  6.5  101  +113   11297 F             
    g110316/A                                                  +0   11297               
    g110316/Y                INVX1LVT           2  6.3   81   +76   11373 R             
    g110243/B                                                  +0   11373               
    g110243/Y                OR2X1LVT           3  9.1   95   +92   11465 R             
    g109776/B0                                                 +0   11465               
    g109776/Y                OAI2BB1X1LVT       1  4.1  102   +95   11560 F             
    g109647/A                                                  +0   11560               
    g109647/Y                OR2X1LVT           2  6.3   75  +102   11662 F             
    g109386/AN                                                 +0   11662               
    g109386/Y                NAND3BXLLVT        1  4.3  278  +192   11854 F             
    g109330/B                                                  +0   11854               
    g109330/Y                NOR2X1LVT          1  4.4  123  +156   12009 R             
    g109242/A1                                                 +0   12009               
    g109242/Y                AOI22X1LVT         1  4.3  137  +125   12134 F             
    g109222/C0                                                 +0   12134               
    g109222/Y                OAI221X1LVT        1  4.2  142   +80   12214 R             
    mem_rdata_q_reg_25_/D    DFFX1LVT                          +0   12214               
    mem_rdata_q_reg_25_/CK   setup                        0   +76   12291 R             
- - - - - - - - - - - - - - - - - - - - - - - - - - - - - - - - - - - - - - - - - - - - 
(clock clk)                  capture                                16000 R             
                             uncertainty                     -250   15750 R             
----------------------------------------------------------------------------------------
Cost Group   : 'clk' (path_group 'clk')
Timing slack :    3459ps 
Start-point  : flash_io2
End-point    : soc/cpu/mem_rdata_q_reg_25_/D

path  58:

           Pin                  Type       Fanout Load Slew Delay Arrival   Location    
                                                  (fF) (ps)  (ps)   (ps)       (x,   y) 
----------------------------------------------------------------------------------------
(clock flash_clk)            launch                                     0 R             
(et4351.sdc_line_68_3_1)     ext delay                      +9000    9000 F             
flash_io3                    inout port         2 59.8    0    +0    9000 F             
flash_bufs_3_/io 
flash_bufs_3_/soc_i 
soc/flash_io3_di 
  g2831/B1                                                     +0    9000               
  g2831/Y                    AOI22X1LVT         1  4.4  130  +125    9125 R             
  g2760/B                                                      +0    9125               
  g2760/Y                    NAND2X1LVT         2  6.3  154  +133    9258 F             
  cpu/mem_rdata[3] 
    g115760/A1N                                                +0    9258               
    g115760/Y                OAI2BB1X1LVT       2  6.5  151  +135    9393 F             
    g115233/A1                                                 +0    9393               
    g115233/Y                AOI22X1LVT         1  4.2  123  +117    9510 R             
    g114847/B0                                                 +0    9510               
    g114847/Y                OA21X1LVT          9 22.8  233  +210    9720 R             
    g114688/A                                                  +0    9720               
    g114688/Y                INVX1LVT           7 17.5  224  +198    9918 F             
    g113666/D                                                  +0    9918               
    g113666/Y                OR4X1LVT           5 13.2  157  +209   10127 F             
    g113277/B                                                  +0   10127               
    g113277/Y                NAND2X1LVT         4 10.9  156  +123   10250 R             
    g112960/A1N                                                +0   10250               
    g112960/Y                OAI2BB1X1LVT       1  4.4   71  +107   10357 R             
    g111313/A1                                                 +0   10357               
    g111313/Y                AOI21X1LVT         1  4.1  116   +94   10451 F             
    g110639/D                                                  +0   10451               
    g110639/Y                OR4X1LVT           1  4.1   60  +129   10580 F             
    g110530/A1N                                                +0   10580               
    g110530/Y                AOI2BB1X1LVT       2  6.1   88   +87   10667 F             
    g110448/C0                                                 +0   10667               
    g110448/Y                AOI211XLLVT        1  4.2  240  +171   10838 R             
    g110387/A1                                                 +0   10838               
    g110387/Y                OA21X2LVT         13 33.2  179  +223   11061 R             
    g110366/A                                                  +0   11061               
    g110366/Y                INVX1LVT           5 13.2  171  +152   11213 F             
    g110293/A                                                  +0   11213               
    g110293/Y                AND2X1LVT          5 12.6  140  +134   11346 F             
    g110246/AN                                                 +0   11346               
    g110246/Y                NOR2BX1LVT         3  8.4  113  +102   11448 F             
    g109648/AN                                                 +0   11448               
    g109648/Y                NAND3BX1LVT        2  6.3  230  +175   11624 F             
    g109416/B                                                  +0   11624               
    g109416/Y                NOR2X1LVT          1  4.4  118  +138   11762 R             
    g109325/C                                                  +0   11762               
    g109325/Y                NAND3X1LVT         1  4.3  165  +137   11899 F             
    g109241/C                                                  +0   11899               
    g109241/Y                NOR3BX1LVT         1  4.4  157  +141   12040 R             
    g109213/C0                                                 +0   12040               
    g109213/Y                AOI221X1LVT        1  4.3  142   +93   12133 F             
    g109202/C0                                                 +0   12133               
    g109202/Y                OAI221X1LVT        1  4.3  144   +83   12216 R             
    mem_rdata_q_reg_28_/D    DFFHQX1LVT                        +0   12216               
    mem_rdata_q_reg_28_/CK   setup                        0   +73   12289 R             
- - - - - - - - - - - - - - - - - - - - - - - - - - - - - - - - - - - - - - - - - - - - 
(clock clk)                  capture                                16000 R             
                             uncertainty                     -250   15750 R             
----------------------------------------------------------------------------------------
Cost Group   : 'clk' (path_group 'clk')
Timing slack :    3461ps 
Start-point  : flash_io3
End-point    : soc/cpu/mem_rdata_q_reg_28_/D

path  59:

           Pin                  Type       Fanout Load Slew Delay Arrival   Location    
                                                  (fF) (ps)  (ps)   (ps)       (x,   y) 
----------------------------------------------------------------------------------------
(clock flash_clk)            launch                                     0 R             
(et4351.sdc_line_68_2_1)     ext delay                      +9000    9000 F             
flash_io2                    inout port         2 59.6    0    +0    9000 F             
flash_bufs_2_/io 
flash_bufs_2_/soc_i 
soc/flash_io2_di 
  g2850/A1                                                     +0    9000               
  g2850/Y                    AO22X1LVT          1  4.3   54  +126    9126 F             
  g2795/C0                                                     +0    9126               
  g2795/Y                    AOI221X1LVT        1  4.4  169  +115    9241 R             
  g2761/B                                                      +0    9241               
  g2761/Y                    NAND2X1LVT         2  6.3  158  +148    9388 F             
  cpu/mem_rdata[2] 
    g115757/A1N                                                +0    9388               
    g115757/Y                OAI2BB1X1LVT       2  6.5  151  +136    9524 F             
    g115232/A1                                                 +0    9524               
    g115232/Y                AOI22X1LVT         1  4.2  123  +117    9641 R             
    g114843/B0                                                 +0    9641               
    g114843/Y                OA21X1LVT          9 23.2  237  +212    9853 R             
    g114684/A                                                  +0    9853               
    g114684/Y                INVX1LVT           5 13.2  180  +174   10027 F             
    g113666/C                                                  +0   10027               
    g113666/Y                OR4X1LVT           5 13.2  157  +213   10241 F             
    g113164/C                                                  +0   10241               
    g113164/Y                OR3X1LVT           4 11.3  132  +160   10400 F             
    g112960/B0                                                 +0   10400               
    g112960/Y                OAI2BB1X1LVT       1  4.4   71   +80   10480 R             
    g111313/A1                                                 +0   10480               
    g111313/Y                AOI21X1LVT         1  4.1  116   +94   10574 F             
    g110639/D                                                  +0   10574               
    g110639/Y                OR4X1LVT           1  4.1   60  +129   10703 F             
    g110530/A1N                                                +0   10703               
    g110530/Y                AOI2BB1X1LVT       2  6.1   88   +87   10790 F             
    g110448/C0                                                 +0   10790               
    g110448/Y                AOI211XLLVT        1  4.2  240  +171   10961 R             
    g110387/A1                                                 +0   10961               
    g110387/Y                OA21X2LVT         13 33.2  179  +223   11184 R             
    g110334/B                                                  +0   11184               
    g110334/Y                NOR2X2LVT          7 17.3  131  +116   11300 F             
    g110248/A                                                  +0   11300               
    g110248/Y                AND2X1LVT          4 11.5  128  +119   11419 F             
    g109952/B                                                  +0   11419               
    g109952/Y                NAND2X1LVT         3  9.1  115  +103   11522 R             
    g109655/B0                                                 +0   11522               
    g109655/Y                OAI2BB1X1LVT       2  6.5  152  +129   11651 F             
    g109416/A                                                  +0   11651               
    g109416/Y                NOR2X1LVT          1  4.4  118  +108   11759 R             
    g109325/C                                                  +0   11759               
    g109325/Y                NAND3X1LVT         1  4.3  165  +137   11896 F             
    g109241/C                                                  +0   11896               
    g109241/Y                NOR3BX1LVT         1  4.4  157  +141   12037 R             
    g109213/C0                                                 +0   12037               
    g109213/Y                AOI221X1LVT        1  4.3  142   +93   12130 F             
    g109202/C0                                                 +0   12130               
    g109202/Y                OAI221X1LVT        1  4.3  144   +83   12212 R             
    mem_rdata_q_reg_28_/D    DFFHQX1LVT                        +0   12212               
    mem_rdata_q_reg_28_/CK   setup                        0   +73   12286 R             
- - - - - - - - - - - - - - - - - - - - - - - - - - - - - - - - - - - - - - - - - - - - 
(clock clk)                  capture                                16000 R             
                             uncertainty                     -250   15750 R             
----------------------------------------------------------------------------------------
Cost Group   : 'clk' (path_group 'clk')
Timing slack :    3464ps 
Start-point  : flash_io2
End-point    : soc/cpu/mem_rdata_q_reg_28_/D

path  60:

           Pin                  Type       Fanout Load Slew Delay Arrival   Location    
                                                  (fF) (ps)  (ps)   (ps)       (x,   y) 
----------------------------------------------------------------------------------------
(clock flash_clk)            launch                                     0 R             
(et4351.sdc_line_68_3_1)     ext delay                      +9000    9000 F             
flash_io3                    inout port         2 59.8    0    +0    9000 F             
flash_bufs_3_/io 
flash_bufs_3_/soc_i 
soc/flash_io3_di 
  g2831/B1                                                     +0    9000               
  g2831/Y                    AOI22X1LVT         1  4.4  130  +125    9125 R             
  g2760/B                                                      +0    9125               
  g2760/Y                    NAND2X1LVT         2  6.3  154  +133    9258 F             
  cpu/mem_rdata[3] 
    g115760/A1N                                                +0    9258               
    g115760/Y                OAI2BB1X1LVT       2  6.5  151  +135    9393 F             
    g115233/A1                                                 +0    9393               
    g115233/Y                AOI22X1LVT         1  4.2  123  +117    9510 R             
    g114847/B0                                                 +0    9510               
    g114847/Y                OA21X1LVT          9 22.8  233  +210    9720 R             
    g114688/A                                                  +0    9720               
    g114688/Y                INVX1LVT           7 17.5  224  +198    9918 F             
    g113666/D                                                  +0    9918               
    g113666/Y                OR4X1LVT           5 13.2  157  +209   10127 F             
    g113277/B                                                  +0   10127               
    g113277/Y                NAND2X1LVT         4 10.9  156  +123   10250 R             
    g112960/A1N                                                +0   10250               
    g112960/Y                OAI2BB1X1LVT       1  4.4   71  +107   10357 R             
    g111313/A1                                                 +0   10357               
    g111313/Y                AOI21X1LVT         1  4.1  116   +94   10451 F             
    g110639/D                                                  +0   10451               
    g110639/Y                OR4X1LVT           1  4.1   60  +129   10580 F             
    g110530/A1N                                                +0   10580               
    g110530/Y                AOI2BB1X1LVT       2  6.1   88   +87   10667 F             
    g110448/C0                                                 +0   10667               
    g110448/Y                AOI211XLLVT        1  4.2  240  +171   10838 R             
    g110387/A1                                                 +0   10838               
    g110387/Y                OA21X2LVT         13 33.2  179  +223   11061 R             
    g110366/A                                                  +0   11061               
    g110366/Y                INVX1LVT           5 13.2  171  +152   11213 F             
    g110293/A                                                  +0   11213               
    g110293/Y                AND2X1LVT          5 12.6  140  +134   11346 F             
    g110245/B                                                  +0   11346               
    g110245/Y                NAND2X1LVT         3  8.9  115  +106   11452 R             
    g109949/B                                                  +0   11452               
    g109949/Y                AND2X1LVT          2  6.7   73  +110   11562 R             
    g109462/D                                                  +0   11562               
    g109462/Y                NAND4BX1LVT        1  4.3  220  +156   11718 F             
    g109296/D                                                  +0   11718               
    g109296/Y                NOR4X1LVT          1  4.4  212  +186   11904 R             
    g109214/B1                                                 +0   11904               
    g109214/Y                AOI222X1LVT        1  4.3  161  +161   12065 F             
    g109203/C0                                                 +0   12065               
    g109203/Y                OAI221X1LVT        1  4.2  134   +89   12154 R             
    g109193/B                                                  +0   12154               
    g109193/Y                OR2X1LVT           1  4.2   47   +78   12233 R             
    mem_rdata_q_reg_27_/D    DFFX1LVT                          +0   12233               
    mem_rdata_q_reg_27_/CK   setup                        0   +50   12284 R             
- - - - - - - - - - - - - - - - - - - - - - - - - - - - - - - - - - - - - - - - - - - - 
(clock clk)                  capture                                16000 R             
                             uncertainty                     -250   15750 R             
----------------------------------------------------------------------------------------
Cost Group   : 'clk' (path_group 'clk')
Timing slack :    3466ps 
Start-point  : flash_io3
End-point    : soc/cpu/mem_rdata_q_reg_27_/D

path  61:

           Pin                  Type       Fanout Load Slew Delay Arrival   Location    
                                                  (fF) (ps)  (ps)   (ps)       (x,   y) 
----------------------------------------------------------------------------------------
(clock flash_clk)            launch                                     0 R             
(et4351.sdc_line_68_2_1)     ext delay                      +9000    9000 F             
flash_io2                    inout port         2 59.6    0    +0    9000 F             
flash_bufs_2_/io 
flash_bufs_2_/soc_i 
soc/flash_io2_di 
  g2850/A1                                                     +0    9000               
  g2850/Y                    AO22X1LVT          1  4.3   54  +126    9126 F             
  g2795/C0                                                     +0    9126               
  g2795/Y                    AOI221X1LVT        1  4.4  169  +115    9241 R             
  g2761/B                                                      +0    9241               
  g2761/Y                    NAND2X1LVT         2  6.3  158  +148    9388 F             
  cpu/mem_rdata[2] 
    g115757/A1N                                                +0    9388               
    g115757/Y                OAI2BB1X1LVT       2  6.5  151  +136    9524 F             
    g115232/A1                                                 +0    9524               
    g115232/Y                AOI22X1LVT         1  4.2  123  +117    9641 R             
    g114843/B0                                                 +0    9641               
    g114843/Y                OA21X1LVT          9 23.2  237  +212    9853 R             
    g114684/A                                                  +0    9853               
    g114684/Y                INVX1LVT           5 13.2  180  +174   10027 F             
    g113666/C                                                  +0   10027               
    g113666/Y                OR4X1LVT           5 13.2  157  +213   10241 F             
    g113264/B                                                  +0   10241               
    g113264/Y                NAND2X1LVT         2  7.0  106  +102   10342 R             
    g113094/B                                                  +0   10342               
    g113094/Y                NOR2X2LVT          5 12.8  116   +78   10421 F             
    g110639/B                                                  +0   10421               
    g110639/Y                OR4X1LVT           1  4.1   60  +152   10573 F             
    g110530/A1N                                                +0   10573               
    g110530/Y                AOI2BB1X1LVT       2  6.1   88   +87   10660 F             
    g110448/C0                                                 +0   10660               
    g110448/Y                AOI211XLLVT        1  4.2  240  +171   10831 R             
    g110387/A1                                                 +0   10831               
    g110387/Y                OA21X2LVT         13 33.2  179  +223   11054 R             
    g110366/A                                                  +0   11054               
    g110366/Y                INVX1LVT           5 13.2  171  +152   11206 F             
    g110293/A                                                  +0   11206               
    g110293/Y                AND2X1LVT          5 12.6  140  +134   11340 F             
    g110246/AN                                                 +0   11340               
    g110246/Y                NOR2BX1LVT         3  8.4  113  +102   11442 F             
    g109648/AN                                                 +0   11442               
    g109648/Y                NAND3BX1LVT        2  6.3  230  +175   11617 F             
    g109416/B                                                  +0   11617               
    g109416/Y                NOR2X1LVT          1  4.4  118  +138   11755 R             
    g109325/C                                                  +0   11755               
    g109325/Y                NAND3X1LVT         1  4.3  165  +137   11892 F             
    g109241/C                                                  +0   11892               
    g109241/Y                NOR3BX1LVT         1  4.4  157  +141   12034 R             
    g109213/C0                                                 +0   12034               
    g109213/Y                AOI221X1LVT        1  4.3  142   +93   12126 F             
    g109202/C0                                                 +0   12126               
    g109202/Y                OAI221X1LVT        1  4.3  144   +83   12209 R             
    mem_rdata_q_reg_28_/D    DFFHQX1LVT                        +0   12209               
    mem_rdata_q_reg_28_/CK   setup                        0   +73   12282 R             
- - - - - - - - - - - - - - - - - - - - - - - - - - - - - - - - - - - - - - - - - - - - 
(clock clk)                  capture                                16000 R             
                             uncertainty                     -250   15750 R             
----------------------------------------------------------------------------------------
Cost Group   : 'clk' (path_group 'clk')
Timing slack :    3468ps 
Start-point  : flash_io2
End-point    : soc/cpu/mem_rdata_q_reg_28_/D

path  62:

           Pin                  Type       Fanout Load Slew Delay Arrival   Location    
                                                  (fF) (ps)  (ps)   (ps)       (x,   y) 
----------------------------------------------------------------------------------------
(clock flash_clk)            launch                                     0 R             
(et4351.sdc_line_68_2_1)     ext delay                      +9000    9000 F             
flash_io2                    inout port         2 59.6    0    +0    9000 F             
flash_bufs_2_/io 
flash_bufs_2_/soc_i 
soc/flash_io2_di 
  g2850/A1                                                     +0    9000               
  g2850/Y                    AO22X1LVT          1  4.3   54  +126    9126 F             
  g2795/C0                                                     +0    9126               
  g2795/Y                    AOI221X1LVT        1  4.4  169  +115    9241 R             
  g2761/B                                                      +0    9241               
  g2761/Y                    NAND2X1LVT         2  6.3  158  +148    9388 F             
  cpu/mem_rdata[2] 
    g115757/A1N                                                +0    9388               
    g115757/Y                OAI2BB1X1LVT       2  6.5  151  +136    9524 F             
    g115232/A1                                                 +0    9524               
    g115232/Y                AOI22X1LVT         1  4.2  123  +117    9641 R             
    g114843/B0                                                 +0    9641               
    g114843/Y                OA21X1LVT          9 23.2  237  +212    9853 R             
    g114684/A                                                  +0    9853               
    g114684/Y                INVX1LVT           5 13.2  180  +174   10027 F             
    g113666/C                                                  +0   10027               
    g113666/Y                OR4X1LVT           5 13.2  157  +213   10241 F             
    g113277/B                                                  +0   10241               
    g113277/Y                NAND2X1LVT         4 10.9  156  +123   10364 R             
    g112960/A1N                                                +0   10364               
    g112960/Y                OAI2BB1X1LVT       1  4.4   71  +107   10470 R             
    g111313/A1                                                 +0   10470               
    g111313/Y                AOI21X1LVT         1  4.1  116   +94   10564 F             
    g110639/D                                                  +0   10564               
    g110639/Y                OR4X1LVT           1  4.1   60  +129   10693 F             
    g110530/A1N                                                +0   10693               
    g110530/Y                AOI2BB1X1LVT       2  6.1   88   +87   10780 F             
    g110448/C0                                                 +0   10780               
    g110448/Y                AOI211XLLVT        1  4.2  240  +171   10951 R             
    g110387/A1                                                 +0   10951               
    g110387/Y                OA21X2LVT         13 33.2  179  +223   11174 R             
    g110334/B                                                  +0   11174               
    g110334/Y                NOR2X2LVT          7 17.3  131  +116   11291 F             
    g110286/B0                                                 +0   11291               
    g110286/Y                OAI21X1LVT         3  8.7  193  +102   11392 R             
    g109946/A                                                  +0   11392               
    g109946/Y                AND2X1LVT          2  6.7   74  +128   11520 R             
    g109654/B                                                  +0   11520               
    g109654/Y                NAND2X1LVT         1  4.3  107   +89   11609 F             
    g109581/A                                                  +0   11609               
    g109581/Y                NOR2X1LVT          1  4.4  114   +94   11702 R             
    g109458/B                                                  +0   11702               
    g109458/Y                NAND2X1LVT         1  4.3  117  +104   11806 F             
    g109295/D                                                  +0   11806               
    g109295/Y                NOR4X1LVT          1  4.4  207  +151   11957 R             
    g109223/C0                                                 +0   11957               
    g109223/Y                AOI221X1LVT        1  4.3  145  +112   12069 F             
    g109212/C0                                                 +0   12069               
    g109212/Y                OAI221X1LVT        1  4.2  136   +83   12152 R             
    g109197/B                                                  +0   12152               
    g109197/Y                OR2X1LVT           1  4.2   47   +79   12231 R             
    mem_rdata_q_reg_26_/D    DFFX1LVT                          +0   12231               
    mem_rdata_q_reg_26_/CK   setup                        0   +50   12282 R             
- - - - - - - - - - - - - - - - - - - - - - - - - - - - - - - - - - - - - - - - - - - - 
(clock clk)                  capture                                16000 R             
                             uncertainty                     -250   15750 R             
----------------------------------------------------------------------------------------
Cost Group   : 'clk' (path_group 'clk')
Timing slack :    3468ps 
Start-point  : flash_io2
End-point    : soc/cpu/mem_rdata_q_reg_26_/D

path  63:

           Pin                  Type       Fanout Load Slew Delay Arrival   Location    
                                                  (fF) (ps)  (ps)   (ps)       (x,   y) 
----------------------------------------------------------------------------------------
(clock flash_clk)            launch                                     0 R             
(et4351.sdc_line_68_2_1)     ext delay                      +9000    9000 F             
flash_io2                    inout port         2 59.6    0    +0    9000 F             
flash_bufs_2_/io 
flash_bufs_2_/soc_i 
soc/flash_io2_di 
  g2850/A1                                                     +0    9000               
  g2850/Y                    AO22X1LVT          1  4.3   54  +126    9126 F             
  g2795/C0                                                     +0    9126               
  g2795/Y                    AOI221X1LVT        1  4.4  169  +115    9241 R             
  g2761/B                                                      +0    9241               
  g2761/Y                    NAND2X1LVT         2  6.3  158  +148    9388 F             
  cpu/mem_rdata[2] 
    g115757/A1N                                                +0    9388               
    g115757/Y                OAI2BB1X1LVT       2  6.5  151  +136    9524 F             
    g115232/A1                                                 +0    9524               
    g115232/Y                AOI22X1LVT         1  4.2  123  +117    9641 R             
    g114843/B0                                                 +0    9641               
    g114843/Y                OA21X1LVT          9 23.2  237  +212    9853 R             
    g114684/A                                                  +0    9853               
    g114684/Y                INVX1LVT           5 13.2  180  +174   10027 F             
    g113666/C                                                  +0   10027               
    g113666/Y                OR4X1LVT           5 13.2  157  +213   10241 F             
    g113277/B                                                  +0   10241               
    g113277/Y                NAND2X1LVT         4 10.9  156  +123   10364 R             
    g112960/A1N                                                +0   10364               
    g112960/Y                OAI2BB1X1LVT       1  4.4   71  +107   10470 R             
    g111313/A1                                                 +0   10470               
    g111313/Y                AOI21X1LVT         1  4.1  116   +94   10564 F             
    g110639/D                                                  +0   10564               
    g110639/Y                OR4X1LVT           1  4.1   60  +129   10693 F             
    g110530/A1N                                                +0   10693               
    g110530/Y                AOI2BB1X1LVT       2  6.1   88   +87   10780 F             
    g110448/C0                                                 +0   10780               
    g110448/Y                AOI211XLLVT        1  4.2  240  +171   10951 R             
    g110387/A1                                                 +0   10951               
    g110387/Y                OA21X2LVT         13 33.2  179  +223   11174 R             
    g110331/B                                                  +0   11174               
    g110331/Y                NOR2X1LVT          2  6.5  101  +113   11287 F             
    g110316/A                                                  +0   11287               
    g110316/Y                INVX1LVT           2  6.3   81   +76   11363 R             
    g110243/B                                                  +0   11363               
    g110243/Y                OR2X1LVT           3  9.1   95   +92   11455 R             
    g109776/B0                                                 +0   11455               
    g109776/Y                OAI2BB1X1LVT       1  4.1  102   +95   11550 F             
    g109647/A                                                  +0   11550               
    g109647/Y                OR2X1LVT           2  6.3   75  +102   11652 F             
    g109386/AN                                                 +0   11652               
    g109386/Y                NAND3BXLLVT        1  4.3  278  +192   11844 F             
    g109330/B                                                  +0   11844               
    g109330/Y                NOR2X1LVT          1  4.4  123  +156   12000 R             
    g109242/A1                                                 +0   12000               
    g109242/Y                AOI22X1LVT         1  4.3  137  +125   12124 F             
    g109222/C0                                                 +0   12124               
    g109222/Y                OAI221X1LVT        1  4.2  142   +80   12205 R             
    mem_rdata_q_reg_25_/D    DFFX1LVT                          +0   12205               
    mem_rdata_q_reg_25_/CK   setup                        0   +76   12281 R             
- - - - - - - - - - - - - - - - - - - - - - - - - - - - - - - - - - - - - - - - - - - - 
(clock clk)                  capture                                16000 R             
                             uncertainty                     -250   15750 R             
----------------------------------------------------------------------------------------
Cost Group   : 'clk' (path_group 'clk')
Timing slack :    3469ps 
Start-point  : flash_io2
End-point    : soc/cpu/mem_rdata_q_reg_25_/D

path  64:

           Pin                  Type       Fanout Load Slew Delay Arrival   Location    
                                                  (fF) (ps)  (ps)   (ps)       (x,   y) 
----------------------------------------------------------------------------------------
(clock flash_clk)            launch                                     0 R             
(et4351.sdc_line_68_3_1)     ext delay                      +9000    9000 F             
flash_io3                    inout port         2 59.8    0    +0    9000 F             
flash_bufs_3_/io 
flash_bufs_3_/soc_i 
soc/flash_io3_di 
  g2831/B1                                                     +0    9000               
  g2831/Y                    AOI22X1LVT         1  4.4  130  +125    9125 R             
  g2760/B                                                      +0    9125               
  g2760/Y                    NAND2X1LVT         2  6.3  154  +133    9258 F             
  cpu/mem_rdata[3] 
    g115760/A1N                                                +0    9258               
    g115760/Y                OAI2BB1X1LVT       2  6.5  151  +135    9393 F             
    g115233/A1                                                 +0    9393               
    g115233/Y                AOI22X1LVT         1  4.2  123  +117    9510 R             
    g114847/B0                                                 +0    9510               
    g114847/Y                OA21X1LVT          9 22.8  233  +210    9720 R             
    g114688/A                                                  +0    9720               
    g114688/Y                INVX1LVT           7 17.5  224  +198    9918 F             
    g113666/D                                                  +0    9918               
    g113666/Y                OR4X1LVT           5 13.2  157  +209   10127 F             
    g113164/C                                                  +0   10127               
    g113164/Y                OR3X1LVT           4 11.3  132  +160   10287 F             
    g112960/B0                                                 +0   10287               
    g112960/Y                OAI2BB1X1LVT       1  4.4   71   +80   10367 R             
    g111313/A1                                                 +0   10367               
    g111313/Y                AOI21X1LVT         1  4.1  116   +94   10461 F             
    g110639/D                                                  +0   10461               
    g110639/Y                OR4X1LVT           1  4.1   60  +129   10590 F             
    g110530/A1N                                                +0   10590               
    g110530/Y                AOI2BB1X1LVT       2  6.1   88   +87   10676 F             
    g110448/C0                                                 +0   10676               
    g110448/Y                AOI211XLLVT        1  4.2  240  +171   10848 R             
    g110387/A1                                                 +0   10848               
    g110387/Y                OA21X2LVT         13 33.2  179  +223   11071 R             
    g110366/A                                                  +0   11071               
    g110366/Y                INVX1LVT           5 13.2  171  +152   11223 F             
    g110293/A                                                  +0   11223               
    g110293/Y                AND2X1LVT          5 12.6  140  +134   11356 F             
    g109659/A1N                                                +0   11356               
    g109659/Y                OAI2BB1X1LVT       3  8.6  198  +157   11513 F             
    g109462/AN                                                 +0   11513               
    g109462/Y                NAND4BX1LVT        1  4.3  220  +202   11715 F             
    g109296/D                                                  +0   11715               
    g109296/Y                NOR4X1LVT          1  4.4  212  +186   11901 R             
    g109214/B1                                                 +0   11901               
    g109214/Y                AOI222X1LVT        1  4.3  161  +161   12062 F             
    g109203/C0                                                 +0   12062               
    g109203/Y                OAI221X1LVT        1  4.2  134   +89   12152 R             
    g109193/B                                                  +0   12152               
    g109193/Y                OR2X1LVT           1  4.2   47   +78   12230 R             
    mem_rdata_q_reg_27_/D    DFFX1LVT                          +0   12230               
    mem_rdata_q_reg_27_/CK   setup                        0   +50   12281 R             
- - - - - - - - - - - - - - - - - - - - - - - - - - - - - - - - - - - - - - - - - - - - 
(clock clk)                  capture                                16000 R             
                             uncertainty                     -250   15750 R             
----------------------------------------------------------------------------------------
Cost Group   : 'clk' (path_group 'clk')
Timing slack :    3469ps 
Start-point  : flash_io3
End-point    : soc/cpu/mem_rdata_q_reg_27_/D

path  65:

           Pin                  Type       Fanout Load Slew Delay Arrival   Location    
                                                  (fF) (ps)  (ps)   (ps)       (x,   y) 
----------------------------------------------------------------------------------------
(clock flash_clk)            launch                                     0 R             
(et4351.sdc_line_68_2_1)     ext delay                      +9000    9000 F             
flash_io2                    inout port         2 59.6    0    +0    9000 F             
flash_bufs_2_/io 
flash_bufs_2_/soc_i 
soc/flash_io2_di 
  g2850/A1                                                     +0    9000               
  g2850/Y                    AO22X1LVT          1  4.3   54  +126    9126 F             
  g2795/C0                                                     +0    9126               
  g2795/Y                    AOI221X1LVT        1  4.4  169  +115    9241 R             
  g2761/B                                                      +0    9241               
  g2761/Y                    NAND2X1LVT         2  6.3  158  +148    9388 F             
  cpu/mem_rdata[2] 
    g115757/A1N                                                +0    9388               
    g115757/Y                OAI2BB1X1LVT       2  6.5  151  +136    9524 F             
    g115232/A1                                                 +0    9524               
    g115232/Y                AOI22X1LVT         1  4.2  123  +117    9641 R             
    g114843/B0                                                 +0    9641               
    g114843/Y                OA21X1LVT          9 23.2  237  +212    9853 R             
    g114684/A                                                  +0    9853               
    g114684/Y                INVX1LVT           5 13.2  180  +174   10027 F             
    g113666/C                                                  +0   10027               
    g113666/Y                OR4X1LVT           5 13.2  157  +213   10241 F             
    g113164/C                                                  +0   10241               
    g113164/Y                OR3X1LVT           4 11.3  132  +160   10400 F             
    g112960/B0                                                 +0   10400               
    g112960/Y                OAI2BB1X1LVT       1  4.4   71   +80   10480 R             
    g111313/A1                                                 +0   10480               
    g111313/Y                AOI21X1LVT         1  4.1  116   +94   10574 F             
    g110639/D                                                  +0   10574               
    g110639/Y                OR4X1LVT           1  4.1   60  +129   10703 F             
    g110530/A1N                                                +0   10703               
    g110530/Y                AOI2BB1X1LVT       2  6.1   88   +87   10790 F             
    g110448/C0                                                 +0   10790               
    g110448/Y                AOI211XLLVT        1  4.2  240  +171   10961 R             
    g110387/A1                                                 +0   10961               
    g110387/Y                OA21X2LVT         13 33.2  179  +223   11184 R             
    g110334/B                                                  +0   11184               
    g110334/Y                NOR2X2LVT          7 17.3  131  +116   11300 F             
    g110248/A                                                  +0   11300               
    g110248/Y                AND2X1LVT          4 11.5  128  +119   11419 F             
    g109952/B                                                  +0   11419               
    g109952/Y                NAND2X1LVT         3  9.1  115  +103   11522 R             
    g109666/B0                                                 +0   11522               
    g109666/Y                OAI2BB1X1LVT       4 10.7  238  +178   11700 F             
    g109296/C                                                  +0   11700               
    g109296/Y                NOR4X1LVT          1  4.4  212  +198   11898 R             
    g109214/B1                                                 +0   11898               
    g109214/Y                AOI222X1LVT        1  4.3  161  +161   12059 F             
    g109203/C0                                                 +0   12059               
    g109203/Y                OAI221X1LVT        1  4.2  134   +89   12149 R             
    g109193/B                                                  +0   12149               
    g109193/Y                OR2X1LVT           1  4.2   47   +78   12227 R             
    mem_rdata_q_reg_27_/D    DFFX1LVT                          +0   12227               
    mem_rdata_q_reg_27_/CK   setup                        0   +50   12278 R             
- - - - - - - - - - - - - - - - - - - - - - - - - - - - - - - - - - - - - - - - - - - - 
(clock clk)                  capture                                16000 R             
                             uncertainty                     -250   15750 R             
----------------------------------------------------------------------------------------
Cost Group   : 'clk' (path_group 'clk')
Timing slack :    3472ps 
Start-point  : flash_io2
End-point    : soc/cpu/mem_rdata_q_reg_27_/D

path  66:

           Pin                  Type       Fanout Load Slew Delay Arrival   Location    
                                                  (fF) (ps)  (ps)   (ps)       (x,   y) 
----------------------------------------------------------------------------------------
(clock flash_clk)            launch                                     0 R             
(et4351.sdc_line_68_2_1)     ext delay                      +9000    9000 F             
flash_io2                    inout port         2 59.6    0    +0    9000 F             
flash_bufs_2_/io 
flash_bufs_2_/soc_i 
soc/flash_io2_di 
  g2850/A1                                                     +0    9000               
  g2850/Y                    AO22X1LVT          1  4.3   54  +126    9126 F             
  g2795/C0                                                     +0    9126               
  g2795/Y                    AOI221X1LVT        1  4.4  169  +115    9241 R             
  g2761/B                                                      +0    9241               
  g2761/Y                    NAND2X1LVT         2  6.3  158  +148    9388 F             
  cpu/mem_rdata[2] 
    g115757/A1N                                                +0    9388               
    g115757/Y                OAI2BB1X1LVT       2  6.5  151  +136    9524 F             
    g115232/A1                                                 +0    9524               
    g115232/Y                AOI22X1LVT         1  4.2  123  +117    9641 R             
    g114843/B0                                                 +0    9641               
    g114843/Y                OA21X1LVT          9 23.2  237  +212    9853 R             
    g114684/A                                                  +0    9853               
    g114684/Y                INVX1LVT           5 13.2  180  +174   10027 F             
    g113666/C                                                  +0   10027               
    g113666/Y                OR4X1LVT           5 13.2  157  +213   10241 F             
    g113264/B                                                  +0   10241               
    g113264/Y                NAND2X1LVT         2  7.0  106  +102   10342 R             
    g113094/B                                                  +0   10342               
    g113094/Y                NOR2X2LVT          5 12.8  116   +78   10421 F             
    g110639/B                                                  +0   10421               
    g110639/Y                OR4X1LVT           1  4.1   60  +152   10573 F             
    g110530/A1N                                                +0   10573               
    g110530/Y                AOI2BB1X1LVT       2  6.1   88   +87   10660 F             
    g110448/C0                                                 +0   10660               
    g110448/Y                AOI211XLLVT        1  4.2  240  +171   10831 R             
    g110387/A1                                                 +0   10831               
    g110387/Y                OA21X2LVT         13 33.2  179  +223   11054 R             
    g110366/A                                                  +0   11054               
    g110366/Y                INVX1LVT           5 13.2  171  +152   11206 F             
    g110293/A                                                  +0   11206               
    g110293/Y                AND2X1LVT          5 12.6  140  +134   11340 F             
    g110245/B                                                  +0   11340               
    g110245/Y                NAND2X1LVT         3  8.9  115  +106   11446 R             
    g109949/B                                                  +0   11446               
    g109949/Y                AND2X1LVT          2  6.7   73  +110   11556 R             
    g109462/D                                                  +0   11556               
    g109462/Y                NAND4BX1LVT        1  4.3  220  +156   11711 F             
    g109296/D                                                  +0   11711               
    g109296/Y                NOR4X1LVT          1  4.4  212  +186   11897 R             
    g109214/B1                                                 +0   11897               
    g109214/Y                AOI222X1LVT        1  4.3  161  +161   12059 F             
    g109203/C0                                                 +0   12059               
    g109203/Y                OAI221X1LVT        1  4.2  134   +89   12148 R             
    g109193/B                                                  +0   12148               
    g109193/Y                OR2X1LVT           1  4.2   47   +78   12226 R             
    mem_rdata_q_reg_27_/D    DFFX1LVT                          +0   12226               
    mem_rdata_q_reg_27_/CK   setup                        0   +50   12277 R             
- - - - - - - - - - - - - - - - - - - - - - - - - - - - - - - - - - - - - - - - - - - - 
(clock clk)                  capture                                16000 R             
                             uncertainty                     -250   15750 R             
----------------------------------------------------------------------------------------
Cost Group   : 'clk' (path_group 'clk')
Timing slack :    3473ps 
Start-point  : flash_io2
End-point    : soc/cpu/mem_rdata_q_reg_27_/D

path  67:

           Pin                  Type       Fanout Load Slew Delay Arrival   Location    
                                                  (fF) (ps)  (ps)   (ps)       (x,   y) 
----------------------------------------------------------------------------------------
(clock flash_clk)            launch                                     0 R             
(et4351.sdc_line_68_2_1)     ext delay                      +9000    9000 F             
flash_io2                    inout port         2 59.6    0    +0    9000 F             
flash_bufs_2_/io 
flash_bufs_2_/soc_i 
soc/flash_io2_di 
  g2850/A1                                                     +0    9000               
  g2850/Y                    AO22X1LVT          1  4.3   54  +126    9126 F             
  g2795/C0                                                     +0    9126               
  g2795/Y                    AOI221X1LVT        1  4.4  169  +115    9241 R             
  g2761/B                                                      +0    9241               
  g2761/Y                    NAND2X1LVT         2  6.3  158  +148    9388 F             
  cpu/mem_rdata[2] 
    g115757/A1N                                                +0    9388               
    g115757/Y                OAI2BB1X1LVT       2  6.5  151  +136    9524 F             
    g115232/A1                                                 +0    9524               
    g115232/Y                AOI22X1LVT         1  4.2  123  +117    9641 R             
    g114843/B0                                                 +0    9641               
    g114843/Y                OA21X1LVT          9 23.2  237  +212    9853 R             
    g114684/A                                                  +0    9853               
    g114684/Y                INVX1LVT           5 13.2  180  +174   10027 F             
    g113666/C                                                  +0   10027               
    g113666/Y                OR4X1LVT           5 13.2  157  +213   10241 F             
    g113277/B                                                  +0   10241               
    g113277/Y                NAND2X1LVT         4 10.9  156  +123   10364 R             
    g112960/A1N                                                +0   10364               
    g112960/Y                OAI2BB1X1LVT       1  4.4   71  +107   10470 R             
    g111313/A1                                                 +0   10470               
    g111313/Y                AOI21X1LVT         1  4.1  116   +94   10564 F             
    g110639/D                                                  +0   10564               
    g110639/Y                OR4X1LVT           1  4.1   60  +129   10693 F             
    g110530/A1N                                                +0   10693               
    g110530/Y                AOI2BB1X1LVT       2  6.1   88   +87   10780 F             
    g110448/C0                                                 +0   10780               
    g110448/Y                AOI211XLLVT        1  4.2  240  +171   10951 R             
    g110387/A1                                                 +0   10951               
    g110387/Y                OA21X2LVT         13 33.2  179  +223   11174 R             
    g110334/B                                                  +0   11174               
    g110334/Y                NOR2X2LVT          7 17.3  131  +116   11291 F             
    g110248/A                                                  +0   11291               
    g110248/Y                AND2X1LVT          4 11.5  128  +119   11409 F             
    g109952/B                                                  +0   11409               
    g109952/Y                NAND2X1LVT         3  9.1  115  +103   11512 R             
    g109655/B0                                                 +0   11512               
    g109655/Y                OAI2BB1X1LVT       2  6.5  152  +129   11641 F             
    g109416/A                                                  +0   11641               
    g109416/Y                NOR2X1LVT          1  4.4  118  +108   11749 R             
    g109325/C                                                  +0   11749               
    g109325/Y                NAND3X1LVT         1  4.3  165  +137   11886 F             
    g109241/C                                                  +0   11886               
    g109241/Y                NOR3BX1LVT         1  4.4  157  +141   12027 R             
    g109213/C0                                                 +0   12027               
    g109213/Y                AOI221X1LVT        1  4.3  142   +93   12120 F             
    g109202/C0                                                 +0   12120               
    g109202/Y                OAI221X1LVT        1  4.3  144   +83   12203 R             
    mem_rdata_q_reg_28_/D    DFFHQX1LVT                        +0   12203               
    mem_rdata_q_reg_28_/CK   setup                        0   +73   12276 R             
- - - - - - - - - - - - - - - - - - - - - - - - - - - - - - - - - - - - - - - - - - - - 
(clock clk)                  capture                                16000 R             
                             uncertainty                     -250   15750 R             
----------------------------------------------------------------------------------------
Cost Group   : 'clk' (path_group 'clk')
Timing slack :    3474ps 
Start-point  : flash_io2
End-point    : soc/cpu/mem_rdata_q_reg_28_/D

path  68:

           Pin                  Type       Fanout Load Slew Delay Arrival   Location    
                                                  (fF) (ps)  (ps)   (ps)       (x,   y) 
----------------------------------------------------------------------------------------
(clock flash_clk)            launch                                     0 R             
(et4351.sdc_line_68_3_1)     ext delay                      +9000    9000 F             
flash_io3                    inout port         2 59.8    0    +0    9000 F             
flash_bufs_3_/io 
flash_bufs_3_/soc_i 
soc/flash_io3_di 
  g2831/B1                                                     +0    9000               
  g2831/Y                    AOI22X1LVT         1  4.4  130  +125    9125 R             
  g2760/B                                                      +0    9125               
  g2760/Y                    NAND2X1LVT         2  6.3  154  +133    9258 F             
  cpu/mem_rdata[3] 
    g115760/A1N                                                +0    9258               
    g115760/Y                OAI2BB1X1LVT       2  6.5  151  +135    9393 F             
    g115233/A1                                                 +0    9393               
    g115233/Y                AOI22X1LVT         1  4.2  123  +117    9510 R             
    g114847/B0                                                 +0    9510               
    g114847/Y                OA21X1LVT          9 22.8  233  +210    9720 R             
    g114688/A                                                  +0    9720               
    g114688/Y                INVX1LVT           7 17.5  224  +198    9918 F             
    g113666/D                                                  +0    9918               
    g113666/Y                OR4X1LVT           5 13.2  157  +209   10127 F             
    g113281/B                                                  +0   10127               
    g113281/Y                NOR2X1LVT          3  8.9  194  +161   10288 R             
    g113197/A                                                  +0   10288               
    g113197/Y                INVX1LVT           7 17.3  217  +182   10470 F             
    g111313/A0                                                 +0   10470               
    g111313/Y                AOI21X1LVT         1  4.2  118  +133   10603 R             
    g110639/D                                                  +0   10603               
    g110639/Y                OR4X1LVT           1  4.2   48   +80   10683 R             
    g110530/A1N                                                +0   10683               
    g110530/Y                AOI2BB1X1LVT       2  6.3  140  +104   10787 R             
    g110448/C0                                                 +0   10787               
    g110448/Y                AOI211XLLVT        1  4.1  203  +112   10899 F             
    g110387/A1                                                 +0   10899               
    g110387/Y                OA21X2LVT         13 31.8  185  +213   11112 F             
    g110334/B                                                  +0   11112               
    g110334/Y                NOR2X2LVT          7 18.0  206  +165   11276 R             
    g110248/A                                                  +0   11276               
    g110248/Y                AND2X1LVT          4 12.0  126  +160   11437 R             
    g109952/B                                                  +0   11437               
    g109952/Y                NAND2X1LVT         3  8.8  204  +161   11597 F             
    g109655/B0                                                 +0   11597               
    g109655/Y                OAI2BB1X1LVT       2  6.7  105  +120   11717 R             
    g109416/A                                                  +0   11717               
    g109416/Y                NOR2X1LVT          1  4.3   69   +75   11792 F             
    g109325/C                                                  +0   11792               
    g109325/Y                NAND3X1LVT         1  4.4   87   +56   11848 R             
    g109241/C                                                  +0   11848               
    g109241/Y                NOR3BX1LVT         1  4.3   82   +65   11914 F             
    g109213/C0                                                 +0   11914               
    g109213/Y                AOI221X1LVT        1  4.4  166  +124   12038 R             
    g109202/C0                                                 +0   12038               
    g109202/Y                OAI221X1LVT        1  4.2  190  +177   12215 F             
    mem_rdata_q_reg_28_/D    DFFHQX1LVT                        +0   12215               
    mem_rdata_q_reg_28_/CK   setup                        0   +61   12275 R             
- - - - - - - - - - - - - - - - - - - - - - - - - - - - - - - - - - - - - - - - - - - - 
(clock clk)                  capture                                16000 R             
                             uncertainty                     -250   15750 R             
----------------------------------------------------------------------------------------
Cost Group   : 'clk' (path_group 'clk')
Timing slack :    3475ps 
Start-point  : flash_io3
End-point    : soc/cpu/mem_rdata_q_reg_28_/D

path  69:

           Pin                  Type       Fanout Load Slew Delay Arrival   Location    
                                                  (fF) (ps)  (ps)   (ps)       (x,   y) 
----------------------------------------------------------------------------------------
(clock flash_clk)            launch                                     0 R             
(et4351.sdc_line_68_3_1)     ext delay                      +9000    9000 F             
flash_io3                    inout port         2 59.8    0    +0    9000 F             
flash_bufs_3_/io 
flash_bufs_3_/soc_i 
soc/flash_io3_di 
  g2831/B1                                                     +0    9000               
  g2831/Y                    AOI22X1LVT         1  4.4  130  +125    9125 R             
  g2760/B                                                      +0    9125               
  g2760/Y                    NAND2X1LVT         2  6.3  154  +133    9258 F             
  cpu/mem_rdata[3] 
    g115760/A1N                                                +0    9258               
    g115760/Y                OAI2BB1X1LVT       2  6.5  151  +135    9393 F             
    g115233/A1                                                 +0    9393               
    g115233/Y                AOI22X1LVT         1  4.2  123  +117    9510 R             
    g114847/B0                                                 +0    9510               
    g114847/Y                OA21X1LVT          9 22.8  233  +210    9720 R             
    g114688/A                                                  +0    9720               
    g114688/Y                INVX1LVT           7 17.5  224  +198    9918 F             
    g113666/D                                                  +0    9918               
    g113666/Y                OR4X1LVT           5 13.2  157  +209   10127 F             
    g113281/B                                                  +0   10127               
    g113281/Y                NOR2X1LVT          3  8.9  194  +161   10288 R             
    g113197/A                                                  +0   10288               
    g113197/Y                INVX1LVT           7 17.3  217  +182   10470 F             
    g111313/A0                                                 +0   10470               
    g111313/Y                AOI21X1LVT         1  4.2  118  +133   10603 R             
    g110639/D                                                  +0   10603               
    g110639/Y                OR4X1LVT           1  4.2   48   +80   10683 R             
    g110530/A1N                                                +0   10683               
    g110530/Y                AOI2BB1X1LVT       2  6.3  140  +104   10787 R             
    g110448/C0                                                 +0   10787               
    g110448/Y                AOI211XLLVT        1  4.1  203  +112   10899 F             
    g110387/A1                                                 +0   10899               
    g110387/Y                OA21X2LVT         13 31.8  185  +213   11112 F             
    g110366/A                                                  +0   11112               
    g110366/Y                INVX1LVT           5 13.7  167  +147   11259 R             
    g110293/A                                                  +0   11259               
    g110293/Y                AND2X1LVT          5 13.1  137  +156   11415 R             
    g110245/B                                                  +0   11415               
    g110245/Y                NAND2X1LVT         3  8.6  201  +162   11577 F             
    g109949/B                                                  +0   11577               
    g109949/Y                AND2X1LVT          2  6.5   75  +110   11687 F             
    g109462/D                                                  +0   11687               
    g109462/Y                NAND4BX1LVT        1  4.4   87   +60   11747 R             
    g109296/D                                                  +0   11747               
    g109296/Y                NOR4X1LVT          1  4.3   80   +66   11813 F             
    g109214/B1                                                 +0   11813               
    g109214/Y                AOI222X1LVT        1  4.4  187  +142   11955 R             
    g109203/C0                                                 +0   11955               
    g109203/Y                OAI221X1LVT        1  4.1  188  +182   12137 F             
    g109193/B                                                  +0   12137               
    g109193/Y                OR2X1LVT           1  4.1   51  +103   12240 F             
    mem_rdata_q_reg_27_/D    DFFX1LVT                          +0   12240               
    mem_rdata_q_reg_27_/CK   setup                        0   +34   12274 R             
- - - - - - - - - - - - - - - - - - - - - - - - - - - - - - - - - - - - - - - - - - - - 
(clock clk)                  capture                                16000 R             
                             uncertainty                     -250   15750 R             
----------------------------------------------------------------------------------------
Cost Group   : 'clk' (path_group 'clk')
Timing slack :    3476ps 
Start-point  : flash_io3
End-point    : soc/cpu/mem_rdata_q_reg_27_/D

path  70:

           Pin                  Type       Fanout Load Slew Delay Arrival   Location    
                                                  (fF) (ps)  (ps)   (ps)       (x,   y) 
----------------------------------------------------------------------------------------
(clock flash_clk)            launch                                     0 R             
(et4351.sdc_line_68_3_1)     ext delay                      +9000    9000 F             
flash_io3                    inout port         2 59.8    0    +0    9000 F             
flash_bufs_3_/io 
flash_bufs_3_/soc_i 
soc/flash_io3_di 
  g2831/B1                                                     +0    9000               
  g2831/Y                    AOI22X1LVT         1  4.4  130  +125    9125 R             
  g2760/B                                                      +0    9125               
  g2760/Y                    NAND2X1LVT         2  6.3  154  +133    9258 F             
  cpu/mem_rdata[3] 
    g115760/A1N                                                +0    9258               
    g115760/Y                OAI2BB1X1LVT       2  6.5  151  +135    9393 F             
    g115233/A1                                                 +0    9393               
    g115233/Y                AOI22X1LVT         1  4.2  123  +117    9510 R             
    g114847/B0                                                 +0    9510               
    g114847/Y                OA21X1LVT          9 22.8  233  +210    9720 R             
    g114688/A                                                  +0    9720               
    g114688/Y                INVX1LVT           7 17.5  224  +198    9918 F             
    g113666/D                                                  +0    9918               
    g113666/Y                OR4X1LVT           5 13.2  157  +209   10127 F             
    g113281/B                                                  +0   10127               
    g113281/Y                NOR2X1LVT          3  8.9  194  +161   10288 R             
    g113197/A                                                  +0   10288               
    g113197/Y                INVX1LVT           7 17.3  217  +182   10470 F             
    g111313/A0                                                 +0   10470               
    g111313/Y                AOI21X1LVT         1  4.2  118  +133   10603 R             
    g110639/D                                                  +0   10603               
    g110639/Y                OR4X1LVT           1  4.2   48   +80   10683 R             
    g110530/A1N                                                +0   10683               
    g110530/Y                AOI2BB1X1LVT       2  6.3  140  +104   10787 R             
    g110448/C0                                                 +0   10787               
    g110448/Y                AOI211XLLVT        1  4.1  203  +112   10899 F             
    g110387/A1                                                 +0   10899               
    g110387/Y                OA21X2LVT         13 31.8  185  +213   11112 F             
    g110334/B                                                  +0   11112               
    g110334/Y                NOR2X2LVT          7 18.0  206  +165   11276 R             
    g110248/A                                                  +0   11276               
    g110248/Y                AND2X1LVT          4 12.0  126  +160   11437 R             
    g109952/B                                                  +0   11437               
    g109952/Y                NAND2X1LVT         3  8.8  204  +161   11597 F             
    g109666/B0                                                 +0   11597               
    g109666/Y                OAI2BB1X1LVT       4 11.1  148  +144   11741 R             
    g109295/C                                                  +0   11741               
    g109295/Y                NOR4X1LVT          1  4.3   88   +94   11835 F             
    g109223/C0                                                 +0   11835               
    g109223/Y                AOI221X1LVT        1  4.4  168  +127   11962 R             
    g109212/C0                                                 +0   11962               
    g109212/Y                OAI221X1LVT        1  4.1  187  +176   12137 F             
    g109197/B                                                  +0   12137               
    g109197/Y                OR2X1LVT           1  4.1   51  +103   12240 F             
    mem_rdata_q_reg_26_/D    DFFX1LVT                          +0   12240               
    mem_rdata_q_reg_26_/CK   setup                        0   +34   12274 R             
- - - - - - - - - - - - - - - - - - - - - - - - - - - - - - - - - - - - - - - - - - - - 
(clock clk)                  capture                                16000 R             
                             uncertainty                     -250   15750 R             
----------------------------------------------------------------------------------------
Cost Group   : 'clk' (path_group 'clk')
Timing slack :    3476ps 
Start-point  : flash_io3
End-point    : soc/cpu/mem_rdata_q_reg_26_/D

path  71:

           Pin                  Type       Fanout Load Slew Delay Arrival   Location    
                                                  (fF) (ps)  (ps)   (ps)       (x,   y) 
----------------------------------------------------------------------------------------
(clock flash_clk)            launch                                     0 R             
(et4351.sdc_line_68_2_1)     ext delay                      +9000    9000 R             
flash_io2                    inout port         2 59.7    0    +0    9000 R             
flash_bufs_2_/io 
flash_bufs_2_/soc_i 
soc/flash_io2_di 
  g2850/A1                                                     +0    9000               
  g2850/Y                    AO22X1LVT          1  4.4   53  +139    9139 R             
  g2795/C0                                                     +0    9139               
  g2795/Y                    AOI221X1LVT        1  4.3  145   +53    9192 F             
  g2761/B                                                      +0    9192               
  g2761/Y                    NAND2X1LVT         2  6.5   93   +94    9286 R             
  cpu/mem_rdata[2] 
    g115757/A1N                                                +0    9286               
    g115757/Y                OAI2BB1X1LVT       2  6.7   98  +102    9389 R             
    g115232/A1                                                 +0    9389               
    g115232/Y                AOI22X1LVT         1  4.1  132  +113    9502 F             
    g114843/B0                                                 +0    9502               
    g114843/Y                OA21X1LVT          9 22.3  247  +190    9692 F             
    g114684/A                                                  +0    9692               
    g114684/Y                INVX1LVT           5 13.7  177  +170    9862 R             
    g113666/C                                                  +0    9862               
    g113666/Y                OR4X1LVT           5 13.7  142  +156   10019 R             
    g113281/B                                                  +0   10019               
    g113281/Y                NOR2X1LVT          3  8.6  127  +111   10130 F             
    g113197/A                                                  +0   10130               
    g113197/Y                INVX1LVT           7 18.0  200  +150   10280 R             
    g111313/A0                                                 +0   10280               
    g111313/Y                AOI21X1LVT         1  4.1  116  +138   10418 F             
    g110639/D                                                  +0   10418               
    g110639/Y                OR4X1LVT           1  4.1   60  +129   10547 F             
    g110530/A1N                                                +0   10547               
    g110530/Y                AOI2BB1X1LVT       2  6.1   88   +87   10634 F             
    g110448/C0                                                 +0   10634               
    g110448/Y                AOI211XLLVT        1  4.2  240  +171   10805 R             
    g110387/A1                                                 +0   10805               
    g110387/Y                OA21X2LVT         13 33.2  179  +223   11028 R             
    g110334/B                                                  +0   11028               
    g110334/Y                NOR2X2LVT          7 17.3  131  +116   11144 F             
    g110248/A                                                  +0   11144               
    g110248/Y                AND2X1LVT          4 11.5  128  +119   11263 F             
    g109953/B0                                                 +0   11263               
    g109953/Y                OAI31X2LVT         3  9.1  168   +70   11333 R             
    g109659/B0                                                 +0   11333               
    g109659/Y                OAI2BB1X1LVT       3  8.6  198  +172   11505 F             
    g109462/AN                                                 +0   11505               
    g109462/Y                NAND4BX1LVT        1  4.3  220  +202   11706 F             
    g109296/D                                                  +0   11706               
    g109296/Y                NOR4X1LVT          1  4.4  212  +186   11893 R             
    g109214/B1                                                 +0   11893               
    g109214/Y                AOI222X1LVT        1  4.3  161  +161   12054 F             
    g109203/C0                                                 +0   12054               
    g109203/Y                OAI221X1LVT        1  4.2  134   +89   12143 R             
    g109193/B                                                  +0   12143               
    g109193/Y                OR2X1LVT           1  4.2   47   +78   12222 R             
    mem_rdata_q_reg_27_/D    DFFX1LVT                          +0   12222               
    mem_rdata_q_reg_27_/CK   setup                        0   +50   12272 R             
- - - - - - - - - - - - - - - - - - - - - - - - - - - - - - - - - - - - - - - - - - - - 
(clock clk)                  capture                                16000 R             
                             uncertainty                     -250   15750 R             
----------------------------------------------------------------------------------------
Cost Group   : 'clk' (path_group 'clk')
Timing slack :    3478ps 
Start-point  : flash_io2
End-point    : soc/cpu/mem_rdata_q_reg_27_/D

path  72:

           Pin                  Type       Fanout Load Slew Delay Arrival   Location    
                                                  (fF) (ps)  (ps)   (ps)       (x,   y) 
----------------------------------------------------------------------------------------
(clock flash_clk)            launch                                     0 R             
(et4351.sdc_line_68_2_1)     ext delay                      +9000    9000 F             
flash_io2                    inout port         2 59.6    0    +0    9000 F             
flash_bufs_2_/io 
flash_bufs_2_/soc_i 
soc/flash_io2_di 
  g2850/A1                                                     +0    9000               
  g2850/Y                    AO22X1LVT          1  4.3   54  +126    9126 F             
  g2795/C0                                                     +0    9126               
  g2795/Y                    AOI221X1LVT        1  4.4  169  +115    9241 R             
  g2761/B                                                      +0    9241               
  g2761/Y                    NAND2X1LVT         2  6.3  158  +148    9388 F             
  cpu/mem_rdata[2] 
    g115757/A1N                                                +0    9388               
    g115757/Y                OAI2BB1X1LVT       2  6.5  151  +136    9524 F             
    g115232/A1                                                 +0    9524               
    g115232/Y                AOI22X1LVT         1  4.2  123  +117    9641 R             
    g114843/B0                                                 +0    9641               
    g114843/Y                OA21X1LVT          9 23.2  237  +212    9853 R             
    g114684/A                                                  +0    9853               
    g114684/Y                INVX1LVT           5 13.2  180  +174   10027 F             
    g113666/C                                                  +0   10027               
    g113666/Y                OR4X1LVT           5 13.2  157  +213   10241 F             
    g113281/B                                                  +0   10241               
    g113281/Y                NOR2X1LVT          3  8.9  194  +161   10402 R             
    g113197/A                                                  +0   10402               
    g113197/Y                INVX1LVT           7 17.3  217  +182   10584 F             
    g111313/A0                                                 +0   10584               
    g111313/Y                AOI21X1LVT         1  4.2  118  +133   10716 R             
    g110639/D                                                  +0   10716               
    g110639/Y                OR4X1LVT           1  4.2   48   +80   10796 R             
    g110530/A1N                                                +0   10796               
    g110530/Y                AOI2BB1X1LVT       2  6.3  140  +104   10900 R             
    g110448/C0                                                 +0   10900               
    g110448/Y                AOI211XLLVT        1  4.1  203  +112   11012 F             
    g110387/A1                                                 +0   11012               
    g110387/Y                OA21X2LVT         13 31.8  185  +213   11225 F             
    g110334/B                                                  +0   11225               
    g110334/Y                NOR2X2LVT          7 18.0  206  +165   11390 R             
    g110247/B                                                  +0   11390               
    g110247/Y                NAND2X1LVT         3  8.6  209  +188   11578 F             
    g109949/A                                                  +0   11578               
    g109949/Y                AND2X1LVT          2  6.5   75  +106   11684 F             
    g109462/D                                                  +0   11684               
    g109462/Y                NAND4BX1LVT        1  4.4   87   +60   11744 R             
    g109296/D                                                  +0   11744               
    g109296/Y                NOR4X1LVT          1  4.3   80   +66   11810 F             
    g109214/B1                                                 +0   11810               
    g109214/Y                AOI222X1LVT        1  4.4  187  +142   11951 R             
    g109203/C0                                                 +0   11951               
    g109203/Y                OAI221X1LVT        1  4.1  188  +182   12134 F             
    g109193/B                                                  +0   12134               
    g109193/Y                OR2X1LVT           1  4.1   51  +103   12237 F             
    mem_rdata_q_reg_27_/D    DFFX1LVT                          +0   12237               
    mem_rdata_q_reg_27_/CK   setup                        0   +34   12271 R             
- - - - - - - - - - - - - - - - - - - - - - - - - - - - - - - - - - - - - - - - - - - - 
(clock clk)                  capture                                16000 R             
                             uncertainty                     -250   15750 R             
----------------------------------------------------------------------------------------
Cost Group   : 'clk' (path_group 'clk')
Timing slack :    3479ps 
Start-point  : flash_io2
End-point    : soc/cpu/mem_rdata_q_reg_27_/D

path  73:

           Pin                  Type       Fanout Load Slew Delay Arrival   Location    
                                                  (fF) (ps)  (ps)   (ps)       (x,   y) 
----------------------------------------------------------------------------------------
(clock flash_clk)            launch                                     0 R             
(et4351.sdc_line_68_3_1)     ext delay                      +9000    9000 F             
flash_io3                    inout port         2 59.8    0    +0    9000 F             
flash_bufs_3_/io 
flash_bufs_3_/soc_i 
soc/flash_io3_di 
  g2831/B1                                                     +0    9000               
  g2831/Y                    AOI22X1LVT         1  4.4  130  +125    9125 R             
  g2760/B                                                      +0    9125               
  g2760/Y                    NAND2X1LVT         2  6.3  154  +133    9258 F             
  cpu/mem_rdata[3] 
    g115760/A1N                                                +0    9258               
    g115760/Y                OAI2BB1X1LVT       2  6.5  151  +135    9393 F             
    g115233/A1                                                 +0    9393               
    g115233/Y                AOI22X1LVT         1  4.2  123  +117    9510 R             
    g114847/B0                                                 +0    9510               
    g114847/Y                OA21X1LVT          9 22.8  233  +210    9720 R             
    g114688/A                                                  +0    9720               
    g114688/Y                INVX1LVT           7 17.5  224  +198    9918 F             
    g113666/D                                                  +0    9918               
    g113666/Y                OR4X1LVT           5 13.2  157  +209   10127 F             
    g113277/B                                                  +0   10127               
    g113277/Y                NAND2X1LVT         4 10.9  156  +123   10250 R             
    g112960/A1N                                                +0   10250               
    g112960/Y                OAI2BB1X1LVT       1  4.4   71  +107   10357 R             
    g111313/A1                                                 +0   10357               
    g111313/Y                AOI21X1LVT         1  4.1  116   +94   10451 F             
    g110639/D                                                  +0   10451               
    g110639/Y                OR4X1LVT           1  4.1   60  +129   10580 F             
    g110530/A1N                                                +0   10580               
    g110530/Y                AOI2BB1X1LVT       2  6.1   88   +87   10667 F             
    g110448/C0                                                 +0   10667               
    g110448/Y                AOI211XLLVT        1  4.2  240  +171   10838 R             
    g110387/A1                                                 +0   10838               
    g110387/Y                OA21X2LVT         13 33.2  179  +223   11061 R             
    g110366/A                                                  +0   11061               
    g110366/Y                INVX1LVT           5 13.2  171  +152   11213 F             
    g110293/A                                                  +0   11213               
    g110293/Y                AND2X1LVT          5 12.6  140  +134   11346 F             
    g109659/A1N                                                +0   11346               
    g109659/Y                OAI2BB1X1LVT       3  8.6  198  +157   11503 F             
    g109462/AN                                                 +0   11503               
    g109462/Y                NAND4BX1LVT        1  4.3  220  +202   11705 F             
    g109296/D                                                  +0   11705               
    g109296/Y                NOR4X1LVT          1  4.4  212  +186   11891 R             
    g109214/B1                                                 +0   11891               
    g109214/Y                AOI222X1LVT        1  4.3  161  +161   12052 F             
    g109203/C0                                                 +0   12052               
    g109203/Y                OAI221X1LVT        1  4.2  134   +89   12142 R             
    g109193/B                                                  +0   12142               
    g109193/Y                OR2X1LVT           1  4.2   47   +78   12220 R             
    mem_rdata_q_reg_27_/D    DFFX1LVT                          +0   12220               
    mem_rdata_q_reg_27_/CK   setup                        0   +50   12271 R             
- - - - - - - - - - - - - - - - - - - - - - - - - - - - - - - - - - - - - - - - - - - - 
(clock clk)                  capture                                16000 R             
                             uncertainty                     -250   15750 R             
----------------------------------------------------------------------------------------
Cost Group   : 'clk' (path_group 'clk')
Timing slack :    3479ps 
Start-point  : flash_io3
End-point    : soc/cpu/mem_rdata_q_reg_27_/D

path  74:

           Pin                  Type       Fanout Load Slew Delay Arrival   Location    
                                                  (fF) (ps)  (ps)   (ps)       (x,   y) 
----------------------------------------------------------------------------------------
(clock flash_clk)            launch                                     0 R             
(et4351.sdc_line_68_3_1)     ext delay                      +9000    9000 F             
flash_io3                    inout port         2 59.8    0    +0    9000 F             
flash_bufs_3_/io 
flash_bufs_3_/soc_i 
soc/flash_io3_di 
  g2831/B1                                                     +0    9000               
  g2831/Y                    AOI22X1LVT         1  4.4  130  +125    9125 R             
  g2760/B                                                      +0    9125               
  g2760/Y                    NAND2X1LVT         2  6.3  154  +133    9258 F             
  cpu/mem_rdata[3] 
    g115760/A1N                                                +0    9258               
    g115760/Y                OAI2BB1X1LVT       2  6.5  151  +135    9393 F             
    g115233/A1                                                 +0    9393               
    g115233/Y                AOI22X1LVT         1  4.2  123  +117    9510 R             
    g114847/B0                                                 +0    9510               
    g114847/Y                OA21X1LVT          9 22.8  233  +210    9720 R             
    g114688/A                                                  +0    9720               
    g114688/Y                INVX1LVT           7 17.5  224  +198    9918 F             
    g113666/D                                                  +0    9918               
    g113666/Y                OR4X1LVT           5 13.2  157  +209   10127 F             
    g113281/B                                                  +0   10127               
    g113281/Y                NOR2X1LVT          3  8.9  194  +161   10288 R             
    g113197/A                                                  +0   10288               
    g113197/Y                INVX1LVT           7 17.3  217  +182   10470 F             
    g111313/A0                                                 +0   10470               
    g111313/Y                AOI21X1LVT         1  4.2  118  +133   10603 R             
    g110639/D                                                  +0   10603               
    g110639/Y                OR4X1LVT           1  4.2   48   +80   10683 R             
    g110530/A1N                                                +0   10683               
    g110530/Y                AOI2BB1X1LVT       2  6.3  140  +104   10787 R             
    g110448/C0                                                 +0   10787               
    g110448/Y                AOI211XLLVT        1  4.1  203  +112   10899 F             
    g110387/A1                                                 +0   10899               
    g110387/Y                OA21X2LVT         13 31.8  185  +213   11112 F             
    g110334/B                                                  +0   11112               
    g110334/Y                NOR2X2LVT          7 18.0  206  +165   11276 R             
    g110248/A                                                  +0   11276               
    g110248/Y                AND2X1LVT          4 12.0  126  +160   11437 R             
    g109953/B0                                                 +0   11437               
    g109953/Y                OAI31X2LVT         3  8.8  130  +120   11556 F             
    g109659/B0                                                 +0   11556               
    g109659/Y                OAI2BB1X1LVT       3  8.9  115  +104   11660 R             
    g109462/AN                                                 +0   11660               
    g109462/Y                NAND4BX1LVT        1  4.4   87   +80   11741 R             
    g109296/D                                                  +0   11741               
    g109296/Y                NOR4X1LVT          1  4.3   80   +66   11807 F             
    g109214/B1                                                 +0   11807               
    g109214/Y                AOI222X1LVT        1  4.4  187  +142   11949 R             
    g109203/C0                                                 +0   11949               
    g109203/Y                OAI221X1LVT        1  4.1  188  +182   12131 F             
    g109193/B                                                  +0   12131               
    g109193/Y                OR2X1LVT           1  4.1   51  +103   12234 F             
    mem_rdata_q_reg_27_/D    DFFX1LVT                          +0   12234               
    mem_rdata_q_reg_27_/CK   setup                        0   +34   12268 R             
- - - - - - - - - - - - - - - - - - - - - - - - - - - - - - - - - - - - - - - - - - - - 
(clock clk)                  capture                                16000 R             
                             uncertainty                     -250   15750 R             
----------------------------------------------------------------------------------------
Cost Group   : 'clk' (path_group 'clk')
Timing slack :    3482ps 
Start-point  : flash_io3
End-point    : soc/cpu/mem_rdata_q_reg_27_/D

path  75:

           Pin                  Type       Fanout Load Slew Delay Arrival   Location    
                                                  (fF) (ps)  (ps)   (ps)       (x,   y) 
----------------------------------------------------------------------------------------
(clock flash_clk)            launch                                     0 R             
(et4351.sdc_line_68_2_1)     ext delay                      +9000    9000 F             
flash_io2                    inout port         2 59.6    0    +0    9000 F             
flash_bufs_2_/io 
flash_bufs_2_/soc_i 
soc/flash_io2_di 
  g2850/A1                                                     +0    9000               
  g2850/Y                    AO22X1LVT          1  4.3   54  +126    9126 F             
  g2795/C0                                                     +0    9126               
  g2795/Y                    AOI221X1LVT        1  4.4  169  +115    9241 R             
  g2761/B                                                      +0    9241               
  g2761/Y                    NAND2X1LVT         2  6.3  158  +148    9388 F             
  cpu/mem_rdata[2] 
    g115757/A1N                                                +0    9388               
    g115757/Y                OAI2BB1X1LVT       2  6.5  151  +136    9524 F             
    g115232/A1                                                 +0    9524               
    g115232/Y                AOI22X1LVT         1  4.2  123  +117    9641 R             
    g114843/B0                                                 +0    9641               
    g114843/Y                OA21X1LVT          9 23.2  237  +212    9853 R             
    g114684/A                                                  +0    9853               
    g114684/Y                INVX1LVT           5 13.2  180  +174   10027 F             
    g113666/C                                                  +0   10027               
    g113666/Y                OR4X1LVT           5 13.2  157  +213   10241 F             
    g113277/B                                                  +0   10241               
    g113277/Y                NAND2X1LVT         4 10.9  156  +123   10364 R             
    g112960/A1N                                                +0   10364               
    g112960/Y                OAI2BB1X1LVT       1  4.4   71  +107   10470 R             
    g111313/A1                                                 +0   10470               
    g111313/Y                AOI21X1LVT         1  4.1  116   +94   10564 F             
    g110639/D                                                  +0   10564               
    g110639/Y                OR4X1LVT           1  4.1   60  +129   10693 F             
    g110530/A1N                                                +0   10693               
    g110530/Y                AOI2BB1X1LVT       2  6.1   88   +87   10780 F             
    g110448/C0                                                 +0   10780               
    g110448/Y                AOI211XLLVT        1  4.2  240  +171   10951 R             
    g110387/A1                                                 +0   10951               
    g110387/Y                OA21X2LVT         13 33.2  179  +223   11174 R             
    g110334/B                                                  +0   11174               
    g110334/Y                NOR2X2LVT          7 17.3  131  +116   11291 F             
    g110248/A                                                  +0   11291               
    g110248/Y                AND2X1LVT          4 11.5  128  +119   11409 F             
    g109952/B                                                  +0   11409               
    g109952/Y                NAND2X1LVT         3  9.1  115  +103   11512 R             
    g109666/B0                                                 +0   11512               
    g109666/Y                OAI2BB1X1LVT       4 10.7  238  +178   11690 F             
    g109296/C                                                  +0   11690               
    g109296/Y                NOR4X1LVT          1  4.4  212  +198   11888 R             
    g109214/B1                                                 +0   11888               
    g109214/Y                AOI222X1LVT        1  4.3  161  +161   12050 F             
    g109203/C0                                                 +0   12050               
    g109203/Y                OAI221X1LVT        1  4.2  134   +89   12139 R             
    g109193/B                                                  +0   12139               
    g109193/Y                OR2X1LVT           1  4.2   47   +78   12217 R             
    mem_rdata_q_reg_27_/D    DFFX1LVT                          +0   12217               
    mem_rdata_q_reg_27_/CK   setup                        0   +50   12268 R             
- - - - - - - - - - - - - - - - - - - - - - - - - - - - - - - - - - - - - - - - - - - - 
(clock clk)                  capture                                16000 R             
                             uncertainty                     -250   15750 R             
----------------------------------------------------------------------------------------
Cost Group   : 'clk' (path_group 'clk')
Timing slack :    3482ps 
Start-point  : flash_io2
End-point    : soc/cpu/mem_rdata_q_reg_27_/D

path  76:

           Pin                  Type       Fanout Load Slew Delay Arrival   Location    
                                                  (fF) (ps)  (ps)   (ps)       (x,   y) 
----------------------------------------------------------------------------------------
(clock flash_clk)            launch                                     0 R             
(et4351.sdc_line_68_2_1)     ext delay                      +9000    9000 F             
flash_io2                    inout port         2 59.6    0    +0    9000 F             
flash_bufs_2_/io 
flash_bufs_2_/soc_i 
soc/flash_io2_di 
  g2850/A1                                                     +0    9000               
  g2850/Y                    AO22X1LVT          1  4.3   54  +126    9126 F             
  g2795/C0                                                     +0    9126               
  g2795/Y                    AOI221X1LVT        1  4.4  169  +115    9241 R             
  g2761/B                                                      +0    9241               
  g2761/Y                    NAND2X1LVT         2  6.3  158  +148    9388 F             
  cpu/mem_rdata[2] 
    g115757/A1N                                                +0    9388               
    g115757/Y                OAI2BB1X1LVT       2  6.5  151  +136    9524 F             
    g115232/A1                                                 +0    9524               
    g115232/Y                AOI22X1LVT         1  4.2  123  +117    9641 R             
    g114843/B0                                                 +0    9641               
    g114843/Y                OA21X1LVT          9 23.2  237  +212    9853 R             
    g114684/A                                                  +0    9853               
    g114684/Y                INVX1LVT           5 13.2  180  +174   10027 F             
    g113666/C                                                  +0   10027               
    g113666/Y                OR4X1LVT           5 13.2  157  +213   10241 F             
    g113281/B                                                  +0   10241               
    g113281/Y                NOR2X1LVT          3  8.9  194  +161   10402 R             
    g113197/A                                                  +0   10402               
    g113197/Y                INVX1LVT           7 17.3  217  +182   10584 F             
    g111313/A0                                                 +0   10584               
    g111313/Y                AOI21X1LVT         1  4.2  118  +133   10716 R             
    g110639/D                                                  +0   10716               
    g110639/Y                OR4X1LVT           1  4.2   48   +80   10796 R             
    g110530/A1N                                                +0   10796               
    g110530/Y                AOI2BB1X1LVT       2  6.3  140  +104   10900 R             
    g110448/C0                                                 +0   10900               
    g110448/Y                AOI211XLLVT        1  4.1  203  +112   11012 F             
    g110387/A1                                                 +0   11012               
    g110387/Y                OA21X2LVT         13 31.8  185  +213   11225 F             
    g110331/B                                                  +0   11225               
    g110331/Y                NOR2X1LVT          2  6.7  156  +147   11372 R             
    g110316/A                                                  +0   11372               
    g110316/Y                INVX1LVT           2  6.1   92  +100   11472 F             
    g110250/B                                                  +0   11472               
    g110250/Y                OR2X1LVT           4 10.9  124  +121   11594 F             
    g109956/B0                                                 +0   11594               
    g109956/Y                OAI2BB1X1LVT       4 11.5  139  +116   11710 R             
    g109296/B                                                  +0   11710               
    g109296/Y                NOR4X1LVT          1  4.3   80   +94   11804 F             
    g109214/B1                                                 +0   11804               
    g109214/Y                AOI222X1LVT        1  4.4  187  +142   11945 R             
    g109203/C0                                                 +0   11945               
    g109203/Y                OAI221X1LVT        1  4.1  188  +182   12128 F             
    g109193/B                                                  +0   12128               
    g109193/Y                OR2X1LVT           1  4.1   51  +103   12231 F             
    mem_rdata_q_reg_27_/D    DFFX1LVT                          +0   12231               
    mem_rdata_q_reg_27_/CK   setup                        0   +34   12265 R             
- - - - - - - - - - - - - - - - - - - - - - - - - - - - - - - - - - - - - - - - - - - - 
(clock clk)                  capture                                16000 R             
                             uncertainty                     -250   15750 R             
----------------------------------------------------------------------------------------
Cost Group   : 'clk' (path_group 'clk')
Timing slack :    3485ps 
Start-point  : flash_io2
End-point    : soc/cpu/mem_rdata_q_reg_27_/D

path  77:

           Pin                  Type       Fanout Load Slew Delay Arrival   Location    
                                                  (fF) (ps)  (ps)   (ps)       (x,   y) 
----------------------------------------------------------------------------------------
(clock flash_clk)            launch                                     0 R             
(et4351.sdc_line_68_2_1)     ext delay                      +9000    9000 F             
flash_io2                    inout port         2 59.6    0    +0    9000 F             
flash_bufs_2_/io 
flash_bufs_2_/soc_i 
soc/flash_io2_di 
  g2850/A1                                                     +0    9000               
  g2850/Y                    AO22X1LVT          1  4.3   54  +126    9126 F             
  g2795/C0                                                     +0    9126               
  g2795/Y                    AOI221X1LVT        1  4.4  169  +115    9241 R             
  g2761/B                                                      +0    9241               
  g2761/Y                    NAND2X1LVT         2  6.3  158  +148    9388 F             
  cpu/mem_rdata[2] 
    g115757/A1N                                                +0    9388               
    g115757/Y                OAI2BB1X1LVT       2  6.5  151  +136    9524 F             
    g115232/A1                                                 +0    9524               
    g115232/Y                AOI22X1LVT         1  4.2  123  +117    9641 R             
    g114843/B0                                                 +0    9641               
    g114843/Y                OA21X1LVT          9 23.2  237  +212    9853 R             
    g114684/A                                                  +0    9853               
    g114684/Y                INVX1LVT           5 13.2  180  +174   10027 F             
    g113666/C                                                  +0   10027               
    g113666/Y                OR4X1LVT           5 13.2  157  +213   10241 F             
    g113264/B                                                  +0   10241               
    g113264/Y                NAND2X1LVT         2  7.0  106  +102   10342 R             
    g113094/B                                                  +0   10342               
    g113094/Y                NOR2X2LVT          5 12.8  116   +78   10421 F             
    g110639/B                                                  +0   10421               
    g110639/Y                OR4X1LVT           1  4.1   60  +152   10573 F             
    g110530/A1N                                                +0   10573               
    g110530/Y                AOI2BB1X1LVT       2  6.1   88   +87   10660 F             
    g110448/C0                                                 +0   10660               
    g110448/Y                AOI211XLLVT        1  4.2  240  +171   10831 R             
    g110387/A1                                                 +0   10831               
    g110387/Y                OA21X2LVT         13 33.2  179  +223   11054 R             
    g110366/A                                                  +0   11054               
    g110366/Y                INVX1LVT           5 13.2  171  +152   11206 F             
    g110293/A                                                  +0   11206               
    g110293/Y                AND2X1LVT          5 12.6  140  +134   11340 F             
    g109659/A1N                                                +0   11340               
    g109659/Y                OAI2BB1X1LVT       3  8.6  198  +157   11497 F             
    g109462/AN                                                 +0   11497               
    g109462/Y                NAND4BX1LVT        1  4.3  220  +202   11698 F             
    g109296/D                                                  +0   11698               
    g109296/Y                NOR4X1LVT          1  4.4  212  +186   11884 R             
    g109214/B1                                                 +0   11884               
    g109214/Y                AOI222X1LVT        1  4.3  161  +161   12046 F             
    g109203/C0                                                 +0   12046               
    g109203/Y                OAI221X1LVT        1  4.2  134   +89   12135 R             
    g109193/B                                                  +0   12135               
    g109193/Y                OR2X1LVT           1  4.2   47   +78   12214 R             
    mem_rdata_q_reg_27_/D    DFFX1LVT                          +0   12214               
    mem_rdata_q_reg_27_/CK   setup                        0   +50   12264 R             
- - - - - - - - - - - - - - - - - - - - - - - - - - - - - - - - - - - - - - - - - - - - 
(clock clk)                  capture                                16000 R             
                             uncertainty                     -250   15750 R             
----------------------------------------------------------------------------------------
Cost Group   : 'clk' (path_group 'clk')
Timing slack :    3486ps 
Start-point  : flash_io2
End-point    : soc/cpu/mem_rdata_q_reg_27_/D

path  78:

           Pin                  Type       Fanout Load Slew Delay Arrival   Location    
                                                  (fF) (ps)  (ps)   (ps)       (x,   y) 
----------------------------------------------------------------------------------------
(clock flash_clk)            launch                                     0 R             
(et4351.sdc_line_68_2_1)     ext delay                      +9000    9000 F             
flash_io2                    inout port         2 59.6    0    +0    9000 F             
flash_bufs_2_/io 
flash_bufs_2_/soc_i 
soc/flash_io2_di 
  g2850/A1                                                     +0    9000               
  g2850/Y                    AO22X1LVT          1  4.3   54  +126    9126 F             
  g2795/C0                                                     +0    9126               
  g2795/Y                    AOI221X1LVT        1  4.4  169  +115    9241 R             
  g2761/B                                                      +0    9241               
  g2761/Y                    NAND2X1LVT         2  6.3  158  +148    9388 F             
  cpu/mem_rdata[2] 
    g115757/A1N                                                +0    9388               
    g115757/Y                OAI2BB1X1LVT       2  6.5  151  +136    9524 F             
    g115232/A1                                                 +0    9524               
    g115232/Y                AOI22X1LVT         1  4.2  123  +117    9641 R             
    g114843/B0                                                 +0    9641               
    g114843/Y                OA21X1LVT          9 23.2  237  +212    9853 R             
    g114684/A                                                  +0    9853               
    g114684/Y                INVX1LVT           5 13.2  180  +174   10027 F             
    g113666/C                                                  +0   10027               
    g113666/Y                OR4X1LVT           5 13.2  157  +213   10241 F             
    g113281/B                                                  +0   10241               
    g113281/Y                NOR2X1LVT          3  8.9  194  +161   10402 R             
    g113197/A                                                  +0   10402               
    g113197/Y                INVX1LVT           7 17.3  217  +182   10584 F             
    g111313/A0                                                 +0   10584               
    g111313/Y                AOI21X1LVT         1  4.2  118  +133   10716 R             
    g110639/D                                                  +0   10716               
    g110639/Y                OR4X1LVT           1  4.2   48   +80   10796 R             
    g110530/A1N                                                +0   10796               
    g110530/Y                AOI2BB1X1LVT       2  6.3  140  +104   10900 R             
    g110448/C0                                                 +0   10900               
    g110448/Y                AOI211XLLVT        1  4.1  203  +112   11012 F             
    g110387/A1                                                 +0   11012               
    g110387/Y                OA21X2LVT         13 31.8  185  +213   11225 F             
    g110366/A                                                  +0   11225               
    g110366/Y                INVX1LVT           5 13.7  167  +147   11372 R             
    g110293/A                                                  +0   11372               
    g110293/Y                AND2X1LVT          5 13.1  137  +156   11528 R             
    g109659/A1N                                                +0   11528               
    g109659/Y                OAI2BB1X1LVT       3  8.9  115  +126   11654 R             
    g109462/AN                                                 +0   11654               
    g109462/Y                NAND4BX1LVT        1  4.4   87   +80   11735 R             
    g109296/D                                                  +0   11735               
    g109296/Y                NOR4X1LVT          1  4.3   80   +66   11801 F             
    g109214/B1                                                 +0   11801               
    g109214/Y                AOI222X1LVT        1  4.4  187  +142   11943 R             
    g109203/C0                                                 +0   11943               
    g109203/Y                OAI221X1LVT        1  4.1  188  +182   12125 F             
    g109193/B                                                  +0   12125               
    g109193/Y                OR2X1LVT           1  4.1   51  +103   12228 F             
    mem_rdata_q_reg_27_/D    DFFX1LVT                          +0   12228               
    mem_rdata_q_reg_27_/CK   setup                        0   +34   12262 R             
- - - - - - - - - - - - - - - - - - - - - - - - - - - - - - - - - - - - - - - - - - - - 
(clock clk)                  capture                                16000 R             
                             uncertainty                     -250   15750 R             
----------------------------------------------------------------------------------------
Cost Group   : 'clk' (path_group 'clk')
Timing slack :    3488ps 
Start-point  : flash_io2
End-point    : soc/cpu/mem_rdata_q_reg_27_/D

path  79:

           Pin                  Type       Fanout Load Slew Delay Arrival   Location    
                                                  (fF) (ps)  (ps)   (ps)       (x,   y) 
----------------------------------------------------------------------------------------
(clock flash_clk)            launch                                     0 R             
(et4351.sdc_line_68_3_1)     ext delay                      +9000    9000 F             
flash_io3                    inout port         2 59.8    0    +0    9000 F             
flash_bufs_3_/io 
flash_bufs_3_/soc_i 
soc/flash_io3_di 
  g2831/B1                                                     +0    9000               
  g2831/Y                    AOI22X1LVT         1  4.4  130  +125    9125 R             
  g2760/B                                                      +0    9125               
  g2760/Y                    NAND2X1LVT         2  6.3  154  +133    9258 F             
  cpu/mem_rdata[3] 
    g115760/A1N                                                +0    9258               
    g115760/Y                OAI2BB1X1LVT       2  6.5  151  +135    9393 F             
    g115233/A1                                                 +0    9393               
    g115233/Y                AOI22X1LVT         1  4.2  123  +117    9510 R             
    g114847/B0                                                 +0    9510               
    g114847/Y                OA21X1LVT          9 22.8  233  +210    9720 R             
    g114688/A                                                  +0    9720               
    g114688/Y                INVX1LVT           7 17.5  224  +198    9918 F             
    g113666/D                                                  +0    9918               
    g113666/Y                OR4X1LVT           5 13.2  157  +209   10127 F             
    g113281/B                                                  +0   10127               
    g113281/Y                NOR2X1LVT          3  8.9  194  +161   10288 R             
    g113197/A                                                  +0   10288               
    g113197/Y                INVX1LVT           7 17.3  217  +182   10470 F             
    g111313/A0                                                 +0   10470               
    g111313/Y                AOI21X1LVT         1  4.2  118  +133   10603 R             
    g110639/D                                                  +0   10603               
    g110639/Y                OR4X1LVT           1  4.2   48   +80   10683 R             
    g110530/A1N                                                +0   10683               
    g110530/Y                AOI2BB1X1LVT       2  6.3  140  +104   10787 R             
    g110448/C0                                                 +0   10787               
    g110448/Y                AOI211XLLVT        1  4.1  203  +112   10899 F             
    g110387/A1                                                 +0   10899               
    g110387/Y                OA21X2LVT         13 31.8  185  +213   11112 F             
    g110334/B                                                  +0   11112               
    g110334/Y                NOR2X2LVT          7 18.0  206  +165   11276 R             
    g110286/B0                                                 +0   11276               
    g110286/Y                OAI21X1LVT         3  8.4  212  +194   11470 F             
    g109946/A                                                  +0   11470               
    g109946/Y                AND2X1LVT          2  6.5   75  +107   11577 F             
    g109654/B                                                  +0   11577               
    g109654/Y                NAND2X1LVT         1  4.4   82   +57   11634 R             
    g109581/A                                                  +0   11634               
    g109581/Y                NOR2X1LVT          1  4.3   68   +66   11700 F             
    g109458/B                                                  +0   11700               
    g109458/Y                NAND2X1LVT         1  4.4   91   +54   11755 R             
    g109295/D                                                  +0   11755               
    g109295/Y                NOR4X1LVT          1  4.3   88   +68   11823 F             
    g109223/C0                                                 +0   11823               
    g109223/Y                AOI221X1LVT        1  4.4  168  +127   11949 R             
    g109212/C0                                                 +0   11949               
    g109212/Y                OAI221X1LVT        1  4.1  187  +176   12125 F             
    g109197/B                                                  +0   12125               
    g109197/Y                OR2X1LVT           1  4.1   51  +103   12228 F             
    mem_rdata_q_reg_26_/D    DFFX1LVT                          +0   12228               
    mem_rdata_q_reg_26_/CK   setup                        0   +34   12262 R             
- - - - - - - - - - - - - - - - - - - - - - - - - - - - - - - - - - - - - - - - - - - - 
(clock clk)                  capture                                16000 R             
                             uncertainty                     -250   15750 R             
----------------------------------------------------------------------------------------
Cost Group   : 'clk' (path_group 'clk')
Timing slack :    3488ps 
Start-point  : flash_io3
End-point    : soc/cpu/mem_rdata_q_reg_26_/D

path  80:

           Pin                  Type       Fanout Load Slew Delay Arrival   Location    
                                                  (fF) (ps)  (ps)   (ps)       (x,   y) 
----------------------------------------------------------------------------------------
(clock flash_clk)            launch                                     0 R             
(et4351.sdc_line_68_2_1)     ext delay                      +9000    9000 F             
flash_io2                    inout port         2 59.6    0    +0    9000 F             
flash_bufs_2_/io 
flash_bufs_2_/soc_i 
soc/flash_io2_di 
  g2850/A1                                                     +0    9000               
  g2850/Y                    AO22X1LVT          1  4.3   54  +126    9126 F             
  g2795/C0                                                     +0    9126               
  g2795/Y                    AOI221X1LVT        1  4.4  169  +115    9241 R             
  g2761/B                                                      +0    9241               
  g2761/Y                    NAND2X1LVT         2  6.3  158  +148    9388 F             
  cpu/mem_rdata[2] 
    g115757/A1N                                                +0    9388               
    g115757/Y                OAI2BB1X1LVT       2  6.5  151  +136    9524 F             
    g115232/A1                                                 +0    9524               
    g115232/Y                AOI22X1LVT         1  4.2  123  +117    9641 R             
    g114843/B0                                                 +0    9641               
    g114843/Y                OA21X1LVT          9 23.2  237  +212    9853 R             
    g114684/A                                                  +0    9853               
    g114684/Y                INVX1LVT           5 13.2  180  +174   10027 F             
    g113666/C                                                  +0   10027               
    g113666/Y                OR4X1LVT           5 13.2  157  +213   10241 F             
    g113164/C                                                  +0   10241               
    g113164/Y                OR3X1LVT           4 11.3  132  +160   10400 F             
    g112960/B0                                                 +0   10400               
    g112960/Y                OAI2BB1X1LVT       1  4.4   71   +80   10480 R             
    g111313/A1                                                 +0   10480               
    g111313/Y                AOI21X1LVT         1  4.1  116   +94   10574 F             
    g110639/D                                                  +0   10574               
    g110639/Y                OR4X1LVT           1  4.1   60  +129   10703 F             
    g110530/A1N                                                +0   10703               
    g110530/Y                AOI2BB1X1LVT       2  6.1   88   +87   10790 F             
    g110448/C0                                                 +0   10790               
    g110448/Y                AOI211XLLVT        1  4.2  240  +171   10961 R             
    g110387/A1                                                 +0   10961               
    g110387/Y                OA21X2LVT         13 33.2  179  +223   11184 R             
    g110331/B                                                  +0   11184               
    g110331/Y                NOR2X1LVT          2  6.5  101  +113   11297 F             
    g110244/B                                                  +0   11297               
    g110244/Y                NAND2X1LVT         3  8.9  110   +92   11389 R             
    g109946/B                                                  +0   11389               
    g109946/Y                AND2X1LVT          2  6.7   74  +109   11497 R             
    g109654/B                                                  +0   11497               
    g109654/Y                NAND2X1LVT         1  4.3  107   +89   11586 F             
    g109581/A                                                  +0   11586               
    g109581/Y                NOR2X1LVT          1  4.4  114   +94   11680 R             
    g109458/B                                                  +0   11680               
    g109458/Y                NAND2X1LVT         1  4.3  117  +104   11784 F             
    g109295/D                                                  +0   11784               
    g109295/Y                NOR4X1LVT          1  4.4  207  +151   11935 R             
    g109223/C0                                                 +0   11935               
    g109223/Y                AOI221X1LVT        1  4.3  145  +112   12046 F             
    g109212/C0                                                 +0   12046               
    g109212/Y                OAI221X1LVT        1  4.2  136   +83   12130 R             
    g109197/B                                                  +0   12130               
    g109197/Y                OR2X1LVT           1  4.2   47   +79   12209 R             
    mem_rdata_q_reg_26_/D    DFFX1LVT                          +0   12209               
    mem_rdata_q_reg_26_/CK   setup                        0   +50   12259 R             
- - - - - - - - - - - - - - - - - - - - - - - - - - - - - - - - - - - - - - - - - - - - 
(clock clk)                  capture                                16000 R             
                             uncertainty                     -250   15750 R             
----------------------------------------------------------------------------------------
Cost Group   : 'clk' (path_group 'clk')
Timing slack :    3491ps 
Start-point  : flash_io2
End-point    : soc/cpu/mem_rdata_q_reg_26_/D

path  81:

           Pin                  Type       Fanout Load Slew Delay Arrival   Location    
                                                  (fF) (ps)  (ps)   (ps)       (x,   y) 
----------------------------------------------------------------------------------------
(clock flash_clk)            launch                                     0 R             
(et4351.sdc_line_68_2_1)     ext delay                      +9000    9000 R             
flash_io2                    inout port         2 59.7    0    +0    9000 R             
flash_bufs_2_/io 
flash_bufs_2_/soc_i 
soc/flash_io2_di 
  g2850/A1                                                     +0    9000               
  g2850/Y                    AO22X1LVT          1  4.4   53  +139    9139 R             
  g2795/C0                                                     +0    9139               
  g2795/Y                    AOI221X1LVT        1  4.3  145   +53    9192 F             
  g2761/B                                                      +0    9192               
  g2761/Y                    NAND2X1LVT         2  6.5   93   +94    9286 R             
  cpu/mem_rdata[2] 
    g115757/A1N                                                +0    9286               
    g115757/Y                OAI2BB1X1LVT       2  6.7   98  +102    9389 R             
    g115232/A1                                                 +0    9389               
    g115232/Y                AOI22X1LVT         1  4.1  132  +113    9502 F             
    g114843/B0                                                 +0    9502               
    g114843/Y                OA21X1LVT          9 22.3  247  +190    9692 F             
    g114684/A                                                  +0    9692               
    g114684/Y                INVX1LVT           5 13.7  177  +170    9862 R             
    g113666/C                                                  +0    9862               
    g113666/Y                OR4X1LVT           5 13.7  142  +156   10019 R             
    g113281/B                                                  +0   10019               
    g113281/Y                NOR2X1LVT          3  8.6  127  +111   10130 F             
    g113197/A                                                  +0   10130               
    g113197/Y                INVX1LVT           7 18.0  200  +150   10280 R             
    g111313/A0                                                 +0   10280               
    g111313/Y                AOI21X1LVT         1  4.1  116  +138   10418 F             
    g110639/D                                                  +0   10418               
    g110639/Y                OR4X1LVT           1  4.1   60  +129   10547 F             
    g110530/A1N                                                +0   10547               
    g110530/Y                AOI2BB1X1LVT       2  6.1   88   +87   10634 F             
    g110448/C0                                                 +0   10634               
    g110448/Y                AOI211XLLVT        1  4.2  240  +171   10805 R             
    g110387/A1                                                 +0   10805               
    g110387/Y                OA21X2LVT         13 33.2  179  +223   11028 R             
    g110366/A                                                  +0   11028               
    g110366/Y                INVX1LVT           5 13.2  171  +152   11180 F             
    g110293/A                                                  +0   11180               
    g110293/Y                AND2X1LVT          5 12.6  140  +134   11313 F             
    g110246/AN                                                 +0   11313               
    g110246/Y                NOR2BX1LVT         3  8.4  113  +102   11415 F             
    g109648/AN                                                 +0   11415               
    g109648/Y                NAND3BX1LVT        2  6.3  230  +175   11591 F             
    g109416/B                                                  +0   11591               
    g109416/Y                NOR2X1LVT          1  4.4  118  +138   11729 R             
    g109325/C                                                  +0   11729               
    g109325/Y                NAND3X1LVT         1  4.3  165  +137   11866 F             
    g109241/C                                                  +0   11866               
    g109241/Y                NOR3BX1LVT         1  4.4  157  +141   12007 R             
    g109213/C0                                                 +0   12007               
    g109213/Y                AOI221X1LVT        1  4.3  142   +93   12100 F             
    g109202/C0                                                 +0   12100               
    g109202/Y                OAI221X1LVT        1  4.3  144   +83   12183 R             
    mem_rdata_q_reg_28_/D    DFFHQX1LVT                        +0   12183               
    mem_rdata_q_reg_28_/CK   setup                        0   +73   12256 R             
- - - - - - - - - - - - - - - - - - - - - - - - - - - - - - - - - - - - - - - - - - - - 
(clock clk)                  capture                                16000 R             
                             uncertainty                     -250   15750 R             
----------------------------------------------------------------------------------------
Cost Group   : 'clk' (path_group 'clk')
Timing slack :    3494ps 
Start-point  : flash_io2
End-point    : soc/cpu/mem_rdata_q_reg_28_/D

path  82:

           Pin                  Type       Fanout Load Slew Delay Arrival   Location    
                                                  (fF) (ps)  (ps)   (ps)       (x,   y) 
----------------------------------------------------------------------------------------
(clock flash_clk)            launch                                     0 R             
(et4351.sdc_line_68_3_1)     ext delay                      +9000    9000 F             
flash_io3                    inout port         2 59.8    0    +0    9000 F             
flash_bufs_3_/io 
flash_bufs_3_/soc_i 
soc/flash_io3_di 
  g2831/B1                                                     +0    9000               
  g2831/Y                    AOI22X1LVT         1  4.4  130  +125    9125 R             
  g2760/B                                                      +0    9125               
  g2760/Y                    NAND2X1LVT         2  6.3  154  +133    9258 F             
  cpu/mem_rdata[3] 
    g115760/A1N                                                +0    9258               
    g115760/Y                OAI2BB1X1LVT       2  6.5  151  +135    9393 F             
    g115233/A1                                                 +0    9393               
    g115233/Y                AOI22X1LVT         1  4.2  123  +117    9510 R             
    g114847/B0                                                 +0    9510               
    g114847/Y                OA21X1LVT          9 22.8  233  +210    9720 R             
    g114688/A                                                  +0    9720               
    g114688/Y                INVX1LVT           7 17.5  224  +198    9918 F             
    g113666/D                                                  +0    9918               
    g113666/Y                OR4X1LVT           5 13.2  157  +209   10127 F             
    g113164/C                                                  +0   10127               
    g113164/Y                OR3X1LVT           4 11.3  132  +160   10287 F             
    g112960/B0                                                 +0   10287               
    g112960/Y                OAI2BB1X1LVT       1  4.4   71   +80   10367 R             
    g111313/A1                                                 +0   10367               
    g111313/Y                AOI21X1LVT         1  4.1  116   +94   10461 F             
    g110639/D                                                  +0   10461               
    g110639/Y                OR4X1LVT           1  4.1   60  +129   10590 F             
    g110530/A1N                                                +0   10590               
    g110530/Y                AOI2BB1X1LVT       2  6.1   88   +87   10676 F             
    g110448/C0                                                 +0   10676               
    g110448/Y                AOI211XLLVT        1  4.2  240  +171   10848 R             
    g110387/A1                                                 +0   10848               
    g110387/Y                OA21X2LVT         13 33.2  179  +223   11071 R             
    g110334/B                                                  +0   11071               
    g110334/Y                NOR2X2LVT          7 17.3  131  +116   11187 F             
    g110248/A                                                  +0   11187               
    g110248/Y                AND2X1LVT          4 11.5  128  +119   11306 F             
    g109953/B0                                                 +0   11306               
    g109953/Y                OAI31X2LVT         3  9.1  168   +70   11376 R             
    g109659/B0                                                 +0   11376               
    g109659/Y                OAI2BB1X1LVT       3  8.6  198  +172   11548 F             
    g109581/B                                                  +0   11548               
    g109581/Y                NOR2X1LVT          1  4.4  114  +127   11675 R             
    g109458/B                                                  +0   11675               
    g109458/Y                NAND2X1LVT         1  4.3  117  +104   11778 F             
    g109295/D                                                  +0   11778               
    g109295/Y                NOR4X1LVT          1  4.4  207  +151   11929 R             
    g109223/C0                                                 +0   11929               
    g109223/Y                AOI221X1LVT        1  4.3  145  +112   12041 F             
    g109212/C0                                                 +0   12041               
    g109212/Y                OAI221X1LVT        1  4.2  136   +83   12125 R             
    g109197/B                                                  +0   12125               
    g109197/Y                OR2X1LVT           1  4.2   47   +79   12203 R             
    mem_rdata_q_reg_26_/D    DFFX1LVT                          +0   12203               
    mem_rdata_q_reg_26_/CK   setup                        0   +50   12254 R             
- - - - - - - - - - - - - - - - - - - - - - - - - - - - - - - - - - - - - - - - - - - - 
(clock clk)                  capture                                16000 R             
                             uncertainty                     -250   15750 R             
----------------------------------------------------------------------------------------
Cost Group   : 'clk' (path_group 'clk')
Timing slack :    3496ps 
Start-point  : flash_io3
End-point    : soc/cpu/mem_rdata_q_reg_26_/D

path  83:

           Pin                  Type       Fanout Load Slew Delay Arrival   Location    
                                                  (fF) (ps)  (ps)   (ps)       (x,   y) 
----------------------------------------------------------------------------------------
(clock flash_clk)            launch                                     0 R             
(et4351.sdc_line_68_3_1)     ext delay                      +9000    9000 R             
flash_io3                    inout port         2 59.9    0    +0    9000 R             
flash_bufs_3_/io 
flash_bufs_3_/soc_i 
soc/flash_io3_di 
  g2831/B1                                                     +0    9000               
  g2831/Y                    AOI22X1LVT         1  4.3  139  +124    9124 F             
  g2760/B                                                      +0    9124               
  g2760/Y                    NAND2X1LVT         2  6.5   94   +92    9216 R             
  cpu/mem_rdata[3] 
    g115760/A1N                                                +0    9216               
    g115760/Y                OAI2BB1X1LVT       2  6.7   98  +103    9318 R             
    g115233/A1                                                 +0    9318               
    g115233/Y                AOI22X1LVT         1  4.1  132  +113    9432 F             
    g114847/B0                                                 +0    9432               
    g114847/Y                OA21X1LVT          9 21.9  242  +188    9620 F             
    g114688/A                                                  +0    9620               
    g114688/Y                INVX1LVT           7 18.2  220  +194    9813 R             
    g113666/D                                                  +0    9813               
    g113666/Y                OR4X1LVT           5 13.7  142  +159    9972 R             
    g113281/B                                                  +0    9972               
    g113281/Y                NOR2X1LVT          3  8.6  127  +111   10083 F             
    g113197/A                                                  +0   10083               
    g113197/Y                INVX1LVT           7 18.0  200  +150   10233 R             
    g111313/A0                                                 +0   10233               
    g111313/Y                AOI21X1LVT         1  4.1  116  +138   10372 F             
    g110639/D                                                  +0   10372               
    g110639/Y                OR4X1LVT           1  4.1   60  +129   10500 F             
    g110530/A1N                                                +0   10500               
    g110530/Y                AOI2BB1X1LVT       2  6.1   88   +87   10587 F             
    g110448/C0                                                 +0   10587               
    g110448/Y                AOI211XLLVT        1  4.2  240  +171   10759 R             
    g110387/A1                                                 +0   10759               
    g110387/Y                OA21X2LVT         13 33.2  179  +223   10982 R             
    g110334/B                                                  +0   10982               
    g110334/Y                NOR2X2LVT          7 17.3  131  +116   11098 F             
    g110248/A                                                  +0   11098               
    g110248/Y                AND2X1LVT          4 11.5  128  +119   11216 F             
    g109952/B                                                  +0   11216               
    g109952/Y                NAND2X1LVT         3  9.1  115  +103   11319 R             
    g109666/B0                                                 +0   11319               
    g109666/Y                OAI2BB1X1LVT       4 10.7  238  +178   11497 F             
    g109647/B                                                  +0   11497               
    g109647/Y                OR2X1LVT           2  6.3   75  +127   11624 F             
    g109386/AN                                                 +0   11624               
    g109386/Y                NAND3BXLLVT        1  4.3  278  +192   11816 F             
    g109330/B                                                  +0   11816               
    g109330/Y                NOR2X1LVT          1  4.4  123  +156   11972 R             
    g109242/A1                                                 +0   11972               
    g109242/Y                AOI22X1LVT         1  4.3  137  +125   12097 F             
    g109222/C0                                                 +0   12097               
    g109222/Y                OAI221X1LVT        1  4.2  142   +80   12177 R             
    mem_rdata_q_reg_25_/D    DFFX1LVT                          +0   12177               
    mem_rdata_q_reg_25_/CK   setup                        0   +76   12254 R             
- - - - - - - - - - - - - - - - - - - - - - - - - - - - - - - - - - - - - - - - - - - - 
(clock clk)                  capture                                16000 R             
                             uncertainty                     -250   15750 R             
----------------------------------------------------------------------------------------
Cost Group   : 'clk' (path_group 'clk')
Timing slack :    3496ps 
Start-point  : flash_io3
End-point    : soc/cpu/mem_rdata_q_reg_25_/D

path  84:

           Pin                  Type       Fanout Load Slew Delay Arrival   Location    
                                                  (fF) (ps)  (ps)   (ps)       (x,   y) 
----------------------------------------------------------------------------------------
(clock flash_clk)            launch                                     0 R             
(et4351.sdc_line_68_2_1)     ext delay                      +9000    9000 F             
flash_io2                    inout port         2 59.6    0    +0    9000 F             
flash_bufs_2_/io 
flash_bufs_2_/soc_i 
soc/flash_io2_di 
  g2850/A1                                                     +0    9000               
  g2850/Y                    AO22X1LVT          1  4.3   54  +126    9126 F             
  g2795/C0                                                     +0    9126               
  g2795/Y                    AOI221X1LVT        1  4.4  169  +115    9241 R             
  g2761/B                                                      +0    9241               
  g2761/Y                    NAND2X1LVT         2  6.3  158  +148    9388 F             
  cpu/mem_rdata[2] 
    g115757/A1N                                                +0    9388               
    g115757/Y                OAI2BB1X1LVT       2  6.5  151  +136    9524 F             
    g115232/A1                                                 +0    9524               
    g115232/Y                AOI22X1LVT         1  4.2  123  +117    9641 R             
    g114843/B0                                                 +0    9641               
    g114843/Y                OA21X1LVT          9 23.2  237  +212    9853 R             
    g114684/A                                                  +0    9853               
    g114684/Y                INVX1LVT           5 13.2  180  +174   10027 F             
    g113666/C                                                  +0   10027               
    g113666/Y                OR4X1LVT           5 13.2  157  +213   10241 F             
    g113281/B                                                  +0   10241               
    g113281/Y                NOR2X1LVT          3  8.9  194  +161   10402 R             
    g113197/A                                                  +0   10402               
    g113197/Y                INVX1LVT           7 17.3  217  +182   10584 F             
    g111313/A0                                                 +0   10584               
    g111313/Y                AOI21X1LVT         1  4.2  118  +133   10716 R             
    g110639/D                                                  +0   10716               
    g110639/Y                OR4X1LVT           1  4.2   48   +80   10796 R             
    g110530/A1N                                                +0   10796               
    g110530/Y                AOI2BB1X1LVT       2  6.3  140  +104   10900 R             
    g110448/C0                                                 +0   10900               
    g110448/Y                AOI211XLLVT        1  4.1  203  +112   11012 F             
    g110387/A1                                                 +0   11012               
    g110387/Y                OA21X2LVT         13 31.8  185  +213   11225 F             
    g110334/B                                                  +0   11225               
    g110334/Y                NOR2X2LVT          7 18.0  206  +165   11390 R             
    g110248/A                                                  +0   11390               
    g110248/Y                AND2X1LVT          4 12.0  126  +160   11550 R             
    g109952/B                                                  +0   11550               
    g109952/Y                NAND2X1LVT         3  8.8  204  +161   11711 F             
    g116840/B                                                  +0   11711               
    g116840/Y                NAND2BX1LVT        4 11.1  146  +142   11852 R             
    g109294/C                                                  +0   11852               
    g109294/Y                NOR4X1LVT          1  4.3   88   +93   11945 F             
    g109206/A1                                                 +0   11945               
    g109206/Y                AOI221X1LVT        1  4.4  165  +137   12082 R             
    g109198/B                                                  +0   12082               
    g109198/Y                NAND2X1LVT         1  4.1  113  +120   12202 F             
    mem_rdata_q_reg_30_/D    DFFX1LVT                          +0   12202               
    mem_rdata_q_reg_30_/CK   setup                        0   +49   12252 R             
- - - - - - - - - - - - - - - - - - - - - - - - - - - - - - - - - - - - - - - - - - - - 
(clock clk)                  capture                                16000 R             
                             uncertainty                     -250   15750 R             
----------------------------------------------------------------------------------------
Cost Group   : 'clk' (path_group 'clk')
Timing slack :    3498ps 
Start-point  : flash_io2
End-point    : soc/cpu/mem_rdata_q_reg_30_/D

path  85:

           Pin                  Type       Fanout Load Slew Delay Arrival   Location    
                                                  (fF) (ps)  (ps)   (ps)       (x,   y) 
----------------------------------------------------------------------------------------
(clock flash_clk)            launch                                     0 R             
(et4351.sdc_line_68_2_1)     ext delay                      +9000    9000 R             
flash_io2                    inout port         2 59.7    0    +0    9000 R             
flash_bufs_2_/io 
flash_bufs_2_/soc_i 
soc/flash_io2_di 
  g2850/A1                                                     +0    9000               
  g2850/Y                    AO22X1LVT          1  4.4   53  +139    9139 R             
  g2795/C0                                                     +0    9139               
  g2795/Y                    AOI221X1LVT        1  4.3  145   +53    9192 F             
  g2761/B                                                      +0    9192               
  g2761/Y                    NAND2X1LVT         2  6.5   93   +94    9286 R             
  cpu/mem_rdata[2] 
    g115757/A1N                                                +0    9286               
    g115757/Y                OAI2BB1X1LVT       2  6.7   98  +102    9389 R             
    g115232/A1                                                 +0    9389               
    g115232/Y                AOI22X1LVT         1  4.1  132  +113    9502 F             
    g114843/B0                                                 +0    9502               
    g114843/Y                OA21X1LVT          9 22.3  247  +190    9692 F             
    g114684/A                                                  +0    9692               
    g114684/Y                INVX1LVT           5 13.7  177  +170    9862 R             
    g113666/C                                                  +0    9862               
    g113666/Y                OR4X1LVT           5 13.7  142  +156   10019 R             
    g113281/B                                                  +0   10019               
    g113281/Y                NOR2X1LVT          3  8.6  127  +111   10130 F             
    g113197/A                                                  +0   10130               
    g113197/Y                INVX1LVT           7 18.0  200  +150   10280 R             
    g111313/A0                                                 +0   10280               
    g111313/Y                AOI21X1LVT         1  4.1  116  +138   10418 F             
    g110639/D                                                  +0   10418               
    g110639/Y                OR4X1LVT           1  4.1   60  +129   10547 F             
    g110530/A1N                                                +0   10547               
    g110530/Y                AOI2BB1X1LVT       2  6.1   88   +87   10634 F             
    g110448/C0                                                 +0   10634               
    g110448/Y                AOI211XLLVT        1  4.2  240  +171   10805 R             
    g110387/A1                                                 +0   10805               
    g110387/Y                OA21X2LVT         13 33.2  179  +223   11028 R             
    g110366/A                                                  +0   11028               
    g110366/Y                INVX1LVT           5 13.2  171  +152   11180 F             
    g110293/A                                                  +0   11180               
    g110293/Y                AND2X1LVT          5 12.6  140  +134   11313 F             
    g110245/B                                                  +0   11313               
    g110245/Y                NAND2X1LVT         3  8.9  115  +106   11419 R             
    g109949/B                                                  +0   11419               
    g109949/Y                AND2X1LVT          2  6.7   73  +110   11529 R             
    g109462/D                                                  +0   11529               
    g109462/Y                NAND4BX1LVT        1  4.3  220  +156   11685 F             
    g109296/D                                                  +0   11685               
    g109296/Y                NOR4X1LVT          1  4.4  212  +186   11871 R             
    g109214/B1                                                 +0   11871               
    g109214/Y                AOI222X1LVT        1  4.3  161  +161   12032 F             
    g109203/C0                                                 +0   12032               
    g109203/Y                OAI221X1LVT        1  4.2  134   +89   12122 R             
    g109193/B                                                  +0   12122               
    g109193/Y                OR2X1LVT           1  4.2   47   +78   12200 R             
    mem_rdata_q_reg_27_/D    DFFX1LVT                          +0   12200               
    mem_rdata_q_reg_27_/CK   setup                        0   +50   12250 R             
- - - - - - - - - - - - - - - - - - - - - - - - - - - - - - - - - - - - - - - - - - - - 
(clock clk)                  capture                                16000 R             
                             uncertainty                     -250   15750 R             
----------------------------------------------------------------------------------------
Cost Group   : 'clk' (path_group 'clk')
Timing slack :    3500ps 
Start-point  : flash_io2
End-point    : soc/cpu/mem_rdata_q_reg_27_/D

path  86:

           Pin                  Type       Fanout Load Slew Delay Arrival   Location    
                                                  (fF) (ps)  (ps)   (ps)       (x,   y) 
----------------------------------------------------------------------------------------
(clock flash_clk)            launch                                     0 R             
(et4351.sdc_line_68_2_1)     ext delay                      +9000    9000 F             
flash_io2                    inout port         2 59.6    0    +0    9000 F             
flash_bufs_2_/io 
flash_bufs_2_/soc_i 
soc/flash_io2_di 
  g2850/A1                                                     +0    9000               
  g2850/Y                    AO22X1LVT          1  4.3   54  +126    9126 F             
  g2795/C0                                                     +0    9126               
  g2795/Y                    AOI221X1LVT        1  4.4  169  +115    9241 R             
  g2761/B                                                      +0    9241               
  g2761/Y                    NAND2X1LVT         2  6.3  158  +148    9388 F             
  cpu/mem_rdata[2] 
    g115757/A1N                                                +0    9388               
    g115757/Y                OAI2BB1X1LVT       2  6.5  151  +136    9524 F             
    g115232/A1                                                 +0    9524               
    g115232/Y                AOI22X1LVT         1  4.2  123  +117    9641 R             
    g114843/B0                                                 +0    9641               
    g114843/Y                OA21X1LVT          9 23.2  237  +212    9853 R             
    g114684/A                                                  +0    9853               
    g114684/Y                INVX1LVT           5 13.2  180  +174   10027 F             
    g113666/C                                                  +0   10027               
    g113666/Y                OR4X1LVT           5 13.2  157  +213   10241 F             
    g113164/C                                                  +0   10241               
    g113164/Y                OR3X1LVT           4 11.3  132  +160   10400 F             
    g112993/B                                                  +0   10400               
    g112993/Y                NOR2X2LVT          5 13.5  158  +123   10523 R             
    g110639/C                                                  +0   10523               
    g110639/Y                OR4X1LVT           1  4.2   48   +99   10622 R             
    g110530/A1N                                                +0   10622               
    g110530/Y                AOI2BB1X1LVT       2  6.3  140  +104   10727 R             
    g110448/C0                                                 +0   10727               
    g110448/Y                AOI211XLLVT        1  4.1  203  +112   10839 F             
    g110387/A1                                                 +0   10839               
    g110387/Y                OA21X2LVT         13 31.8  185  +213   11051 F             
    g110366/A                                                  +0   11051               
    g110366/Y                INVX1LVT           5 13.7  167  +147   11199 R             
    g110293/A                                                  +0   11199               
    g110293/Y                AND2X1LVT          5 13.1  137  +156   11354 R             
    g110245/B                                                  +0   11354               
    g110245/Y                NAND2X1LVT         3  8.6  201  +162   11517 F             
    g109654/A                                                  +0   11517               
    g109654/Y                NAND2X1LVT         1  4.4   82  +106   11622 R             
    g109581/A                                                  +0   11622               
    g109581/Y                NOR2X1LVT          1  4.3   68   +66   11689 F             
    g109458/B                                                  +0   11689               
    g109458/Y                NAND2X1LVT         1  4.4   91   +54   11743 R             
    g109295/D                                                  +0   11743               
    g109295/Y                NOR4X1LVT          1  4.3   88   +68   11811 F             
    g109223/C0                                                 +0   11811               
    g109223/Y                AOI221X1LVT        1  4.4  168  +127   11938 R             
    g109212/C0                                                 +0   11938               
    g109212/Y                OAI221X1LVT        1  4.1  187  +176   12114 F             
    g109197/B                                                  +0   12114               
    g109197/Y                OR2X1LVT           1  4.1   51  +103   12216 F             
    mem_rdata_q_reg_26_/D    DFFX1LVT                          +0   12216               
    mem_rdata_q_reg_26_/CK   setup                        0   +34   12250 R             
- - - - - - - - - - - - - - - - - - - - - - - - - - - - - - - - - - - - - - - - - - - - 
(clock clk)                  capture                                16000 R             
                             uncertainty                     -250   15750 R             
----------------------------------------------------------------------------------------
Cost Group   : 'clk' (path_group 'clk')
Timing slack :    3500ps 
Start-point  : flash_io2
End-point    : soc/cpu/mem_rdata_q_reg_26_/D

path  87:

           Pin                  Type       Fanout Load Slew Delay Arrival   Location    
                                                  (fF) (ps)  (ps)   (ps)       (x,   y) 
----------------------------------------------------------------------------------------
(clock flash_clk)            launch                                     0 R             
(et4351.sdc_line_68_2_1)     ext delay                      +9000    9000 F             
flash_io2                    inout port         2 59.6    0    +0    9000 F             
flash_bufs_2_/io 
flash_bufs_2_/soc_i 
soc/flash_io2_di 
  g2850/A1                                                     +0    9000               
  g2850/Y                    AO22X1LVT          1  4.3   54  +126    9126 F             
  g2795/C0                                                     +0    9126               
  g2795/Y                    AOI221X1LVT        1  4.4  169  +115    9241 R             
  g2761/B                                                      +0    9241               
  g2761/Y                    NAND2X1LVT         2  6.3  158  +148    9388 F             
  cpu/mem_rdata[2] 
    g115757/A1N                                                +0    9388               
    g115757/Y                OAI2BB1X1LVT       2  6.5  151  +136    9524 F             
    g115232/A1                                                 +0    9524               
    g115232/Y                AOI22X1LVT         1  4.2  123  +117    9641 R             
    g114843/B0                                                 +0    9641               
    g114843/Y                OA21X1LVT          9 23.2  237  +212    9853 R             
    g114684/A                                                  +0    9853               
    g114684/Y                INVX1LVT           5 13.2  180  +174   10027 F             
    g113666/C                                                  +0   10027               
    g113666/Y                OR4X1LVT           5 13.2  157  +213   10241 F             
    g113164/C                                                  +0   10241               
    g113164/Y                OR3X1LVT           4 11.3  132  +160   10400 F             
    g112993/B                                                  +0   10400               
    g112993/Y                NOR2X2LVT          5 13.5  158  +123   10523 R             
    g110639/C                                                  +0   10523               
    g110639/Y                OR4X1LVT           1  4.2   48   +99   10622 R             
    g110530/A1N                                                +0   10622               
    g110530/Y                AOI2BB1X1LVT       2  6.3  140  +104   10727 R             
    g110448/C0                                                 +0   10727               
    g110448/Y                AOI211XLLVT        1  4.1  203  +112   10839 F             
    g110387/A1                                                 +0   10839               
    g110387/Y                OA21X2LVT         13 31.8  185  +213   11051 F             
    g110334/B                                                  +0   11051               
    g110334/Y                NOR2X2LVT          7 18.0  206  +165   11216 R             
    g110248/A                                                  +0   11216               
    g110248/Y                AND2X1LVT          4 12.0  126  +160   11376 R             
    g109952/B                                                  +0   11376               
    g109952/Y                NAND2X1LVT         3  8.8  204  +161   11537 F             
    g109666/B0                                                 +0   11537               
    g109666/Y                OAI2BB1X1LVT       4 11.1  148  +144   11681 R             
    g109647/B                                                  +0   11681               
    g109647/Y                OR2X1LVT           2  6.5   70   +94   11775 R             
    g109386/AN                                                 +0   11775               
    g109386/Y                NAND3BXLLVT        1  4.4  114   +80   11856 R             
    g109330/B                                                  +0   11856               
    g109330/Y                NOR2X1LVT          1  4.3   71   +75   11930 F             
    g109242/A1                                                 +0   11930               
    g109242/Y                AOI22X1LVT         1  4.4  126   +94   12024 R             
    g109222/C0                                                 +0   12024               
    g109222/Y                OAI221X1LVT        1  4.1  183  +160   12184 F             
    mem_rdata_q_reg_25_/D    DFFX1LVT                          +0   12184               
    mem_rdata_q_reg_25_/CK   setup                        0   +66   12250 R             
- - - - - - - - - - - - - - - - - - - - - - - - - - - - - - - - - - - - - - - - - - - - 
(clock clk)                  capture                                16000 R             
                             uncertainty                     -250   15750 R             
----------------------------------------------------------------------------------------
Cost Group   : 'clk' (path_group 'clk')
Timing slack :    3500ps 
Start-point  : flash_io2
End-point    : soc/cpu/mem_rdata_q_reg_25_/D

path  88:

           Pin                  Type       Fanout Load Slew Delay Arrival   Location    
                                                  (fF) (ps)  (ps)   (ps)       (x,   y) 
----------------------------------------------------------------------------------------
(clock flash_clk)            launch                                     0 R             
(et4351.sdc_line_68_2_1)     ext delay                      +9000    9000 F             
flash_io2                    inout port         2 59.6    0    +0    9000 F             
flash_bufs_2_/io 
flash_bufs_2_/soc_i 
soc/flash_io2_di 
  g2850/A1                                                     +0    9000               
  g2850/Y                    AO22X1LVT          1  4.3   54  +126    9126 F             
  g2795/C0                                                     +0    9126               
  g2795/Y                    AOI221X1LVT        1  4.4  169  +115    9241 R             
  g2761/B                                                      +0    9241               
  g2761/Y                    NAND2X1LVT         2  6.3  158  +148    9388 F             
  cpu/mem_rdata[2] 
    g115757/A1N                                                +0    9388               
    g115757/Y                OAI2BB1X1LVT       2  6.5  151  +136    9524 F             
    g115232/A1                                                 +0    9524               
    g115232/Y                AOI22X1LVT         1  4.2  123  +117    9641 R             
    g114843/B0                                                 +0    9641               
    g114843/Y                OA21X1LVT          9 23.2  237  +212    9853 R             
    g114684/A                                                  +0    9853               
    g114684/Y                INVX1LVT           5 13.2  180  +174   10027 F             
    g113666/C                                                  +0   10027               
    g113666/Y                OR4X1LVT           5 13.2  157  +213   10241 F             
    g113277/B                                                  +0   10241               
    g113277/Y                NAND2X1LVT         4 10.9  156  +123   10364 R             
    g112960/A1N                                                +0   10364               
    g112960/Y                OAI2BB1X1LVT       1  4.4   71  +107   10470 R             
    g111313/A1                                                 +0   10470               
    g111313/Y                AOI21X1LVT         1  4.1  116   +94   10564 F             
    g110639/D                                                  +0   10564               
    g110639/Y                OR4X1LVT           1  4.1   60  +129   10693 F             
    g110530/A1N                                                +0   10693               
    g110530/Y                AOI2BB1X1LVT       2  6.1   88   +87   10780 F             
    g110448/C0                                                 +0   10780               
    g110448/Y                AOI211XLLVT        1  4.2  240  +171   10951 R             
    g110387/A1                                                 +0   10951               
    g110387/Y                OA21X2LVT         13 33.2  179  +223   11174 R             
    g110331/B                                                  +0   11174               
    g110331/Y                NOR2X1LVT          2  6.5  101  +113   11287 F             
    g110244/B                                                  +0   11287               
    g110244/Y                NAND2X1LVT         3  8.9  110   +92   11379 R             
    g109946/B                                                  +0   11379               
    g109946/Y                AND2X1LVT          2  6.7   74  +109   11487 R             
    g109654/B                                                  +0   11487               
    g109654/Y                NAND2X1LVT         1  4.3  107   +89   11576 F             
    g109581/A                                                  +0   11576               
    g109581/Y                NOR2X1LVT          1  4.4  114   +94   11670 R             
    g109458/B                                                  +0   11670               
    g109458/Y                NAND2X1LVT         1  4.3  117  +104   11774 F             
    g109295/D                                                  +0   11774               
    g109295/Y                NOR4X1LVT          1  4.4  207  +151   11925 R             
    g109223/C0                                                 +0   11925               
    g109223/Y                AOI221X1LVT        1  4.3  145  +112   12036 F             
    g109212/C0                                                 +0   12036               
    g109212/Y                OAI221X1LVT        1  4.2  136   +83   12120 R             
    g109197/B                                                  +0   12120               
    g109197/Y                OR2X1LVT           1  4.2   47   +79   12199 R             
    mem_rdata_q_reg_26_/D    DFFX1LVT                          +0   12199               
    mem_rdata_q_reg_26_/CK   setup                        0   +50   12249 R             
- - - - - - - - - - - - - - - - - - - - - - - - - - - - - - - - - - - - - - - - - - - - 
(clock clk)                  capture                                16000 R             
                             uncertainty                     -250   15750 R             
----------------------------------------------------------------------------------------
Cost Group   : 'clk' (path_group 'clk')
Timing slack :    3501ps 
Start-point  : flash_io2
End-point    : soc/cpu/mem_rdata_q_reg_26_/D

path  89:

           Pin                  Type       Fanout Load Slew Delay Arrival   Location    
                                                  (fF) (ps)  (ps)   (ps)       (x,   y) 
----------------------------------------------------------------------------------------
(clock flash_clk)            launch                                     0 R             
(et4351.sdc_line_68_3_1)     ext delay                      +9000    9000 F             
flash_io3                    inout port         2 59.8    0    +0    9000 F             
flash_bufs_3_/io 
flash_bufs_3_/soc_i 
soc/flash_io3_di 
  g2831/B1                                                     +0    9000               
  g2831/Y                    AOI22X1LVT         1  4.4  130  +125    9125 R             
  g2760/B                                                      +0    9125               
  g2760/Y                    NAND2X1LVT         2  6.3  154  +133    9258 F             
  cpu/mem_rdata[3] 
    g115760/A1N                                                +0    9258               
    g115760/Y                OAI2BB1X1LVT       2  6.5  151  +135    9393 F             
    g115233/A1                                                 +0    9393               
    g115233/Y                AOI22X1LVT         1  4.2  123  +117    9510 R             
    g114847/B0                                                 +0    9510               
    g114847/Y                OA21X1LVT          9 22.8  233  +210    9720 R             
    g114688/A                                                  +0    9720               
    g114688/Y                INVX1LVT           7 17.5  224  +198    9918 F             
    g113666/D                                                  +0    9918               
    g113666/Y                OR4X1LVT           5 13.2  157  +209   10127 F             
    g113277/B                                                  +0   10127               
    g113277/Y                NAND2X1LVT         4 10.9  156  +123   10250 R             
    g112960/A1N                                                +0   10250               
    g112960/Y                OAI2BB1X1LVT       1  4.4   71  +107   10357 R             
    g111313/A1                                                 +0   10357               
    g111313/Y                AOI21X1LVT         1  4.1  116   +94   10451 F             
    g110639/D                                                  +0   10451               
    g110639/Y                OR4X1LVT           1  4.1   60  +129   10580 F             
    g110530/A1N                                                +0   10580               
    g110530/Y                AOI2BB1X1LVT       2  6.1   88   +87   10667 F             
    g110448/C0                                                 +0   10667               
    g110448/Y                AOI211XLLVT        1  4.2  240  +171   10838 R             
    g110387/A1                                                 +0   10838               
    g110387/Y                OA21X2LVT         13 33.2  179  +223   11061 R             
    g110334/B                                                  +0   11061               
    g110334/Y                NOR2X2LVT          7 17.3  131  +116   11177 F             
    g110248/A                                                  +0   11177               
    g110248/Y                AND2X1LVT          4 11.5  128  +119   11296 F             
    g109953/B0                                                 +0   11296               
    g109953/Y                OAI31X2LVT         3  9.1  168   +70   11366 R             
    g109659/B0                                                 +0   11366               
    g109659/Y                OAI2BB1X1LVT       3  8.6  198  +172   11538 F             
    g109581/B                                                  +0   11538               
    g109581/Y                NOR2X1LVT          1  4.4  114  +127   11665 R             
    g109458/B                                                  +0   11665               
    g109458/Y                NAND2X1LVT         1  4.3  117  +104   11768 F             
    g109295/D                                                  +0   11768               
    g109295/Y                NOR4X1LVT          1  4.4  207  +151   11920 R             
    g109223/C0                                                 +0   11920               
    g109223/Y                AOI221X1LVT        1  4.3  145  +112   12031 F             
    g109212/C0                                                 +0   12031               
    g109212/Y                OAI221X1LVT        1  4.2  136   +83   12115 R             
    g109197/B                                                  +0   12115               
    g109197/Y                OR2X1LVT           1  4.2   47   +79   12194 R             
    mem_rdata_q_reg_26_/D    DFFX1LVT                          +0   12194               
    mem_rdata_q_reg_26_/CK   setup                        0   +50   12244 R             
- - - - - - - - - - - - - - - - - - - - - - - - - - - - - - - - - - - - - - - - - - - - 
(clock clk)                  capture                                16000 R             
                             uncertainty                     -250   15750 R             
----------------------------------------------------------------------------------------
Cost Group   : 'clk' (path_group 'clk')
Timing slack :    3506ps 
Start-point  : flash_io3
End-point    : soc/cpu/mem_rdata_q_reg_26_/D

path  90:

           Pin                  Type       Fanout Load Slew Delay Arrival   Location    
                                                  (fF) (ps)  (ps)   (ps)       (x,   y) 
----------------------------------------------------------------------------------------
(clock flash_clk)            launch                                     0 R             
(et4351.sdc_line_68_2_1)     ext delay                      +9000    9000 F             
flash_io2                    inout port         2 59.6    0    +0    9000 F             
flash_bufs_2_/io 
flash_bufs_2_/soc_i 
soc/flash_io2_di 
  g2850/A1                                                     +0    9000               
  g2850/Y                    AO22X1LVT          1  4.3   54  +126    9126 F             
  g2795/C0                                                     +0    9126               
  g2795/Y                    AOI221X1LVT        1  4.4  169  +115    9241 R             
  g2761/B                                                      +0    9241               
  g2761/Y                    NAND2X1LVT         2  6.3  158  +148    9388 F             
  cpu/mem_rdata[2] 
    g115757/A1N                                                +0    9388               
    g115757/Y                OAI2BB1X1LVT       2  6.5  151  +136    9524 F             
    g115232/A1                                                 +0    9524               
    g115232/Y                AOI22X1LVT         1  4.2  123  +117    9641 R             
    g114843/B0                                                 +0    9641               
    g114843/Y                OA21X1LVT          9 23.2  237  +212    9853 R             
    g114684/A                                                  +0    9853               
    g114684/Y                INVX1LVT           5 13.2  180  +174   10027 F             
    g113666/C                                                  +0   10027               
    g113666/Y                OR4X1LVT           5 13.2  157  +213   10241 F             
    g113164/C                                                  +0   10241               
    g113164/Y                OR3X1LVT           4 11.3  132  +160   10400 F             
    g112960/B0                                                 +0   10400               
    g112960/Y                OAI2BB1X1LVT       1  4.4   71   +80   10480 R             
    g111313/A1                                                 +0   10480               
    g111313/Y                AOI21X1LVT         1  4.1  116   +94   10574 F             
    g110639/D                                                  +0   10574               
    g110639/Y                OR4X1LVT           1  4.1   60  +129   10703 F             
    g110530/A1N                                                +0   10703               
    g110530/Y                AOI2BB1X1LVT       2  6.1   88   +87   10790 F             
    g110448/C0                                                 +0   10790               
    g110448/Y                AOI211XLLVT        1  4.2  240  +171   10961 R             
    g110387/A1                                                 +0   10961               
    g110387/Y                OA21X2LVT         13 33.2  179  +223   11184 R             
    g110331/B                                                  +0   11184               
    g110331/Y                NOR2X1LVT          2  6.5  101  +113   11297 F             
    g110316/A                                                  +0   11297               
    g110316/Y                INVX1LVT           2  6.3   81   +76   11373 R             
    g110250/B                                                  +0   11373               
    g110250/Y                OR2X1LVT           4 11.3  117  +104   11477 R             
    g109956/B0                                                 +0   11477               
    g109956/Y                OAI2BB1X1LVT       4 11.1  246  +184   11661 F             
    g109296/B                                                  +0   11661               
    g109296/Y                NOR4X1LVT          1  4.4  212  +203   11864 R             
    g109214/B1                                                 +0   11864               
    g109214/Y                AOI222X1LVT        1  4.3  161  +161   12025 F             
    g109203/C0                                                 +0   12025               
    g109203/Y                OAI221X1LVT        1  4.2  134   +89   12114 R             
    g109193/B                                                  +0   12114               
    g109193/Y                OR2X1LVT           1  4.2   47   +78   12193 R             
    mem_rdata_q_reg_27_/D    DFFX1LVT                          +0   12193               
    mem_rdata_q_reg_27_/CK   setup                        0   +50   12243 R             
- - - - - - - - - - - - - - - - - - - - - - - - - - - - - - - - - - - - - - - - - - - - 
(clock clk)                  capture                                16000 R             
                             uncertainty                     -250   15750 R             
----------------------------------------------------------------------------------------
Cost Group   : 'clk' (path_group 'clk')
Timing slack :    3507ps 
Start-point  : flash_io2
End-point    : soc/cpu/mem_rdata_q_reg_27_/D

path  91:

           Pin                  Type       Fanout Load Slew Delay Arrival   Location    
                                                  (fF) (ps)  (ps)   (ps)       (x,   y) 
----------------------------------------------------------------------------------------
(clock flash_clk)            launch                                     0 R             
(et4351.sdc_line_68_2_1)     ext delay                      +9000    9000 F             
flash_io2                    inout port         2 59.6    0    +0    9000 F             
flash_bufs_2_/io 
flash_bufs_2_/soc_i 
soc/flash_io2_di 
  g2850/A1                                                     +0    9000               
  g2850/Y                    AO22X1LVT          1  4.3   54  +126    9126 F             
  g2795/C0                                                     +0    9126               
  g2795/Y                    AOI221X1LVT        1  4.4  169  +115    9241 R             
  g2761/B                                                      +0    9241               
  g2761/Y                    NAND2X1LVT         2  6.3  158  +148    9388 F             
  cpu/mem_rdata[2] 
    g115757/A1N                                                +0    9388               
    g115757/Y                OAI2BB1X1LVT       2  6.5  151  +136    9524 F             
    g115232/A1                                                 +0    9524               
    g115232/Y                AOI22X1LVT         1  4.2  123  +117    9641 R             
    g114843/B0                                                 +0    9641               
    g114843/Y                OA21X1LVT          9 23.2  237  +212    9853 R             
    g114684/A                                                  +0    9853               
    g114684/Y                INVX1LVT           5 13.2  180  +174   10027 F             
    g113666/C                                                  +0   10027               
    g113666/Y                OR4X1LVT           5 13.2  157  +213   10241 F             
    g113281/B                                                  +0   10241               
    g113281/Y                NOR2X1LVT          3  8.9  194  +161   10402 R             
    g113197/A                                                  +0   10402               
    g113197/Y                INVX1LVT           7 17.3  217  +182   10584 F             
    g111313/A0                                                 +0   10584               
    g111313/Y                AOI21X1LVT         1  4.2  118  +133   10716 R             
    g110639/D                                                  +0   10716               
    g110639/Y                OR4X1LVT           1  4.2   48   +80   10796 R             
    g110530/A1N                                                +0   10796               
    g110530/Y                AOI2BB1X1LVT       2  6.3  140  +104   10900 R             
    g110448/C0                                                 +0   10900               
    g110448/Y                AOI211XLLVT        1  4.1  203  +112   11012 F             
    g110387/A1                                                 +0   11012               
    g110387/Y                OA21X2LVT         13 31.8  185  +213   11225 F             
    g110331/B                                                  +0   11225               
    g110331/Y                NOR2X1LVT          2  6.7  156  +147   11372 R             
    g110316/A                                                  +0   11372               
    g110316/Y                INVX1LVT           2  6.1   92  +100   11472 F             
    g110250/B                                                  +0   11472               
    g110250/Y                OR2X1LVT           4 10.9  124  +121   11594 F             
    g109956/B0                                                 +0   11594               
    g109956/Y                OAI2BB1X1LVT       4 11.5  139  +116   11710 R             
    g109295/B                                                  +0   11710               
    g109295/Y                NOR4X1LVT          1  4.3   88   +94   11804 F             
    g109223/C0                                                 +0   11804               
    g109223/Y                AOI221X1LVT        1  4.4  168  +127   11930 R             
    g109212/C0                                                 +0   11930               
    g109212/Y                OAI221X1LVT        1  4.1  187  +176   12106 F             
    g109197/B                                                  +0   12106               
    g109197/Y                OR2X1LVT           1  4.1   51  +103   12209 F             
    mem_rdata_q_reg_26_/D    DFFX1LVT                          +0   12209               
    mem_rdata_q_reg_26_/CK   setup                        0   +34   12243 R             
- - - - - - - - - - - - - - - - - - - - - - - - - - - - - - - - - - - - - - - - - - - - 
(clock clk)                  capture                                16000 R             
                             uncertainty                     -250   15750 R             
----------------------------------------------------------------------------------------
Cost Group   : 'clk' (path_group 'clk')
Timing slack :    3507ps 
Start-point  : flash_io2
End-point    : soc/cpu/mem_rdata_q_reg_26_/D

path  92:

           Pin                  Type       Fanout Load Slew Delay Arrival   Location    
                                                  (fF) (ps)  (ps)   (ps)       (x,   y) 
----------------------------------------------------------------------------------------
(clock flash_clk)            launch                                     0 R             
(et4351.sdc_line_68_3_1)     ext delay                      +9000    9000 F             
flash_io3                    inout port         2 59.8    0    +0    9000 F             
flash_bufs_3_/io 
flash_bufs_3_/soc_i 
soc/flash_io3_di 
  g2831/B1                                                     +0    9000               
  g2831/Y                    AOI22X1LVT         1  4.4  130  +125    9125 R             
  g2760/B                                                      +0    9125               
  g2760/Y                    NAND2X1LVT         2  6.3  154  +133    9258 F             
  cpu/mem_rdata[3] 
    g115760/A1N                                                +0    9258               
    g115760/Y                OAI2BB1X1LVT       2  6.5  151  +135    9393 F             
    g115233/A1                                                 +0    9393               
    g115233/Y                AOI22X1LVT         1  4.2  123  +117    9510 R             
    g114847/B0                                                 +0    9510               
    g114847/Y                OA21X1LVT          9 22.8  233  +210    9720 R             
    g114688/A                                                  +0    9720               
    g114688/Y                INVX1LVT           7 17.5  224  +198    9918 F             
    g113666/D                                                  +0    9918               
    g113666/Y                OR4X1LVT           5 13.2  157  +209   10127 F             
    g113164/C                                                  +0   10127               
    g113164/Y                OR3X1LVT           4 11.3  132  +160   10287 F             
    g112960/B0                                                 +0   10287               
    g112960/Y                OAI2BB1X1LVT       1  4.4   71   +80   10367 R             
    g111313/A1                                                 +0   10367               
    g111313/Y                AOI21X1LVT         1  4.1  116   +94   10461 F             
    g110639/D                                                  +0   10461               
    g110639/Y                OR4X1LVT           1  4.1   60  +129   10590 F             
    g110530/A1N                                                +0   10590               
    g110530/Y                AOI2BB1X1LVT       2  6.1   88   +87   10676 F             
    g110448/C0                                                 +0   10676               
    g110448/Y                AOI211XLLVT        1  4.2  240  +171   10848 R             
    g110387/A1                                                 +0   10848               
    g110387/Y                OA21X2LVT         13 33.2  179  +223   11071 R             
    g110366/A                                                  +0   11071               
    g110366/Y                INVX1LVT           5 13.2  171  +152   11223 F             
    g110293/A                                                  +0   11223               
    g110293/Y                AND2X1LVT          5 12.6  140  +134   11356 F             
    g110245/B                                                  +0   11356               
    g110245/Y                NAND2X1LVT         3  8.9  115  +106   11462 R             
    g109654/A                                                  +0   11462               
    g109654/Y                NAND2X1LVT         1  4.3  107  +103   11565 F             
    g109581/A                                                  +0   11565               
    g109581/Y                NOR2X1LVT          1  4.4  114   +94   11659 R             
    g109458/B                                                  +0   11659               
    g109458/Y                NAND2X1LVT         1  4.3  117  +104   11763 F             
    g109295/D                                                  +0   11763               
    g109295/Y                NOR4X1LVT          1  4.4  207  +151   11914 R             
    g109223/C0                                                 +0   11914               
    g109223/Y                AOI221X1LVT        1  4.3  145  +112   12026 F             
    g109212/C0                                                 +0   12026               
    g109212/Y                OAI221X1LVT        1  4.2  136   +83   12109 R             
    g109197/B                                                  +0   12109               
    g109197/Y                OR2X1LVT           1  4.2   47   +79   12188 R             
    mem_rdata_q_reg_26_/D    DFFX1LVT                          +0   12188               
    mem_rdata_q_reg_26_/CK   setup                        0   +50   12238 R             
- - - - - - - - - - - - - - - - - - - - - - - - - - - - - - - - - - - - - - - - - - - - 
(clock clk)                  capture                                16000 R             
                             uncertainty                     -250   15750 R             
----------------------------------------------------------------------------------------
Cost Group   : 'clk' (path_group 'clk')
Timing slack :    3512ps 
Start-point  : flash_io3
End-point    : soc/cpu/mem_rdata_q_reg_26_/D

path  93:

           Pin                  Type       Fanout Load Slew Delay Arrival   Location    
                                                  (fF) (ps)  (ps)   (ps)       (x,   y) 
----------------------------------------------------------------------------------------
(clock flash_clk)            launch                                     0 R             
(et4351.sdc_line_68_2_1)     ext delay                      +9000    9000 F             
flash_io2                    inout port         2 59.6    0    +0    9000 F             
flash_bufs_2_/io 
flash_bufs_2_/soc_i 
soc/flash_io2_di 
  g2850/A1                                                     +0    9000               
  g2850/Y                    AO22X1LVT          1  4.3   54  +126    9126 F             
  g2795/C0                                                     +0    9126               
  g2795/Y                    AOI221X1LVT        1  4.4  169  +115    9241 R             
  g2761/B                                                      +0    9241               
  g2761/Y                    NAND2X1LVT         2  6.3  158  +148    9388 F             
  cpu/mem_rdata[2] 
    g115757/A1N                                                +0    9388               
    g115757/Y                OAI2BB1X1LVT       2  6.5  151  +136    9524 F             
    g115232/A1                                                 +0    9524               
    g115232/Y                AOI22X1LVT         1  4.2  123  +117    9641 R             
    g114843/B0                                                 +0    9641               
    g114843/Y                OA21X1LVT          9 23.2  237  +212    9853 R             
    g114684/A                                                  +0    9853               
    g114684/Y                INVX1LVT           5 13.2  180  +174   10027 F             
    g113666/C                                                  +0   10027               
    g113666/Y                OR4X1LVT           5 13.2  157  +213   10241 F             
    g113164/C                                                  +0   10241               
    g113164/Y                OR3X1LVT           4 11.3  132  +160   10400 F             
    g112960/B0                                                 +0   10400               
    g112960/Y                OAI2BB1X1LVT       1  4.4   71   +80   10480 R             
    g111313/A1                                                 +0   10480               
    g111313/Y                AOI21X1LVT         1  4.1  116   +94   10574 F             
    g110639/D                                                  +0   10574               
    g110639/Y                OR4X1LVT           1  4.1   60  +129   10703 F             
    g110530/A1N                                                +0   10703               
    g110530/Y                AOI2BB1X1LVT       2  6.1   88   +87   10790 F             
    g110448/C0                                                 +0   10790               
    g110448/Y                AOI211XLLVT        1  4.2  240  +171   10961 R             
    g110387/A1                                                 +0   10961               
    g110387/Y                OA21X2LVT         13 33.2  179  +223   11184 R             
    g110366/A                                                  +0   11184               
    g110366/Y                INVX1LVT           5 13.2  171  +152   11336 F             
    g110293/A                                                  +0   11336               
    g110293/Y                AND2X1LVT          5 12.6  140  +134   11470 F             
    g109956/A1N                                                +0   11470               
    g109956/Y                OAI2BB1X1LVT       4 11.1  246  +186   11656 F             
    g109296/B                                                  +0   11656               
    g109296/Y                NOR4X1LVT          1  4.4  212  +203   11858 R             
    g109214/B1                                                 +0   11858               
    g109214/Y                AOI222X1LVT        1  4.3  161  +161   12020 F             
    g109203/C0                                                 +0   12020               
    g109203/Y                OAI221X1LVT        1  4.2  134   +89   12109 R             
    g109193/B                                                  +0   12109               
    g109193/Y                OR2X1LVT           1  4.2   47   +78   12188 R             
    mem_rdata_q_reg_27_/D    DFFX1LVT                          +0   12188               
    mem_rdata_q_reg_27_/CK   setup                        0   +50   12238 R             
- - - - - - - - - - - - - - - - - - - - - - - - - - - - - - - - - - - - - - - - - - - - 
(clock clk)                  capture                                16000 R             
                             uncertainty                     -250   15750 R             
----------------------------------------------------------------------------------------
Cost Group   : 'clk' (path_group 'clk')
Timing slack :    3512ps 
Start-point  : flash_io2
End-point    : soc/cpu/mem_rdata_q_reg_27_/D

path  94:

           Pin                  Type       Fanout Load Slew Delay Arrival   Location    
                                                  (fF) (ps)  (ps)   (ps)       (x,   y) 
----------------------------------------------------------------------------------------
(clock flash_clk)            launch                                     0 R             
(et4351.sdc_line_68_2_1)     ext delay                      +9000    9000 R             
flash_io2                    inout port         2 59.7    0    +0    9000 R             
flash_bufs_2_/io 
flash_bufs_2_/soc_i 
soc/flash_io2_di 
  g2850/A1                                                     +0    9000               
  g2850/Y                    AO22X1LVT          1  4.4   53  +139    9139 R             
  g2795/C0                                                     +0    9139               
  g2795/Y                    AOI221X1LVT        1  4.3  145   +53    9192 F             
  g2761/B                                                      +0    9192               
  g2761/Y                    NAND2X1LVT         2  6.5   93   +94    9286 R             
  cpu/mem_rdata[2] 
    g115757/A1N                                                +0    9286               
    g115757/Y                OAI2BB1X1LVT       2  6.7   98  +102    9389 R             
    g115232/A1                                                 +0    9389               
    g115232/Y                AOI22X1LVT         1  4.1  132  +113    9502 F             
    g114843/B0                                                 +0    9502               
    g114843/Y                OA21X1LVT          9 22.3  247  +190    9692 F             
    g114684/A                                                  +0    9692               
    g114684/Y                INVX1LVT           5 13.7  177  +170    9862 R             
    g113666/C                                                  +0    9862               
    g113666/Y                OR4X1LVT           5 13.7  142  +156   10019 R             
    g113281/B                                                  +0   10019               
    g113281/Y                NOR2X1LVT          3  8.6  127  +111   10130 F             
    g113197/A                                                  +0   10130               
    g113197/Y                INVX1LVT           7 18.0  200  +150   10280 R             
    g111313/A0                                                 +0   10280               
    g111313/Y                AOI21X1LVT         1  4.1  116  +138   10418 F             
    g110639/D                                                  +0   10418               
    g110639/Y                OR4X1LVT           1  4.1   60  +129   10547 F             
    g110530/A1N                                                +0   10547               
    g110530/Y                AOI2BB1X1LVT       2  6.1   88   +87   10634 F             
    g110448/C0                                                 +0   10634               
    g110448/Y                AOI211XLLVT        1  4.2  240  +171   10805 R             
    g110387/A1                                                 +0   10805               
    g110387/Y                OA21X2LVT         13 33.2  179  +223   11028 R             
    g110366/A                                                  +0   11028               
    g110366/Y                INVX1LVT           5 13.2  171  +152   11180 F             
    g110293/A                                                  +0   11180               
    g110293/Y                AND2X1LVT          5 12.6  140  +134   11313 F             
    g109659/A1N                                                +0   11313               
    g109659/Y                OAI2BB1X1LVT       3  8.6  198  +157   11470 F             
    g109462/AN                                                 +0   11470               
    g109462/Y                NAND4BX1LVT        1  4.3  220  +202   11672 F             
    g109296/D                                                  +0   11672               
    g109296/Y                NOR4X1LVT          1  4.4  212  +186   11858 R             
    g109214/B1                                                 +0   11858               
    g109214/Y                AOI222X1LVT        1  4.3  161  +161   12020 F             
    g109203/C0                                                 +0   12020               
    g109203/Y                OAI221X1LVT        1  4.2  134   +89   12109 R             
    g109193/B                                                  +0   12109               
    g109193/Y                OR2X1LVT           1  4.2   47   +78   12187 R             
    mem_rdata_q_reg_27_/D    DFFX1LVT                          +0   12187               
    mem_rdata_q_reg_27_/CK   setup                        0   +50   12238 R             
- - - - - - - - - - - - - - - - - - - - - - - - - - - - - - - - - - - - - - - - - - - - 
(clock clk)                  capture                                16000 R             
                             uncertainty                     -250   15750 R             
----------------------------------------------------------------------------------------
Cost Group   : 'clk' (path_group 'clk')
Timing slack :    3512ps 
Start-point  : flash_io2
End-point    : soc/cpu/mem_rdata_q_reg_27_/D

path  95:

           Pin                  Type       Fanout Load Slew Delay Arrival   Location    
                                                  (fF) (ps)  (ps)   (ps)       (x,   y) 
----------------------------------------------------------------------------------------
(clock flash_clk)            launch                                     0 R             
(et4351.sdc_line_68_2_1)     ext delay                      +9000    9000 F             
flash_io2                    inout port         2 59.6    0    +0    9000 F             
flash_bufs_2_/io 
flash_bufs_2_/soc_i 
soc/flash_io2_di 
  g2850/A1                                                     +0    9000               
  g2850/Y                    AO22X1LVT          1  4.3   54  +126    9126 F             
  g2795/C0                                                     +0    9126               
  g2795/Y                    AOI221X1LVT        1  4.4  169  +115    9241 R             
  g2761/B                                                      +0    9241               
  g2761/Y                    NAND2X1LVT         2  6.3  158  +148    9388 F             
  cpu/mem_rdata[2] 
    g115757/A1N                                                +0    9388               
    g115757/Y                OAI2BB1X1LVT       2  6.5  151  +136    9524 F             
    g115232/A1                                                 +0    9524               
    g115232/Y                AOI22X1LVT         1  4.2  123  +117    9641 R             
    g114843/B0                                                 +0    9641               
    g114843/Y                OA21X1LVT          9 23.2  237  +212    9853 R             
    g114684/A                                                  +0    9853               
    g114684/Y                INVX1LVT           5 13.2  180  +174   10027 F             
    g113666/C                                                  +0   10027               
    g113666/Y                OR4X1LVT           5 13.2  157  +213   10241 F             
    g113264/B                                                  +0   10241               
    g113264/Y                NAND2X1LVT         2  7.0  106  +102   10342 R             
    g113094/B                                                  +0   10342               
    g113094/Y                NOR2X2LVT          5 12.8  116   +78   10421 F             
    g110639/B                                                  +0   10421               
    g110639/Y                OR4X1LVT           1  4.1   60  +152   10573 F             
    g110530/A1N                                                +0   10573               
    g110530/Y                AOI2BB1X1LVT       2  6.1   88   +87   10660 F             
    g110448/C0                                                 +0   10660               
    g110448/Y                AOI211XLLVT        1  4.2  240  +171   10831 R             
    g110387/A1                                                 +0   10831               
    g110387/Y                OA21X2LVT         13 33.2  179  +223   11054 R             
    g110334/B                                                  +0   11054               
    g110334/Y                NOR2X2LVT          7 17.3  131  +116   11171 F             
    g110248/A                                                  +0   11171               
    g110248/Y                AND2X1LVT          4 11.5  128  +119   11289 F             
    g109953/B0                                                 +0   11289               
    g109953/Y                OAI31X2LVT         3  9.1  168   +70   11360 R             
    g109659/B0                                                 +0   11360               
    g109659/Y                OAI2BB1X1LVT       3  8.6  198  +172   11531 F             
    g109581/B                                                  +0   11531               
    g109581/Y                NOR2X1LVT          1  4.4  114  +127   11658 R             
    g109458/B                                                  +0   11658               
    g109458/Y                NAND2X1LVT         1  4.3  117  +104   11762 F             
    g109295/D                                                  +0   11762               
    g109295/Y                NOR4X1LVT          1  4.4  207  +151   11913 R             
    g109223/C0                                                 +0   11913               
    g109223/Y                AOI221X1LVT        1  4.3  145  +112   12025 F             
    g109212/C0                                                 +0   12025               
    g109212/Y                OAI221X1LVT        1  4.2  136   +83   12108 R             
    g109197/B                                                  +0   12108               
    g109197/Y                OR2X1LVT           1  4.2   47   +79   12187 R             
    mem_rdata_q_reg_26_/D    DFFX1LVT                          +0   12187               
    mem_rdata_q_reg_26_/CK   setup                        0   +50   12237 R             
- - - - - - - - - - - - - - - - - - - - - - - - - - - - - - - - - - - - - - - - - - - - 
(clock clk)                  capture                                16000 R             
                             uncertainty                     -250   15750 R             
----------------------------------------------------------------------------------------
Cost Group   : 'clk' (path_group 'clk')
Timing slack :    3513ps 
Start-point  : flash_io2
End-point    : soc/cpu/mem_rdata_q_reg_26_/D

path  96:

           Pin                  Type       Fanout Load Slew Delay Arrival   Location    
                                                  (fF) (ps)  (ps)   (ps)       (x,   y) 
----------------------------------------------------------------------------------------
(clock flash_clk)            launch                                     0 R             
(et4351.sdc_line_68_2_1)     ext delay                      +9000    9000 R             
flash_io2                    inout port         2 59.7    0    +0    9000 R             
flash_bufs_2_/io 
flash_bufs_2_/soc_i 
soc/flash_io2_di 
  g2850/A1                                                     +0    9000               
  g2850/Y                    AO22X1LVT          1  4.4   53  +139    9139 R             
  g2795/C0                                                     +0    9139               
  g2795/Y                    AOI221X1LVT        1  4.3  145   +53    9192 F             
  g2761/B                                                      +0    9192               
  g2761/Y                    NAND2X1LVT         2  6.5   93   +94    9286 R             
  cpu/mem_rdata[2] 
    g115757/A1N                                                +0    9286               
    g115757/Y                OAI2BB1X1LVT       2  6.7   98  +102    9389 R             
    g115232/A1                                                 +0    9389               
    g115232/Y                AOI22X1LVT         1  4.1  132  +113    9502 F             
    g114843/B0                                                 +0    9502               
    g114843/Y                OA21X1LVT          9 22.3  247  +190    9692 F             
    g114684/A                                                  +0    9692               
    g114684/Y                INVX1LVT           5 13.7  177  +170    9862 R             
    g113666/C                                                  +0    9862               
    g113666/Y                OR4X1LVT           5 13.7  142  +156   10019 R             
    g113281/B                                                  +0   10019               
    g113281/Y                NOR2X1LVT          3  8.6  127  +111   10130 F             
    g113197/A                                                  +0   10130               
    g113197/Y                INVX1LVT           7 18.0  200  +150   10280 R             
    g113082/B                                                  +0   10280               
    g113082/Y                NOR2X1LVT          2  6.1  105  +118   10398 F             
    g111319/D                                                  +0   10398               
    g111319/Y                OR4X1LVT           1  4.3   62  +127   10525 F             
    g110638/D                                                  +0   10525               
    g110638/Y                NOR4X1LVT          1  4.4  202  +133   10658 R             
    g110526/A1                                                 +0   10658               
    g110526/Y                OAI211X1LVT        1  4.3  176  +165   10823 F             
    g110431/A1                                                 +0   10823               
    g110431/Y                OAI21X1LVT         1  4.2  115  +123   10946 R             
    g110430/B                                                  +0   10946               
    g110430/Y                AND2X1LVT          9 23.0  234  +199   11145 R             
    g110361/B                                                  +0   11145               
    g110361/Y                OR2X1LVT           4 11.3  117  +142   11287 R             
    g110332/B0                                                 +0   11287               
    g110332/Y                AOI21X1LVT         3  8.8  209  +103   11390 F             
    g110249/B                                                  +0   11390               
    g110249/Y                NOR2X1LVT          4 11.5  248  +208   11597 R             
    g109947/B0                                                 +0   11597               
    g109947/Y                OAI2BB1X1LVT       2  6.3  156  +172   11769 F             
    g109459/D                                                  +0   11769               
    g109459/Y                NOR4X1LVT          1  4.4  207  +164   11933 R             
    g109297/A1                                                 +0   11933               
    g109297/Y                AOI221X1LVT        1  4.3  152  +164   12097 F             
    g109243/B                                                  +0   12097               
    g109243/Y                NAND2X1LVT         1  4.3   76   +85   12182 R             
    mem_rdata_q_reg_23_/D    DFFHQX1LVT                        +0   12182               
    mem_rdata_q_reg_23_/CK   setup                        0   +55   12237 R             
- - - - - - - - - - - - - - - - - - - - - - - - - - - - - - - - - - - - - - - - - - - - 
(clock clk)                  capture                                16000 R             
                             uncertainty                     -250   15750 R             
----------------------------------------------------------------------------------------
Cost Group   : 'clk' (path_group 'clk')
Timing slack :    3513ps 
Start-point  : flash_io2
End-point    : soc/cpu/mem_rdata_q_reg_23_/D

path  97:

           Pin                  Type       Fanout Load Slew Delay Arrival   Location    
                                                  (fF) (ps)  (ps)   (ps)       (x,   y) 
----------------------------------------------------------------------------------------
(clock flash_clk)            launch                                     0 R             
(et4351.sdc_line_68_2_1)     ext delay                      +9000    9000 F             
flash_io2                    inout port         2 59.6    0    +0    9000 F             
flash_bufs_2_/io 
flash_bufs_2_/soc_i 
soc/flash_io2_di 
  g2850/A1                                                     +0    9000               
  g2850/Y                    AO22X1LVT          1  4.3   54  +126    9126 F             
  g2795/C0                                                     +0    9126               
  g2795/Y                    AOI221X1LVT        1  4.4  169  +115    9241 R             
  g2761/B                                                      +0    9241               
  g2761/Y                    NAND2X1LVT         2  6.3  158  +148    9388 F             
  cpu/mem_rdata[2] 
    g115757/A1N                                                +0    9388               
    g115757/Y                OAI2BB1X1LVT       2  6.5  151  +136    9524 F             
    g115232/A1                                                 +0    9524               
    g115232/Y                AOI22X1LVT         1  4.2  123  +117    9641 R             
    g114843/B0                                                 +0    9641               
    g114843/Y                OA21X1LVT          9 23.2  237  +212    9853 R             
    g114684/A                                                  +0    9853               
    g114684/Y                INVX1LVT           5 13.2  180  +174   10027 F             
    g113666/C                                                  +0   10027               
    g113666/Y                OR4X1LVT           5 13.2  157  +213   10241 F             
    g113164/C                                                  +0   10241               
    g113164/Y                OR3X1LVT           4 11.3  132  +160   10400 F             
    g112993/B                                                  +0   10400               
    g112993/Y                NOR2X2LVT          5 13.5  158  +123   10523 R             
    g110639/C                                                  +0   10523               
    g110639/Y                OR4X1LVT           1  4.2   48   +99   10622 R             
    g110530/A1N                                                +0   10622               
    g110530/Y                AOI2BB1X1LVT       2  6.3  140  +104   10727 R             
    g110448/C0                                                 +0   10727               
    g110448/Y                AOI211XLLVT        1  4.1  203  +112   10839 F             
    g110387/A1                                                 +0   10839               
    g110387/Y                OA21X2LVT         13 31.8  185  +213   11051 F             
    g110334/B                                                  +0   11051               
    g110334/Y                NOR2X2LVT          7 18.0  206  +165   11216 R             
    g110248/A                                                  +0   11216               
    g110248/Y                AND2X1LVT          4 12.0  126  +160   11376 R             
    g109953/B0                                                 +0   11376               
    g109953/Y                OAI31X2LVT         3  8.8  130  +120   11496 F             
    g109659/B0                                                 +0   11496               
    g109659/Y                OAI2BB1X1LVT       3  8.9  115  +104   11600 R             
    g109581/B                                                  +0   11600               
    g109581/Y                NOR2X1LVT          1  4.3   68   +75   11675 F             
    g109458/B                                                  +0   11675               
    g109458/Y                NAND2X1LVT         1  4.4   91   +54   11730 R             
    g109295/D                                                  +0   11730               
    g109295/Y                NOR4X1LVT          1  4.3   88   +68   11798 F             
    g109223/C0                                                 +0   11798               
    g109223/Y                AOI221X1LVT        1  4.4  168  +127   11924 R             
    g109212/C0                                                 +0   11924               
    g109212/Y                OAI221X1LVT        1  4.1  187  +176   12100 F             
    g109197/B                                                  +0   12100               
    g109197/Y                OR2X1LVT           1  4.1   51  +103   12203 F             
    mem_rdata_q_reg_26_/D    DFFX1LVT                          +0   12203               
    mem_rdata_q_reg_26_/CK   setup                        0   +34   12237 R             
- - - - - - - - - - - - - - - - - - - - - - - - - - - - - - - - - - - - - - - - - - - - 
(clock clk)                  capture                                16000 R             
                             uncertainty                     -250   15750 R             
----------------------------------------------------------------------------------------
Cost Group   : 'clk' (path_group 'clk')
Timing slack :    3513ps 
Start-point  : flash_io2
End-point    : soc/cpu/mem_rdata_q_reg_26_/D

path  98:

           Pin                  Type       Fanout Load Slew Delay Arrival   Location    
                                                  (fF) (ps)  (ps)   (ps)       (x,   y) 
----------------------------------------------------------------------------------------
(clock flash_clk)            launch                                     0 R             
(et4351.sdc_line_68_2_1)     ext delay                      +9000    9000 F             
flash_io2                    inout port         2 59.6    0    +0    9000 F             
flash_bufs_2_/io 
flash_bufs_2_/soc_i 
soc/flash_io2_di 
  g2850/A1                                                     +0    9000               
  g2850/Y                    AO22X1LVT          1  4.3   54  +126    9126 F             
  g2795/C0                                                     +0    9126               
  g2795/Y                    AOI221X1LVT        1  4.4  169  +115    9241 R             
  g2761/B                                                      +0    9241               
  g2761/Y                    NAND2X1LVT         2  6.3  158  +148    9388 F             
  cpu/mem_rdata[2] 
    g115757/A1N                                                +0    9388               
    g115757/Y                OAI2BB1X1LVT       2  6.5  151  +136    9524 F             
    g115232/A1                                                 +0    9524               
    g115232/Y                AOI22X1LVT         1  4.2  123  +117    9641 R             
    g114843/B0                                                 +0    9641               
    g114843/Y                OA21X1LVT          9 23.2  237  +212    9853 R             
    g114684/A                                                  +0    9853               
    g114684/Y                INVX1LVT           5 13.2  180  +174   10027 F             
    g113666/C                                                  +0   10027               
    g113666/Y                OR4X1LVT           5 13.2  157  +213   10241 F             
    g113164/C                                                  +0   10241               
    g113164/Y                OR3X1LVT           4 11.3  132  +160   10400 F             
    g112960/B0                                                 +0   10400               
    g112960/Y                OAI2BB1X1LVT       1  4.4   71   +80   10480 R             
    g111313/A1                                                 +0   10480               
    g111313/Y                AOI21X1LVT         1  4.1  116   +94   10574 F             
    g110639/D                                                  +0   10574               
    g110639/Y                OR4X1LVT           1  4.1   60  +129   10703 F             
    g110530/A1N                                                +0   10703               
    g110530/Y                AOI2BB1X1LVT       2  6.1   88   +87   10790 F             
    g110448/C0                                                 +0   10790               
    g110448/Y                AOI211XLLVT        1  4.2  240  +171   10961 R             
    g110387/A1                                                 +0   10961               
    g110387/Y                OA21X2LVT         13 33.2  179  +223   11184 R             
    g110334/B                                                  +0   11184               
    g110334/Y                NOR2X2LVT          7 17.3  131  +116   11300 F             
    g109666/A1N                                                +0   11300               
    g109666/Y                OAI2BB1X1LVT       4 10.7  238  +179   11480 F             
    g109647/B                                                  +0   11480               
    g109647/Y                OR2X1LVT           2  6.3   75  +127   11607 F             
    g109386/AN                                                 +0   11607               
    g109386/Y                NAND3BXLLVT        1  4.3  278  +192   11799 F             
    g109330/B                                                  +0   11799               
    g109330/Y                NOR2X1LVT          1  4.4  123  +156   11955 R             
    g109242/A1                                                 +0   11955               
    g109242/Y                AOI22X1LVT         1  4.3  137  +125   12080 F             
    g109222/C0                                                 +0   12080               
    g109222/Y                OAI221X1LVT        1  4.2  142   +80   12160 R             
    mem_rdata_q_reg_25_/D    DFFX1LVT                          +0   12160               
    mem_rdata_q_reg_25_/CK   setup                        0   +76   12236 R             
- - - - - - - - - - - - - - - - - - - - - - - - - - - - - - - - - - - - - - - - - - - - 
(clock clk)                  capture                                16000 R             
                             uncertainty                     -250   15750 R             
----------------------------------------------------------------------------------------
Cost Group   : 'clk' (path_group 'clk')
Timing slack :    3514ps 
Start-point  : flash_io2
End-point    : soc/cpu/mem_rdata_q_reg_25_/D

path  99:

           Pin                  Type       Fanout Load Slew Delay Arrival   Location    
                                                  (fF) (ps)  (ps)   (ps)       (x,   y) 
----------------------------------------------------------------------------------------
(clock flash_clk)            launch                                     0 R             
(et4351.sdc_line_68_2_1)     ext delay                      +9000    9000 F             
flash_io2                    inout port         2 59.6    0    +0    9000 F             
flash_bufs_2_/io 
flash_bufs_2_/soc_i 
soc/flash_io2_di 
  g2850/A1                                                     +0    9000               
  g2850/Y                    AO22X1LVT          1  4.3   54  +126    9126 F             
  g2795/C0                                                     +0    9126               
  g2795/Y                    AOI221X1LVT        1  4.4  169  +115    9241 R             
  g2761/B                                                      +0    9241               
  g2761/Y                    NAND2X1LVT         2  6.3  158  +148    9388 F             
  cpu/mem_rdata[2] 
    g115757/A1N                                                +0    9388               
    g115757/Y                OAI2BB1X1LVT       2  6.5  151  +136    9524 F             
    g115232/A1                                                 +0    9524               
    g115232/Y                AOI22X1LVT         1  4.2  123  +117    9641 R             
    g114843/B0                                                 +0    9641               
    g114843/Y                OA21X1LVT          9 23.2  237  +212    9853 R             
    g114684/A                                                  +0    9853               
    g114684/Y                INVX1LVT           5 13.2  180  +174   10027 F             
    g113666/C                                                  +0   10027               
    g113666/Y                OR4X1LVT           5 13.2  157  +213   10241 F             
    g113164/C                                                  +0   10241               
    g113164/Y                OR3X1LVT           4 11.3  132  +160   10400 F             
    g112993/B                                                  +0   10400               
    g112993/Y                NOR2X2LVT          5 13.5  158  +123   10523 R             
    g110639/C                                                  +0   10523               
    g110639/Y                OR4X1LVT           1  4.2   48   +99   10622 R             
    g110530/A1N                                                +0   10622               
    g110530/Y                AOI2BB1X1LVT       2  6.3  140  +104   10727 R             
    g110448/C0                                                 +0   10727               
    g110448/Y                AOI211XLLVT        1  4.1  203  +112   10839 F             
    g110387/A1                                                 +0   10839               
    g110387/Y                OA21X2LVT         13 31.8  185  +213   11051 F             
    g110334/B                                                  +0   11051               
    g110334/Y                NOR2X2LVT          7 18.0  206  +165   11216 R             
    g110248/A                                                  +0   11216               
    g110248/Y                AND2X1LVT          4 12.0  126  +160   11376 R             
    g109952/B                                                  +0   11376               
    g109952/Y                NAND2X1LVT         3  8.8  204  +161   11537 F             
    g109666/B0                                                 +0   11537               
    g109666/Y                OAI2BB1X1LVT       4 11.1  148  +144   11681 R             
    g109296/C                                                  +0   11681               
    g109296/Y                NOR4X1LVT          1  4.3   80   +94   11775 F             
    g109214/B1                                                 +0   11775               
    g109214/Y                AOI222X1LVT        1  4.4  187  +142   11916 R             
    g109203/C0                                                 +0   11916               
    g109203/Y                OAI221X1LVT        1  4.1  188  +182   12099 F             
    g109193/B                                                  +0   12099               
    g109193/Y                OR2X1LVT           1  4.1   51  +103   12202 F             
    mem_rdata_q_reg_27_/D    DFFX1LVT                          +0   12202               
    mem_rdata_q_reg_27_/CK   setup                        0   +34   12236 R             
- - - - - - - - - - - - - - - - - - - - - - - - - - - - - - - - - - - - - - - - - - - - 
(clock clk)                  capture                                16000 R             
                             uncertainty                     -250   15750 R             
----------------------------------------------------------------------------------------
Cost Group   : 'clk' (path_group 'clk')
Timing slack :    3514ps 
Start-point  : flash_io2
End-point    : soc/cpu/mem_rdata_q_reg_27_/D

path 100:

           Pin                  Type       Fanout Load Slew Delay Arrival   Location    
                                                  (fF) (ps)  (ps)   (ps)       (x,   y) 
----------------------------------------------------------------------------------------
(clock flash_clk)            launch                                     0 R             
(et4351.sdc_line_68_2_1)     ext delay                      +9000    9000 F             
flash_io2                    inout port         2 59.6    0    +0    9000 F             
flash_bufs_2_/io 
flash_bufs_2_/soc_i 
soc/flash_io2_di 
  g2850/A1                                                     +0    9000               
  g2850/Y                    AO22X1LVT          1  4.3   54  +126    9126 F             
  g2795/C0                                                     +0    9126               
  g2795/Y                    AOI221X1LVT        1  4.4  169  +115    9241 R             
  g2761/B                                                      +0    9241               
  g2761/Y                    NAND2X1LVT         2  6.3  158  +148    9388 F             
  cpu/mem_rdata[2] 
    g115757/A1N                                                +0    9388               
    g115757/Y                OAI2BB1X1LVT       2  6.5  151  +136    9524 F             
    g115232/A1                                                 +0    9524               
    g115232/Y                AOI22X1LVT         1  4.2  123  +117    9641 R             
    g114843/B0                                                 +0    9641               
    g114843/Y                OA21X1LVT          9 23.2  237  +212    9853 R             
    g114684/A                                                  +0    9853               
    g114684/Y                INVX1LVT           5 13.2  180  +174   10027 F             
    g113666/C                                                  +0   10027               
    g113666/Y                OR4X1LVT           5 13.2  157  +213   10241 F             
    g113281/B                                                  +0   10241               
    g113281/Y                NOR2X1LVT          3  8.9  194  +161   10402 R             
    g113197/A                                                  +0   10402               
    g113197/Y                INVX1LVT           7 17.3  217  +182   10584 F             
    g113082/B                                                  +0   10584               
    g113082/Y                NOR2X1LVT          2  6.3  152  +154   10738 R             
    g111319/D                                                  +0   10738               
    g111319/Y                OR4X1LVT           1  4.4   50   +90   10828 R             
    g110638/D                                                  +0   10828               
    g110638/Y                NOR4X1LVT          1  4.3   93   +52   10880 F             
    g110526/A1                                                 +0   10880               
    g110526/Y                OAI211X1LVT        1  4.4  119  +102   10982 R             
    g110431/A1                                                 +0   10982               
    g110431/Y                OAI21X1LVT         1  4.1  119  +104   11085 F             
    g110430/B                                                  +0   11085               
    g110430/Y                AND2X1LVT          9 22.1  242  +183   11268 F             
    g110359/AN                                                 +0   11268               
    g110359/Y                NAND2BX1LVT        3  8.8  217  +179   11446 F             
    g110289/B                                                  +0   11446               
    g110289/Y                NOR2BX1LVT         2  6.7  159  +159   11605 R             
    g110249/A                                                  +0   11605               
    g110249/Y                NOR2X1LVT          4 11.1  153  +137   11742 F             
    g116839/C                                                  +0   11742               
    g116839/Y                NAND4BX1LVT        1  4.4   82   +91   11833 R             
    g109379/B0                                                 +0   11833               
    g109379/Y                OAI21X1LVT         1  4.3  117  +100   11932 F             
    g109323/C0                                                 +0   11932               
    g109323/Y                AOI221X1LVT        1  4.4  167  +137   12069 R             
    g109262/B                                                  +0   12069               
    g109262/Y                NAND2X1LVT         1  4.2  115  +122   12191 F             
    mem_rdata_q_reg_22_/D    DFFHQX1LVT                        +0   12191               
    mem_rdata_q_reg_22_/CK   setup                        0   +43   12235 R             
- - - - - - - - - - - - - - - - - - - - - - - - - - - - - - - - - - - - - - - - - - - - 
(clock clk)                  capture                                16000 R             
                             uncertainty                     -250   15750 R             
----------------------------------------------------------------------------------------
Cost Group   : 'clk' (path_group 'clk')
Timing slack :    3515ps 
Start-point  : flash_io2
End-point    : soc/cpu/mem_rdata_q_reg_22_/D

