
 	 Check Design Report (c)
	 ------------------- 
No subdesign's name is greater than 1.5k in length.

 Feedthrough Module(s)
 -------------------------
No feed through module in 'et4351'

  Unresolved References & Empty Modules
  ------------------------------------- 
No unresolved references in design 'et4351'

No empty modules in design 'et4351'

 Unloaded Pin(s), Port(s)
 -------------------------
No unloaded sequential element in 'et4351'

No unloaded port in 'et4351'

 Unloaded Combinational Pin(s)
 -------------------------------
No unloaded combinational element in 'et4351'

 Assigns
 ------- 
Encountered an assign statement at subport '/designs/et4351/instances_hier/accel/instances_hier/fft/subports_out/accel_mem_wstrb[1]' in module accelerator_fft_LOG_MAX_N32_MEM_WIDTH32_ADDR_WIDTH6_DATA_WIDTH24
Encountered an assign statement at subport '/designs/et4351/instances_hier/accel/instances_hier/fft/subports_out/accel_mem_wstrb[0]' in module accelerator_fft_LOG_MAX_N32_MEM_WIDTH32_ADDR_WIDTH6_DATA_WIDTH24
Encountered an assign statement at subport '/designs/et4351/instances_hier/accel/instances_hier/fft/subports_out/accel_mem_addr_a[31]' in module accelerator_fft_LOG_MAX_N32_MEM_WIDTH32_ADDR_WIDTH6_DATA_WIDTH24
Encountered an assign statement at subport '/designs/et4351/instances_hier/accel/instances_hier/fft/subports_out/accel_mem_addr_a[30]' in module accelerator_fft_LOG_MAX_N32_MEM_WIDTH32_ADDR_WIDTH6_DATA_WIDTH24
Encountered an assign statement at subport '/designs/et4351/instances_hier/accel/instances_hier/fft/subports_out/accel_mem_addr_a[29]' in module accelerator_fft_LOG_MAX_N32_MEM_WIDTH32_ADDR_WIDTH6_DATA_WIDTH24
Encountered an assign statement at subport '/designs/et4351/instances_hier/accel/instances_hier/fft/subports_out/accel_mem_addr_a[28]' in module accelerator_fft_LOG_MAX_N32_MEM_WIDTH32_ADDR_WIDTH6_DATA_WIDTH24
Encountered an assign statement at subport '/designs/et4351/instances_hier/accel/instances_hier/fft/subports_out/accel_mem_addr_a[27]' in module accelerator_fft_LOG_MAX_N32_MEM_WIDTH32_ADDR_WIDTH6_DATA_WIDTH24
Encountered an assign statement at subport '/designs/et4351/instances_hier/accel/instances_hier/fft/subports_out/accel_mem_addr_a[26]' in module accelerator_fft_LOG_MAX_N32_MEM_WIDTH32_ADDR_WIDTH6_DATA_WIDTH24
Encountered an assign statement at subport '/designs/et4351/instances_hier/accel/instances_hier/fft/subports_out/accel_mem_addr_a[25]' in module accelerator_fft_LOG_MAX_N32_MEM_WIDTH32_ADDR_WIDTH6_DATA_WIDTH24
Encountered an assign statement at subport '/designs/et4351/instances_hier/accel/instances_hier/fft/subports_out/accel_mem_addr_a[24]' in module accelerator_fft_LOG_MAX_N32_MEM_WIDTH32_ADDR_WIDTH6_DATA_WIDTH24
Encountered an assign statement at subport '/designs/et4351/instances_hier/accel/instances_hier/fft/subports_out/accel_mem_addr_a[23]' in module accelerator_fft_LOG_MAX_N32_MEM_WIDTH32_ADDR_WIDTH6_DATA_WIDTH24
Encountered an assign statement at subport '/designs/et4351/instances_hier/accel/instances_hier/fft/subports_out/accel_mem_addr_a[22]' in module accelerator_fft_LOG_MAX_N32_MEM_WIDTH32_ADDR_WIDTH6_DATA_WIDTH24
Encountered an assign statement at subport '/designs/et4351/instances_hier/accel/instances_hier/fft/subports_out/accel_mem_addr_a[21]' in module accelerator_fft_LOG_MAX_N32_MEM_WIDTH32_ADDR_WIDTH6_DATA_WIDTH24
Encountered an assign statement at subport '/designs/et4351/instances_hier/accel/instances_hier/fft/subports_out/accel_mem_addr_a[20]' in module accelerator_fft_LOG_MAX_N32_MEM_WIDTH32_ADDR_WIDTH6_DATA_WIDTH24
Encountered an assign statement at subport '/designs/et4351/instances_hier/accel/instances_hier/fft/subports_out/accel_mem_addr_a[19]' in module accelerator_fft_LOG_MAX_N32_MEM_WIDTH32_ADDR_WIDTH6_DATA_WIDTH24
Encountered an assign statement at subport '/designs/et4351/instances_hier/accel/instances_hier/fft/subports_out/accel_mem_addr_a[18]' in module accelerator_fft_LOG_MAX_N32_MEM_WIDTH32_ADDR_WIDTH6_DATA_WIDTH24
Encountered an assign statement at subport '/designs/et4351/instances_hier/accel/instances_hier/fft/subports_out/accel_mem_addr_a[17]' in module accelerator_fft_LOG_MAX_N32_MEM_WIDTH32_ADDR_WIDTH6_DATA_WIDTH24
Encountered an assign statement at subport '/designs/et4351/instances_hier/accel/instances_hier/fft/subports_out/accel_mem_addr_a[16]' in module accelerator_fft_LOG_MAX_N32_MEM_WIDTH32_ADDR_WIDTH6_DATA_WIDTH24
Encountered an assign statement at subport '/designs/et4351/instances_hier/accel/instances_hier/fft/subports_out/accel_mem_addr_a[15]' in module accelerator_fft_LOG_MAX_N32_MEM_WIDTH32_ADDR_WIDTH6_DATA_WIDTH24
Encountered an assign statement at subport '/designs/et4351/instances_hier/accel/instances_hier/fft/subports_out/accel_mem_addr_a[14]' in module accelerator_fft_LOG_MAX_N32_MEM_WIDTH32_ADDR_WIDTH6_DATA_WIDTH24
Encountered an assign statement at subport '/designs/et4351/instances_hier/accel/instances_hier/fft/subports_out/accel_mem_addr_a[13]' in module accelerator_fft_LOG_MAX_N32_MEM_WIDTH32_ADDR_WIDTH6_DATA_WIDTH24
Encountered an assign statement at subport '/designs/et4351/instances_hier/accel/instances_hier/fft/subports_out/accel_mem_addr_a[12]' in module accelerator_fft_LOG_MAX_N32_MEM_WIDTH32_ADDR_WIDTH6_DATA_WIDTH24
Encountered an assign statement at subport '/designs/et4351/instances_hier/accel/instances_hier/fft/subports_out/accel_mem_addr_a[11]' in module accelerator_fft_LOG_MAX_N32_MEM_WIDTH32_ADDR_WIDTH6_DATA_WIDTH24
Encountered an assign statement at subport '/designs/et4351/instances_hier/accel/instances_hier/fft/subports_out/accel_mem_addr_a[10]' in module accelerator_fft_LOG_MAX_N32_MEM_WIDTH32_ADDR_WIDTH6_DATA_WIDTH24
Encountered an assign statement at subport '/designs/et4351/instances_hier/accel/instances_hier/fft/subports_out/accel_mem_addr_a[9]' in module accelerator_fft_LOG_MAX_N32_MEM_WIDTH32_ADDR_WIDTH6_DATA_WIDTH24
Encountered an assign statement at subport '/designs/et4351/instances_hier/accel/instances_hier/fft/subports_out/accel_mem_addr_a[8]' in module accelerator_fft_LOG_MAX_N32_MEM_WIDTH32_ADDR_WIDTH6_DATA_WIDTH24
Encountered an assign statement at subport '/designs/et4351/instances_hier/accel/instances_hier/fft/subports_out/accel_mem_addr_a[7]' in module accelerator_fft_LOG_MAX_N32_MEM_WIDTH32_ADDR_WIDTH6_DATA_WIDTH24
Encountered an assign statement at subport '/designs/et4351/instances_hier/accel/instances_hier/fft/subports_out/accel_mem_addr_a[6]' in module accelerator_fft_LOG_MAX_N32_MEM_WIDTH32_ADDR_WIDTH6_DATA_WIDTH24
Encountered an assign statement at subport '/designs/et4351/instances_hier/accel/instances_hier/fft/subports_out/accel_mem_addr_b[31]' in module accelerator_fft_LOG_MAX_N32_MEM_WIDTH32_ADDR_WIDTH6_DATA_WIDTH24
Encountered an assign statement at subport '/designs/et4351/instances_hier/accel/instances_hier/fft/subports_out/accel_mem_addr_b[30]' in module accelerator_fft_LOG_MAX_N32_MEM_WIDTH32_ADDR_WIDTH6_DATA_WIDTH24
Encountered an assign statement at subport '/designs/et4351/instances_hier/accel/instances_hier/fft/subports_out/accel_mem_addr_b[29]' in module accelerator_fft_LOG_MAX_N32_MEM_WIDTH32_ADDR_WIDTH6_DATA_WIDTH24
Encountered an assign statement at subport '/designs/et4351/instances_hier/accel/instances_hier/fft/subports_out/accel_mem_addr_b[28]' in module accelerator_fft_LOG_MAX_N32_MEM_WIDTH32_ADDR_WIDTH6_DATA_WIDTH24
Encountered an assign statement at subport '/designs/et4351/instances_hier/accel/instances_hier/fft/subports_out/accel_mem_addr_b[27]' in module accelerator_fft_LOG_MAX_N32_MEM_WIDTH32_ADDR_WIDTH6_DATA_WIDTH24
Encountered an assign statement at subport '/designs/et4351/instances_hier/accel/instances_hier/fft/subports_out/accel_mem_addr_b[26]' in module accelerator_fft_LOG_MAX_N32_MEM_WIDTH32_ADDR_WIDTH6_DATA_WIDTH24
Encountered an assign statement at subport '/designs/et4351/instances_hier/accel/instances_hier/fft/subports_out/accel_mem_addr_b[25]' in module accelerator_fft_LOG_MAX_N32_MEM_WIDTH32_ADDR_WIDTH6_DATA_WIDTH24
Encountered an assign statement at subport '/designs/et4351/instances_hier/accel/instances_hier/fft/subports_out/accel_mem_addr_b[24]' in module accelerator_fft_LOG_MAX_N32_MEM_WIDTH32_ADDR_WIDTH6_DATA_WIDTH24
Encountered an assign statement at subport '/designs/et4351/instances_hier/accel/instances_hier/fft/subports_out/accel_mem_addr_b[23]' in module accelerator_fft_LOG_MAX_N32_MEM_WIDTH32_ADDR_WIDTH6_DATA_WIDTH24
Encountered an assign statement at subport '/designs/et4351/instances_hier/accel/instances_hier/fft/subports_out/accel_mem_addr_b[22]' in module accelerator_fft_LOG_MAX_N32_MEM_WIDTH32_ADDR_WIDTH6_DATA_WIDTH24
Encountered an assign statement at subport '/designs/et4351/instances_hier/accel/instances_hier/fft/subports_out/accel_mem_addr_b[21]' in module accelerator_fft_LOG_MAX_N32_MEM_WIDTH32_ADDR_WIDTH6_DATA_WIDTH24
Encountered an assign statement at subport '/designs/et4351/instances_hier/accel/instances_hier/fft/subports_out/accel_mem_addr_b[20]' in module accelerator_fft_LOG_MAX_N32_MEM_WIDTH32_ADDR_WIDTH6_DATA_WIDTH24
Encountered an assign statement at subport '/designs/et4351/instances_hier/accel/instances_hier/fft/subports_out/accel_mem_addr_b[19]' in module accelerator_fft_LOG_MAX_N32_MEM_WIDTH32_ADDR_WIDTH6_DATA_WIDTH24
Encountered an assign statement at subport '/designs/et4351/instances_hier/accel/instances_hier/fft/subports_out/accel_mem_addr_b[18]' in module accelerator_fft_LOG_MAX_N32_MEM_WIDTH32_ADDR_WIDTH6_DATA_WIDTH24
Encountered an assign statement at subport '/designs/et4351/instances_hier/accel/instances_hier/fft/subports_out/accel_mem_addr_b[17]' in module accelerator_fft_LOG_MAX_N32_MEM_WIDTH32_ADDR_WIDTH6_DATA_WIDTH24
Encountered an assign statement at subport '/designs/et4351/instances_hier/accel/instances_hier/fft/subports_out/accel_mem_addr_b[16]' in module accelerator_fft_LOG_MAX_N32_MEM_WIDTH32_ADDR_WIDTH6_DATA_WIDTH24
Encountered an assign statement at subport '/designs/et4351/instances_hier/accel/instances_hier/fft/subports_out/accel_mem_addr_b[15]' in module accelerator_fft_LOG_MAX_N32_MEM_WIDTH32_ADDR_WIDTH6_DATA_WIDTH24
Encountered an assign statement at subport '/designs/et4351/instances_hier/accel/instances_hier/fft/subports_out/accel_mem_addr_b[14]' in module accelerator_fft_LOG_MAX_N32_MEM_WIDTH32_ADDR_WIDTH6_DATA_WIDTH24
Encountered an assign statement at subport '/designs/et4351/instances_hier/accel/instances_hier/fft/subports_out/accel_mem_addr_b[13]' in module accelerator_fft_LOG_MAX_N32_MEM_WIDTH32_ADDR_WIDTH6_DATA_WIDTH24
Encountered an assign statement at subport '/designs/et4351/instances_hier/accel/instances_hier/fft/subports_out/accel_mem_addr_b[12]' in module accelerator_fft_LOG_MAX_N32_MEM_WIDTH32_ADDR_WIDTH6_DATA_WIDTH24
Encountered an assign statement at subport '/designs/et4351/instances_hier/accel/instances_hier/fft/subports_out/accel_mem_addr_b[11]' in module accelerator_fft_LOG_MAX_N32_MEM_WIDTH32_ADDR_WIDTH6_DATA_WIDTH24
Encountered an assign statement at subport '/designs/et4351/instances_hier/accel/instances_hier/fft/subports_out/accel_mem_addr_b[10]' in module accelerator_fft_LOG_MAX_N32_MEM_WIDTH32_ADDR_WIDTH6_DATA_WIDTH24
Encountered an assign statement at subport '/designs/et4351/instances_hier/accel/instances_hier/fft/subports_out/accel_mem_addr_b[9]' in module accelerator_fft_LOG_MAX_N32_MEM_WIDTH32_ADDR_WIDTH6_DATA_WIDTH24
Encountered an assign statement at subport '/designs/et4351/instances_hier/accel/instances_hier/fft/subports_out/accel_mem_addr_b[8]' in module accelerator_fft_LOG_MAX_N32_MEM_WIDTH32_ADDR_WIDTH6_DATA_WIDTH24
Encountered an assign statement at subport '/designs/et4351/instances_hier/accel/instances_hier/fft/subports_out/accel_mem_addr_b[7]' in module accelerator_fft_LOG_MAX_N32_MEM_WIDTH32_ADDR_WIDTH6_DATA_WIDTH24
Encountered an assign statement at subport '/designs/et4351/instances_hier/accel/instances_hier/fft/subports_out/accel_mem_addr_b[6]' in module accelerator_fft_LOG_MAX_N32_MEM_WIDTH32_ADDR_WIDTH6_DATA_WIDTH24
Encountered an assign statement at subport '/designs/et4351/instances_hier/accel/instances_hier/fft/instances_hier/add_98_27/subports_out/Z[0]' in module add_unsigned_2052
Encountered an assign statement at subport '/designs/et4351/instances_hier/soc/instances_hier/cpu/instances_hier/add_1312_30/subports_out/Z[0]' in module add_unsigned_2060
Encountered an assign statement at subport '/designs/et4351/instances_hier/soc/instances_hier/cpu/instances_hier/ADD_UNS_OP/subports_out/Z[0]' in module add_unsigned_252_7
Encountered an assign statement at subport '/designs/et4351/instances_hier/soc/instances_hier/cpu/instances_hier/add_1810_23/subports_out/Z[0]' in module add_unsigned_252_7_2376
Encountered an assign statement at subport '/designs/et4351/instances_hier/flash_bufs_3_/subports_out/soc_i' in module bidir_buf
Encountered an assign statement at subport '/designs/et4351/instances_hier/flash_bufs_3_/subports_out/io' in module bidir_buf
Encountered an assign statement at subport '/designs/et4351/instances_hier/flash_bufs_0_/subports_out/soc_i' in module bidir_buf_2074
Encountered an assign statement at subport '/designs/et4351/instances_hier/flash_bufs_0_/subports_out/io' in module bidir_buf_2074
Encountered an assign statement at subport '/designs/et4351/instances_hier/flash_bufs_1_/subports_out/soc_i' in module bidir_buf_2075
Encountered an assign statement at subport '/designs/et4351/instances_hier/flash_bufs_1_/subports_out/io' in module bidir_buf_2075
Encountered an assign statement at subport '/designs/et4351/instances_hier/flash_bufs_2_/subports_out/soc_i' in module bidir_buf_2076
Encountered an assign statement at subport '/designs/et4351/instances_hier/flash_bufs_2_/subports_out/io' in module bidir_buf_2076
Encountered an assign statement at subport '/designs/et4351/instances_hier/accel/instances_hier/fft/instances_hier/csa_tree_add_323_42_groupi/subports_out/out_0[11]' in module csa_tree_add_323_42_group_24
Encountered an assign statement at subport '/designs/et4351/instances_hier/accel/instances_hier/fft/instances_hier/csa_tree_add_323_42_groupi/subports_out/out_0[10]' in module csa_tree_add_323_42_group_24
Encountered an assign statement at subport '/designs/et4351/instances_hier/accel/instances_hier/fft/instances_hier/csa_tree_add_323_42_groupi/subports_out/out_0[9]' in module csa_tree_add_323_42_group_24
Encountered an assign statement at subport '/designs/et4351/instances_hier/accel/instances_hier/fft/instances_hier/csa_tree_add_323_42_groupi/subports_out/out_0[8]' in module csa_tree_add_323_42_group_24
Encountered an assign statement at subport '/designs/et4351/instances_hier/accel/instances_hier/fft/instances_hier/csa_tree_add_323_42_groupi/subports_out/out_0[7]' in module csa_tree_add_323_42_group_24
Encountered an assign statement at subport '/designs/et4351/instances_hier/accel/instances_hier/fft/instances_hier/csa_tree_add_323_42_groupi/subports_out/out_0[6]' in module csa_tree_add_323_42_group_24
Encountered an assign statement at subport '/designs/et4351/instances_hier/accel/instances_hier/fft/instances_hier/csa_tree_add_323_42_groupi/subports_out/out_0[5]' in module csa_tree_add_323_42_group_24
Encountered an assign statement at subport '/designs/et4351/instances_hier/accel/instances_hier/fft/instances_hier/csa_tree_add_323_42_groupi/subports_out/out_0[4]' in module csa_tree_add_323_42_group_24
Encountered an assign statement at subport '/designs/et4351/instances_hier/accel/instances_hier/fft/instances_hier/csa_tree_add_323_42_groupi/subports_out/out_0[3]' in module csa_tree_add_323_42_group_24
Encountered an assign statement at subport '/designs/et4351/instances_hier/accel/instances_hier/fft/instances_hier/csa_tree_add_323_42_groupi/subports_out/out_0[2]' in module csa_tree_add_323_42_group_24
Encountered an assign statement at subport '/designs/et4351/instances_hier/accel/instances_hier/fft/instances_hier/csa_tree_add_323_42_groupi/subports_out/out_0[1]' in module csa_tree_add_323_42_group_24
Encountered an assign statement at subport '/designs/et4351/instances_hier/accel/instances_hier/fft/instances_hier/csa_tree_add_323_42_groupi/subports_out/out_0[0]' in module csa_tree_add_323_42_group_24
Encountered an assign statement at subport '/designs/et4351/instances_hier/accel/instances_hier/fft/instances_hier/csa_tree_sub_322_42_groupi/subports_out/out_0[11]' in module csa_tree_sub_322_42_group_14
Encountered an assign statement at subport '/designs/et4351/instances_hier/accel/instances_hier/fft/instances_hier/csa_tree_sub_322_42_groupi/subports_out/out_0[10]' in module csa_tree_sub_322_42_group_14
Encountered an assign statement at subport '/designs/et4351/instances_hier/accel/instances_hier/fft/instances_hier/csa_tree_sub_322_42_groupi/subports_out/out_0[9]' in module csa_tree_sub_322_42_group_14
Encountered an assign statement at subport '/designs/et4351/instances_hier/accel/instances_hier/fft/instances_hier/csa_tree_sub_322_42_groupi/subports_out/out_0[8]' in module csa_tree_sub_322_42_group_14
Encountered an assign statement at subport '/designs/et4351/instances_hier/accel/instances_hier/fft/instances_hier/csa_tree_sub_322_42_groupi/subports_out/out_0[7]' in module csa_tree_sub_322_42_group_14
Encountered an assign statement at subport '/designs/et4351/instances_hier/accel/instances_hier/fft/instances_hier/csa_tree_sub_322_42_groupi/subports_out/out_0[6]' in module csa_tree_sub_322_42_group_14
Encountered an assign statement at subport '/designs/et4351/instances_hier/accel/instances_hier/fft/instances_hier/csa_tree_sub_322_42_groupi/subports_out/out_0[5]' in module csa_tree_sub_322_42_group_14
Encountered an assign statement at subport '/designs/et4351/instances_hier/accel/instances_hier/fft/instances_hier/csa_tree_sub_322_42_groupi/subports_out/out_0[4]' in module csa_tree_sub_322_42_group_14
Encountered an assign statement at subport '/designs/et4351/instances_hier/accel/instances_hier/fft/instances_hier/csa_tree_sub_322_42_groupi/subports_out/out_0[3]' in module csa_tree_sub_322_42_group_14
Encountered an assign statement at subport '/designs/et4351/instances_hier/accel/instances_hier/fft/instances_hier/csa_tree_sub_322_42_groupi/subports_out/out_0[2]' in module csa_tree_sub_322_42_group_14
Encountered an assign statement at subport '/designs/et4351/instances_hier/accel/instances_hier/fft/instances_hier/csa_tree_sub_322_42_groupi/subports_out/out_0[1]' in module csa_tree_sub_322_42_group_14
Encountered an assign statement at subport '/designs/et4351/instances_hier/accel/instances_hier/fft/instances_hier/csa_tree_sub_322_42_groupi/subports_out/out_0[0]' in module csa_tree_sub_322_42_group_14
Encountered an assign statement at subport '/designs/et4351/instances_hier/soc/instances_hier/cpu/instances_hier/dec_sub_1445_19/subports_out/Z[0]' in module decrement_unsigned_700_1690
Encountered an assign statement at subport '/designs/et4351/instances_hier/soc/instances_hier/simpleuart/instances_hier/inc_add_118_40/subports_out/Z[0]' in module increment_unsigned_13789_13941
Encountered an assign statement at subport '/designs/et4351/instances_hier/soc/instances_hier/cpu/instances_hier/inc_add_1568_34/subports_out/Z[0]' in module increment_unsigned_412_1696
Encountered an assign statement at subport '/designs/et4351/instances_hier/accel/instances_hier/fft/instances_hier/inc_add_97_21/subports_out/Z[0]' in module increment_unsigned_7120_11057
Encountered an assign statement at subport '/designs/et4351/instances_hier/soc/instances_hier/cpu/subports_out/trap' in module picorv32_ENABLE_COUNTERS1_BARREL_SHIFTER1_COMPRESSED_ISA1_ENABLE_MUL1_ENABLE_FAST_MUL0_ENABLE_DIV1_ENABLE_IRQ1_ENABLE_IRQ_QREGS0_PROGADDR_RESET1048576_PROGADDR_IRQ0_STACKADDR1024
Encountered an assign statement at subport '/designs/et4351/instances_hier/soc/instances_hier/cpu/subports_out/mem_instr' in module picorv32_ENABLE_COUNTERS1_BARREL_SHIFTER1_COMPRESSED_ISA1_ENABLE_MUL1_ENABLE_FAST_MUL0_ENABLE_DIV1_ENABLE_IRQ1_ENABLE_IRQ_QREGS0_PROGADDR_RESET1048576_PROGADDR_IRQ0_STACKADDR1024
Encountered an assign statement at subport '/designs/et4351/instances_hier/soc/instances_hier/cpu/subports_out/mem_addr[1]' in module picorv32_ENABLE_COUNTERS1_BARREL_SHIFTER1_COMPRESSED_ISA1_ENABLE_MUL1_ENABLE_FAST_MUL0_ENABLE_DIV1_ENABLE_IRQ1_ENABLE_IRQ_QREGS0_PROGADDR_RESET1048576_PROGADDR_IRQ0_STACKADDR1024
Encountered an assign statement at subport '/designs/et4351/instances_hier/soc/instances_hier/cpu/subports_out/mem_addr[0]' in module picorv32_ENABLE_COUNTERS1_BARREL_SHIFTER1_COMPRESSED_ISA1_ENABLE_MUL1_ENABLE_FAST_MUL0_ENABLE_DIV1_ENABLE_IRQ1_ENABLE_IRQ_QREGS0_PROGADDR_RESET1048576_PROGADDR_IRQ0_STACKADDR1024
Encountered an assign statement at subport '/designs/et4351/instances_hier/soc/instances_hier/cpu/subports_out/mem_la_read' in module picorv32_ENABLE_COUNTERS1_BARREL_SHIFTER1_COMPRESSED_ISA1_ENABLE_MUL1_ENABLE_FAST_MUL0_ENABLE_DIV1_ENABLE_IRQ1_ENABLE_IRQ_QREGS0_PROGADDR_RESET1048576_PROGADDR_IRQ0_STACKADDR1024
Encountered an assign statement at subport '/designs/et4351/instances_hier/soc/instances_hier/cpu/subports_out/mem_la_write' in module picorv32_ENABLE_COUNTERS1_BARREL_SHIFTER1_COMPRESSED_ISA1_ENABLE_MUL1_ENABLE_FAST_MUL0_ENABLE_DIV1_ENABLE_IRQ1_ENABLE_IRQ_QREGS0_PROGADDR_RESET1048576_PROGADDR_IRQ0_STACKADDR1024
Encountered an assign statement at subport '/designs/et4351/instances_hier/soc/instances_hier/cpu/subports_out/mem_la_addr[31]' in module picorv32_ENABLE_COUNTERS1_BARREL_SHIFTER1_COMPRESSED_ISA1_ENABLE_MUL1_ENABLE_FAST_MUL0_ENABLE_DIV1_ENABLE_IRQ1_ENABLE_IRQ_QREGS0_PROGADDR_RESET1048576_PROGADDR_IRQ0_STACKADDR1024
Encountered an assign statement at subport '/designs/et4351/instances_hier/soc/instances_hier/cpu/subports_out/mem_la_addr[30]' in module picorv32_ENABLE_COUNTERS1_BARREL_SHIFTER1_COMPRESSED_ISA1_ENABLE_MUL1_ENABLE_FAST_MUL0_ENABLE_DIV1_ENABLE_IRQ1_ENABLE_IRQ_QREGS0_PROGADDR_RESET1048576_PROGADDR_IRQ0_STACKADDR1024
Encountered an assign statement at subport '/designs/et4351/instances_hier/soc/instances_hier/cpu/subports_out/mem_la_addr[29]' in module picorv32_ENABLE_COUNTERS1_BARREL_SHIFTER1_COMPRESSED_ISA1_ENABLE_MUL1_ENABLE_FAST_MUL0_ENABLE_DIV1_ENABLE_IRQ1_ENABLE_IRQ_QREGS0_PROGADDR_RESET1048576_PROGADDR_IRQ0_STACKADDR1024
Encountered an assign statement at subport '/designs/et4351/instances_hier/soc/instances_hier/cpu/subports_out/mem_la_addr[28]' in module picorv32_ENABLE_COUNTERS1_BARREL_SHIFTER1_COMPRESSED_ISA1_ENABLE_MUL1_ENABLE_FAST_MUL0_ENABLE_DIV1_ENABLE_IRQ1_ENABLE_IRQ_QREGS0_PROGADDR_RESET1048576_PROGADDR_IRQ0_STACKADDR1024
Encountered an assign statement at subport '/designs/et4351/instances_hier/soc/instances_hier/cpu/subports_out/mem_la_addr[27]' in module picorv32_ENABLE_COUNTERS1_BARREL_SHIFTER1_COMPRESSED_ISA1_ENABLE_MUL1_ENABLE_FAST_MUL0_ENABLE_DIV1_ENABLE_IRQ1_ENABLE_IRQ_QREGS0_PROGADDR_RESET1048576_PROGADDR_IRQ0_STACKADDR1024
Encountered an assign statement at subport '/designs/et4351/instances_hier/soc/instances_hier/cpu/subports_out/mem_la_addr[26]' in module picorv32_ENABLE_COUNTERS1_BARREL_SHIFTER1_COMPRESSED_ISA1_ENABLE_MUL1_ENABLE_FAST_MUL0_ENABLE_DIV1_ENABLE_IRQ1_ENABLE_IRQ_QREGS0_PROGADDR_RESET1048576_PROGADDR_IRQ0_STACKADDR1024
Encountered an assign statement at subport '/designs/et4351/instances_hier/soc/instances_hier/cpu/subports_out/mem_la_addr[25]' in module picorv32_ENABLE_COUNTERS1_BARREL_SHIFTER1_COMPRESSED_ISA1_ENABLE_MUL1_ENABLE_FAST_MUL0_ENABLE_DIV1_ENABLE_IRQ1_ENABLE_IRQ_QREGS0_PROGADDR_RESET1048576_PROGADDR_IRQ0_STACKADDR1024
Encountered an assign statement at subport '/designs/et4351/instances_hier/soc/instances_hier/cpu/subports_out/mem_la_addr[24]' in module picorv32_ENABLE_COUNTERS1_BARREL_SHIFTER1_COMPRESSED_ISA1_ENABLE_MUL1_ENABLE_FAST_MUL0_ENABLE_DIV1_ENABLE_IRQ1_ENABLE_IRQ_QREGS0_PROGADDR_RESET1048576_PROGADDR_IRQ0_STACKADDR1024
Encountered an assign statement at subport '/designs/et4351/instances_hier/soc/instances_hier/cpu/subports_out/mem_la_addr[23]' in module picorv32_ENABLE_COUNTERS1_BARREL_SHIFTER1_COMPRESSED_ISA1_ENABLE_MUL1_ENABLE_FAST_MUL0_ENABLE_DIV1_ENABLE_IRQ1_ENABLE_IRQ_QREGS0_PROGADDR_RESET1048576_PROGADDR_IRQ0_STACKADDR1024
Encountered an assign statement at subport '/designs/et4351/instances_hier/soc/instances_hier/cpu/subports_out/mem_la_addr[22]' in module picorv32_ENABLE_COUNTERS1_BARREL_SHIFTER1_COMPRESSED_ISA1_ENABLE_MUL1_ENABLE_FAST_MUL0_ENABLE_DIV1_ENABLE_IRQ1_ENABLE_IRQ_QREGS0_PROGADDR_RESET1048576_PROGADDR_IRQ0_STACKADDR1024
Encountered an assign statement at subport '/designs/et4351/instances_hier/soc/instances_hier/cpu/subports_out/mem_la_addr[21]' in module picorv32_ENABLE_COUNTERS1_BARREL_SHIFTER1_COMPRESSED_ISA1_ENABLE_MUL1_ENABLE_FAST_MUL0_ENABLE_DIV1_ENABLE_IRQ1_ENABLE_IRQ_QREGS0_PROGADDR_RESET1048576_PROGADDR_IRQ0_STACKADDR1024
Encountered an assign statement at subport '/designs/et4351/instances_hier/soc/instances_hier/cpu/subports_out/mem_la_addr[20]' in module picorv32_ENABLE_COUNTERS1_BARREL_SHIFTER1_COMPRESSED_ISA1_ENABLE_MUL1_ENABLE_FAST_MUL0_ENABLE_DIV1_ENABLE_IRQ1_ENABLE_IRQ_QREGS0_PROGADDR_RESET1048576_PROGADDR_IRQ0_STACKADDR1024
Encountered an assign statement at subport '/designs/et4351/instances_hier/soc/instances_hier/cpu/subports_out/mem_la_addr[19]' in module picorv32_ENABLE_COUNTERS1_BARREL_SHIFTER1_COMPRESSED_ISA1_ENABLE_MUL1_ENABLE_FAST_MUL0_ENABLE_DIV1_ENABLE_IRQ1_ENABLE_IRQ_QREGS0_PROGADDR_RESET1048576_PROGADDR_IRQ0_STACKADDR1024
Encountered an assign statement at subport '/designs/et4351/instances_hier/soc/instances_hier/cpu/subports_out/mem_la_addr[18]' in module picorv32_ENABLE_COUNTERS1_BARREL_SHIFTER1_COMPRESSED_ISA1_ENABLE_MUL1_ENABLE_FAST_MUL0_ENABLE_DIV1_ENABLE_IRQ1_ENABLE_IRQ_QREGS0_PROGADDR_RESET1048576_PROGADDR_IRQ0_STACKADDR1024
Encountered an assign statement at subport '/designs/et4351/instances_hier/soc/instances_hier/cpu/subports_out/mem_la_addr[17]' in module picorv32_ENABLE_COUNTERS1_BARREL_SHIFTER1_COMPRESSED_ISA1_ENABLE_MUL1_ENABLE_FAST_MUL0_ENABLE_DIV1_ENABLE_IRQ1_ENABLE_IRQ_QREGS0_PROGADDR_RESET1048576_PROGADDR_IRQ0_STACKADDR1024
Encountered an assign statement at subport '/designs/et4351/instances_hier/soc/instances_hier/cpu/subports_out/mem_la_addr[16]' in module picorv32_ENABLE_COUNTERS1_BARREL_SHIFTER1_COMPRESSED_ISA1_ENABLE_MUL1_ENABLE_FAST_MUL0_ENABLE_DIV1_ENABLE_IRQ1_ENABLE_IRQ_QREGS0_PROGADDR_RESET1048576_PROGADDR_IRQ0_STACKADDR1024
Encountered an assign statement at subport '/designs/et4351/instances_hier/soc/instances_hier/cpu/subports_out/mem_la_addr[15]' in module picorv32_ENABLE_COUNTERS1_BARREL_SHIFTER1_COMPRESSED_ISA1_ENABLE_MUL1_ENABLE_FAST_MUL0_ENABLE_DIV1_ENABLE_IRQ1_ENABLE_IRQ_QREGS0_PROGADDR_RESET1048576_PROGADDR_IRQ0_STACKADDR1024
Encountered an assign statement at subport '/designs/et4351/instances_hier/soc/instances_hier/cpu/subports_out/mem_la_addr[14]' in module picorv32_ENABLE_COUNTERS1_BARREL_SHIFTER1_COMPRESSED_ISA1_ENABLE_MUL1_ENABLE_FAST_MUL0_ENABLE_DIV1_ENABLE_IRQ1_ENABLE_IRQ_QREGS0_PROGADDR_RESET1048576_PROGADDR_IRQ0_STACKADDR1024
Encountered an assign statement at subport '/designs/et4351/instances_hier/soc/instances_hier/cpu/subports_out/mem_la_addr[13]' in module picorv32_ENABLE_COUNTERS1_BARREL_SHIFTER1_COMPRESSED_ISA1_ENABLE_MUL1_ENABLE_FAST_MUL0_ENABLE_DIV1_ENABLE_IRQ1_ENABLE_IRQ_QREGS0_PROGADDR_RESET1048576_PROGADDR_IRQ0_STACKADDR1024
Encountered an assign statement at subport '/designs/et4351/instances_hier/soc/instances_hier/cpu/subports_out/mem_la_addr[12]' in module picorv32_ENABLE_COUNTERS1_BARREL_SHIFTER1_COMPRESSED_ISA1_ENABLE_MUL1_ENABLE_FAST_MUL0_ENABLE_DIV1_ENABLE_IRQ1_ENABLE_IRQ_QREGS0_PROGADDR_RESET1048576_PROGADDR_IRQ0_STACKADDR1024
Encountered an assign statement at subport '/designs/et4351/instances_hier/soc/instances_hier/cpu/subports_out/mem_la_addr[11]' in module picorv32_ENABLE_COUNTERS1_BARREL_SHIFTER1_COMPRESSED_ISA1_ENABLE_MUL1_ENABLE_FAST_MUL0_ENABLE_DIV1_ENABLE_IRQ1_ENABLE_IRQ_QREGS0_PROGADDR_RESET1048576_PROGADDR_IRQ0_STACKADDR1024
Encountered an assign statement at subport '/designs/et4351/instances_hier/soc/instances_hier/cpu/subports_out/mem_la_addr[10]' in module picorv32_ENABLE_COUNTERS1_BARREL_SHIFTER1_COMPRESSED_ISA1_ENABLE_MUL1_ENABLE_FAST_MUL0_ENABLE_DIV1_ENABLE_IRQ1_ENABLE_IRQ_QREGS0_PROGADDR_RESET1048576_PROGADDR_IRQ0_STACKADDR1024
Encountered an assign statement at subport '/designs/et4351/instances_hier/soc/instances_hier/cpu/subports_out/mem_la_addr[9]' in module picorv32_ENABLE_COUNTERS1_BARREL_SHIFTER1_COMPRESSED_ISA1_ENABLE_MUL1_ENABLE_FAST_MUL0_ENABLE_DIV1_ENABLE_IRQ1_ENABLE_IRQ_QREGS0_PROGADDR_RESET1048576_PROGADDR_IRQ0_STACKADDR1024
Encountered an assign statement at subport '/designs/et4351/instances_hier/soc/instances_hier/cpu/subports_out/mem_la_addr[8]' in module picorv32_ENABLE_COUNTERS1_BARREL_SHIFTER1_COMPRESSED_ISA1_ENABLE_MUL1_ENABLE_FAST_MUL0_ENABLE_DIV1_ENABLE_IRQ1_ENABLE_IRQ_QREGS0_PROGADDR_RESET1048576_PROGADDR_IRQ0_STACKADDR1024
Encountered an assign statement at subport '/designs/et4351/instances_hier/soc/instances_hier/cpu/subports_out/mem_la_addr[7]' in module picorv32_ENABLE_COUNTERS1_BARREL_SHIFTER1_COMPRESSED_ISA1_ENABLE_MUL1_ENABLE_FAST_MUL0_ENABLE_DIV1_ENABLE_IRQ1_ENABLE_IRQ_QREGS0_PROGADDR_RESET1048576_PROGADDR_IRQ0_STACKADDR1024
Encountered an assign statement at subport '/designs/et4351/instances_hier/soc/instances_hier/cpu/subports_out/mem_la_addr[6]' in module picorv32_ENABLE_COUNTERS1_BARREL_SHIFTER1_COMPRESSED_ISA1_ENABLE_MUL1_ENABLE_FAST_MUL0_ENABLE_DIV1_ENABLE_IRQ1_ENABLE_IRQ_QREGS0_PROGADDR_RESET1048576_PROGADDR_IRQ0_STACKADDR1024
Encountered an assign statement at subport '/designs/et4351/instances_hier/soc/instances_hier/cpu/subports_out/mem_la_addr[5]' in module picorv32_ENABLE_COUNTERS1_BARREL_SHIFTER1_COMPRESSED_ISA1_ENABLE_MUL1_ENABLE_FAST_MUL0_ENABLE_DIV1_ENABLE_IRQ1_ENABLE_IRQ_QREGS0_PROGADDR_RESET1048576_PROGADDR_IRQ0_STACKADDR1024
Encountered an assign statement at subport '/designs/et4351/instances_hier/soc/instances_hier/cpu/subports_out/mem_la_addr[4]' in module picorv32_ENABLE_COUNTERS1_BARREL_SHIFTER1_COMPRESSED_ISA1_ENABLE_MUL1_ENABLE_FAST_MUL0_ENABLE_DIV1_ENABLE_IRQ1_ENABLE_IRQ_QREGS0_PROGADDR_RESET1048576_PROGADDR_IRQ0_STACKADDR1024
Encountered an assign statement at subport '/designs/et4351/instances_hier/soc/instances_hier/cpu/subports_out/mem_la_addr[3]' in module picorv32_ENABLE_COUNTERS1_BARREL_SHIFTER1_COMPRESSED_ISA1_ENABLE_MUL1_ENABLE_FAST_MUL0_ENABLE_DIV1_ENABLE_IRQ1_ENABLE_IRQ_QREGS0_PROGADDR_RESET1048576_PROGADDR_IRQ0_STACKADDR1024
Encountered an assign statement at subport '/designs/et4351/instances_hier/soc/instances_hier/cpu/subports_out/mem_la_addr[2]' in module picorv32_ENABLE_COUNTERS1_BARREL_SHIFTER1_COMPRESSED_ISA1_ENABLE_MUL1_ENABLE_FAST_MUL0_ENABLE_DIV1_ENABLE_IRQ1_ENABLE_IRQ_QREGS0_PROGADDR_RESET1048576_PROGADDR_IRQ0_STACKADDR1024
Encountered an assign statement at subport '/designs/et4351/instances_hier/soc/instances_hier/cpu/subports_out/mem_la_addr[1]' in module picorv32_ENABLE_COUNTERS1_BARREL_SHIFTER1_COMPRESSED_ISA1_ENABLE_MUL1_ENABLE_FAST_MUL0_ENABLE_DIV1_ENABLE_IRQ1_ENABLE_IRQ_QREGS0_PROGADDR_RESET1048576_PROGADDR_IRQ0_STACKADDR1024
Encountered an assign statement at subport '/designs/et4351/instances_hier/soc/instances_hier/cpu/subports_out/mem_la_addr[0]' in module picorv32_ENABLE_COUNTERS1_BARREL_SHIFTER1_COMPRESSED_ISA1_ENABLE_MUL1_ENABLE_FAST_MUL0_ENABLE_DIV1_ENABLE_IRQ1_ENABLE_IRQ_QREGS0_PROGADDR_RESET1048576_PROGADDR_IRQ0_STACKADDR1024
Encountered an assign statement at subport '/designs/et4351/instances_hier/soc/instances_hier/cpu/subports_out/mem_la_wdata[31]' in module picorv32_ENABLE_COUNTERS1_BARREL_SHIFTER1_COMPRESSED_ISA1_ENABLE_MUL1_ENABLE_FAST_MUL0_ENABLE_DIV1_ENABLE_IRQ1_ENABLE_IRQ_QREGS0_PROGADDR_RESET1048576_PROGADDR_IRQ0_STACKADDR1024
Encountered an assign statement at subport '/designs/et4351/instances_hier/soc/instances_hier/cpu/subports_out/mem_la_wdata[30]' in module picorv32_ENABLE_COUNTERS1_BARREL_SHIFTER1_COMPRESSED_ISA1_ENABLE_MUL1_ENABLE_FAST_MUL0_ENABLE_DIV1_ENABLE_IRQ1_ENABLE_IRQ_QREGS0_PROGADDR_RESET1048576_PROGADDR_IRQ0_STACKADDR1024
Encountered an assign statement at subport '/designs/et4351/instances_hier/soc/instances_hier/cpu/subports_out/mem_la_wdata[29]' in module picorv32_ENABLE_COUNTERS1_BARREL_SHIFTER1_COMPRESSED_ISA1_ENABLE_MUL1_ENABLE_FAST_MUL0_ENABLE_DIV1_ENABLE_IRQ1_ENABLE_IRQ_QREGS0_PROGADDR_RESET1048576_PROGADDR_IRQ0_STACKADDR1024
Encountered an assign statement at subport '/designs/et4351/instances_hier/soc/instances_hier/cpu/subports_out/mem_la_wdata[28]' in module picorv32_ENABLE_COUNTERS1_BARREL_SHIFTER1_COMPRESSED_ISA1_ENABLE_MUL1_ENABLE_FAST_MUL0_ENABLE_DIV1_ENABLE_IRQ1_ENABLE_IRQ_QREGS0_PROGADDR_RESET1048576_PROGADDR_IRQ0_STACKADDR1024
Encountered an assign statement at subport '/designs/et4351/instances_hier/soc/instances_hier/cpu/subports_out/mem_la_wdata[27]' in module picorv32_ENABLE_COUNTERS1_BARREL_SHIFTER1_COMPRESSED_ISA1_ENABLE_MUL1_ENABLE_FAST_MUL0_ENABLE_DIV1_ENABLE_IRQ1_ENABLE_IRQ_QREGS0_PROGADDR_RESET1048576_PROGADDR_IRQ0_STACKADDR1024
Encountered an assign statement at subport '/designs/et4351/instances_hier/soc/instances_hier/cpu/subports_out/mem_la_wdata[26]' in module picorv32_ENABLE_COUNTERS1_BARREL_SHIFTER1_COMPRESSED_ISA1_ENABLE_MUL1_ENABLE_FAST_MUL0_ENABLE_DIV1_ENABLE_IRQ1_ENABLE_IRQ_QREGS0_PROGADDR_RESET1048576_PROGADDR_IRQ0_STACKADDR1024
Encountered an assign statement at subport '/designs/et4351/instances_hier/soc/instances_hier/cpu/subports_out/mem_la_wdata[25]' in module picorv32_ENABLE_COUNTERS1_BARREL_SHIFTER1_COMPRESSED_ISA1_ENABLE_MUL1_ENABLE_FAST_MUL0_ENABLE_DIV1_ENABLE_IRQ1_ENABLE_IRQ_QREGS0_PROGADDR_RESET1048576_PROGADDR_IRQ0_STACKADDR1024
Encountered an assign statement at subport '/designs/et4351/instances_hier/soc/instances_hier/cpu/subports_out/mem_la_wdata[24]' in module picorv32_ENABLE_COUNTERS1_BARREL_SHIFTER1_COMPRESSED_ISA1_ENABLE_MUL1_ENABLE_FAST_MUL0_ENABLE_DIV1_ENABLE_IRQ1_ENABLE_IRQ_QREGS0_PROGADDR_RESET1048576_PROGADDR_IRQ0_STACKADDR1024
Encountered an assign statement at subport '/designs/et4351/instances_hier/soc/instances_hier/cpu/subports_out/mem_la_wdata[23]' in module picorv32_ENABLE_COUNTERS1_BARREL_SHIFTER1_COMPRESSED_ISA1_ENABLE_MUL1_ENABLE_FAST_MUL0_ENABLE_DIV1_ENABLE_IRQ1_ENABLE_IRQ_QREGS0_PROGADDR_RESET1048576_PROGADDR_IRQ0_STACKADDR1024
Encountered an assign statement at subport '/designs/et4351/instances_hier/soc/instances_hier/cpu/subports_out/mem_la_wdata[22]' in module picorv32_ENABLE_COUNTERS1_BARREL_SHIFTER1_COMPRESSED_ISA1_ENABLE_MUL1_ENABLE_FAST_MUL0_ENABLE_DIV1_ENABLE_IRQ1_ENABLE_IRQ_QREGS0_PROGADDR_RESET1048576_PROGADDR_IRQ0_STACKADDR1024
Encountered an assign statement at subport '/designs/et4351/instances_hier/soc/instances_hier/cpu/subports_out/mem_la_wdata[21]' in module picorv32_ENABLE_COUNTERS1_BARREL_SHIFTER1_COMPRESSED_ISA1_ENABLE_MUL1_ENABLE_FAST_MUL0_ENABLE_DIV1_ENABLE_IRQ1_ENABLE_IRQ_QREGS0_PROGADDR_RESET1048576_PROGADDR_IRQ0_STACKADDR1024
Encountered an assign statement at subport '/designs/et4351/instances_hier/soc/instances_hier/cpu/subports_out/mem_la_wdata[20]' in module picorv32_ENABLE_COUNTERS1_BARREL_SHIFTER1_COMPRESSED_ISA1_ENABLE_MUL1_ENABLE_FAST_MUL0_ENABLE_DIV1_ENABLE_IRQ1_ENABLE_IRQ_QREGS0_PROGADDR_RESET1048576_PROGADDR_IRQ0_STACKADDR1024
Encountered an assign statement at subport '/designs/et4351/instances_hier/soc/instances_hier/cpu/subports_out/mem_la_wdata[19]' in module picorv32_ENABLE_COUNTERS1_BARREL_SHIFTER1_COMPRESSED_ISA1_ENABLE_MUL1_ENABLE_FAST_MUL0_ENABLE_DIV1_ENABLE_IRQ1_ENABLE_IRQ_QREGS0_PROGADDR_RESET1048576_PROGADDR_IRQ0_STACKADDR1024
Encountered an assign statement at subport '/designs/et4351/instances_hier/soc/instances_hier/cpu/subports_out/mem_la_wdata[18]' in module picorv32_ENABLE_COUNTERS1_BARREL_SHIFTER1_COMPRESSED_ISA1_ENABLE_MUL1_ENABLE_FAST_MUL0_ENABLE_DIV1_ENABLE_IRQ1_ENABLE_IRQ_QREGS0_PROGADDR_RESET1048576_PROGADDR_IRQ0_STACKADDR1024
Encountered an assign statement at subport '/designs/et4351/instances_hier/soc/instances_hier/cpu/subports_out/mem_la_wdata[17]' in module picorv32_ENABLE_COUNTERS1_BARREL_SHIFTER1_COMPRESSED_ISA1_ENABLE_MUL1_ENABLE_FAST_MUL0_ENABLE_DIV1_ENABLE_IRQ1_ENABLE_IRQ_QREGS0_PROGADDR_RESET1048576_PROGADDR_IRQ0_STACKADDR1024
Encountered an assign statement at subport '/designs/et4351/instances_hier/soc/instances_hier/cpu/subports_out/mem_la_wdata[16]' in module picorv32_ENABLE_COUNTERS1_BARREL_SHIFTER1_COMPRESSED_ISA1_ENABLE_MUL1_ENABLE_FAST_MUL0_ENABLE_DIV1_ENABLE_IRQ1_ENABLE_IRQ_QREGS0_PROGADDR_RESET1048576_PROGADDR_IRQ0_STACKADDR1024
Encountered an assign statement at subport '/designs/et4351/instances_hier/soc/instances_hier/cpu/subports_out/mem_la_wdata[15]' in module picorv32_ENABLE_COUNTERS1_BARREL_SHIFTER1_COMPRESSED_ISA1_ENABLE_MUL1_ENABLE_FAST_MUL0_ENABLE_DIV1_ENABLE_IRQ1_ENABLE_IRQ_QREGS0_PROGADDR_RESET1048576_PROGADDR_IRQ0_STACKADDR1024
Encountered an assign statement at subport '/designs/et4351/instances_hier/soc/instances_hier/cpu/subports_out/mem_la_wdata[14]' in module picorv32_ENABLE_COUNTERS1_BARREL_SHIFTER1_COMPRESSED_ISA1_ENABLE_MUL1_ENABLE_FAST_MUL0_ENABLE_DIV1_ENABLE_IRQ1_ENABLE_IRQ_QREGS0_PROGADDR_RESET1048576_PROGADDR_IRQ0_STACKADDR1024
Encountered an assign statement at subport '/designs/et4351/instances_hier/soc/instances_hier/cpu/subports_out/mem_la_wdata[13]' in module picorv32_ENABLE_COUNTERS1_BARREL_SHIFTER1_COMPRESSED_ISA1_ENABLE_MUL1_ENABLE_FAST_MUL0_ENABLE_DIV1_ENABLE_IRQ1_ENABLE_IRQ_QREGS0_PROGADDR_RESET1048576_PROGADDR_IRQ0_STACKADDR1024
Encountered an assign statement at subport '/designs/et4351/instances_hier/soc/instances_hier/cpu/subports_out/mem_la_wdata[12]' in module picorv32_ENABLE_COUNTERS1_BARREL_SHIFTER1_COMPRESSED_ISA1_ENABLE_MUL1_ENABLE_FAST_MUL0_ENABLE_DIV1_ENABLE_IRQ1_ENABLE_IRQ_QREGS0_PROGADDR_RESET1048576_PROGADDR_IRQ0_STACKADDR1024
Encountered an assign statement at subport '/designs/et4351/instances_hier/soc/instances_hier/cpu/subports_out/mem_la_wdata[11]' in module picorv32_ENABLE_COUNTERS1_BARREL_SHIFTER1_COMPRESSED_ISA1_ENABLE_MUL1_ENABLE_FAST_MUL0_ENABLE_DIV1_ENABLE_IRQ1_ENABLE_IRQ_QREGS0_PROGADDR_RESET1048576_PROGADDR_IRQ0_STACKADDR1024
Encountered an assign statement at subport '/designs/et4351/instances_hier/soc/instances_hier/cpu/subports_out/mem_la_wdata[10]' in module picorv32_ENABLE_COUNTERS1_BARREL_SHIFTER1_COMPRESSED_ISA1_ENABLE_MUL1_ENABLE_FAST_MUL0_ENABLE_DIV1_ENABLE_IRQ1_ENABLE_IRQ_QREGS0_PROGADDR_RESET1048576_PROGADDR_IRQ0_STACKADDR1024
Encountered an assign statement at subport '/designs/et4351/instances_hier/soc/instances_hier/cpu/subports_out/mem_la_wdata[9]' in module picorv32_ENABLE_COUNTERS1_BARREL_SHIFTER1_COMPRESSED_ISA1_ENABLE_MUL1_ENABLE_FAST_MUL0_ENABLE_DIV1_ENABLE_IRQ1_ENABLE_IRQ_QREGS0_PROGADDR_RESET1048576_PROGADDR_IRQ0_STACKADDR1024
Encountered an assign statement at subport '/designs/et4351/instances_hier/soc/instances_hier/cpu/subports_out/mem_la_wdata[8]' in module picorv32_ENABLE_COUNTERS1_BARREL_SHIFTER1_COMPRESSED_ISA1_ENABLE_MUL1_ENABLE_FAST_MUL0_ENABLE_DIV1_ENABLE_IRQ1_ENABLE_IRQ_QREGS0_PROGADDR_RESET1048576_PROGADDR_IRQ0_STACKADDR1024
Encountered an assign statement at subport '/designs/et4351/instances_hier/soc/instances_hier/cpu/subports_out/mem_la_wdata[7]' in module picorv32_ENABLE_COUNTERS1_BARREL_SHIFTER1_COMPRESSED_ISA1_ENABLE_MUL1_ENABLE_FAST_MUL0_ENABLE_DIV1_ENABLE_IRQ1_ENABLE_IRQ_QREGS0_PROGADDR_RESET1048576_PROGADDR_IRQ0_STACKADDR1024
Encountered an assign statement at subport '/designs/et4351/instances_hier/soc/instances_hier/cpu/subports_out/mem_la_wdata[6]' in module picorv32_ENABLE_COUNTERS1_BARREL_SHIFTER1_COMPRESSED_ISA1_ENABLE_MUL1_ENABLE_FAST_MUL0_ENABLE_DIV1_ENABLE_IRQ1_ENABLE_IRQ_QREGS0_PROGADDR_RESET1048576_PROGADDR_IRQ0_STACKADDR1024
Encountered an assign statement at subport '/designs/et4351/instances_hier/soc/instances_hier/cpu/subports_out/mem_la_wdata[5]' in module picorv32_ENABLE_COUNTERS1_BARREL_SHIFTER1_COMPRESSED_ISA1_ENABLE_MUL1_ENABLE_FAST_MUL0_ENABLE_DIV1_ENABLE_IRQ1_ENABLE_IRQ_QREGS0_PROGADDR_RESET1048576_PROGADDR_IRQ0_STACKADDR1024
Encountered an assign statement at subport '/designs/et4351/instances_hier/soc/instances_hier/cpu/subports_out/mem_la_wdata[4]' in module picorv32_ENABLE_COUNTERS1_BARREL_SHIFTER1_COMPRESSED_ISA1_ENABLE_MUL1_ENABLE_FAST_MUL0_ENABLE_DIV1_ENABLE_IRQ1_ENABLE_IRQ_QREGS0_PROGADDR_RESET1048576_PROGADDR_IRQ0_STACKADDR1024
Encountered an assign statement at subport '/designs/et4351/instances_hier/soc/instances_hier/cpu/subports_out/mem_la_wdata[3]' in module picorv32_ENABLE_COUNTERS1_BARREL_SHIFTER1_COMPRESSED_ISA1_ENABLE_MUL1_ENABLE_FAST_MUL0_ENABLE_DIV1_ENABLE_IRQ1_ENABLE_IRQ_QREGS0_PROGADDR_RESET1048576_PROGADDR_IRQ0_STACKADDR1024
Encountered an assign statement at subport '/designs/et4351/instances_hier/soc/instances_hier/cpu/subports_out/mem_la_wdata[2]' in module picorv32_ENABLE_COUNTERS1_BARREL_SHIFTER1_COMPRESSED_ISA1_ENABLE_MUL1_ENABLE_FAST_MUL0_ENABLE_DIV1_ENABLE_IRQ1_ENABLE_IRQ_QREGS0_PROGADDR_RESET1048576_PROGADDR_IRQ0_STACKADDR1024
Encountered an assign statement at subport '/designs/et4351/instances_hier/soc/instances_hier/cpu/subports_out/mem_la_wdata[1]' in module picorv32_ENABLE_COUNTERS1_BARREL_SHIFTER1_COMPRESSED_ISA1_ENABLE_MUL1_ENABLE_FAST_MUL0_ENABLE_DIV1_ENABLE_IRQ1_ENABLE_IRQ_QREGS0_PROGADDR_RESET1048576_PROGADDR_IRQ0_STACKADDR1024
Encountered an assign statement at subport '/designs/et4351/instances_hier/soc/instances_hier/cpu/subports_out/mem_la_wdata[0]' in module picorv32_ENABLE_COUNTERS1_BARREL_SHIFTER1_COMPRESSED_ISA1_ENABLE_MUL1_ENABLE_FAST_MUL0_ENABLE_DIV1_ENABLE_IRQ1_ENABLE_IRQ_QREGS0_PROGADDR_RESET1048576_PROGADDR_IRQ0_STACKADDR1024
Encountered an assign statement at subport '/designs/et4351/instances_hier/soc/instances_hier/cpu/subports_out/mem_la_wstrb[3]' in module picorv32_ENABLE_COUNTERS1_BARREL_SHIFTER1_COMPRESSED_ISA1_ENABLE_MUL1_ENABLE_FAST_MUL0_ENABLE_DIV1_ENABLE_IRQ1_ENABLE_IRQ_QREGS0_PROGADDR_RESET1048576_PROGADDR_IRQ0_STACKADDR1024
Encountered an assign statement at subport '/designs/et4351/instances_hier/soc/instances_hier/cpu/subports_out/mem_la_wstrb[2]' in module picorv32_ENABLE_COUNTERS1_BARREL_SHIFTER1_COMPRESSED_ISA1_ENABLE_MUL1_ENABLE_FAST_MUL0_ENABLE_DIV1_ENABLE_IRQ1_ENABLE_IRQ_QREGS0_PROGADDR_RESET1048576_PROGADDR_IRQ0_STACKADDR1024
Encountered an assign statement at subport '/designs/et4351/instances_hier/soc/instances_hier/cpu/subports_out/mem_la_wstrb[1]' in module picorv32_ENABLE_COUNTERS1_BARREL_SHIFTER1_COMPRESSED_ISA1_ENABLE_MUL1_ENABLE_FAST_MUL0_ENABLE_DIV1_ENABLE_IRQ1_ENABLE_IRQ_QREGS0_PROGADDR_RESET1048576_PROGADDR_IRQ0_STACKADDR1024
Encountered an assign statement at subport '/designs/et4351/instances_hier/soc/instances_hier/cpu/subports_out/mem_la_wstrb[0]' in module picorv32_ENABLE_COUNTERS1_BARREL_SHIFTER1_COMPRESSED_ISA1_ENABLE_MUL1_ENABLE_FAST_MUL0_ENABLE_DIV1_ENABLE_IRQ1_ENABLE_IRQ_QREGS0_PROGADDR_RESET1048576_PROGADDR_IRQ0_STACKADDR1024
Encountered an assign statement at subport '/designs/et4351/instances_hier/soc/instances_hier/cpu/subports_out/pcpi_valid' in module picorv32_ENABLE_COUNTERS1_BARREL_SHIFTER1_COMPRESSED_ISA1_ENABLE_MUL1_ENABLE_FAST_MUL0_ENABLE_DIV1_ENABLE_IRQ1_ENABLE_IRQ_QREGS0_PROGADDR_RESET1048576_PROGADDR_IRQ0_STACKADDR1024
Encountered an assign statement at subport '/designs/et4351/instances_hier/soc/instances_hier/cpu/subports_out/pcpi_insn[31]' in module picorv32_ENABLE_COUNTERS1_BARREL_SHIFTER1_COMPRESSED_ISA1_ENABLE_MUL1_ENABLE_FAST_MUL0_ENABLE_DIV1_ENABLE_IRQ1_ENABLE_IRQ_QREGS0_PROGADDR_RESET1048576_PROGADDR_IRQ0_STACKADDR1024
Encountered an assign statement at subport '/designs/et4351/instances_hier/soc/instances_hier/cpu/subports_out/pcpi_insn[30]' in module picorv32_ENABLE_COUNTERS1_BARREL_SHIFTER1_COMPRESSED_ISA1_ENABLE_MUL1_ENABLE_FAST_MUL0_ENABLE_DIV1_ENABLE_IRQ1_ENABLE_IRQ_QREGS0_PROGADDR_RESET1048576_PROGADDR_IRQ0_STACKADDR1024
Encountered an assign statement at subport '/designs/et4351/instances_hier/soc/instances_hier/cpu/subports_out/pcpi_insn[29]' in module picorv32_ENABLE_COUNTERS1_BARREL_SHIFTER1_COMPRESSED_ISA1_ENABLE_MUL1_ENABLE_FAST_MUL0_ENABLE_DIV1_ENABLE_IRQ1_ENABLE_IRQ_QREGS0_PROGADDR_RESET1048576_PROGADDR_IRQ0_STACKADDR1024
Encountered an assign statement at subport '/designs/et4351/instances_hier/soc/instances_hier/cpu/subports_out/pcpi_insn[28]' in module picorv32_ENABLE_COUNTERS1_BARREL_SHIFTER1_COMPRESSED_ISA1_ENABLE_MUL1_ENABLE_FAST_MUL0_ENABLE_DIV1_ENABLE_IRQ1_ENABLE_IRQ_QREGS0_PROGADDR_RESET1048576_PROGADDR_IRQ0_STACKADDR1024
Encountered an assign statement at subport '/designs/et4351/instances_hier/soc/instances_hier/cpu/subports_out/pcpi_insn[27]' in module picorv32_ENABLE_COUNTERS1_BARREL_SHIFTER1_COMPRESSED_ISA1_ENABLE_MUL1_ENABLE_FAST_MUL0_ENABLE_DIV1_ENABLE_IRQ1_ENABLE_IRQ_QREGS0_PROGADDR_RESET1048576_PROGADDR_IRQ0_STACKADDR1024
Encountered an assign statement at subport '/designs/et4351/instances_hier/soc/instances_hier/cpu/subports_out/pcpi_insn[26]' in module picorv32_ENABLE_COUNTERS1_BARREL_SHIFTER1_COMPRESSED_ISA1_ENABLE_MUL1_ENABLE_FAST_MUL0_ENABLE_DIV1_ENABLE_IRQ1_ENABLE_IRQ_QREGS0_PROGADDR_RESET1048576_PROGADDR_IRQ0_STACKADDR1024
Encountered an assign statement at subport '/designs/et4351/instances_hier/soc/instances_hier/cpu/subports_out/pcpi_insn[25]' in module picorv32_ENABLE_COUNTERS1_BARREL_SHIFTER1_COMPRESSED_ISA1_ENABLE_MUL1_ENABLE_FAST_MUL0_ENABLE_DIV1_ENABLE_IRQ1_ENABLE_IRQ_QREGS0_PROGADDR_RESET1048576_PROGADDR_IRQ0_STACKADDR1024
Encountered an assign statement at subport '/designs/et4351/instances_hier/soc/instances_hier/cpu/subports_out/pcpi_insn[24]' in module picorv32_ENABLE_COUNTERS1_BARREL_SHIFTER1_COMPRESSED_ISA1_ENABLE_MUL1_ENABLE_FAST_MUL0_ENABLE_DIV1_ENABLE_IRQ1_ENABLE_IRQ_QREGS0_PROGADDR_RESET1048576_PROGADDR_IRQ0_STACKADDR1024
Encountered an assign statement at subport '/designs/et4351/instances_hier/soc/instances_hier/cpu/subports_out/pcpi_insn[23]' in module picorv32_ENABLE_COUNTERS1_BARREL_SHIFTER1_COMPRESSED_ISA1_ENABLE_MUL1_ENABLE_FAST_MUL0_ENABLE_DIV1_ENABLE_IRQ1_ENABLE_IRQ_QREGS0_PROGADDR_RESET1048576_PROGADDR_IRQ0_STACKADDR1024
Encountered an assign statement at subport '/designs/et4351/instances_hier/soc/instances_hier/cpu/subports_out/pcpi_insn[22]' in module picorv32_ENABLE_COUNTERS1_BARREL_SHIFTER1_COMPRESSED_ISA1_ENABLE_MUL1_ENABLE_FAST_MUL0_ENABLE_DIV1_ENABLE_IRQ1_ENABLE_IRQ_QREGS0_PROGADDR_RESET1048576_PROGADDR_IRQ0_STACKADDR1024
Encountered an assign statement at subport '/designs/et4351/instances_hier/soc/instances_hier/cpu/subports_out/pcpi_insn[21]' in module picorv32_ENABLE_COUNTERS1_BARREL_SHIFTER1_COMPRESSED_ISA1_ENABLE_MUL1_ENABLE_FAST_MUL0_ENABLE_DIV1_ENABLE_IRQ1_ENABLE_IRQ_QREGS0_PROGADDR_RESET1048576_PROGADDR_IRQ0_STACKADDR1024
Encountered an assign statement at subport '/designs/et4351/instances_hier/soc/instances_hier/cpu/subports_out/pcpi_insn[20]' in module picorv32_ENABLE_COUNTERS1_BARREL_SHIFTER1_COMPRESSED_ISA1_ENABLE_MUL1_ENABLE_FAST_MUL0_ENABLE_DIV1_ENABLE_IRQ1_ENABLE_IRQ_QREGS0_PROGADDR_RESET1048576_PROGADDR_IRQ0_STACKADDR1024
Encountered an assign statement at subport '/designs/et4351/instances_hier/soc/instances_hier/cpu/subports_out/pcpi_insn[19]' in module picorv32_ENABLE_COUNTERS1_BARREL_SHIFTER1_COMPRESSED_ISA1_ENABLE_MUL1_ENABLE_FAST_MUL0_ENABLE_DIV1_ENABLE_IRQ1_ENABLE_IRQ_QREGS0_PROGADDR_RESET1048576_PROGADDR_IRQ0_STACKADDR1024
Encountered an assign statement at subport '/designs/et4351/instances_hier/soc/instances_hier/cpu/subports_out/pcpi_insn[18]' in module picorv32_ENABLE_COUNTERS1_BARREL_SHIFTER1_COMPRESSED_ISA1_ENABLE_MUL1_ENABLE_FAST_MUL0_ENABLE_DIV1_ENABLE_IRQ1_ENABLE_IRQ_QREGS0_PROGADDR_RESET1048576_PROGADDR_IRQ0_STACKADDR1024
Encountered an assign statement at subport '/designs/et4351/instances_hier/soc/instances_hier/cpu/subports_out/pcpi_insn[17]' in module picorv32_ENABLE_COUNTERS1_BARREL_SHIFTER1_COMPRESSED_ISA1_ENABLE_MUL1_ENABLE_FAST_MUL0_ENABLE_DIV1_ENABLE_IRQ1_ENABLE_IRQ_QREGS0_PROGADDR_RESET1048576_PROGADDR_IRQ0_STACKADDR1024
Encountered an assign statement at subport '/designs/et4351/instances_hier/soc/instances_hier/cpu/subports_out/pcpi_insn[16]' in module picorv32_ENABLE_COUNTERS1_BARREL_SHIFTER1_COMPRESSED_ISA1_ENABLE_MUL1_ENABLE_FAST_MUL0_ENABLE_DIV1_ENABLE_IRQ1_ENABLE_IRQ_QREGS0_PROGADDR_RESET1048576_PROGADDR_IRQ0_STACKADDR1024
Encountered an assign statement at subport '/designs/et4351/instances_hier/soc/instances_hier/cpu/subports_out/pcpi_insn[15]' in module picorv32_ENABLE_COUNTERS1_BARREL_SHIFTER1_COMPRESSED_ISA1_ENABLE_MUL1_ENABLE_FAST_MUL0_ENABLE_DIV1_ENABLE_IRQ1_ENABLE_IRQ_QREGS0_PROGADDR_RESET1048576_PROGADDR_IRQ0_STACKADDR1024
Encountered an assign statement at subport '/designs/et4351/instances_hier/soc/instances_hier/cpu/subports_out/pcpi_insn[14]' in module picorv32_ENABLE_COUNTERS1_BARREL_SHIFTER1_COMPRESSED_ISA1_ENABLE_MUL1_ENABLE_FAST_MUL0_ENABLE_DIV1_ENABLE_IRQ1_ENABLE_IRQ_QREGS0_PROGADDR_RESET1048576_PROGADDR_IRQ0_STACKADDR1024
Encountered an assign statement at subport '/designs/et4351/instances_hier/soc/instances_hier/cpu/subports_out/pcpi_insn[13]' in module picorv32_ENABLE_COUNTERS1_BARREL_SHIFTER1_COMPRESSED_ISA1_ENABLE_MUL1_ENABLE_FAST_MUL0_ENABLE_DIV1_ENABLE_IRQ1_ENABLE_IRQ_QREGS0_PROGADDR_RESET1048576_PROGADDR_IRQ0_STACKADDR1024
Encountered an assign statement at subport '/designs/et4351/instances_hier/soc/instances_hier/cpu/subports_out/pcpi_insn[12]' in module picorv32_ENABLE_COUNTERS1_BARREL_SHIFTER1_COMPRESSED_ISA1_ENABLE_MUL1_ENABLE_FAST_MUL0_ENABLE_DIV1_ENABLE_IRQ1_ENABLE_IRQ_QREGS0_PROGADDR_RESET1048576_PROGADDR_IRQ0_STACKADDR1024
Encountered an assign statement at subport '/designs/et4351/instances_hier/soc/instances_hier/cpu/subports_out/pcpi_insn[11]' in module picorv32_ENABLE_COUNTERS1_BARREL_SHIFTER1_COMPRESSED_ISA1_ENABLE_MUL1_ENABLE_FAST_MUL0_ENABLE_DIV1_ENABLE_IRQ1_ENABLE_IRQ_QREGS0_PROGADDR_RESET1048576_PROGADDR_IRQ0_STACKADDR1024
Encountered an assign statement at subport '/designs/et4351/instances_hier/soc/instances_hier/cpu/subports_out/pcpi_insn[10]' in module picorv32_ENABLE_COUNTERS1_BARREL_SHIFTER1_COMPRESSED_ISA1_ENABLE_MUL1_ENABLE_FAST_MUL0_ENABLE_DIV1_ENABLE_IRQ1_ENABLE_IRQ_QREGS0_PROGADDR_RESET1048576_PROGADDR_IRQ0_STACKADDR1024
Encountered an assign statement at subport '/designs/et4351/instances_hier/soc/instances_hier/cpu/subports_out/pcpi_insn[9]' in module picorv32_ENABLE_COUNTERS1_BARREL_SHIFTER1_COMPRESSED_ISA1_ENABLE_MUL1_ENABLE_FAST_MUL0_ENABLE_DIV1_ENABLE_IRQ1_ENABLE_IRQ_QREGS0_PROGADDR_RESET1048576_PROGADDR_IRQ0_STACKADDR1024
Encountered an assign statement at subport '/designs/et4351/instances_hier/soc/instances_hier/cpu/subports_out/pcpi_insn[8]' in module picorv32_ENABLE_COUNTERS1_BARREL_SHIFTER1_COMPRESSED_ISA1_ENABLE_MUL1_ENABLE_FAST_MUL0_ENABLE_DIV1_ENABLE_IRQ1_ENABLE_IRQ_QREGS0_PROGADDR_RESET1048576_PROGADDR_IRQ0_STACKADDR1024
Encountered an assign statement at subport '/designs/et4351/instances_hier/soc/instances_hier/cpu/subports_out/pcpi_insn[7]' in module picorv32_ENABLE_COUNTERS1_BARREL_SHIFTER1_COMPRESSED_ISA1_ENABLE_MUL1_ENABLE_FAST_MUL0_ENABLE_DIV1_ENABLE_IRQ1_ENABLE_IRQ_QREGS0_PROGADDR_RESET1048576_PROGADDR_IRQ0_STACKADDR1024
Encountered an assign statement at subport '/designs/et4351/instances_hier/soc/instances_hier/cpu/subports_out/pcpi_insn[6]' in module picorv32_ENABLE_COUNTERS1_BARREL_SHIFTER1_COMPRESSED_ISA1_ENABLE_MUL1_ENABLE_FAST_MUL0_ENABLE_DIV1_ENABLE_IRQ1_ENABLE_IRQ_QREGS0_PROGADDR_RESET1048576_PROGADDR_IRQ0_STACKADDR1024
Encountered an assign statement at subport '/designs/et4351/instances_hier/soc/instances_hier/cpu/subports_out/pcpi_insn[5]' in module picorv32_ENABLE_COUNTERS1_BARREL_SHIFTER1_COMPRESSED_ISA1_ENABLE_MUL1_ENABLE_FAST_MUL0_ENABLE_DIV1_ENABLE_IRQ1_ENABLE_IRQ_QREGS0_PROGADDR_RESET1048576_PROGADDR_IRQ0_STACKADDR1024
Encountered an assign statement at subport '/designs/et4351/instances_hier/soc/instances_hier/cpu/subports_out/pcpi_insn[4]' in module picorv32_ENABLE_COUNTERS1_BARREL_SHIFTER1_COMPRESSED_ISA1_ENABLE_MUL1_ENABLE_FAST_MUL0_ENABLE_DIV1_ENABLE_IRQ1_ENABLE_IRQ_QREGS0_PROGADDR_RESET1048576_PROGADDR_IRQ0_STACKADDR1024
Encountered an assign statement at subport '/designs/et4351/instances_hier/soc/instances_hier/cpu/subports_out/pcpi_insn[3]' in module picorv32_ENABLE_COUNTERS1_BARREL_SHIFTER1_COMPRESSED_ISA1_ENABLE_MUL1_ENABLE_FAST_MUL0_ENABLE_DIV1_ENABLE_IRQ1_ENABLE_IRQ_QREGS0_PROGADDR_RESET1048576_PROGADDR_IRQ0_STACKADDR1024
Encountered an assign statement at subport '/designs/et4351/instances_hier/soc/instances_hier/cpu/subports_out/pcpi_insn[2]' in module picorv32_ENABLE_COUNTERS1_BARREL_SHIFTER1_COMPRESSED_ISA1_ENABLE_MUL1_ENABLE_FAST_MUL0_ENABLE_DIV1_ENABLE_IRQ1_ENABLE_IRQ_QREGS0_PROGADDR_RESET1048576_PROGADDR_IRQ0_STACKADDR1024
Encountered an assign statement at subport '/designs/et4351/instances_hier/soc/instances_hier/cpu/subports_out/pcpi_insn[1]' in module picorv32_ENABLE_COUNTERS1_BARREL_SHIFTER1_COMPRESSED_ISA1_ENABLE_MUL1_ENABLE_FAST_MUL0_ENABLE_DIV1_ENABLE_IRQ1_ENABLE_IRQ_QREGS0_PROGADDR_RESET1048576_PROGADDR_IRQ0_STACKADDR1024
Encountered an assign statement at subport '/designs/et4351/instances_hier/soc/instances_hier/cpu/subports_out/pcpi_insn[0]' in module picorv32_ENABLE_COUNTERS1_BARREL_SHIFTER1_COMPRESSED_ISA1_ENABLE_MUL1_ENABLE_FAST_MUL0_ENABLE_DIV1_ENABLE_IRQ1_ENABLE_IRQ_QREGS0_PROGADDR_RESET1048576_PROGADDR_IRQ0_STACKADDR1024
Encountered an assign statement at subport '/designs/et4351/instances_hier/soc/instances_hier/cpu/subports_out/pcpi_rs1[31]' in module picorv32_ENABLE_COUNTERS1_BARREL_SHIFTER1_COMPRESSED_ISA1_ENABLE_MUL1_ENABLE_FAST_MUL0_ENABLE_DIV1_ENABLE_IRQ1_ENABLE_IRQ_QREGS0_PROGADDR_RESET1048576_PROGADDR_IRQ0_STACKADDR1024
Encountered an assign statement at subport '/designs/et4351/instances_hier/soc/instances_hier/cpu/subports_out/pcpi_rs1[30]' in module picorv32_ENABLE_COUNTERS1_BARREL_SHIFTER1_COMPRESSED_ISA1_ENABLE_MUL1_ENABLE_FAST_MUL0_ENABLE_DIV1_ENABLE_IRQ1_ENABLE_IRQ_QREGS0_PROGADDR_RESET1048576_PROGADDR_IRQ0_STACKADDR1024
Encountered an assign statement at subport '/designs/et4351/instances_hier/soc/instances_hier/cpu/subports_out/pcpi_rs1[29]' in module picorv32_ENABLE_COUNTERS1_BARREL_SHIFTER1_COMPRESSED_ISA1_ENABLE_MUL1_ENABLE_FAST_MUL0_ENABLE_DIV1_ENABLE_IRQ1_ENABLE_IRQ_QREGS0_PROGADDR_RESET1048576_PROGADDR_IRQ0_STACKADDR1024
Encountered an assign statement at subport '/designs/et4351/instances_hier/soc/instances_hier/cpu/subports_out/pcpi_rs1[28]' in module picorv32_ENABLE_COUNTERS1_BARREL_SHIFTER1_COMPRESSED_ISA1_ENABLE_MUL1_ENABLE_FAST_MUL0_ENABLE_DIV1_ENABLE_IRQ1_ENABLE_IRQ_QREGS0_PROGADDR_RESET1048576_PROGADDR_IRQ0_STACKADDR1024
Encountered an assign statement at subport '/designs/et4351/instances_hier/soc/instances_hier/cpu/subports_out/pcpi_rs1[27]' in module picorv32_ENABLE_COUNTERS1_BARREL_SHIFTER1_COMPRESSED_ISA1_ENABLE_MUL1_ENABLE_FAST_MUL0_ENABLE_DIV1_ENABLE_IRQ1_ENABLE_IRQ_QREGS0_PROGADDR_RESET1048576_PROGADDR_IRQ0_STACKADDR1024
Encountered an assign statement at subport '/designs/et4351/instances_hier/soc/instances_hier/cpu/subports_out/pcpi_rs1[26]' in module picorv32_ENABLE_COUNTERS1_BARREL_SHIFTER1_COMPRESSED_ISA1_ENABLE_MUL1_ENABLE_FAST_MUL0_ENABLE_DIV1_ENABLE_IRQ1_ENABLE_IRQ_QREGS0_PROGADDR_RESET1048576_PROGADDR_IRQ0_STACKADDR1024
Encountered an assign statement at subport '/designs/et4351/instances_hier/soc/instances_hier/cpu/subports_out/pcpi_rs1[25]' in module picorv32_ENABLE_COUNTERS1_BARREL_SHIFTER1_COMPRESSED_ISA1_ENABLE_MUL1_ENABLE_FAST_MUL0_ENABLE_DIV1_ENABLE_IRQ1_ENABLE_IRQ_QREGS0_PROGADDR_RESET1048576_PROGADDR_IRQ0_STACKADDR1024
Encountered an assign statement at subport '/designs/et4351/instances_hier/soc/instances_hier/cpu/subports_out/pcpi_rs1[24]' in module picorv32_ENABLE_COUNTERS1_BARREL_SHIFTER1_COMPRESSED_ISA1_ENABLE_MUL1_ENABLE_FAST_MUL0_ENABLE_DIV1_ENABLE_IRQ1_ENABLE_IRQ_QREGS0_PROGADDR_RESET1048576_PROGADDR_IRQ0_STACKADDR1024
Encountered an assign statement at subport '/designs/et4351/instances_hier/soc/instances_hier/cpu/subports_out/pcpi_rs1[23]' in module picorv32_ENABLE_COUNTERS1_BARREL_SHIFTER1_COMPRESSED_ISA1_ENABLE_MUL1_ENABLE_FAST_MUL0_ENABLE_DIV1_ENABLE_IRQ1_ENABLE_IRQ_QREGS0_PROGADDR_RESET1048576_PROGADDR_IRQ0_STACKADDR1024
Encountered an assign statement at subport '/designs/et4351/instances_hier/soc/instances_hier/cpu/subports_out/pcpi_rs1[22]' in module picorv32_ENABLE_COUNTERS1_BARREL_SHIFTER1_COMPRESSED_ISA1_ENABLE_MUL1_ENABLE_FAST_MUL0_ENABLE_DIV1_ENABLE_IRQ1_ENABLE_IRQ_QREGS0_PROGADDR_RESET1048576_PROGADDR_IRQ0_STACKADDR1024
Encountered an assign statement at subport '/designs/et4351/instances_hier/soc/instances_hier/cpu/subports_out/pcpi_rs1[21]' in module picorv32_ENABLE_COUNTERS1_BARREL_SHIFTER1_COMPRESSED_ISA1_ENABLE_MUL1_ENABLE_FAST_MUL0_ENABLE_DIV1_ENABLE_IRQ1_ENABLE_IRQ_QREGS0_PROGADDR_RESET1048576_PROGADDR_IRQ0_STACKADDR1024
Encountered an assign statement at subport '/designs/et4351/instances_hier/soc/instances_hier/cpu/subports_out/pcpi_rs1[20]' in module picorv32_ENABLE_COUNTERS1_BARREL_SHIFTER1_COMPRESSED_ISA1_ENABLE_MUL1_ENABLE_FAST_MUL0_ENABLE_DIV1_ENABLE_IRQ1_ENABLE_IRQ_QREGS0_PROGADDR_RESET1048576_PROGADDR_IRQ0_STACKADDR1024
Encountered an assign statement at subport '/designs/et4351/instances_hier/soc/instances_hier/cpu/subports_out/pcpi_rs1[19]' in module picorv32_ENABLE_COUNTERS1_BARREL_SHIFTER1_COMPRESSED_ISA1_ENABLE_MUL1_ENABLE_FAST_MUL0_ENABLE_DIV1_ENABLE_IRQ1_ENABLE_IRQ_QREGS0_PROGADDR_RESET1048576_PROGADDR_IRQ0_STACKADDR1024
Encountered an assign statement at subport '/designs/et4351/instances_hier/soc/instances_hier/cpu/subports_out/pcpi_rs1[18]' in module picorv32_ENABLE_COUNTERS1_BARREL_SHIFTER1_COMPRESSED_ISA1_ENABLE_MUL1_ENABLE_FAST_MUL0_ENABLE_DIV1_ENABLE_IRQ1_ENABLE_IRQ_QREGS0_PROGADDR_RESET1048576_PROGADDR_IRQ0_STACKADDR1024
Encountered an assign statement at subport '/designs/et4351/instances_hier/soc/instances_hier/cpu/subports_out/pcpi_rs1[17]' in module picorv32_ENABLE_COUNTERS1_BARREL_SHIFTER1_COMPRESSED_ISA1_ENABLE_MUL1_ENABLE_FAST_MUL0_ENABLE_DIV1_ENABLE_IRQ1_ENABLE_IRQ_QREGS0_PROGADDR_RESET1048576_PROGADDR_IRQ0_STACKADDR1024
Encountered an assign statement at subport '/designs/et4351/instances_hier/soc/instances_hier/cpu/subports_out/pcpi_rs1[16]' in module picorv32_ENABLE_COUNTERS1_BARREL_SHIFTER1_COMPRESSED_ISA1_ENABLE_MUL1_ENABLE_FAST_MUL0_ENABLE_DIV1_ENABLE_IRQ1_ENABLE_IRQ_QREGS0_PROGADDR_RESET1048576_PROGADDR_IRQ0_STACKADDR1024
Encountered an assign statement at subport '/designs/et4351/instances_hier/soc/instances_hier/cpu/subports_out/pcpi_rs1[15]' in module picorv32_ENABLE_COUNTERS1_BARREL_SHIFTER1_COMPRESSED_ISA1_ENABLE_MUL1_ENABLE_FAST_MUL0_ENABLE_DIV1_ENABLE_IRQ1_ENABLE_IRQ_QREGS0_PROGADDR_RESET1048576_PROGADDR_IRQ0_STACKADDR1024
Encountered an assign statement at subport '/designs/et4351/instances_hier/soc/instances_hier/cpu/subports_out/pcpi_rs1[14]' in module picorv32_ENABLE_COUNTERS1_BARREL_SHIFTER1_COMPRESSED_ISA1_ENABLE_MUL1_ENABLE_FAST_MUL0_ENABLE_DIV1_ENABLE_IRQ1_ENABLE_IRQ_QREGS0_PROGADDR_RESET1048576_PROGADDR_IRQ0_STACKADDR1024
Encountered an assign statement at subport '/designs/et4351/instances_hier/soc/instances_hier/cpu/subports_out/pcpi_rs1[13]' in module picorv32_ENABLE_COUNTERS1_BARREL_SHIFTER1_COMPRESSED_ISA1_ENABLE_MUL1_ENABLE_FAST_MUL0_ENABLE_DIV1_ENABLE_IRQ1_ENABLE_IRQ_QREGS0_PROGADDR_RESET1048576_PROGADDR_IRQ0_STACKADDR1024
Encountered an assign statement at subport '/designs/et4351/instances_hier/soc/instances_hier/cpu/subports_out/pcpi_rs1[12]' in module picorv32_ENABLE_COUNTERS1_BARREL_SHIFTER1_COMPRESSED_ISA1_ENABLE_MUL1_ENABLE_FAST_MUL0_ENABLE_DIV1_ENABLE_IRQ1_ENABLE_IRQ_QREGS0_PROGADDR_RESET1048576_PROGADDR_IRQ0_STACKADDR1024
Encountered an assign statement at subport '/designs/et4351/instances_hier/soc/instances_hier/cpu/subports_out/pcpi_rs1[11]' in module picorv32_ENABLE_COUNTERS1_BARREL_SHIFTER1_COMPRESSED_ISA1_ENABLE_MUL1_ENABLE_FAST_MUL0_ENABLE_DIV1_ENABLE_IRQ1_ENABLE_IRQ_QREGS0_PROGADDR_RESET1048576_PROGADDR_IRQ0_STACKADDR1024
Encountered an assign statement at subport '/designs/et4351/instances_hier/soc/instances_hier/cpu/subports_out/pcpi_rs1[10]' in module picorv32_ENABLE_COUNTERS1_BARREL_SHIFTER1_COMPRESSED_ISA1_ENABLE_MUL1_ENABLE_FAST_MUL0_ENABLE_DIV1_ENABLE_IRQ1_ENABLE_IRQ_QREGS0_PROGADDR_RESET1048576_PROGADDR_IRQ0_STACKADDR1024
Encountered an assign statement at subport '/designs/et4351/instances_hier/soc/instances_hier/cpu/subports_out/pcpi_rs1[9]' in module picorv32_ENABLE_COUNTERS1_BARREL_SHIFTER1_COMPRESSED_ISA1_ENABLE_MUL1_ENABLE_FAST_MUL0_ENABLE_DIV1_ENABLE_IRQ1_ENABLE_IRQ_QREGS0_PROGADDR_RESET1048576_PROGADDR_IRQ0_STACKADDR1024
Encountered an assign statement at subport '/designs/et4351/instances_hier/soc/instances_hier/cpu/subports_out/pcpi_rs1[8]' in module picorv32_ENABLE_COUNTERS1_BARREL_SHIFTER1_COMPRESSED_ISA1_ENABLE_MUL1_ENABLE_FAST_MUL0_ENABLE_DIV1_ENABLE_IRQ1_ENABLE_IRQ_QREGS0_PROGADDR_RESET1048576_PROGADDR_IRQ0_STACKADDR1024
Encountered an assign statement at subport '/designs/et4351/instances_hier/soc/instances_hier/cpu/subports_out/pcpi_rs1[7]' in module picorv32_ENABLE_COUNTERS1_BARREL_SHIFTER1_COMPRESSED_ISA1_ENABLE_MUL1_ENABLE_FAST_MUL0_ENABLE_DIV1_ENABLE_IRQ1_ENABLE_IRQ_QREGS0_PROGADDR_RESET1048576_PROGADDR_IRQ0_STACKADDR1024
Encountered an assign statement at subport '/designs/et4351/instances_hier/soc/instances_hier/cpu/subports_out/pcpi_rs1[6]' in module picorv32_ENABLE_COUNTERS1_BARREL_SHIFTER1_COMPRESSED_ISA1_ENABLE_MUL1_ENABLE_FAST_MUL0_ENABLE_DIV1_ENABLE_IRQ1_ENABLE_IRQ_QREGS0_PROGADDR_RESET1048576_PROGADDR_IRQ0_STACKADDR1024
Encountered an assign statement at subport '/designs/et4351/instances_hier/soc/instances_hier/cpu/subports_out/pcpi_rs1[5]' in module picorv32_ENABLE_COUNTERS1_BARREL_SHIFTER1_COMPRESSED_ISA1_ENABLE_MUL1_ENABLE_FAST_MUL0_ENABLE_DIV1_ENABLE_IRQ1_ENABLE_IRQ_QREGS0_PROGADDR_RESET1048576_PROGADDR_IRQ0_STACKADDR1024
Encountered an assign statement at subport '/designs/et4351/instances_hier/soc/instances_hier/cpu/subports_out/pcpi_rs1[4]' in module picorv32_ENABLE_COUNTERS1_BARREL_SHIFTER1_COMPRESSED_ISA1_ENABLE_MUL1_ENABLE_FAST_MUL0_ENABLE_DIV1_ENABLE_IRQ1_ENABLE_IRQ_QREGS0_PROGADDR_RESET1048576_PROGADDR_IRQ0_STACKADDR1024
Encountered an assign statement at subport '/designs/et4351/instances_hier/soc/instances_hier/cpu/subports_out/pcpi_rs1[3]' in module picorv32_ENABLE_COUNTERS1_BARREL_SHIFTER1_COMPRESSED_ISA1_ENABLE_MUL1_ENABLE_FAST_MUL0_ENABLE_DIV1_ENABLE_IRQ1_ENABLE_IRQ_QREGS0_PROGADDR_RESET1048576_PROGADDR_IRQ0_STACKADDR1024
Encountered an assign statement at subport '/designs/et4351/instances_hier/soc/instances_hier/cpu/subports_out/pcpi_rs1[2]' in module picorv32_ENABLE_COUNTERS1_BARREL_SHIFTER1_COMPRESSED_ISA1_ENABLE_MUL1_ENABLE_FAST_MUL0_ENABLE_DIV1_ENABLE_IRQ1_ENABLE_IRQ_QREGS0_PROGADDR_RESET1048576_PROGADDR_IRQ0_STACKADDR1024
Encountered an assign statement at subport '/designs/et4351/instances_hier/soc/instances_hier/cpu/subports_out/pcpi_rs1[1]' in module picorv32_ENABLE_COUNTERS1_BARREL_SHIFTER1_COMPRESSED_ISA1_ENABLE_MUL1_ENABLE_FAST_MUL0_ENABLE_DIV1_ENABLE_IRQ1_ENABLE_IRQ_QREGS0_PROGADDR_RESET1048576_PROGADDR_IRQ0_STACKADDR1024
Encountered an assign statement at subport '/designs/et4351/instances_hier/soc/instances_hier/cpu/subports_out/pcpi_rs1[0]' in module picorv32_ENABLE_COUNTERS1_BARREL_SHIFTER1_COMPRESSED_ISA1_ENABLE_MUL1_ENABLE_FAST_MUL0_ENABLE_DIV1_ENABLE_IRQ1_ENABLE_IRQ_QREGS0_PROGADDR_RESET1048576_PROGADDR_IRQ0_STACKADDR1024
Encountered an assign statement at subport '/designs/et4351/instances_hier/soc/instances_hier/cpu/subports_out/pcpi_rs2[31]' in module picorv32_ENABLE_COUNTERS1_BARREL_SHIFTER1_COMPRESSED_ISA1_ENABLE_MUL1_ENABLE_FAST_MUL0_ENABLE_DIV1_ENABLE_IRQ1_ENABLE_IRQ_QREGS0_PROGADDR_RESET1048576_PROGADDR_IRQ0_STACKADDR1024
Encountered an assign statement at subport '/designs/et4351/instances_hier/soc/instances_hier/cpu/subports_out/pcpi_rs2[30]' in module picorv32_ENABLE_COUNTERS1_BARREL_SHIFTER1_COMPRESSED_ISA1_ENABLE_MUL1_ENABLE_FAST_MUL0_ENABLE_DIV1_ENABLE_IRQ1_ENABLE_IRQ_QREGS0_PROGADDR_RESET1048576_PROGADDR_IRQ0_STACKADDR1024
Encountered an assign statement at subport '/designs/et4351/instances_hier/soc/instances_hier/cpu/subports_out/pcpi_rs2[29]' in module picorv32_ENABLE_COUNTERS1_BARREL_SHIFTER1_COMPRESSED_ISA1_ENABLE_MUL1_ENABLE_FAST_MUL0_ENABLE_DIV1_ENABLE_IRQ1_ENABLE_IRQ_QREGS0_PROGADDR_RESET1048576_PROGADDR_IRQ0_STACKADDR1024
Encountered an assign statement at subport '/designs/et4351/instances_hier/soc/instances_hier/cpu/subports_out/pcpi_rs2[28]' in module picorv32_ENABLE_COUNTERS1_BARREL_SHIFTER1_COMPRESSED_ISA1_ENABLE_MUL1_ENABLE_FAST_MUL0_ENABLE_DIV1_ENABLE_IRQ1_ENABLE_IRQ_QREGS0_PROGADDR_RESET1048576_PROGADDR_IRQ0_STACKADDR1024
Encountered an assign statement at subport '/designs/et4351/instances_hier/soc/instances_hier/cpu/subports_out/pcpi_rs2[27]' in module picorv32_ENABLE_COUNTERS1_BARREL_SHIFTER1_COMPRESSED_ISA1_ENABLE_MUL1_ENABLE_FAST_MUL0_ENABLE_DIV1_ENABLE_IRQ1_ENABLE_IRQ_QREGS0_PROGADDR_RESET1048576_PROGADDR_IRQ0_STACKADDR1024
Encountered an assign statement at subport '/designs/et4351/instances_hier/soc/instances_hier/cpu/subports_out/pcpi_rs2[26]' in module picorv32_ENABLE_COUNTERS1_BARREL_SHIFTER1_COMPRESSED_ISA1_ENABLE_MUL1_ENABLE_FAST_MUL0_ENABLE_DIV1_ENABLE_IRQ1_ENABLE_IRQ_QREGS0_PROGADDR_RESET1048576_PROGADDR_IRQ0_STACKADDR1024
Encountered an assign statement at subport '/designs/et4351/instances_hier/soc/instances_hier/cpu/subports_out/pcpi_rs2[25]' in module picorv32_ENABLE_COUNTERS1_BARREL_SHIFTER1_COMPRESSED_ISA1_ENABLE_MUL1_ENABLE_FAST_MUL0_ENABLE_DIV1_ENABLE_IRQ1_ENABLE_IRQ_QREGS0_PROGADDR_RESET1048576_PROGADDR_IRQ0_STACKADDR1024
Encountered an assign statement at subport '/designs/et4351/instances_hier/soc/instances_hier/cpu/subports_out/pcpi_rs2[24]' in module picorv32_ENABLE_COUNTERS1_BARREL_SHIFTER1_COMPRESSED_ISA1_ENABLE_MUL1_ENABLE_FAST_MUL0_ENABLE_DIV1_ENABLE_IRQ1_ENABLE_IRQ_QREGS0_PROGADDR_RESET1048576_PROGADDR_IRQ0_STACKADDR1024
Encountered an assign statement at subport '/designs/et4351/instances_hier/soc/instances_hier/cpu/subports_out/pcpi_rs2[23]' in module picorv32_ENABLE_COUNTERS1_BARREL_SHIFTER1_COMPRESSED_ISA1_ENABLE_MUL1_ENABLE_FAST_MUL0_ENABLE_DIV1_ENABLE_IRQ1_ENABLE_IRQ_QREGS0_PROGADDR_RESET1048576_PROGADDR_IRQ0_STACKADDR1024
Encountered an assign statement at subport '/designs/et4351/instances_hier/soc/instances_hier/cpu/subports_out/pcpi_rs2[22]' in module picorv32_ENABLE_COUNTERS1_BARREL_SHIFTER1_COMPRESSED_ISA1_ENABLE_MUL1_ENABLE_FAST_MUL0_ENABLE_DIV1_ENABLE_IRQ1_ENABLE_IRQ_QREGS0_PROGADDR_RESET1048576_PROGADDR_IRQ0_STACKADDR1024
Encountered an assign statement at subport '/designs/et4351/instances_hier/soc/instances_hier/cpu/subports_out/pcpi_rs2[21]' in module picorv32_ENABLE_COUNTERS1_BARREL_SHIFTER1_COMPRESSED_ISA1_ENABLE_MUL1_ENABLE_FAST_MUL0_ENABLE_DIV1_ENABLE_IRQ1_ENABLE_IRQ_QREGS0_PROGADDR_RESET1048576_PROGADDR_IRQ0_STACKADDR1024
Encountered an assign statement at subport '/designs/et4351/instances_hier/soc/instances_hier/cpu/subports_out/pcpi_rs2[20]' in module picorv32_ENABLE_COUNTERS1_BARREL_SHIFTER1_COMPRESSED_ISA1_ENABLE_MUL1_ENABLE_FAST_MUL0_ENABLE_DIV1_ENABLE_IRQ1_ENABLE_IRQ_QREGS0_PROGADDR_RESET1048576_PROGADDR_IRQ0_STACKADDR1024
Encountered an assign statement at subport '/designs/et4351/instances_hier/soc/instances_hier/cpu/subports_out/pcpi_rs2[19]' in module picorv32_ENABLE_COUNTERS1_BARREL_SHIFTER1_COMPRESSED_ISA1_ENABLE_MUL1_ENABLE_FAST_MUL0_ENABLE_DIV1_ENABLE_IRQ1_ENABLE_IRQ_QREGS0_PROGADDR_RESET1048576_PROGADDR_IRQ0_STACKADDR1024
Encountered an assign statement at subport '/designs/et4351/instances_hier/soc/instances_hier/cpu/subports_out/pcpi_rs2[18]' in module picorv32_ENABLE_COUNTERS1_BARREL_SHIFTER1_COMPRESSED_ISA1_ENABLE_MUL1_ENABLE_FAST_MUL0_ENABLE_DIV1_ENABLE_IRQ1_ENABLE_IRQ_QREGS0_PROGADDR_RESET1048576_PROGADDR_IRQ0_STACKADDR1024
Encountered an assign statement at subport '/designs/et4351/instances_hier/soc/instances_hier/cpu/subports_out/pcpi_rs2[17]' in module picorv32_ENABLE_COUNTERS1_BARREL_SHIFTER1_COMPRESSED_ISA1_ENABLE_MUL1_ENABLE_FAST_MUL0_ENABLE_DIV1_ENABLE_IRQ1_ENABLE_IRQ_QREGS0_PROGADDR_RESET1048576_PROGADDR_IRQ0_STACKADDR1024
Encountered an assign statement at subport '/designs/et4351/instances_hier/soc/instances_hier/cpu/subports_out/pcpi_rs2[16]' in module picorv32_ENABLE_COUNTERS1_BARREL_SHIFTER1_COMPRESSED_ISA1_ENABLE_MUL1_ENABLE_FAST_MUL0_ENABLE_DIV1_ENABLE_IRQ1_ENABLE_IRQ_QREGS0_PROGADDR_RESET1048576_PROGADDR_IRQ0_STACKADDR1024
Encountered an assign statement at subport '/designs/et4351/instances_hier/soc/instances_hier/cpu/subports_out/pcpi_rs2[15]' in module picorv32_ENABLE_COUNTERS1_BARREL_SHIFTER1_COMPRESSED_ISA1_ENABLE_MUL1_ENABLE_FAST_MUL0_ENABLE_DIV1_ENABLE_IRQ1_ENABLE_IRQ_QREGS0_PROGADDR_RESET1048576_PROGADDR_IRQ0_STACKADDR1024
Encountered an assign statement at subport '/designs/et4351/instances_hier/soc/instances_hier/cpu/subports_out/pcpi_rs2[14]' in module picorv32_ENABLE_COUNTERS1_BARREL_SHIFTER1_COMPRESSED_ISA1_ENABLE_MUL1_ENABLE_FAST_MUL0_ENABLE_DIV1_ENABLE_IRQ1_ENABLE_IRQ_QREGS0_PROGADDR_RESET1048576_PROGADDR_IRQ0_STACKADDR1024
Encountered an assign statement at subport '/designs/et4351/instances_hier/soc/instances_hier/cpu/subports_out/pcpi_rs2[13]' in module picorv32_ENABLE_COUNTERS1_BARREL_SHIFTER1_COMPRESSED_ISA1_ENABLE_MUL1_ENABLE_FAST_MUL0_ENABLE_DIV1_ENABLE_IRQ1_ENABLE_IRQ_QREGS0_PROGADDR_RESET1048576_PROGADDR_IRQ0_STACKADDR1024
Encountered an assign statement at subport '/designs/et4351/instances_hier/soc/instances_hier/cpu/subports_out/pcpi_rs2[12]' in module picorv32_ENABLE_COUNTERS1_BARREL_SHIFTER1_COMPRESSED_ISA1_ENABLE_MUL1_ENABLE_FAST_MUL0_ENABLE_DIV1_ENABLE_IRQ1_ENABLE_IRQ_QREGS0_PROGADDR_RESET1048576_PROGADDR_IRQ0_STACKADDR1024
Encountered an assign statement at subport '/designs/et4351/instances_hier/soc/instances_hier/cpu/subports_out/pcpi_rs2[11]' in module picorv32_ENABLE_COUNTERS1_BARREL_SHIFTER1_COMPRESSED_ISA1_ENABLE_MUL1_ENABLE_FAST_MUL0_ENABLE_DIV1_ENABLE_IRQ1_ENABLE_IRQ_QREGS0_PROGADDR_RESET1048576_PROGADDR_IRQ0_STACKADDR1024
Encountered an assign statement at subport '/designs/et4351/instances_hier/soc/instances_hier/cpu/subports_out/pcpi_rs2[10]' in module picorv32_ENABLE_COUNTERS1_BARREL_SHIFTER1_COMPRESSED_ISA1_ENABLE_MUL1_ENABLE_FAST_MUL0_ENABLE_DIV1_ENABLE_IRQ1_ENABLE_IRQ_QREGS0_PROGADDR_RESET1048576_PROGADDR_IRQ0_STACKADDR1024
Encountered an assign statement at subport '/designs/et4351/instances_hier/soc/instances_hier/cpu/subports_out/pcpi_rs2[9]' in module picorv32_ENABLE_COUNTERS1_BARREL_SHIFTER1_COMPRESSED_ISA1_ENABLE_MUL1_ENABLE_FAST_MUL0_ENABLE_DIV1_ENABLE_IRQ1_ENABLE_IRQ_QREGS0_PROGADDR_RESET1048576_PROGADDR_IRQ0_STACKADDR1024
Encountered an assign statement at subport '/designs/et4351/instances_hier/soc/instances_hier/cpu/subports_out/pcpi_rs2[8]' in module picorv32_ENABLE_COUNTERS1_BARREL_SHIFTER1_COMPRESSED_ISA1_ENABLE_MUL1_ENABLE_FAST_MUL0_ENABLE_DIV1_ENABLE_IRQ1_ENABLE_IRQ_QREGS0_PROGADDR_RESET1048576_PROGADDR_IRQ0_STACKADDR1024
Encountered an assign statement at subport '/designs/et4351/instances_hier/soc/instances_hier/cpu/subports_out/pcpi_rs2[7]' in module picorv32_ENABLE_COUNTERS1_BARREL_SHIFTER1_COMPRESSED_ISA1_ENABLE_MUL1_ENABLE_FAST_MUL0_ENABLE_DIV1_ENABLE_IRQ1_ENABLE_IRQ_QREGS0_PROGADDR_RESET1048576_PROGADDR_IRQ0_STACKADDR1024
Encountered an assign statement at subport '/designs/et4351/instances_hier/soc/instances_hier/cpu/subports_out/pcpi_rs2[6]' in module picorv32_ENABLE_COUNTERS1_BARREL_SHIFTER1_COMPRESSED_ISA1_ENABLE_MUL1_ENABLE_FAST_MUL0_ENABLE_DIV1_ENABLE_IRQ1_ENABLE_IRQ_QREGS0_PROGADDR_RESET1048576_PROGADDR_IRQ0_STACKADDR1024
Encountered an assign statement at subport '/designs/et4351/instances_hier/soc/instances_hier/cpu/subports_out/pcpi_rs2[5]' in module picorv32_ENABLE_COUNTERS1_BARREL_SHIFTER1_COMPRESSED_ISA1_ENABLE_MUL1_ENABLE_FAST_MUL0_ENABLE_DIV1_ENABLE_IRQ1_ENABLE_IRQ_QREGS0_PROGADDR_RESET1048576_PROGADDR_IRQ0_STACKADDR1024
Encountered an assign statement at subport '/designs/et4351/instances_hier/soc/instances_hier/cpu/subports_out/pcpi_rs2[4]' in module picorv32_ENABLE_COUNTERS1_BARREL_SHIFTER1_COMPRESSED_ISA1_ENABLE_MUL1_ENABLE_FAST_MUL0_ENABLE_DIV1_ENABLE_IRQ1_ENABLE_IRQ_QREGS0_PROGADDR_RESET1048576_PROGADDR_IRQ0_STACKADDR1024
Encountered an assign statement at subport '/designs/et4351/instances_hier/soc/instances_hier/cpu/subports_out/pcpi_rs2[3]' in module picorv32_ENABLE_COUNTERS1_BARREL_SHIFTER1_COMPRESSED_ISA1_ENABLE_MUL1_ENABLE_FAST_MUL0_ENABLE_DIV1_ENABLE_IRQ1_ENABLE_IRQ_QREGS0_PROGADDR_RESET1048576_PROGADDR_IRQ0_STACKADDR1024
Encountered an assign statement at subport '/designs/et4351/instances_hier/soc/instances_hier/cpu/subports_out/pcpi_rs2[2]' in module picorv32_ENABLE_COUNTERS1_BARREL_SHIFTER1_COMPRESSED_ISA1_ENABLE_MUL1_ENABLE_FAST_MUL0_ENABLE_DIV1_ENABLE_IRQ1_ENABLE_IRQ_QREGS0_PROGADDR_RESET1048576_PROGADDR_IRQ0_STACKADDR1024
Encountered an assign statement at subport '/designs/et4351/instances_hier/soc/instances_hier/cpu/subports_out/pcpi_rs2[1]' in module picorv32_ENABLE_COUNTERS1_BARREL_SHIFTER1_COMPRESSED_ISA1_ENABLE_MUL1_ENABLE_FAST_MUL0_ENABLE_DIV1_ENABLE_IRQ1_ENABLE_IRQ_QREGS0_PROGADDR_RESET1048576_PROGADDR_IRQ0_STACKADDR1024
Encountered an assign statement at subport '/designs/et4351/instances_hier/soc/instances_hier/cpu/subports_out/pcpi_rs2[0]' in module picorv32_ENABLE_COUNTERS1_BARREL_SHIFTER1_COMPRESSED_ISA1_ENABLE_MUL1_ENABLE_FAST_MUL0_ENABLE_DIV1_ENABLE_IRQ1_ENABLE_IRQ_QREGS0_PROGADDR_RESET1048576_PROGADDR_IRQ0_STACKADDR1024
Encountered an assign statement at subport '/designs/et4351/instances_hier/soc/instances_hier/cpu/subports_out/eoi[31]' in module picorv32_ENABLE_COUNTERS1_BARREL_SHIFTER1_COMPRESSED_ISA1_ENABLE_MUL1_ENABLE_FAST_MUL0_ENABLE_DIV1_ENABLE_IRQ1_ENABLE_IRQ_QREGS0_PROGADDR_RESET1048576_PROGADDR_IRQ0_STACKADDR1024
Encountered an assign statement at subport '/designs/et4351/instances_hier/soc/instances_hier/cpu/subports_out/eoi[30]' in module picorv32_ENABLE_COUNTERS1_BARREL_SHIFTER1_COMPRESSED_ISA1_ENABLE_MUL1_ENABLE_FAST_MUL0_ENABLE_DIV1_ENABLE_IRQ1_ENABLE_IRQ_QREGS0_PROGADDR_RESET1048576_PROGADDR_IRQ0_STACKADDR1024
Encountered an assign statement at subport '/designs/et4351/instances_hier/soc/instances_hier/cpu/subports_out/eoi[29]' in module picorv32_ENABLE_COUNTERS1_BARREL_SHIFTER1_COMPRESSED_ISA1_ENABLE_MUL1_ENABLE_FAST_MUL0_ENABLE_DIV1_ENABLE_IRQ1_ENABLE_IRQ_QREGS0_PROGADDR_RESET1048576_PROGADDR_IRQ0_STACKADDR1024
Encountered an assign statement at subport '/designs/et4351/instances_hier/soc/instances_hier/cpu/subports_out/eoi[28]' in module picorv32_ENABLE_COUNTERS1_BARREL_SHIFTER1_COMPRESSED_ISA1_ENABLE_MUL1_ENABLE_FAST_MUL0_ENABLE_DIV1_ENABLE_IRQ1_ENABLE_IRQ_QREGS0_PROGADDR_RESET1048576_PROGADDR_IRQ0_STACKADDR1024
Encountered an assign statement at subport '/designs/et4351/instances_hier/soc/instances_hier/cpu/subports_out/eoi[27]' in module picorv32_ENABLE_COUNTERS1_BARREL_SHIFTER1_COMPRESSED_ISA1_ENABLE_MUL1_ENABLE_FAST_MUL0_ENABLE_DIV1_ENABLE_IRQ1_ENABLE_IRQ_QREGS0_PROGADDR_RESET1048576_PROGADDR_IRQ0_STACKADDR1024
Encountered an assign statement at subport '/designs/et4351/instances_hier/soc/instances_hier/cpu/subports_out/eoi[26]' in module picorv32_ENABLE_COUNTERS1_BARREL_SHIFTER1_COMPRESSED_ISA1_ENABLE_MUL1_ENABLE_FAST_MUL0_ENABLE_DIV1_ENABLE_IRQ1_ENABLE_IRQ_QREGS0_PROGADDR_RESET1048576_PROGADDR_IRQ0_STACKADDR1024
Encountered an assign statement at subport '/designs/et4351/instances_hier/soc/instances_hier/cpu/subports_out/eoi[25]' in module picorv32_ENABLE_COUNTERS1_BARREL_SHIFTER1_COMPRESSED_ISA1_ENABLE_MUL1_ENABLE_FAST_MUL0_ENABLE_DIV1_ENABLE_IRQ1_ENABLE_IRQ_QREGS0_PROGADDR_RESET1048576_PROGADDR_IRQ0_STACKADDR1024
Encountered an assign statement at subport '/designs/et4351/instances_hier/soc/instances_hier/cpu/subports_out/eoi[24]' in module picorv32_ENABLE_COUNTERS1_BARREL_SHIFTER1_COMPRESSED_ISA1_ENABLE_MUL1_ENABLE_FAST_MUL0_ENABLE_DIV1_ENABLE_IRQ1_ENABLE_IRQ_QREGS0_PROGADDR_RESET1048576_PROGADDR_IRQ0_STACKADDR1024
Encountered an assign statement at subport '/designs/et4351/instances_hier/soc/instances_hier/cpu/subports_out/eoi[23]' in module picorv32_ENABLE_COUNTERS1_BARREL_SHIFTER1_COMPRESSED_ISA1_ENABLE_MUL1_ENABLE_FAST_MUL0_ENABLE_DIV1_ENABLE_IRQ1_ENABLE_IRQ_QREGS0_PROGADDR_RESET1048576_PROGADDR_IRQ0_STACKADDR1024
Encountered an assign statement at subport '/designs/et4351/instances_hier/soc/instances_hier/cpu/subports_out/eoi[22]' in module picorv32_ENABLE_COUNTERS1_BARREL_SHIFTER1_COMPRESSED_ISA1_ENABLE_MUL1_ENABLE_FAST_MUL0_ENABLE_DIV1_ENABLE_IRQ1_ENABLE_IRQ_QREGS0_PROGADDR_RESET1048576_PROGADDR_IRQ0_STACKADDR1024
Encountered an assign statement at subport '/designs/et4351/instances_hier/soc/instances_hier/cpu/subports_out/eoi[21]' in module picorv32_ENABLE_COUNTERS1_BARREL_SHIFTER1_COMPRESSED_ISA1_ENABLE_MUL1_ENABLE_FAST_MUL0_ENABLE_DIV1_ENABLE_IRQ1_ENABLE_IRQ_QREGS0_PROGADDR_RESET1048576_PROGADDR_IRQ0_STACKADDR1024
Encountered an assign statement at subport '/designs/et4351/instances_hier/soc/instances_hier/cpu/subports_out/eoi[20]' in module picorv32_ENABLE_COUNTERS1_BARREL_SHIFTER1_COMPRESSED_ISA1_ENABLE_MUL1_ENABLE_FAST_MUL0_ENABLE_DIV1_ENABLE_IRQ1_ENABLE_IRQ_QREGS0_PROGADDR_RESET1048576_PROGADDR_IRQ0_STACKADDR1024
Encountered an assign statement at subport '/designs/et4351/instances_hier/soc/instances_hier/cpu/subports_out/eoi[19]' in module picorv32_ENABLE_COUNTERS1_BARREL_SHIFTER1_COMPRESSED_ISA1_ENABLE_MUL1_ENABLE_FAST_MUL0_ENABLE_DIV1_ENABLE_IRQ1_ENABLE_IRQ_QREGS0_PROGADDR_RESET1048576_PROGADDR_IRQ0_STACKADDR1024
Encountered an assign statement at subport '/designs/et4351/instances_hier/soc/instances_hier/cpu/subports_out/eoi[18]' in module picorv32_ENABLE_COUNTERS1_BARREL_SHIFTER1_COMPRESSED_ISA1_ENABLE_MUL1_ENABLE_FAST_MUL0_ENABLE_DIV1_ENABLE_IRQ1_ENABLE_IRQ_QREGS0_PROGADDR_RESET1048576_PROGADDR_IRQ0_STACKADDR1024
Encountered an assign statement at subport '/designs/et4351/instances_hier/soc/instances_hier/cpu/subports_out/eoi[17]' in module picorv32_ENABLE_COUNTERS1_BARREL_SHIFTER1_COMPRESSED_ISA1_ENABLE_MUL1_ENABLE_FAST_MUL0_ENABLE_DIV1_ENABLE_IRQ1_ENABLE_IRQ_QREGS0_PROGADDR_RESET1048576_PROGADDR_IRQ0_STACKADDR1024
Encountered an assign statement at subport '/designs/et4351/instances_hier/soc/instances_hier/cpu/subports_out/eoi[16]' in module picorv32_ENABLE_COUNTERS1_BARREL_SHIFTER1_COMPRESSED_ISA1_ENABLE_MUL1_ENABLE_FAST_MUL0_ENABLE_DIV1_ENABLE_IRQ1_ENABLE_IRQ_QREGS0_PROGADDR_RESET1048576_PROGADDR_IRQ0_STACKADDR1024
Encountered an assign statement at subport '/designs/et4351/instances_hier/soc/instances_hier/cpu/subports_out/eoi[15]' in module picorv32_ENABLE_COUNTERS1_BARREL_SHIFTER1_COMPRESSED_ISA1_ENABLE_MUL1_ENABLE_FAST_MUL0_ENABLE_DIV1_ENABLE_IRQ1_ENABLE_IRQ_QREGS0_PROGADDR_RESET1048576_PROGADDR_IRQ0_STACKADDR1024
Encountered an assign statement at subport '/designs/et4351/instances_hier/soc/instances_hier/cpu/subports_out/eoi[14]' in module picorv32_ENABLE_COUNTERS1_BARREL_SHIFTER1_COMPRESSED_ISA1_ENABLE_MUL1_ENABLE_FAST_MUL0_ENABLE_DIV1_ENABLE_IRQ1_ENABLE_IRQ_QREGS0_PROGADDR_RESET1048576_PROGADDR_IRQ0_STACKADDR1024
Encountered an assign statement at subport '/designs/et4351/instances_hier/soc/instances_hier/cpu/subports_out/eoi[13]' in module picorv32_ENABLE_COUNTERS1_BARREL_SHIFTER1_COMPRESSED_ISA1_ENABLE_MUL1_ENABLE_FAST_MUL0_ENABLE_DIV1_ENABLE_IRQ1_ENABLE_IRQ_QREGS0_PROGADDR_RESET1048576_PROGADDR_IRQ0_STACKADDR1024
Encountered an assign statement at subport '/designs/et4351/instances_hier/soc/instances_hier/cpu/subports_out/eoi[12]' in module picorv32_ENABLE_COUNTERS1_BARREL_SHIFTER1_COMPRESSED_ISA1_ENABLE_MUL1_ENABLE_FAST_MUL0_ENABLE_DIV1_ENABLE_IRQ1_ENABLE_IRQ_QREGS0_PROGADDR_RESET1048576_PROGADDR_IRQ0_STACKADDR1024
Encountered an assign statement at subport '/designs/et4351/instances_hier/soc/instances_hier/cpu/subports_out/eoi[11]' in module picorv32_ENABLE_COUNTERS1_BARREL_SHIFTER1_COMPRESSED_ISA1_ENABLE_MUL1_ENABLE_FAST_MUL0_ENABLE_DIV1_ENABLE_IRQ1_ENABLE_IRQ_QREGS0_PROGADDR_RESET1048576_PROGADDR_IRQ0_STACKADDR1024
Encountered an assign statement at subport '/designs/et4351/instances_hier/soc/instances_hier/cpu/subports_out/eoi[10]' in module picorv32_ENABLE_COUNTERS1_BARREL_SHIFTER1_COMPRESSED_ISA1_ENABLE_MUL1_ENABLE_FAST_MUL0_ENABLE_DIV1_ENABLE_IRQ1_ENABLE_IRQ_QREGS0_PROGADDR_RESET1048576_PROGADDR_IRQ0_STACKADDR1024
Encountered an assign statement at subport '/designs/et4351/instances_hier/soc/instances_hier/cpu/subports_out/eoi[9]' in module picorv32_ENABLE_COUNTERS1_BARREL_SHIFTER1_COMPRESSED_ISA1_ENABLE_MUL1_ENABLE_FAST_MUL0_ENABLE_DIV1_ENABLE_IRQ1_ENABLE_IRQ_QREGS0_PROGADDR_RESET1048576_PROGADDR_IRQ0_STACKADDR1024
Encountered an assign statement at subport '/designs/et4351/instances_hier/soc/instances_hier/cpu/subports_out/eoi[8]' in module picorv32_ENABLE_COUNTERS1_BARREL_SHIFTER1_COMPRESSED_ISA1_ENABLE_MUL1_ENABLE_FAST_MUL0_ENABLE_DIV1_ENABLE_IRQ1_ENABLE_IRQ_QREGS0_PROGADDR_RESET1048576_PROGADDR_IRQ0_STACKADDR1024
Encountered an assign statement at subport '/designs/et4351/instances_hier/soc/instances_hier/cpu/subports_out/eoi[7]' in module picorv32_ENABLE_COUNTERS1_BARREL_SHIFTER1_COMPRESSED_ISA1_ENABLE_MUL1_ENABLE_FAST_MUL0_ENABLE_DIV1_ENABLE_IRQ1_ENABLE_IRQ_QREGS0_PROGADDR_RESET1048576_PROGADDR_IRQ0_STACKADDR1024
Encountered an assign statement at subport '/designs/et4351/instances_hier/soc/instances_hier/cpu/subports_out/eoi[6]' in module picorv32_ENABLE_COUNTERS1_BARREL_SHIFTER1_COMPRESSED_ISA1_ENABLE_MUL1_ENABLE_FAST_MUL0_ENABLE_DIV1_ENABLE_IRQ1_ENABLE_IRQ_QREGS0_PROGADDR_RESET1048576_PROGADDR_IRQ0_STACKADDR1024
Encountered an assign statement at subport '/designs/et4351/instances_hier/soc/instances_hier/cpu/subports_out/eoi[5]' in module picorv32_ENABLE_COUNTERS1_BARREL_SHIFTER1_COMPRESSED_ISA1_ENABLE_MUL1_ENABLE_FAST_MUL0_ENABLE_DIV1_ENABLE_IRQ1_ENABLE_IRQ_QREGS0_PROGADDR_RESET1048576_PROGADDR_IRQ0_STACKADDR1024
Encountered an assign statement at subport '/designs/et4351/instances_hier/soc/instances_hier/cpu/subports_out/eoi[4]' in module picorv32_ENABLE_COUNTERS1_BARREL_SHIFTER1_COMPRESSED_ISA1_ENABLE_MUL1_ENABLE_FAST_MUL0_ENABLE_DIV1_ENABLE_IRQ1_ENABLE_IRQ_QREGS0_PROGADDR_RESET1048576_PROGADDR_IRQ0_STACKADDR1024
Encountered an assign statement at subport '/designs/et4351/instances_hier/soc/instances_hier/cpu/subports_out/eoi[3]' in module picorv32_ENABLE_COUNTERS1_BARREL_SHIFTER1_COMPRESSED_ISA1_ENABLE_MUL1_ENABLE_FAST_MUL0_ENABLE_DIV1_ENABLE_IRQ1_ENABLE_IRQ_QREGS0_PROGADDR_RESET1048576_PROGADDR_IRQ0_STACKADDR1024
Encountered an assign statement at subport '/designs/et4351/instances_hier/soc/instances_hier/cpu/subports_out/eoi[2]' in module picorv32_ENABLE_COUNTERS1_BARREL_SHIFTER1_COMPRESSED_ISA1_ENABLE_MUL1_ENABLE_FAST_MUL0_ENABLE_DIV1_ENABLE_IRQ1_ENABLE_IRQ_QREGS0_PROGADDR_RESET1048576_PROGADDR_IRQ0_STACKADDR1024
Encountered an assign statement at subport '/designs/et4351/instances_hier/soc/instances_hier/cpu/subports_out/eoi[1]' in module picorv32_ENABLE_COUNTERS1_BARREL_SHIFTER1_COMPRESSED_ISA1_ENABLE_MUL1_ENABLE_FAST_MUL0_ENABLE_DIV1_ENABLE_IRQ1_ENABLE_IRQ_QREGS0_PROGADDR_RESET1048576_PROGADDR_IRQ0_STACKADDR1024
Encountered an assign statement at subport '/designs/et4351/instances_hier/soc/instances_hier/cpu/subports_out/eoi[0]' in module picorv32_ENABLE_COUNTERS1_BARREL_SHIFTER1_COMPRESSED_ISA1_ENABLE_MUL1_ENABLE_FAST_MUL0_ENABLE_DIV1_ENABLE_IRQ1_ENABLE_IRQ_QREGS0_PROGADDR_RESET1048576_PROGADDR_IRQ0_STACKADDR1024
Encountered an assign statement at subport '/designs/et4351/instances_hier/soc/instances_hier/cpu/subports_out/trace_valid' in module picorv32_ENABLE_COUNTERS1_BARREL_SHIFTER1_COMPRESSED_ISA1_ENABLE_MUL1_ENABLE_FAST_MUL0_ENABLE_DIV1_ENABLE_IRQ1_ENABLE_IRQ_QREGS0_PROGADDR_RESET1048576_PROGADDR_IRQ0_STACKADDR1024
Encountered an assign statement at subport '/designs/et4351/instances_hier/soc/instances_hier/cpu/subports_out/trace_data[35]' in module picorv32_ENABLE_COUNTERS1_BARREL_SHIFTER1_COMPRESSED_ISA1_ENABLE_MUL1_ENABLE_FAST_MUL0_ENABLE_DIV1_ENABLE_IRQ1_ENABLE_IRQ_QREGS0_PROGADDR_RESET1048576_PROGADDR_IRQ0_STACKADDR1024
Encountered an assign statement at subport '/designs/et4351/instances_hier/soc/instances_hier/cpu/subports_out/trace_data[34]' in module picorv32_ENABLE_COUNTERS1_BARREL_SHIFTER1_COMPRESSED_ISA1_ENABLE_MUL1_ENABLE_FAST_MUL0_ENABLE_DIV1_ENABLE_IRQ1_ENABLE_IRQ_QREGS0_PROGADDR_RESET1048576_PROGADDR_IRQ0_STACKADDR1024
Encountered an assign statement at subport '/designs/et4351/instances_hier/soc/instances_hier/cpu/subports_out/trace_data[33]' in module picorv32_ENABLE_COUNTERS1_BARREL_SHIFTER1_COMPRESSED_ISA1_ENABLE_MUL1_ENABLE_FAST_MUL0_ENABLE_DIV1_ENABLE_IRQ1_ENABLE_IRQ_QREGS0_PROGADDR_RESET1048576_PROGADDR_IRQ0_STACKADDR1024
Encountered an assign statement at subport '/designs/et4351/instances_hier/soc/instances_hier/cpu/subports_out/trace_data[32]' in module picorv32_ENABLE_COUNTERS1_BARREL_SHIFTER1_COMPRESSED_ISA1_ENABLE_MUL1_ENABLE_FAST_MUL0_ENABLE_DIV1_ENABLE_IRQ1_ENABLE_IRQ_QREGS0_PROGADDR_RESET1048576_PROGADDR_IRQ0_STACKADDR1024
Encountered an assign statement at subport '/designs/et4351/instances_hier/soc/instances_hier/cpu/subports_out/trace_data[31]' in module picorv32_ENABLE_COUNTERS1_BARREL_SHIFTER1_COMPRESSED_ISA1_ENABLE_MUL1_ENABLE_FAST_MUL0_ENABLE_DIV1_ENABLE_IRQ1_ENABLE_IRQ_QREGS0_PROGADDR_RESET1048576_PROGADDR_IRQ0_STACKADDR1024
Encountered an assign statement at subport '/designs/et4351/instances_hier/soc/instances_hier/cpu/subports_out/trace_data[30]' in module picorv32_ENABLE_COUNTERS1_BARREL_SHIFTER1_COMPRESSED_ISA1_ENABLE_MUL1_ENABLE_FAST_MUL0_ENABLE_DIV1_ENABLE_IRQ1_ENABLE_IRQ_QREGS0_PROGADDR_RESET1048576_PROGADDR_IRQ0_STACKADDR1024
Encountered an assign statement at subport '/designs/et4351/instances_hier/soc/instances_hier/cpu/subports_out/trace_data[29]' in module picorv32_ENABLE_COUNTERS1_BARREL_SHIFTER1_COMPRESSED_ISA1_ENABLE_MUL1_ENABLE_FAST_MUL0_ENABLE_DIV1_ENABLE_IRQ1_ENABLE_IRQ_QREGS0_PROGADDR_RESET1048576_PROGADDR_IRQ0_STACKADDR1024
Encountered an assign statement at subport '/designs/et4351/instances_hier/soc/instances_hier/cpu/subports_out/trace_data[28]' in module picorv32_ENABLE_COUNTERS1_BARREL_SHIFTER1_COMPRESSED_ISA1_ENABLE_MUL1_ENABLE_FAST_MUL0_ENABLE_DIV1_ENABLE_IRQ1_ENABLE_IRQ_QREGS0_PROGADDR_RESET1048576_PROGADDR_IRQ0_STACKADDR1024
Encountered an assign statement at subport '/designs/et4351/instances_hier/soc/instances_hier/cpu/subports_out/trace_data[27]' in module picorv32_ENABLE_COUNTERS1_BARREL_SHIFTER1_COMPRESSED_ISA1_ENABLE_MUL1_ENABLE_FAST_MUL0_ENABLE_DIV1_ENABLE_IRQ1_ENABLE_IRQ_QREGS0_PROGADDR_RESET1048576_PROGADDR_IRQ0_STACKADDR1024
Encountered an assign statement at subport '/designs/et4351/instances_hier/soc/instances_hier/cpu/subports_out/trace_data[26]' in module picorv32_ENABLE_COUNTERS1_BARREL_SHIFTER1_COMPRESSED_ISA1_ENABLE_MUL1_ENABLE_FAST_MUL0_ENABLE_DIV1_ENABLE_IRQ1_ENABLE_IRQ_QREGS0_PROGADDR_RESET1048576_PROGADDR_IRQ0_STACKADDR1024
Encountered an assign statement at subport '/designs/et4351/instances_hier/soc/instances_hier/cpu/subports_out/trace_data[25]' in module picorv32_ENABLE_COUNTERS1_BARREL_SHIFTER1_COMPRESSED_ISA1_ENABLE_MUL1_ENABLE_FAST_MUL0_ENABLE_DIV1_ENABLE_IRQ1_ENABLE_IRQ_QREGS0_PROGADDR_RESET1048576_PROGADDR_IRQ0_STACKADDR1024
Encountered an assign statement at subport '/designs/et4351/instances_hier/soc/instances_hier/cpu/subports_out/trace_data[24]' in module picorv32_ENABLE_COUNTERS1_BARREL_SHIFTER1_COMPRESSED_ISA1_ENABLE_MUL1_ENABLE_FAST_MUL0_ENABLE_DIV1_ENABLE_IRQ1_ENABLE_IRQ_QREGS0_PROGADDR_RESET1048576_PROGADDR_IRQ0_STACKADDR1024
Encountered an assign statement at subport '/designs/et4351/instances_hier/soc/instances_hier/cpu/subports_out/trace_data[23]' in module picorv32_ENABLE_COUNTERS1_BARREL_SHIFTER1_COMPRESSED_ISA1_ENABLE_MUL1_ENABLE_FAST_MUL0_ENABLE_DIV1_ENABLE_IRQ1_ENABLE_IRQ_QREGS0_PROGADDR_RESET1048576_PROGADDR_IRQ0_STACKADDR1024
Encountered an assign statement at subport '/designs/et4351/instances_hier/soc/instances_hier/cpu/subports_out/trace_data[22]' in module picorv32_ENABLE_COUNTERS1_BARREL_SHIFTER1_COMPRESSED_ISA1_ENABLE_MUL1_ENABLE_FAST_MUL0_ENABLE_DIV1_ENABLE_IRQ1_ENABLE_IRQ_QREGS0_PROGADDR_RESET1048576_PROGADDR_IRQ0_STACKADDR1024
Encountered an assign statement at subport '/designs/et4351/instances_hier/soc/instances_hier/cpu/subports_out/trace_data[21]' in module picorv32_ENABLE_COUNTERS1_BARREL_SHIFTER1_COMPRESSED_ISA1_ENABLE_MUL1_ENABLE_FAST_MUL0_ENABLE_DIV1_ENABLE_IRQ1_ENABLE_IRQ_QREGS0_PROGADDR_RESET1048576_PROGADDR_IRQ0_STACKADDR1024
Encountered an assign statement at subport '/designs/et4351/instances_hier/soc/instances_hier/cpu/subports_out/trace_data[20]' in module picorv32_ENABLE_COUNTERS1_BARREL_SHIFTER1_COMPRESSED_ISA1_ENABLE_MUL1_ENABLE_FAST_MUL0_ENABLE_DIV1_ENABLE_IRQ1_ENABLE_IRQ_QREGS0_PROGADDR_RESET1048576_PROGADDR_IRQ0_STACKADDR1024
Encountered an assign statement at subport '/designs/et4351/instances_hier/soc/instances_hier/cpu/subports_out/trace_data[19]' in module picorv32_ENABLE_COUNTERS1_BARREL_SHIFTER1_COMPRESSED_ISA1_ENABLE_MUL1_ENABLE_FAST_MUL0_ENABLE_DIV1_ENABLE_IRQ1_ENABLE_IRQ_QREGS0_PROGADDR_RESET1048576_PROGADDR_IRQ0_STACKADDR1024
Encountered an assign statement at subport '/designs/et4351/instances_hier/soc/instances_hier/cpu/subports_out/trace_data[18]' in module picorv32_ENABLE_COUNTERS1_BARREL_SHIFTER1_COMPRESSED_ISA1_ENABLE_MUL1_ENABLE_FAST_MUL0_ENABLE_DIV1_ENABLE_IRQ1_ENABLE_IRQ_QREGS0_PROGADDR_RESET1048576_PROGADDR_IRQ0_STACKADDR1024
Encountered an assign statement at subport '/designs/et4351/instances_hier/soc/instances_hier/cpu/subports_out/trace_data[17]' in module picorv32_ENABLE_COUNTERS1_BARREL_SHIFTER1_COMPRESSED_ISA1_ENABLE_MUL1_ENABLE_FAST_MUL0_ENABLE_DIV1_ENABLE_IRQ1_ENABLE_IRQ_QREGS0_PROGADDR_RESET1048576_PROGADDR_IRQ0_STACKADDR1024
Encountered an assign statement at subport '/designs/et4351/instances_hier/soc/instances_hier/cpu/subports_out/trace_data[16]' in module picorv32_ENABLE_COUNTERS1_BARREL_SHIFTER1_COMPRESSED_ISA1_ENABLE_MUL1_ENABLE_FAST_MUL0_ENABLE_DIV1_ENABLE_IRQ1_ENABLE_IRQ_QREGS0_PROGADDR_RESET1048576_PROGADDR_IRQ0_STACKADDR1024
Encountered an assign statement at subport '/designs/et4351/instances_hier/soc/instances_hier/cpu/subports_out/trace_data[15]' in module picorv32_ENABLE_COUNTERS1_BARREL_SHIFTER1_COMPRESSED_ISA1_ENABLE_MUL1_ENABLE_FAST_MUL0_ENABLE_DIV1_ENABLE_IRQ1_ENABLE_IRQ_QREGS0_PROGADDR_RESET1048576_PROGADDR_IRQ0_STACKADDR1024
Encountered an assign statement at subport '/designs/et4351/instances_hier/soc/instances_hier/cpu/subports_out/trace_data[14]' in module picorv32_ENABLE_COUNTERS1_BARREL_SHIFTER1_COMPRESSED_ISA1_ENABLE_MUL1_ENABLE_FAST_MUL0_ENABLE_DIV1_ENABLE_IRQ1_ENABLE_IRQ_QREGS0_PROGADDR_RESET1048576_PROGADDR_IRQ0_STACKADDR1024
Encountered an assign statement at subport '/designs/et4351/instances_hier/soc/instances_hier/cpu/subports_out/trace_data[13]' in module picorv32_ENABLE_COUNTERS1_BARREL_SHIFTER1_COMPRESSED_ISA1_ENABLE_MUL1_ENABLE_FAST_MUL0_ENABLE_DIV1_ENABLE_IRQ1_ENABLE_IRQ_QREGS0_PROGADDR_RESET1048576_PROGADDR_IRQ0_STACKADDR1024
Encountered an assign statement at subport '/designs/et4351/instances_hier/soc/instances_hier/cpu/subports_out/trace_data[12]' in module picorv32_ENABLE_COUNTERS1_BARREL_SHIFTER1_COMPRESSED_ISA1_ENABLE_MUL1_ENABLE_FAST_MUL0_ENABLE_DIV1_ENABLE_IRQ1_ENABLE_IRQ_QREGS0_PROGADDR_RESET1048576_PROGADDR_IRQ0_STACKADDR1024
Encountered an assign statement at subport '/designs/et4351/instances_hier/soc/instances_hier/cpu/subports_out/trace_data[11]' in module picorv32_ENABLE_COUNTERS1_BARREL_SHIFTER1_COMPRESSED_ISA1_ENABLE_MUL1_ENABLE_FAST_MUL0_ENABLE_DIV1_ENABLE_IRQ1_ENABLE_IRQ_QREGS0_PROGADDR_RESET1048576_PROGADDR_IRQ0_STACKADDR1024
Encountered an assign statement at subport '/designs/et4351/instances_hier/soc/instances_hier/cpu/subports_out/trace_data[10]' in module picorv32_ENABLE_COUNTERS1_BARREL_SHIFTER1_COMPRESSED_ISA1_ENABLE_MUL1_ENABLE_FAST_MUL0_ENABLE_DIV1_ENABLE_IRQ1_ENABLE_IRQ_QREGS0_PROGADDR_RESET1048576_PROGADDR_IRQ0_STACKADDR1024
Encountered an assign statement at subport '/designs/et4351/instances_hier/soc/instances_hier/cpu/subports_out/trace_data[9]' in module picorv32_ENABLE_COUNTERS1_BARREL_SHIFTER1_COMPRESSED_ISA1_ENABLE_MUL1_ENABLE_FAST_MUL0_ENABLE_DIV1_ENABLE_IRQ1_ENABLE_IRQ_QREGS0_PROGADDR_RESET1048576_PROGADDR_IRQ0_STACKADDR1024
Encountered an assign statement at subport '/designs/et4351/instances_hier/soc/instances_hier/cpu/subports_out/trace_data[8]' in module picorv32_ENABLE_COUNTERS1_BARREL_SHIFTER1_COMPRESSED_ISA1_ENABLE_MUL1_ENABLE_FAST_MUL0_ENABLE_DIV1_ENABLE_IRQ1_ENABLE_IRQ_QREGS0_PROGADDR_RESET1048576_PROGADDR_IRQ0_STACKADDR1024
Encountered an assign statement at subport '/designs/et4351/instances_hier/soc/instances_hier/cpu/subports_out/trace_data[7]' in module picorv32_ENABLE_COUNTERS1_BARREL_SHIFTER1_COMPRESSED_ISA1_ENABLE_MUL1_ENABLE_FAST_MUL0_ENABLE_DIV1_ENABLE_IRQ1_ENABLE_IRQ_QREGS0_PROGADDR_RESET1048576_PROGADDR_IRQ0_STACKADDR1024
Encountered an assign statement at subport '/designs/et4351/instances_hier/soc/instances_hier/cpu/subports_out/trace_data[6]' in module picorv32_ENABLE_COUNTERS1_BARREL_SHIFTER1_COMPRESSED_ISA1_ENABLE_MUL1_ENABLE_FAST_MUL0_ENABLE_DIV1_ENABLE_IRQ1_ENABLE_IRQ_QREGS0_PROGADDR_RESET1048576_PROGADDR_IRQ0_STACKADDR1024
Encountered an assign statement at subport '/designs/et4351/instances_hier/soc/instances_hier/cpu/subports_out/trace_data[5]' in module picorv32_ENABLE_COUNTERS1_BARREL_SHIFTER1_COMPRESSED_ISA1_ENABLE_MUL1_ENABLE_FAST_MUL0_ENABLE_DIV1_ENABLE_IRQ1_ENABLE_IRQ_QREGS0_PROGADDR_RESET1048576_PROGADDR_IRQ0_STACKADDR1024
Encountered an assign statement at subport '/designs/et4351/instances_hier/soc/instances_hier/cpu/subports_out/trace_data[4]' in module picorv32_ENABLE_COUNTERS1_BARREL_SHIFTER1_COMPRESSED_ISA1_ENABLE_MUL1_ENABLE_FAST_MUL0_ENABLE_DIV1_ENABLE_IRQ1_ENABLE_IRQ_QREGS0_PROGADDR_RESET1048576_PROGADDR_IRQ0_STACKADDR1024
Encountered an assign statement at subport '/designs/et4351/instances_hier/soc/instances_hier/cpu/subports_out/trace_data[3]' in module picorv32_ENABLE_COUNTERS1_BARREL_SHIFTER1_COMPRESSED_ISA1_ENABLE_MUL1_ENABLE_FAST_MUL0_ENABLE_DIV1_ENABLE_IRQ1_ENABLE_IRQ_QREGS0_PROGADDR_RESET1048576_PROGADDR_IRQ0_STACKADDR1024
Encountered an assign statement at subport '/designs/et4351/instances_hier/soc/instances_hier/cpu/subports_out/trace_data[2]' in module picorv32_ENABLE_COUNTERS1_BARREL_SHIFTER1_COMPRESSED_ISA1_ENABLE_MUL1_ENABLE_FAST_MUL0_ENABLE_DIV1_ENABLE_IRQ1_ENABLE_IRQ_QREGS0_PROGADDR_RESET1048576_PROGADDR_IRQ0_STACKADDR1024
Encountered an assign statement at subport '/designs/et4351/instances_hier/soc/instances_hier/cpu/subports_out/trace_data[1]' in module picorv32_ENABLE_COUNTERS1_BARREL_SHIFTER1_COMPRESSED_ISA1_ENABLE_MUL1_ENABLE_FAST_MUL0_ENABLE_DIV1_ENABLE_IRQ1_ENABLE_IRQ_QREGS0_PROGADDR_RESET1048576_PROGADDR_IRQ0_STACKADDR1024
Encountered an assign statement at subport '/designs/et4351/instances_hier/soc/instances_hier/cpu/subports_out/trace_data[0]' in module picorv32_ENABLE_COUNTERS1_BARREL_SHIFTER1_COMPRESSED_ISA1_ENABLE_MUL1_ENABLE_FAST_MUL0_ENABLE_DIV1_ENABLE_IRQ1_ENABLE_IRQ_QREGS0_PROGADDR_RESET1048576_PROGADDR_IRQ0_STACKADDR1024
Encountered an assign statement at subport '/designs/et4351/instances_hier/soc/instances_hier/cpu/instances_hier/genblk2.pcpi_div/subports_out/pcpi_ready' in module picorv32_pcpi_div
Encountered an assign statement at subport '/designs/et4351/instances_hier/soc/instances_hier/cpu/instances_hier/genblk1.pcpi_mul/subports_out/pcpi_ready' in module picorv32_pcpi_mul
Encountered an assign statement at subport '/designs/et4351/instances_hier/soc/subports_out/iomem_addr[1]' in module picosoc
Encountered an assign statement at subport '/designs/et4351/instances_hier/soc/subports_out/iomem_addr[0]' in module picosoc
Encountered an assign statement at subport '/designs/et4351/instances_hier/soc/instances_hier/simpleuart/subports_out/reg_dat_do[30]' in module simpleuart
Encountered an assign statement at subport '/designs/et4351/instances_hier/soc/instances_hier/simpleuart/subports_out/reg_dat_do[29]' in module simpleuart
Encountered an assign statement at subport '/designs/et4351/instances_hier/soc/instances_hier/simpleuart/subports_out/reg_dat_do[28]' in module simpleuart
Encountered an assign statement at subport '/designs/et4351/instances_hier/soc/instances_hier/simpleuart/subports_out/reg_dat_do[27]' in module simpleuart
Encountered an assign statement at subport '/designs/et4351/instances_hier/soc/instances_hier/simpleuart/subports_out/reg_dat_do[26]' in module simpleuart
Encountered an assign statement at subport '/designs/et4351/instances_hier/soc/instances_hier/simpleuart/subports_out/reg_dat_do[25]' in module simpleuart
Encountered an assign statement at subport '/designs/et4351/instances_hier/soc/instances_hier/simpleuart/subports_out/reg_dat_do[24]' in module simpleuart
Encountered an assign statement at subport '/designs/et4351/instances_hier/soc/instances_hier/simpleuart/subports_out/reg_dat_do[23]' in module simpleuart
Encountered an assign statement at subport '/designs/et4351/instances_hier/soc/instances_hier/simpleuart/subports_out/reg_dat_do[22]' in module simpleuart
Encountered an assign statement at subport '/designs/et4351/instances_hier/soc/instances_hier/simpleuart/subports_out/reg_dat_do[21]' in module simpleuart
Encountered an assign statement at subport '/designs/et4351/instances_hier/soc/instances_hier/simpleuart/subports_out/reg_dat_do[20]' in module simpleuart
Encountered an assign statement at subport '/designs/et4351/instances_hier/soc/instances_hier/simpleuart/subports_out/reg_dat_do[19]' in module simpleuart
Encountered an assign statement at subport '/designs/et4351/instances_hier/soc/instances_hier/simpleuart/subports_out/reg_dat_do[18]' in module simpleuart
Encountered an assign statement at subport '/designs/et4351/instances_hier/soc/instances_hier/simpleuart/subports_out/reg_dat_do[17]' in module simpleuart
Encountered an assign statement at subport '/designs/et4351/instances_hier/soc/instances_hier/simpleuart/subports_out/reg_dat_do[16]' in module simpleuart
Encountered an assign statement at subport '/designs/et4351/instances_hier/soc/instances_hier/simpleuart/subports_out/reg_dat_do[15]' in module simpleuart
Encountered an assign statement at subport '/designs/et4351/instances_hier/soc/instances_hier/simpleuart/subports_out/reg_dat_do[14]' in module simpleuart
Encountered an assign statement at subport '/designs/et4351/instances_hier/soc/instances_hier/simpleuart/subports_out/reg_dat_do[13]' in module simpleuart
Encountered an assign statement at subport '/designs/et4351/instances_hier/soc/instances_hier/simpleuart/subports_out/reg_dat_do[12]' in module simpleuart
Encountered an assign statement at subport '/designs/et4351/instances_hier/soc/instances_hier/simpleuart/subports_out/reg_dat_do[11]' in module simpleuart
Encountered an assign statement at subport '/designs/et4351/instances_hier/soc/instances_hier/simpleuart/subports_out/reg_dat_do[10]' in module simpleuart
Encountered an assign statement at subport '/designs/et4351/instances_hier/soc/instances_hier/simpleuart/subports_out/reg_dat_do[9]' in module simpleuart
Encountered an assign statement at subport '/designs/et4351/instances_hier/soc/instances_hier/simpleuart/subports_out/reg_dat_do[8]' in module simpleuart
Encountered an assign statement at subport '/designs/et4351/instances_hier/soc/instances_hier/spimemio/subports_out/cfgreg_do[30]' in module spimemio
Encountered an assign statement at subport '/designs/et4351/instances_hier/soc/instances_hier/spimemio/subports_out/cfgreg_do[29]' in module spimemio
Encountered an assign statement at subport '/designs/et4351/instances_hier/soc/instances_hier/spimemio/subports_out/cfgreg_do[28]' in module spimemio
Encountered an assign statement at subport '/designs/et4351/instances_hier/soc/instances_hier/spimemio/subports_out/cfgreg_do[27]' in module spimemio
Encountered an assign statement at subport '/designs/et4351/instances_hier/soc/instances_hier/spimemio/subports_out/cfgreg_do[26]' in module spimemio
Encountered an assign statement at subport '/designs/et4351/instances_hier/soc/instances_hier/spimemio/subports_out/cfgreg_do[25]' in module spimemio
Encountered an assign statement at subport '/designs/et4351/instances_hier/soc/instances_hier/spimemio/subports_out/cfgreg_do[24]' in module spimemio
Encountered an assign statement at subport '/designs/et4351/instances_hier/soc/instances_hier/spimemio/subports_out/cfgreg_do[23]' in module spimemio
Encountered an assign statement at subport '/designs/et4351/instances_hier/soc/instances_hier/spimemio/subports_out/cfgreg_do[15]' in module spimemio
Encountered an assign statement at subport '/designs/et4351/instances_hier/soc/instances_hier/spimemio/subports_out/cfgreg_do[14]' in module spimemio
Encountered an assign statement at subport '/designs/et4351/instances_hier/soc/instances_hier/spimemio/subports_out/cfgreg_do[13]' in module spimemio
Encountered an assign statement at subport '/designs/et4351/instances_hier/soc/instances_hier/spimemio/subports_out/cfgreg_do[12]' in module spimemio
Encountered an assign statement at subport '/designs/et4351/instances_hier/soc/instances_hier/spimemio/subports_out/cfgreg_do[11]' in module spimemio
Encountered an assign statement at subport '/designs/et4351/instances_hier/soc/instances_hier/spimemio/subports_out/cfgreg_do[10]' in module spimemio
Encountered an assign statement at subport '/designs/et4351/instances_hier/soc/instances_hier/spimemio/subports_out/cfgreg_do[9]' in module spimemio
Encountered an assign statement at subport '/designs/et4351/instances_hier/soc/instances_hier/spimemio/subports_out/cfgreg_do[8]' in module spimemio
Encountered an assign statement at subport '/designs/et4351/instances_hier/soc/instances_hier/spimemio/subports_out/cfgreg_do[7]' in module spimemio
Encountered an assign statement at subport '/designs/et4351/instances_hier/soc/instances_hier/spimemio/subports_out/cfgreg_do[6]' in module spimemio
Encountered an assign statement at subport '/designs/et4351/instances_hier/soc/instances_hier/spimemio/subports_out/cfgreg_do[5]' in module spimemio
Encountered an assign statement at subport '/designs/et4351/instances_hier/soc/instances_hier/spimemio/subports_out/cfgreg_do[4]' in module spimemio
Encountered an assign statement at subport '/designs/et4351/instances_hier/soc/instances_hier/spimemio/subports_out/cfgreg_do[3]' in module spimemio
Encountered an assign statement at subport '/designs/et4351/instances_hier/soc/instances_hier/spimemio/subports_out/cfgreg_do[2]' in module spimemio
Encountered an assign statement at subport '/designs/et4351/instances_hier/soc/instances_hier/spimemio/subports_out/cfgreg_do[1]' in module spimemio
Encountered an assign statement at subport '/designs/et4351/instances_hier/soc/instances_hier/spimemio/subports_out/cfgreg_do[0]' in module spimemio
Encountered an assign statement at subport '/designs/et4351/instances_hier/soc/instances_hier/spimemio/instances_hier/xfer/subports_out/dout_tag[3]' in module spimemio_xfer
Encountered an assign statement at subport '/designs/et4351/instances_hier/soc/instances_hier/spimemio/instances_hier/xfer/subports_out/flash_io3_oe' in module spimemio_xfer
Encountered an assign statement at subport '/designs/et4351/instances_hier/soc/instances_hier/cpu/instances_hier/genblk2.pcpi_div/instances_hier/minus_2510_60/subports_out/Z[0]' in module sub_unsigned_2069
Encountered an assign statement at subport '/designs/et4351/instances_hier/soc/instances_hier/cpu/instances_hier/genblk2.pcpi_div/instances_hier/minus_2529_27_Y_minus_2531_27/subports_out/Z[0]' in module sub_unsigned_2069_2379
Total number of assign statements in design 'et4351' : 389

 Undriven Port(s)/Pin(s)
 ------------------------
No undriven combinational pin in 'et4351'

No undriven sequential pin in 'et4351'

No undriven hierarchical pin in 'et4351'

No undriven port in 'et4351'

 Multidriven Port(s)/Pin(s)
--------------------------

The following combinational pin(s) in design 'et4351' are multidriven
/designs/et4351/instances_hier/soc/instances_comb/g1683/pins_in/in_1
/designs/et4351/instances_hier/soc/instances_comb/g1692/pins_in/in_1
/designs/et4351/instances_hier/soc/instances_comb/g1694/pins_in/in_1
/designs/et4351/instances_hier/soc/instances_comb/g1695/pins_in/in_1
/designs/et4351/instances_hier/soc/instances_hier/spimemio/instances_hier/xfer/instances_comb/g2012/pins_in/in_1
/designs/et4351/instances_hier/soc/instances_hier/spimemio/instances_hier/xfer/instances_comb/g2024/pins_in/in_1
/designs/et4351/instances_hier/soc/instances_hier/spimemio/instances_hier/xfer/instances_comb/g2039/pins_in/in_1
/designs/et4351/instances_hier/soc/instances_hier/spimemio/instances_hier/xfer/instances_comb/g2070/pins_in/in_1
/designs/et4351/instances_hier/soc/instances_hier/spimemio/instances_hier/xfer/instances_comb/g2072/pins_in/in_1
Total number of combinational multidriven pin(s) in design 'et4351' : 9

No multidriven sequential pin in 'et4351'

No multidriven hierarchical pin in 'et4351'

No multidriven ports in 'et4351'

No multidriven unloaded nets in 'et4351'

  Constant Pin(s)
  ----------------
No constant combinational pin(s) in design 'et4351'

design 'et4351' has the following constant input sequential pin(s)
/designs/et4351/instances_hier/soc/instances_hier/memory/instances_seq/sram_0/pins_in/CSB
/designs/et4351/instances_hier/soc/instances_hier/memory/instances_seq/sram_0/pins_in/OEB
/designs/et4351/instances_hier/soc/instances_hier/memory/instances_seq/sram_1/pins_in/CSB
/designs/et4351/instances_hier/soc/instances_hier/memory/instances_seq/sram_1/pins_in/OEB
/designs/et4351/instances_hier/soc/instances_hier/memory/instances_seq/sram_2/pins_in/CSB
/designs/et4351/instances_hier/soc/instances_hier/memory/instances_seq/sram_2/pins_in/OEB
/designs/et4351/instances_hier/soc/instances_hier/memory/instances_seq/sram_3/pins_in/CSB
/designs/et4351/instances_hier/soc/instances_hier/memory/instances_seq/sram_3/pins_in/OEB
Total number of constant sequential pins in design 'et4351' : 8

design 'et4351' has the following constant input hierarchical pin(s)
/designs/et4351/instances_hier/accel/pins_in/iomem_addr[1] 	 (fanout : 0)
/designs/et4351/instances_hier/accel/pins_in/iomem_addr[0] 	 (fanout : 0)
/designs/et4351/instances_hier/soc/pins_in/irq_5 	 (fanout : 0)
/designs/et4351/instances_hier/soc/pins_in/irq_6 	 (fanout : 0)
/designs/et4351/instances_hier/soc/pins_in/irq_7 	 (fanout : 0)
/designs/et4351/instances_hier/accel/instances_hier/RC_CG_HIER_INST0/pins_in/test 	 (fanout : 1)
/designs/et4351/instances_hier/accel/instances_hier/RC_CG_HIER_INST1/pins_in/test 	 (fanout : 1)
/designs/et4351/instances_hier/accel/instances_hier/RC_CG_HIER_INST2/pins_in/test 	 (fanout : 1)
/designs/et4351/instances_hier/accel/instances_hier/RC_CG_HIER_INST3/pins_in/test 	 (fanout : 1)
/designs/et4351/instances_hier/accel/instances_hier/RC_CG_HIER_INST4/pins_in/test 	 (fanout : 1)
/designs/et4351/instances_hier/accel/instances_hier/RC_CG_HIER_INST5/pins_in/test 	 (fanout : 1)
/designs/et4351/instances_hier/accel/instances_hier/RC_CG_HIER_INST6/pins_in/test 	 (fanout : 1)
/designs/et4351/instances_hier/accel/instances_hier/RC_CG_HIER_INST7/pins_in/test 	 (fanout : 1)
/designs/et4351/instances_hier/accel/instances_hier/RC_CG_HIER_INST8/pins_in/test 	 (fanout : 1)
/designs/et4351/instances_hier/accel/instances_hier/RC_CG_HIER_INST9/pins_in/test 	 (fanout : 1)
/designs/et4351/instances_hier/accel/instances_hier/RC_CG_HIER_INST10/pins_in/test 	 (fanout : 1)
/designs/et4351/instances_hier/accel/instances_hier/RC_CG_HIER_INST11/pins_in/test 	 (fanout : 1)
/designs/et4351/instances_hier/accel/instances_hier/RC_CG_HIER_INST12/pins_in/test 	 (fanout : 1)
/designs/et4351/instances_hier/accel/instances_hier/RC_CG_HIER_INST13/pins_in/test 	 (fanout : 1)
/designs/et4351/instances_hier/accel/instances_hier/RC_CG_HIER_INST14/pins_in/test 	 (fanout : 1)
/designs/et4351/instances_hier/accel/instances_hier/RC_CG_HIER_INST15/pins_in/test 	 (fanout : 1)
/designs/et4351/instances_hier/accel/instances_hier/RC_CG_HIER_INST16/pins_in/test 	 (fanout : 1)
/designs/et4351/instances_hier/accel/instances_hier/fft/instances_hier/RC_CG_HIER_INST17/pins_in/test 	 (fanout : 1)
/designs/et4351/instances_hier/accel/instances_hier/fft/instances_hier/RC_CG_HIER_INST18/pins_in/test 	 (fanout : 1)
/designs/et4351/instances_hier/accel/instances_hier/fft/instances_hier/RC_CG_HIER_INST19/pins_in/test 	 (fanout : 1)
/designs/et4351/instances_hier/accel/instances_hier/fft/instances_hier/RC_CG_HIER_INST20/pins_in/test 	 (fanout : 1)
/designs/et4351/instances_hier/accel/instances_hier/fft/instances_hier/RC_CG_HIER_INST21/pins_in/test 	 (fanout : 1)
/designs/et4351/instances_hier/accel/instances_hier/fft/instances_hier/RC_CG_HIER_INST22/pins_in/test 	 (fanout : 1)
/designs/et4351/instances_hier/accel/instances_hier/fft/instances_hier/RC_CG_HIER_INST23/pins_in/test 	 (fanout : 1)
/designs/et4351/instances_hier/accel/instances_hier/fft/instances_hier/add_98_27/pins_in/A[0] 	 (fanout : 0)
/designs/et4351/instances_hier/accel/instances_hier/fft/instances_hier/add_98_27/pins_in/B[0] 	 (fanout : 0)
/designs/et4351/instances_hier/accel/instances_hier/fft/instances_hier/inc_add_97_21/pins_in/CI 	 (fanout : 0)
/designs/et4351/instances_hier/accel/instances_hier/mem/instances_hier/RC_CG_HIER_INST24/pins_in/test 	 (fanout : 1)
/designs/et4351/instances_hier/accel/instances_hier/mem/instances_hier/RC_CG_HIER_INST25/pins_in/test 	 (fanout : 1)
/designs/et4351/instances_hier/accel/instances_hier/mem/instances_hier/RC_CG_HIER_INST26/pins_in/test 	 (fanout : 1)
/designs/et4351/instances_hier/accel/instances_hier/mem/instances_hier/RC_CG_HIER_INST27/pins_in/test 	 (fanout : 1)
/designs/et4351/instances_hier/accel/instances_hier/mem/instances_hier/RC_CG_HIER_INST28/pins_in/test 	 (fanout : 1)
/designs/et4351/instances_hier/accel/instances_hier/mem/instances_hier/RC_CG_HIER_INST29/pins_in/test 	 (fanout : 1)
/designs/et4351/instances_hier/accel/instances_hier/mem/instances_hier/RC_CG_HIER_INST30/pins_in/test 	 (fanout : 1)
/designs/et4351/instances_hier/accel/instances_hier/mem/instances_hier/RC_CG_HIER_INST31/pins_in/test 	 (fanout : 1)
/designs/et4351/instances_hier/accel/instances_hier/mem/instances_hier/RC_CG_HIER_INST32/pins_in/test 	 (fanout : 1)
/designs/et4351/instances_hier/accel/instances_hier/mem/instances_hier/RC_CG_HIER_INST33/pins_in/test 	 (fanout : 1)
/designs/et4351/instances_hier/accel/instances_hier/mem/instances_hier/RC_CG_HIER_INST34/pins_in/test 	 (fanout : 1)
/designs/et4351/instances_hier/accel/instances_hier/mem/instances_hier/RC_CG_HIER_INST35/pins_in/test 	 (fanout : 1)
/designs/et4351/instances_hier/accel/instances_hier/mem/instances_hier/RC_CG_HIER_INST36/pins_in/test 	 (fanout : 1)
/designs/et4351/instances_hier/accel/instances_hier/mem/instances_hier/RC_CG_HIER_INST37/pins_in/test 	 (fanout : 1)
/designs/et4351/instances_hier/accel/instances_hier/mem/instances_hier/RC_CG_HIER_INST38/pins_in/test 	 (fanout : 1)
/designs/et4351/instances_hier/accel/instances_hier/mem/instances_hier/RC_CG_HIER_INST39/pins_in/test 	 (fanout : 1)
/designs/et4351/instances_hier/accel/instances_hier/mem/instances_hier/RC_CG_HIER_INST40/pins_in/test 	 (fanout : 1)
/designs/et4351/instances_hier/accel/instances_hier/mem/instances_hier/RC_CG_HIER_INST41/pins_in/test 	 (fanout : 1)
/designs/et4351/instances_hier/accel/instances_hier/mem/instances_hier/RC_CG_HIER_INST42/pins_in/test 	 (fanout : 1)
/designs/et4351/instances_hier/accel/instances_hier/mem/instances_hier/RC_CG_HIER_INST43/pins_in/test 	 (fanout : 1)
/designs/et4351/instances_hier/accel/instances_hier/mem/instances_hier/RC_CG_HIER_INST44/pins_in/test 	 (fanout : 1)
/designs/et4351/instances_hier/accel/instances_hier/mem/instances_hier/RC_CG_HIER_INST45/pins_in/test 	 (fanout : 1)
/designs/et4351/instances_hier/accel/instances_hier/mem/instances_hier/RC_CG_HIER_INST46/pins_in/test 	 (fanout : 1)
/designs/et4351/instances_hier/accel/instances_hier/mem/instances_hier/RC_CG_HIER_INST47/pins_in/test 	 (fanout : 1)
/designs/et4351/instances_hier/accel/instances_hier/mem/instances_hier/RC_CG_HIER_INST48/pins_in/test 	 (fanout : 1)
/designs/et4351/instances_hier/accel/instances_hier/mem/instances_hier/RC_CG_HIER_INST49/pins_in/test 	 (fanout : 1)
/designs/et4351/instances_hier/accel/instances_hier/mem/instances_hier/RC_CG_HIER_INST50/pins_in/test 	 (fanout : 1)
/designs/et4351/instances_hier/accel/instances_hier/mem/instances_hier/RC_CG_HIER_INST51/pins_in/test 	 (fanout : 1)
/designs/et4351/instances_hier/accel/instances_hier/mem/instances_hier/RC_CG_HIER_INST52/pins_in/test 	 (fanout : 1)
/designs/et4351/instances_hier/accel/instances_hier/mem/instances_hier/RC_CG_HIER_INST53/pins_in/test 	 (fanout : 1)
/designs/et4351/instances_hier/accel/instances_hier/mem/instances_hier/RC_CG_HIER_INST54/pins_in/test 	 (fanout : 1)
/designs/et4351/instances_hier/accel/instances_hier/mem/instances_hier/RC_CG_HIER_INST55/pins_in/test 	 (fanout : 1)
/designs/et4351/instances_hier/accel/instances_hier/mem/instances_hier/RC_CG_HIER_INST56/pins_in/test 	 (fanout : 1)
/designs/et4351/instances_hier/accel/instances_hier/mem/instances_hier/RC_CG_HIER_INST57/pins_in/test 	 (fanout : 1)
/designs/et4351/instances_hier/accel/instances_hier/mem/instances_hier/RC_CG_HIER_INST58/pins_in/test 	 (fanout : 1)
/designs/et4351/instances_hier/accel/instances_hier/mem/instances_hier/RC_CG_HIER_INST59/pins_in/test 	 (fanout : 1)
/designs/et4351/instances_hier/accel/instances_hier/mem/instances_hier/RC_CG_HIER_INST60/pins_in/test 	 (fanout : 1)
/designs/et4351/instances_hier/accel/instances_hier/mem/instances_hier/RC_CG_HIER_INST61/pins_in/test 	 (fanout : 1)
/designs/et4351/instances_hier/accel/instances_hier/mem/instances_hier/RC_CG_HIER_INST62/pins_in/test 	 (fanout : 1)
/designs/et4351/instances_hier/accel/instances_hier/mem/instances_hier/RC_CG_HIER_INST63/pins_in/test 	 (fanout : 1)
/designs/et4351/instances_hier/accel/instances_hier/mem/instances_hier/RC_CG_HIER_INST64/pins_in/test 	 (fanout : 1)
/designs/et4351/instances_hier/accel/instances_hier/mem/instances_hier/RC_CG_HIER_INST65/pins_in/test 	 (fanout : 1)
/designs/et4351/instances_hier/accel/instances_hier/mem/instances_hier/RC_CG_HIER_INST66/pins_in/test 	 (fanout : 1)
/designs/et4351/instances_hier/accel/instances_hier/mem/instances_hier/RC_CG_HIER_INST67/pins_in/test 	 (fanout : 1)
/designs/et4351/instances_hier/accel/instances_hier/mem/instances_hier/RC_CG_HIER_INST68/pins_in/test 	 (fanout : 1)
/designs/et4351/instances_hier/accel/instances_hier/mem/instances_hier/RC_CG_HIER_INST69/pins_in/test 	 (fanout : 1)
/designs/et4351/instances_hier/accel/instances_hier/mem/instances_hier/RC_CG_HIER_INST70/pins_in/test 	 (fanout : 1)
/designs/et4351/instances_hier/accel/instances_hier/mem/instances_hier/RC_CG_HIER_INST71/pins_in/test 	 (fanout : 1)
/designs/et4351/instances_hier/accel/instances_hier/mem/instances_hier/RC_CG_HIER_INST72/pins_in/test 	 (fanout : 1)
/designs/et4351/instances_hier/accel/instances_hier/mem/instances_hier/RC_CG_HIER_INST73/pins_in/test 	 (fanout : 1)
/designs/et4351/instances_hier/accel/instances_hier/mem/instances_hier/RC_CG_HIER_INST74/pins_in/test 	 (fanout : 1)
/designs/et4351/instances_hier/accel/instances_hier/mem/instances_hier/RC_CG_HIER_INST75/pins_in/test 	 (fanout : 1)
/designs/et4351/instances_hier/accel/instances_hier/mem/instances_hier/RC_CG_HIER_INST76/pins_in/test 	 (fanout : 1)
/designs/et4351/instances_hier/accel/instances_hier/mem/instances_hier/RC_CG_HIER_INST77/pins_in/test 	 (fanout : 1)
/designs/et4351/instances_hier/accel/instances_hier/mem/instances_hier/RC_CG_HIER_INST78/pins_in/test 	 (fanout : 1)
/designs/et4351/instances_hier/accel/instances_hier/mem/instances_hier/RC_CG_HIER_INST79/pins_in/test 	 (fanout : 1)
/designs/et4351/instances_hier/accel/instances_hier/mem/instances_hier/RC_CG_HIER_INST80/pins_in/test 	 (fanout : 1)
/designs/et4351/instances_hier/accel/instances_hier/mem/instances_hier/RC_CG_HIER_INST81/pins_in/test 	 (fanout : 1)
/designs/et4351/instances_hier/accel/instances_hier/mem/instances_hier/RC_CG_HIER_INST82/pins_in/test 	 (fanout : 1)
/designs/et4351/instances_hier/accel/instances_hier/mem/instances_hier/RC_CG_HIER_INST83/pins_in/test 	 (fanout : 1)
/designs/et4351/instances_hier/accel/instances_hier/mem/instances_hier/RC_CG_HIER_INST84/pins_in/test 	 (fanout : 1)
/designs/et4351/instances_hier/accel/instances_hier/mem/instances_hier/RC_CG_HIER_INST85/pins_in/test 	 (fanout : 1)
/designs/et4351/instances_hier/accel/instances_hier/mem/instances_hier/RC_CG_HIER_INST86/pins_in/test 	 (fanout : 1)
/designs/et4351/instances_hier/accel/instances_hier/mem/instances_hier/RC_CG_HIER_INST87/pins_in/test 	 (fanout : 1)
/designs/et4351/instances_hier/accel/instances_hier/mem/instances_hier/RC_CG_HIER_INST88/pins_in/test 	 (fanout : 1)
/designs/et4351/instances_hier/accel/instances_hier/mem/instances_hier/RC_CG_HIER_INST89/pins_in/test 	 (fanout : 1)
/designs/et4351/instances_hier/accel/instances_hier/mem/instances_hier/RC_CG_HIER_INST90/pins_in/test 	 (fanout : 1)
/designs/et4351/instances_hier/accel/instances_hier/mem/instances_hier/RC_CG_HIER_INST91/pins_in/test 	 (fanout : 1)
/designs/et4351/instances_hier/accel/instances_hier/mem/instances_hier/RC_CG_HIER_INST92/pins_in/test 	 (fanout : 1)
/designs/et4351/instances_hier/accel/instances_hier/mem/instances_hier/RC_CG_HIER_INST93/pins_in/test 	 (fanout : 1)
/designs/et4351/instances_hier/accel/instances_hier/mem/instances_hier/RC_CG_HIER_INST94/pins_in/test 	 (fanout : 1)
/designs/et4351/instances_hier/accel/instances_hier/mem/instances_hier/RC_CG_HIER_INST95/pins_in/test 	 (fanout : 1)
/designs/et4351/instances_hier/accel/instances_hier/mem/instances_hier/RC_CG_HIER_INST96/pins_in/test 	 (fanout : 1)
/designs/et4351/instances_hier/accel/instances_hier/mem/instances_hier/RC_CG_HIER_INST97/pins_in/test 	 (fanout : 1)
/designs/et4351/instances_hier/accel/instances_hier/mem/instances_hier/RC_CG_HIER_INST98/pins_in/test 	 (fanout : 1)
/designs/et4351/instances_hier/accel/instances_hier/mem/instances_hier/RC_CG_HIER_INST99/pins_in/test 	 (fanout : 1)
/designs/et4351/instances_hier/accel/instances_hier/mem/instances_hier/RC_CG_HIER_INST100/pins_in/test 	 (fanout : 1)
/designs/et4351/instances_hier/accel/instances_hier/mem/instances_hier/RC_CG_HIER_INST101/pins_in/test 	 (fanout : 1)
/designs/et4351/instances_hier/accel/instances_hier/mem/instances_hier/RC_CG_HIER_INST102/pins_in/test 	 (fanout : 1)
/designs/et4351/instances_hier/accel/instances_hier/mem/instances_hier/RC_CG_HIER_INST103/pins_in/test 	 (fanout : 1)
/designs/et4351/instances_hier/accel/instances_hier/mem/instances_hier/RC_CG_HIER_INST104/pins_in/test 	 (fanout : 1)
/designs/et4351/instances_hier/accel/instances_hier/mem/instances_hier/RC_CG_HIER_INST105/pins_in/test 	 (fanout : 1)
/designs/et4351/instances_hier/accel/instances_hier/mem/instances_hier/RC_CG_HIER_INST106/pins_in/test 	 (fanout : 1)
/designs/et4351/instances_hier/accel/instances_hier/mem/instances_hier/RC_CG_HIER_INST107/pins_in/test 	 (fanout : 1)
/designs/et4351/instances_hier/accel/instances_hier/mem/instances_hier/RC_CG_HIER_INST108/pins_in/test 	 (fanout : 1)
/designs/et4351/instances_hier/accel/instances_hier/mem/instances_hier/RC_CG_HIER_INST109/pins_in/test 	 (fanout : 1)
/designs/et4351/instances_hier/accel/instances_hier/mem/instances_hier/RC_CG_HIER_INST110/pins_in/test 	 (fanout : 1)
/designs/et4351/instances_hier/accel/instances_hier/mem/instances_hier/RC_CG_HIER_INST111/pins_in/test 	 (fanout : 1)
/designs/et4351/instances_hier/accel/instances_hier/mem/instances_hier/RC_CG_HIER_INST112/pins_in/test 	 (fanout : 1)
/designs/et4351/instances_hier/accel/instances_hier/mem/instances_hier/RC_CG_HIER_INST113/pins_in/test 	 (fanout : 1)
/designs/et4351/instances_hier/accel/instances_hier/mem/instances_hier/RC_CG_HIER_INST114/pins_in/test 	 (fanout : 1)
/designs/et4351/instances_hier/accel/instances_hier/mem/instances_hier/RC_CG_HIER_INST115/pins_in/test 	 (fanout : 1)
/designs/et4351/instances_hier/accel/instances_hier/mem/instances_hier/RC_CG_HIER_INST116/pins_in/test 	 (fanout : 1)
/designs/et4351/instances_hier/accel/instances_hier/mem/instances_hier/RC_CG_HIER_INST117/pins_in/test 	 (fanout : 1)
/designs/et4351/instances_hier/accel/instances_hier/mem/instances_hier/RC_CG_HIER_INST118/pins_in/test 	 (fanout : 1)
/designs/et4351/instances_hier/accel/instances_hier/mem/instances_hier/RC_CG_HIER_INST119/pins_in/test 	 (fanout : 1)
/designs/et4351/instances_hier/accel/instances_hier/mem/instances_hier/RC_CG_HIER_INST120/pins_in/test 	 (fanout : 1)
/designs/et4351/instances_hier/accel/instances_hier/mem/instances_hier/RC_CG_HIER_INST121/pins_in/test 	 (fanout : 1)
/designs/et4351/instances_hier/accel/instances_hier/mem/instances_hier/RC_CG_HIER_INST122/pins_in/test 	 (fanout : 1)
/designs/et4351/instances_hier/accel/instances_hier/mem/instances_hier/RC_CG_HIER_INST123/pins_in/test 	 (fanout : 1)
/designs/et4351/instances_hier/accel/instances_hier/mem/instances_hier/RC_CG_HIER_INST124/pins_in/test 	 (fanout : 1)
/designs/et4351/instances_hier/accel/instances_hier/mem/instances_hier/RC_CG_HIER_INST125/pins_in/test 	 (fanout : 1)
/designs/et4351/instances_hier/accel/instances_hier/mem/instances_hier/RC_CG_HIER_INST126/pins_in/test 	 (fanout : 1)
/designs/et4351/instances_hier/accel/instances_hier/mem/instances_hier/RC_CG_HIER_INST127/pins_in/test 	 (fanout : 1)
/designs/et4351/instances_hier/accel/instances_hier/mem/instances_hier/RC_CG_HIER_INST128/pins_in/test 	 (fanout : 1)
/designs/et4351/instances_hier/accel/instances_hier/mem/instances_hier/RC_CG_HIER_INST129/pins_in/test 	 (fanout : 1)
/designs/et4351/instances_hier/accel/instances_hier/mem/instances_hier/RC_CG_HIER_INST130/pins_in/test 	 (fanout : 1)
/designs/et4351/instances_hier/accel/instances_hier/mem/instances_hier/RC_CG_HIER_INST131/pins_in/test 	 (fanout : 1)
/designs/et4351/instances_hier/accel/instances_hier/mem/instances_hier/RC_CG_HIER_INST132/pins_in/test 	 (fanout : 1)
/designs/et4351/instances_hier/accel/instances_hier/mem/instances_hier/RC_CG_HIER_INST133/pins_in/test 	 (fanout : 1)
/designs/et4351/instances_hier/accel/instances_hier/mem/instances_hier/RC_CG_HIER_INST134/pins_in/test 	 (fanout : 1)
/designs/et4351/instances_hier/accel/instances_hier/mem/instances_hier/RC_CG_HIER_INST135/pins_in/test 	 (fanout : 1)
/designs/et4351/instances_hier/accel/instances_hier/mem/instances_hier/RC_CG_HIER_INST136/pins_in/test 	 (fanout : 1)
/designs/et4351/instances_hier/accel/instances_hier/mem/instances_hier/RC_CG_HIER_INST137/pins_in/test 	 (fanout : 1)
/designs/et4351/instances_hier/accel/instances_hier/mem/instances_hier/RC_CG_HIER_INST138/pins_in/test 	 (fanout : 1)
/designs/et4351/instances_hier/accel/instances_hier/mem/instances_hier/RC_CG_HIER_INST139/pins_in/test 	 (fanout : 1)
/designs/et4351/instances_hier/accel/instances_hier/mem/instances_hier/RC_CG_HIER_INST140/pins_in/test 	 (fanout : 1)
/designs/et4351/instances_hier/accel/instances_hier/mem/instances_hier/RC_CG_HIER_INST141/pins_in/test 	 (fanout : 1)
/designs/et4351/instances_hier/accel/instances_hier/mem/instances_hier/RC_CG_HIER_INST142/pins_in/test 	 (fanout : 1)
/designs/et4351/instances_hier/accel/instances_hier/mem/instances_hier/RC_CG_HIER_INST143/pins_in/test 	 (fanout : 1)
/designs/et4351/instances_hier/accel/instances_hier/mem/instances_hier/RC_CG_HIER_INST144/pins_in/test 	 (fanout : 1)
/designs/et4351/instances_hier/accel/instances_hier/mem/instances_hier/RC_CG_HIER_INST145/pins_in/test 	 (fanout : 1)
/designs/et4351/instances_hier/accel/instances_hier/mem/instances_hier/RC_CG_HIER_INST146/pins_in/test 	 (fanout : 1)
/designs/et4351/instances_hier/accel/instances_hier/mem/instances_hier/RC_CG_HIER_INST147/pins_in/test 	 (fanout : 1)
/designs/et4351/instances_hier/accel/instances_hier/mem/instances_hier/RC_CG_HIER_INST148/pins_in/test 	 (fanout : 1)
/designs/et4351/instances_hier/accel/instances_hier/mem/instances_hier/RC_CG_HIER_INST149/pins_in/test 	 (fanout : 1)
/designs/et4351/instances_hier/accel/instances_hier/mem/instances_hier/RC_CG_HIER_INST150/pins_in/test 	 (fanout : 1)
/designs/et4351/instances_hier/accel/instances_hier/mem/instances_hier/RC_CG_HIER_INST151/pins_in/test 	 (fanout : 1)
/designs/et4351/instances_hier/accel/instances_hier/mem/instances_hier/RC_CG_HIER_INST152/pins_in/test 	 (fanout : 1)
/designs/et4351/instances_hier/accel/instances_hier/mem/instances_hier/RC_CG_HIER_INST153/pins_in/test 	 (fanout : 1)
/designs/et4351/instances_hier/accel/instances_hier/mem/instances_hier/RC_CG_HIER_INST154/pins_in/test 	 (fanout : 1)
/designs/et4351/instances_hier/accel/instances_hier/mem/instances_hier/RC_CG_HIER_INST155/pins_in/test 	 (fanout : 1)
/designs/et4351/instances_hier/accel/instances_hier/mem/instances_hier/RC_CG_HIER_INST156/pins_in/test 	 (fanout : 1)
/designs/et4351/instances_hier/accel/instances_hier/mem/instances_hier/RC_CG_HIER_INST157/pins_in/test 	 (fanout : 1)
/designs/et4351/instances_hier/accel/instances_hier/mem/instances_hier/RC_CG_HIER_INST158/pins_in/test 	 (fanout : 1)
/designs/et4351/instances_hier/accel/instances_hier/mem/instances_hier/RC_CG_HIER_INST159/pins_in/test 	 (fanout : 1)
/designs/et4351/instances_hier/accel/instances_hier/mem/instances_hier/RC_CG_HIER_INST160/pins_in/test 	 (fanout : 1)
/designs/et4351/instances_hier/accel/instances_hier/mem/instances_hier/RC_CG_HIER_INST161/pins_in/test 	 (fanout : 1)
/designs/et4351/instances_hier/accel/instances_hier/mem/instances_hier/RC_CG_HIER_INST162/pins_in/test 	 (fanout : 1)
/designs/et4351/instances_hier/accel/instances_hier/mem/instances_hier/RC_CG_HIER_INST163/pins_in/test 	 (fanout : 1)
/designs/et4351/instances_hier/accel/instances_hier/mem/instances_hier/RC_CG_HIER_INST164/pins_in/test 	 (fanout : 1)
/designs/et4351/instances_hier/accel/instances_hier/mem/instances_hier/RC_CG_HIER_INST165/pins_in/test 	 (fanout : 1)
/designs/et4351/instances_hier/accel/instances_hier/mem/instances_hier/RC_CG_HIER_INST166/pins_in/test 	 (fanout : 1)
/designs/et4351/instances_hier/accel/instances_hier/mem/instances_hier/RC_CG_HIER_INST167/pins_in/test 	 (fanout : 1)
/designs/et4351/instances_hier/accel/instances_hier/mem/instances_hier/RC_CG_HIER_INST168/pins_in/test 	 (fanout : 1)
/designs/et4351/instances_hier/accel/instances_hier/mem/instances_hier/RC_CG_HIER_INST169/pins_in/test 	 (fanout : 1)
/designs/et4351/instances_hier/accel/instances_hier/mem/instances_hier/RC_CG_HIER_INST170/pins_in/test 	 (fanout : 1)
/designs/et4351/instances_hier/accel/instances_hier/mem/instances_hier/RC_CG_HIER_INST171/pins_in/test 	 (fanout : 1)
/designs/et4351/instances_hier/accel/instances_hier/mem/instances_hier/RC_CG_HIER_INST172/pins_in/test 	 (fanout : 1)
/designs/et4351/instances_hier/accel/instances_hier/mem/instances_hier/RC_CG_HIER_INST173/pins_in/test 	 (fanout : 1)
/designs/et4351/instances_hier/accel/instances_hier/mem/instances_hier/RC_CG_HIER_INST174/pins_in/test 	 (fanout : 1)
/designs/et4351/instances_hier/accel/instances_hier/mem/instances_hier/RC_CG_HIER_INST175/pins_in/test 	 (fanout : 1)
/designs/et4351/instances_hier/accel/instances_hier/mem/instances_hier/RC_CG_HIER_INST176/pins_in/test 	 (fanout : 1)
/designs/et4351/instances_hier/accel/instances_hier/mem/instances_hier/RC_CG_HIER_INST177/pins_in/test 	 (fanout : 1)
/designs/et4351/instances_hier/accel/instances_hier/mem/instances_hier/RC_CG_HIER_INST178/pins_in/test 	 (fanout : 1)
/designs/et4351/instances_hier/accel/instances_hier/mem/instances_hier/RC_CG_HIER_INST179/pins_in/test 	 (fanout : 1)
/designs/et4351/instances_hier/accel/instances_hier/mem/instances_hier/RC_CG_HIER_INST180/pins_in/test 	 (fanout : 1)
/designs/et4351/instances_hier/accel/instances_hier/mem/instances_hier/RC_CG_HIER_INST181/pins_in/test 	 (fanout : 1)
/designs/et4351/instances_hier/accel/instances_hier/mem/instances_hier/RC_CG_HIER_INST182/pins_in/test 	 (fanout : 1)
/designs/et4351/instances_hier/accel/instances_hier/mem/instances_hier/RC_CG_HIER_INST183/pins_in/test 	 (fanout : 1)
/designs/et4351/instances_hier/accel/instances_hier/mem/instances_hier/RC_CG_HIER_INST184/pins_in/test 	 (fanout : 1)
/designs/et4351/instances_hier/accel/instances_hier/mem/instances_hier/RC_CG_HIER_INST185/pins_in/test 	 (fanout : 1)
/designs/et4351/instances_hier/accel/instances_hier/mem/instances_hier/RC_CG_HIER_INST186/pins_in/test 	 (fanout : 1)
/designs/et4351/instances_hier/accel/instances_hier/mem/instances_hier/RC_CG_HIER_INST187/pins_in/test 	 (fanout : 1)
/designs/et4351/instances_hier/accel/instances_hier/mem/instances_hier/RC_CG_HIER_INST188/pins_in/test 	 (fanout : 1)
/designs/et4351/instances_hier/accel/instances_hier/mem/instances_hier/RC_CG_HIER_INST189/pins_in/test 	 (fanout : 1)
/designs/et4351/instances_hier/accel/instances_hier/mem/instances_hier/RC_CG_HIER_INST190/pins_in/test 	 (fanout : 1)
/designs/et4351/instances_hier/accel/instances_hier/mem/instances_hier/RC_CG_HIER_INST191/pins_in/test 	 (fanout : 1)
/designs/et4351/instances_hier/accel/instances_hier/mem/instances_hier/RC_CG_HIER_INST192/pins_in/test 	 (fanout : 1)
/designs/et4351/instances_hier/accel/instances_hier/mem/instances_hier/RC_CG_HIER_INST193/pins_in/test 	 (fanout : 1)
/designs/et4351/instances_hier/accel/instances_hier/mem/instances_hier/RC_CG_HIER_INST194/pins_in/test 	 (fanout : 1)
/designs/et4351/instances_hier/accel/instances_hier/mem/instances_hier/RC_CG_HIER_INST195/pins_in/test 	 (fanout : 1)
/designs/et4351/instances_hier/accel/instances_hier/mem/instances_hier/RC_CG_HIER_INST196/pins_in/test 	 (fanout : 1)
/designs/et4351/instances_hier/accel/instances_hier/mem/instances_hier/RC_CG_HIER_INST197/pins_in/test 	 (fanout : 1)
/designs/et4351/instances_hier/accel/instances_hier/mem/instances_hier/RC_CG_HIER_INST198/pins_in/test 	 (fanout : 1)
/designs/et4351/instances_hier/accel/instances_hier/mem/instances_hier/RC_CG_HIER_INST199/pins_in/test 	 (fanout : 1)
/designs/et4351/instances_hier/accel/instances_hier/mem/instances_hier/RC_CG_HIER_INST200/pins_in/test 	 (fanout : 1)
/designs/et4351/instances_hier/accel/instances_hier/mem/instances_hier/RC_CG_HIER_INST201/pins_in/test 	 (fanout : 1)
/designs/et4351/instances_hier/accel/instances_hier/mem/instances_hier/RC_CG_HIER_INST202/pins_in/test 	 (fanout : 1)
/designs/et4351/instances_hier/accel/instances_hier/mem/instances_hier/RC_CG_HIER_INST203/pins_in/test 	 (fanout : 1)
/designs/et4351/instances_hier/accel/instances_hier/mem/instances_hier/RC_CG_HIER_INST204/pins_in/test 	 (fanout : 1)
/designs/et4351/instances_hier/accel/instances_hier/mem/instances_hier/RC_CG_HIER_INST205/pins_in/test 	 (fanout : 1)
/designs/et4351/instances_hier/accel/instances_hier/mem/instances_hier/RC_CG_HIER_INST206/pins_in/test 	 (fanout : 1)
/designs/et4351/instances_hier/accel/instances_hier/mem/instances_hier/RC_CG_HIER_INST207/pins_in/test 	 (fanout : 1)
/designs/et4351/instances_hier/accel/instances_hier/mem/instances_hier/RC_CG_HIER_INST208/pins_in/test 	 (fanout : 1)
/designs/et4351/instances_hier/accel/instances_hier/mem/instances_hier/RC_CG_HIER_INST209/pins_in/test 	 (fanout : 1)
/designs/et4351/instances_hier/accel/instances_hier/mem/instances_hier/RC_CG_HIER_INST210/pins_in/test 	 (fanout : 1)
/designs/et4351/instances_hier/accel/instances_hier/mem/instances_hier/RC_CG_HIER_INST211/pins_in/test 	 (fanout : 1)
/designs/et4351/instances_hier/accel/instances_hier/mem/instances_hier/RC_CG_HIER_INST212/pins_in/test 	 (fanout : 1)
/designs/et4351/instances_hier/accel/instances_hier/mem/instances_hier/RC_CG_HIER_INST213/pins_in/test 	 (fanout : 1)
/designs/et4351/instances_hier/accel/instances_hier/mem/instances_hier/RC_CG_HIER_INST214/pins_in/test 	 (fanout : 1)
/designs/et4351/instances_hier/accel/instances_hier/mem/instances_hier/RC_CG_HIER_INST215/pins_in/test 	 (fanout : 1)
/designs/et4351/instances_hier/accel/instances_hier/mem/instances_hier/RC_CG_HIER_INST216/pins_in/test 	 (fanout : 1)
/designs/et4351/instances_hier/accel/instances_hier/mem/instances_hier/RC_CG_HIER_INST217/pins_in/test 	 (fanout : 1)
/designs/et4351/instances_hier/accel/instances_hier/mem/instances_hier/RC_CG_HIER_INST218/pins_in/test 	 (fanout : 1)
/designs/et4351/instances_hier/accel/instances_hier/mem/instances_hier/RC_CG_HIER_INST219/pins_in/test 	 (fanout : 1)
/designs/et4351/instances_hier/accel/instances_hier/mem/instances_hier/RC_CG_HIER_INST220/pins_in/test 	 (fanout : 1)
/designs/et4351/instances_hier/accel/instances_hier/mem/instances_hier/RC_CG_HIER_INST221/pins_in/test 	 (fanout : 1)
/designs/et4351/instances_hier/accel/instances_hier/mem/instances_hier/RC_CG_HIER_INST222/pins_in/test 	 (fanout : 1)
/designs/et4351/instances_hier/accel/instances_hier/mem/instances_hier/RC_CG_HIER_INST223/pins_in/test 	 (fanout : 1)
/designs/et4351/instances_hier/accel/instances_hier/mem/instances_hier/RC_CG_HIER_INST224/pins_in/test 	 (fanout : 1)
/designs/et4351/instances_hier/accel/instances_hier/mem/instances_hier/RC_CG_HIER_INST225/pins_in/test 	 (fanout : 1)
/designs/et4351/instances_hier/accel/instances_hier/mem/instances_hier/RC_CG_HIER_INST226/pins_in/test 	 (fanout : 1)
/designs/et4351/instances_hier/accel/instances_hier/mem/instances_hier/RC_CG_HIER_INST227/pins_in/test 	 (fanout : 1)
/designs/et4351/instances_hier/accel/instances_hier/mem/instances_hier/RC_CG_HIER_INST228/pins_in/test 	 (fanout : 1)
/designs/et4351/instances_hier/accel/instances_hier/mem/instances_hier/RC_CG_HIER_INST229/pins_in/test 	 (fanout : 1)
/designs/et4351/instances_hier/accel/instances_hier/mem/instances_hier/RC_CG_HIER_INST230/pins_in/test 	 (fanout : 1)
/designs/et4351/instances_hier/accel/instances_hier/mem/instances_hier/RC_CG_HIER_INST231/pins_in/test 	 (fanout : 1)
/designs/et4351/instances_hier/accel/instances_hier/mem/instances_hier/RC_CG_HIER_INST232/pins_in/test 	 (fanout : 1)
/designs/et4351/instances_hier/accel/instances_hier/mem/instances_hier/RC_CG_HIER_INST233/pins_in/test 	 (fanout : 1)
/designs/et4351/instances_hier/accel/instances_hier/mem/instances_hier/RC_CG_HIER_INST234/pins_in/test 	 (fanout : 1)
/designs/et4351/instances_hier/accel/instances_hier/mem/instances_hier/RC_CG_HIER_INST235/pins_in/test 	 (fanout : 1)
/designs/et4351/instances_hier/accel/instances_hier/mem/instances_hier/RC_CG_HIER_INST236/pins_in/test 	 (fanout : 1)
/designs/et4351/instances_hier/accel/instances_hier/mem/instances_hier/RC_CG_HIER_INST237/pins_in/test 	 (fanout : 1)
/designs/et4351/instances_hier/accel/instances_hier/mem/instances_hier/RC_CG_HIER_INST238/pins_in/test 	 (fanout : 1)
/designs/et4351/instances_hier/accel/instances_hier/mem/instances_hier/RC_CG_HIER_INST239/pins_in/test 	 (fanout : 1)
/designs/et4351/instances_hier/accel/instances_hier/mem/instances_hier/RC_CG_HIER_INST240/pins_in/test 	 (fanout : 1)
/designs/et4351/instances_hier/accel/instances_hier/mem/instances_hier/RC_CG_HIER_INST241/pins_in/test 	 (fanout : 1)
/designs/et4351/instances_hier/accel/instances_hier/mem/instances_hier/RC_CG_HIER_INST242/pins_in/test 	 (fanout : 1)
/designs/et4351/instances_hier/accel/instances_hier/mem/instances_hier/RC_CG_HIER_INST243/pins_in/test 	 (fanout : 1)
/designs/et4351/instances_hier/accel/instances_hier/mem/instances_hier/RC_CG_HIER_INST244/pins_in/test 	 (fanout : 1)
/designs/et4351/instances_hier/accel/instances_hier/mem/instances_hier/RC_CG_HIER_INST245/pins_in/test 	 (fanout : 1)
/designs/et4351/instances_hier/accel/instances_hier/mem/instances_hier/RC_CG_HIER_INST246/pins_in/test 	 (fanout : 1)
/designs/et4351/instances_hier/accel/instances_hier/mem/instances_hier/RC_CG_HIER_INST247/pins_in/test 	 (fanout : 1)
/designs/et4351/instances_hier/accel/instances_hier/mem/instances_hier/RC_CG_HIER_INST248/pins_in/test 	 (fanout : 1)
/designs/et4351/instances_hier/accel/instances_hier/mem/instances_hier/RC_CG_HIER_INST249/pins_in/test 	 (fanout : 1)
/designs/et4351/instances_hier/accel/instances_hier/mem/instances_hier/RC_CG_HIER_INST250/pins_in/test 	 (fanout : 1)
/designs/et4351/instances_hier/accel/instances_hier/mem/instances_hier/RC_CG_HIER_INST251/pins_in/test 	 (fanout : 1)
/designs/et4351/instances_hier/accel/instances_hier/mem/instances_hier/RC_CG_HIER_INST252/pins_in/test 	 (fanout : 1)
/designs/et4351/instances_hier/accel/instances_hier/mem/instances_hier/RC_CG_HIER_INST253/pins_in/test 	 (fanout : 1)
/designs/et4351/instances_hier/accel/instances_hier/mem/instances_hier/RC_CG_HIER_INST254/pins_in/test 	 (fanout : 1)
/designs/et4351/instances_hier/accel/instances_hier/mem/instances_hier/RC_CG_HIER_INST255/pins_in/test 	 (fanout : 1)
/designs/et4351/instances_hier/accel/instances_hier/mem/instances_hier/RC_CG_HIER_INST256/pins_in/test 	 (fanout : 1)
/designs/et4351/instances_hier/accel/instances_hier/mem/instances_hier/RC_CG_HIER_INST257/pins_in/test 	 (fanout : 1)
/designs/et4351/instances_hier/accel/instances_hier/mem/instances_hier/RC_CG_HIER_INST258/pins_in/test 	 (fanout : 1)
/designs/et4351/instances_hier/accel/instances_hier/mem/instances_hier/RC_CG_HIER_INST259/pins_in/test 	 (fanout : 1)
/designs/et4351/instances_hier/accel/instances_hier/mem/instances_hier/RC_CG_HIER_INST260/pins_in/test 	 (fanout : 1)
/designs/et4351/instances_hier/accel/instances_hier/mem/instances_hier/RC_CG_HIER_INST261/pins_in/test 	 (fanout : 1)
/designs/et4351/instances_hier/accel/instances_hier/mem/instances_hier/RC_CG_HIER_INST262/pins_in/test 	 (fanout : 1)
/designs/et4351/instances_hier/accel/instances_hier/mem/instances_hier/RC_CG_HIER_INST263/pins_in/test 	 (fanout : 1)
/designs/et4351/instances_hier/accel/instances_hier/mem/instances_hier/RC_CG_HIER_INST264/pins_in/test 	 (fanout : 1)
/designs/et4351/instances_hier/accel/instances_hier/mem/instances_hier/RC_CG_HIER_INST265/pins_in/test 	 (fanout : 1)
/designs/et4351/instances_hier/accel/instances_hier/mem/instances_hier/RC_CG_HIER_INST266/pins_in/test 	 (fanout : 1)
/designs/et4351/instances_hier/accel/instances_hier/mem/instances_hier/RC_CG_HIER_INST267/pins_in/test 	 (fanout : 1)
/designs/et4351/instances_hier/accel/instances_hier/mem/instances_hier/RC_CG_HIER_INST268/pins_in/test 	 (fanout : 1)
/designs/et4351/instances_hier/accel/instances_hier/mem/instances_hier/RC_CG_HIER_INST269/pins_in/test 	 (fanout : 1)
/designs/et4351/instances_hier/accel/instances_hier/mem/instances_hier/RC_CG_HIER_INST270/pins_in/test 	 (fanout : 1)
/designs/et4351/instances_hier/accel/instances_hier/mem/instances_hier/RC_CG_HIER_INST271/pins_in/test 	 (fanout : 1)
/designs/et4351/instances_hier/accel/instances_hier/mem/instances_hier/RC_CG_HIER_INST272/pins_in/test 	 (fanout : 1)
/designs/et4351/instances_hier/accel/instances_hier/mem/instances_hier/RC_CG_HIER_INST273/pins_in/test 	 (fanout : 1)
/designs/et4351/instances_hier/accel/instances_hier/mem/instances_hier/RC_CG_HIER_INST274/pins_in/test 	 (fanout : 1)
/designs/et4351/instances_hier/accel/instances_hier/mem/instances_hier/RC_CG_HIER_INST275/pins_in/test 	 (fanout : 1)
/designs/et4351/instances_hier/accel/instances_hier/mem/instances_hier/RC_CG_HIER_INST276/pins_in/test 	 (fanout : 1)
/designs/et4351/instances_hier/accel/instances_hier/mem/instances_hier/RC_CG_HIER_INST277/pins_in/test 	 (fanout : 1)
/designs/et4351/instances_hier/accel/instances_hier/mem/instances_hier/RC_CG_HIER_INST278/pins_in/test 	 (fanout : 1)
/designs/et4351/instances_hier/accel/instances_hier/mem/instances_hier/RC_CG_HIER_INST279/pins_in/test 	 (fanout : 1)
/designs/et4351/instances_hier/accel/instances_hier/mem/instances_hier/RC_CG_HIER_INST280/pins_in/test 	 (fanout : 1)
/designs/et4351/instances_hier/accel/instances_hier/mem/instances_hier/RC_CG_HIER_INST281/pins_in/test 	 (fanout : 1)
/designs/et4351/instances_hier/accel/instances_hier/mem/instances_hier/RC_CG_HIER_INST282/pins_in/test 	 (fanout : 1)
/designs/et4351/instances_hier/accel/instances_hier/mem/instances_hier/RC_CG_HIER_INST283/pins_in/test 	 (fanout : 1)
/designs/et4351/instances_hier/accel/instances_hier/mem/instances_hier/RC_CG_HIER_INST284/pins_in/test 	 (fanout : 1)
/designs/et4351/instances_hier/accel/instances_hier/mem/instances_hier/RC_CG_HIER_INST285/pins_in/test 	 (fanout : 1)
/designs/et4351/instances_hier/accel/instances_hier/mem/instances_hier/RC_CG_HIER_INST286/pins_in/test 	 (fanout : 1)
/designs/et4351/instances_hier/accel/instances_hier/mem/instances_hier/RC_CG_HIER_INST287/pins_in/test 	 (fanout : 1)
/designs/et4351/instances_hier/accel/instances_hier/mem/instances_hier/RC_CG_HIER_INST288/pins_in/test 	 (fanout : 1)
/designs/et4351/instances_hier/accel/instances_hier/mem/instances_hier/RC_CG_HIER_INST289/pins_in/test 	 (fanout : 1)
/designs/et4351/instances_hier/accel/instances_hier/mem/instances_hier/RC_CG_HIER_INST290/pins_in/test 	 (fanout : 1)
/designs/et4351/instances_hier/accel/instances_hier/mem/instances_hier/RC_CG_HIER_INST291/pins_in/test 	 (fanout : 1)
/designs/et4351/instances_hier/accel/instances_hier/mem/instances_hier/RC_CG_HIER_INST292/pins_in/test 	 (fanout : 1)
/designs/et4351/instances_hier/accel/instances_hier/mem/instances_hier/RC_CG_HIER_INST293/pins_in/test 	 (fanout : 1)
/designs/et4351/instances_hier/accel/instances_hier/mem/instances_hier/RC_CG_HIER_INST294/pins_in/test 	 (fanout : 1)
/designs/et4351/instances_hier/accel/instances_hier/mem/instances_hier/RC_CG_HIER_INST295/pins_in/test 	 (fanout : 1)
/designs/et4351/instances_hier/accel/instances_hier/mem/instances_hier/RC_CG_HIER_INST296/pins_in/test 	 (fanout : 1)
/designs/et4351/instances_hier/accel/instances_hier/mem/instances_hier/RC_CG_HIER_INST297/pins_in/test 	 (fanout : 1)
/designs/et4351/instances_hier/accel/instances_hier/mem/instances_hier/RC_CG_HIER_INST298/pins_in/test 	 (fanout : 1)
/designs/et4351/instances_hier/accel/instances_hier/mem/instances_hier/RC_CG_HIER_INST299/pins_in/test 	 (fanout : 1)
/designs/et4351/instances_hier/accel/instances_hier/mem/instances_hier/RC_CG_HIER_INST300/pins_in/test 	 (fanout : 1)
/designs/et4351/instances_hier/accel/instances_hier/mem/instances_hier/RC_CG_HIER_INST301/pins_in/test 	 (fanout : 1)
/designs/et4351/instances_hier/accel/instances_hier/mem/instances_hier/RC_CG_HIER_INST302/pins_in/test 	 (fanout : 1)
/designs/et4351/instances_hier/accel/instances_hier/mem/instances_hier/RC_CG_HIER_INST303/pins_in/test 	 (fanout : 1)
/designs/et4351/instances_hier/accel/instances_hier/mem/instances_hier/RC_CG_HIER_INST304/pins_in/test 	 (fanout : 1)
/designs/et4351/instances_hier/accel/instances_hier/mem/instances_hier/RC_CG_HIER_INST305/pins_in/test 	 (fanout : 1)
/designs/et4351/instances_hier/accel/instances_hier/mem/instances_hier/RC_CG_HIER_INST306/pins_in/test 	 (fanout : 1)
/designs/et4351/instances_hier/accel/instances_hier/mem/instances_hier/RC_CG_HIER_INST307/pins_in/test 	 (fanout : 1)
/designs/et4351/instances_hier/accel/instances_hier/mem/instances_hier/RC_CG_HIER_INST308/pins_in/test 	 (fanout : 1)
/designs/et4351/instances_hier/accel/instances_hier/mem/instances_hier/RC_CG_HIER_INST309/pins_in/test 	 (fanout : 1)
/designs/et4351/instances_hier/accel/instances_hier/mem/instances_hier/RC_CG_HIER_INST310/pins_in/test 	 (fanout : 1)
/designs/et4351/instances_hier/accel/instances_hier/mem/instances_hier/RC_CG_HIER_INST311/pins_in/test 	 (fanout : 1)
/designs/et4351/instances_hier/accel/instances_hier/mem/instances_hier/RC_CG_HIER_INST312/pins_in/test 	 (fanout : 1)
/designs/et4351/instances_hier/accel/instances_hier/mem/instances_hier/RC_CG_HIER_INST313/pins_in/test 	 (fanout : 1)
/designs/et4351/instances_hier/accel/instances_hier/mem/instances_hier/RC_CG_HIER_INST314/pins_in/test 	 (fanout : 1)
/designs/et4351/instances_hier/accel/instances_hier/mem/instances_hier/RC_CG_HIER_INST315/pins_in/test 	 (fanout : 1)
/designs/et4351/instances_hier/accel/instances_hier/mem/instances_hier/RC_CG_HIER_INST316/pins_in/test 	 (fanout : 1)
/designs/et4351/instances_hier/accel/instances_hier/mem/instances_hier/RC_CG_HIER_INST317/pins_in/test 	 (fanout : 1)
/designs/et4351/instances_hier/accel/instances_hier/mem/instances_hier/RC_CG_HIER_INST318/pins_in/test 	 (fanout : 1)
/designs/et4351/instances_hier/accel/instances_hier/mem/instances_hier/RC_CG_HIER_INST319/pins_in/test 	 (fanout : 1)
/designs/et4351/instances_hier/accel/instances_hier/mem/instances_hier/RC_CG_HIER_INST320/pins_in/test 	 (fanout : 1)
/designs/et4351/instances_hier/accel/instances_hier/mem/instances_hier/RC_CG_HIER_INST321/pins_in/test 	 (fanout : 1)
/designs/et4351/instances_hier/accel/instances_hier/mem/instances_hier/RC_CG_HIER_INST322/pins_in/test 	 (fanout : 1)
/designs/et4351/instances_hier/accel/instances_hier/mem/instances_hier/RC_CG_HIER_INST323/pins_in/test 	 (fanout : 1)
/designs/et4351/instances_hier/accel/instances_hier/mem/instances_hier/RC_CG_HIER_INST324/pins_in/test 	 (fanout : 1)
/designs/et4351/instances_hier/accel/instances_hier/mem/instances_hier/RC_CG_HIER_INST325/pins_in/test 	 (fanout : 1)
/designs/et4351/instances_hier/accel/instances_hier/mem/instances_hier/RC_CG_HIER_INST326/pins_in/test 	 (fanout : 1)
/designs/et4351/instances_hier/accel/instances_hier/mem/instances_hier/RC_CG_HIER_INST327/pins_in/test 	 (fanout : 1)
/designs/et4351/instances_hier/accel/instances_hier/mem/instances_hier/RC_CG_HIER_INST328/pins_in/test 	 (fanout : 1)
/designs/et4351/instances_hier/accel/instances_hier/mem/instances_hier/RC_CG_HIER_INST329/pins_in/test 	 (fanout : 1)
/designs/et4351/instances_hier/accel/instances_hier/mem/instances_hier/RC_CG_HIER_INST330/pins_in/test 	 (fanout : 1)
/designs/et4351/instances_hier/accel/instances_hier/mem/instances_hier/RC_CG_HIER_INST331/pins_in/test 	 (fanout : 1)
/designs/et4351/instances_hier/accel/instances_hier/mem/instances_hier/RC_CG_HIER_INST332/pins_in/test 	 (fanout : 1)
/designs/et4351/instances_hier/accel/instances_hier/mem/instances_hier/RC_CG_HIER_INST333/pins_in/test 	 (fanout : 1)
/designs/et4351/instances_hier/accel/instances_hier/mem/instances_hier/RC_CG_HIER_INST334/pins_in/test 	 (fanout : 1)
/designs/et4351/instances_hier/accel/instances_hier/mem/instances_hier/RC_CG_HIER_INST335/pins_in/test 	 (fanout : 1)
/designs/et4351/instances_hier/accel/instances_hier/mem/instances_hier/RC_CG_HIER_INST336/pins_in/test 	 (fanout : 1)
/designs/et4351/instances_hier/accel/instances_hier/mem/instances_hier/RC_CG_HIER_INST337/pins_in/test 	 (fanout : 1)
/designs/et4351/instances_hier/accel/instances_hier/mem/instances_hier/RC_CG_HIER_INST338/pins_in/test 	 (fanout : 1)
/designs/et4351/instances_hier/accel/instances_hier/mem/instances_hier/RC_CG_HIER_INST339/pins_in/test 	 (fanout : 1)
/designs/et4351/instances_hier/accel/instances_hier/mem/instances_hier/RC_CG_HIER_INST340/pins_in/test 	 (fanout : 1)
/designs/et4351/instances_hier/accel/instances_hier/mem/instances_hier/RC_CG_HIER_INST341/pins_in/test 	 (fanout : 1)
/designs/et4351/instances_hier/accel/instances_hier/mem/instances_hier/RC_CG_HIER_INST342/pins_in/test 	 (fanout : 1)
/designs/et4351/instances_hier/accel/instances_hier/mem/instances_hier/RC_CG_HIER_INST343/pins_in/test 	 (fanout : 1)
/designs/et4351/instances_hier/accel/instances_hier/mem/instances_hier/RC_CG_HIER_INST344/pins_in/test 	 (fanout : 1)
/designs/et4351/instances_hier/accel/instances_hier/mem/instances_hier/RC_CG_HIER_INST345/pins_in/test 	 (fanout : 1)
/designs/et4351/instances_hier/accel/instances_hier/mem/instances_hier/RC_CG_HIER_INST346/pins_in/test 	 (fanout : 1)
/designs/et4351/instances_hier/accel/instances_hier/mem/instances_hier/RC_CG_HIER_INST347/pins_in/test 	 (fanout : 1)
/designs/et4351/instances_hier/accel/instances_hier/mem/instances_hier/RC_CG_HIER_INST348/pins_in/test 	 (fanout : 1)
/designs/et4351/instances_hier/accel/instances_hier/mem/instances_hier/RC_CG_HIER_INST349/pins_in/test 	 (fanout : 1)
/designs/et4351/instances_hier/accel/instances_hier/mem/instances_hier/RC_CG_HIER_INST350/pins_in/test 	 (fanout : 1)
/designs/et4351/instances_hier/accel/instances_hier/mem/instances_hier/RC_CG_HIER_INST351/pins_in/test 	 (fanout : 1)
/designs/et4351/instances_hier/accel/instances_hier/mem/instances_hier/RC_CG_HIER_INST352/pins_in/test 	 (fanout : 1)
/designs/et4351/instances_hier/accel/instances_hier/mem/instances_hier/RC_CG_HIER_INST353/pins_in/test 	 (fanout : 1)
/designs/et4351/instances_hier/accel/instances_hier/mem/instances_hier/RC_CG_HIER_INST354/pins_in/test 	 (fanout : 1)
/designs/et4351/instances_hier/accel/instances_hier/mem/instances_hier/RC_CG_HIER_INST355/pins_in/test 	 (fanout : 1)
/designs/et4351/instances_hier/accel/instances_hier/mem/instances_hier/RC_CG_HIER_INST356/pins_in/test 	 (fanout : 1)
/designs/et4351/instances_hier/accel/instances_hier/mem/instances_hier/RC_CG_HIER_INST357/pins_in/test 	 (fanout : 1)
/designs/et4351/instances_hier/accel/instances_hier/mem/instances_hier/RC_CG_HIER_INST358/pins_in/test 	 (fanout : 1)
/designs/et4351/instances_hier/accel/instances_hier/mem/instances_hier/RC_CG_HIER_INST359/pins_in/test 	 (fanout : 1)
/designs/et4351/instances_hier/accel/instances_hier/mem/instances_hier/RC_CG_HIER_INST360/pins_in/test 	 (fanout : 1)
/designs/et4351/instances_hier/accel/instances_hier/mem/instances_hier/RC_CG_HIER_INST361/pins_in/test 	 (fanout : 1)
/designs/et4351/instances_hier/accel/instances_hier/mem/instances_hier/RC_CG_HIER_INST362/pins_in/test 	 (fanout : 1)
/designs/et4351/instances_hier/accel/instances_hier/mem/instances_hier/RC_CG_HIER_INST363/pins_in/test 	 (fanout : 1)
/designs/et4351/instances_hier/accel/instances_hier/mem/instances_hier/RC_CG_HIER_INST364/pins_in/test 	 (fanout : 1)
/designs/et4351/instances_hier/accel/instances_hier/mem/instances_hier/RC_CG_HIER_INST365/pins_in/test 	 (fanout : 1)
/designs/et4351/instances_hier/accel/instances_hier/mem/instances_hier/RC_CG_HIER_INST366/pins_in/test 	 (fanout : 1)
/designs/et4351/instances_hier/accel/instances_hier/mem/instances_hier/RC_CG_HIER_INST367/pins_in/test 	 (fanout : 1)
/designs/et4351/instances_hier/accel/instances_hier/mem/instances_hier/RC_CG_HIER_INST368/pins_in/test 	 (fanout : 1)
/designs/et4351/instances_hier/accel/instances_hier/mem/instances_hier/RC_CG_HIER_INST369/pins_in/test 	 (fanout : 1)
/designs/et4351/instances_hier/accel/instances_hier/mem/instances_hier/RC_CG_HIER_INST370/pins_in/test 	 (fanout : 1)
/designs/et4351/instances_hier/accel/instances_hier/mem/instances_hier/RC_CG_HIER_INST371/pins_in/test 	 (fanout : 1)
/designs/et4351/instances_hier/accel/instances_hier/mem/instances_hier/RC_CG_HIER_INST372/pins_in/test 	 (fanout : 1)
/designs/et4351/instances_hier/accel/instances_hier/mem/instances_hier/RC_CG_HIER_INST373/pins_in/test 	 (fanout : 1)
/designs/et4351/instances_hier/accel/instances_hier/mem/instances_hier/RC_CG_HIER_INST374/pins_in/test 	 (fanout : 1)
/designs/et4351/instances_hier/accel/instances_hier/mem/instances_hier/RC_CG_HIER_INST375/pins_in/test 	 (fanout : 1)
/designs/et4351/instances_hier/accel/instances_hier/mem/instances_hier/RC_CG_HIER_INST376/pins_in/test 	 (fanout : 1)
/designs/et4351/instances_hier/accel/instances_hier/mem/instances_hier/RC_CG_HIER_INST377/pins_in/test 	 (fanout : 1)
/designs/et4351/instances_hier/accel/instances_hier/mem/instances_hier/RC_CG_HIER_INST378/pins_in/test 	 (fanout : 1)
/designs/et4351/instances_hier/accel/instances_hier/mem/instances_hier/RC_CG_HIER_INST379/pins_in/test 	 (fanout : 1)
/designs/et4351/instances_hier/accel/instances_hier/mem/instances_hier/RC_CG_HIER_INST380/pins_in/test 	 (fanout : 1)
/designs/et4351/instances_hier/accel/instances_hier/mem/instances_hier/RC_CG_HIER_INST381/pins_in/test 	 (fanout : 1)
/designs/et4351/instances_hier/accel/instances_hier/mem/instances_hier/RC_CG_HIER_INST382/pins_in/test 	 (fanout : 1)
/designs/et4351/instances_hier/accel/instances_hier/mem/instances_hier/RC_CG_HIER_INST383/pins_in/test 	 (fanout : 1)
/designs/et4351/instances_hier/accel/instances_hier/mem/instances_hier/RC_CG_HIER_INST384/pins_in/test 	 (fanout : 1)
/designs/et4351/instances_hier/accel/instances_hier/mem/instances_hier/RC_CG_HIER_INST385/pins_in/test 	 (fanout : 1)
/designs/et4351/instances_hier/accel/instances_hier/mem/instances_hier/RC_CG_HIER_INST386/pins_in/test 	 (fanout : 1)
/designs/et4351/instances_hier/accel/instances_hier/mem/instances_hier/RC_CG_HIER_INST387/pins_in/test 	 (fanout : 1)
/designs/et4351/instances_hier/accel/instances_hier/mem/instances_hier/RC_CG_HIER_INST388/pins_in/test 	 (fanout : 1)
/designs/et4351/instances_hier/accel/instances_hier/mem/instances_hier/RC_CG_HIER_INST389/pins_in/test 	 (fanout : 1)
/designs/et4351/instances_hier/accel/instances_hier/mem/instances_hier/RC_CG_HIER_INST390/pins_in/test 	 (fanout : 1)
/designs/et4351/instances_hier/accel/instances_hier/mem/instances_hier/RC_CG_HIER_INST391/pins_in/test 	 (fanout : 1)
/designs/et4351/instances_hier/accel/instances_hier/mem/instances_hier/RC_CG_HIER_INST392/pins_in/test 	 (fanout : 1)
/designs/et4351/instances_hier/accel/instances_hier/mem/instances_hier/RC_CG_HIER_INST393/pins_in/test 	 (fanout : 1)
/designs/et4351/instances_hier/accel/instances_hier/mem/instances_hier/RC_CG_HIER_INST394/pins_in/test 	 (fanout : 1)
/designs/et4351/instances_hier/accel/instances_hier/mem/instances_hier/RC_CG_HIER_INST395/pins_in/test 	 (fanout : 1)
/designs/et4351/instances_hier/accel/instances_hier/mem/instances_hier/RC_CG_HIER_INST396/pins_in/test 	 (fanout : 1)
/designs/et4351/instances_hier/accel/instances_hier/mem/instances_hier/RC_CG_HIER_INST397/pins_in/test 	 (fanout : 1)
/designs/et4351/instances_hier/accel/instances_hier/mem/instances_hier/RC_CG_HIER_INST398/pins_in/test 	 (fanout : 1)
/designs/et4351/instances_hier/accel/instances_hier/mem/instances_hier/RC_CG_HIER_INST399/pins_in/test 	 (fanout : 1)
/designs/et4351/instances_hier/accel/instances_hier/mem/instances_hier/RC_CG_HIER_INST400/pins_in/test 	 (fanout : 1)
/designs/et4351/instances_hier/accel/instances_hier/mem/instances_hier/RC_CG_HIER_INST401/pins_in/test 	 (fanout : 1)
/designs/et4351/instances_hier/accel/instances_hier/mem/instances_hier/RC_CG_HIER_INST402/pins_in/test 	 (fanout : 1)
/designs/et4351/instances_hier/accel/instances_hier/mem/instances_hier/RC_CG_HIER_INST403/pins_in/test 	 (fanout : 1)
/designs/et4351/instances_hier/accel/instances_hier/mem/instances_hier/RC_CG_HIER_INST404/pins_in/test 	 (fanout : 1)
/designs/et4351/instances_hier/accel/instances_hier/mem/instances_hier/RC_CG_HIER_INST405/pins_in/test 	 (fanout : 1)
/designs/et4351/instances_hier/accel/instances_hier/mem/instances_hier/RC_CG_HIER_INST406/pins_in/test 	 (fanout : 1)
/designs/et4351/instances_hier/accel/instances_hier/mem/instances_hier/RC_CG_HIER_INST407/pins_in/test 	 (fanout : 1)
/designs/et4351/instances_hier/soc/instances_hier/cpu/instances_hier/ADD_UNS_OP/pins_in/A[0] 	 (fanout : 0)
/designs/et4351/instances_hier/soc/instances_hier/cpu/instances_hier/ADD_UNS_OP/pins_in/B[31] 	 (fanout : 0)
/designs/et4351/instances_hier/soc/instances_hier/cpu/instances_hier/ADD_UNS_OP/pins_in/B[30] 	 (fanout : 0)
/designs/et4351/instances_hier/soc/instances_hier/cpu/instances_hier/ADD_UNS_OP/pins_in/B[29] 	 (fanout : 0)
/designs/et4351/instances_hier/soc/instances_hier/cpu/instances_hier/ADD_UNS_OP/pins_in/B[28] 	 (fanout : 0)
/designs/et4351/instances_hier/soc/instances_hier/cpu/instances_hier/ADD_UNS_OP/pins_in/B[27] 	 (fanout : 0)
/designs/et4351/instances_hier/soc/instances_hier/cpu/instances_hier/ADD_UNS_OP/pins_in/B[26] 	 (fanout : 0)
/designs/et4351/instances_hier/soc/instances_hier/cpu/instances_hier/ADD_UNS_OP/pins_in/B[25] 	 (fanout : 0)
/designs/et4351/instances_hier/soc/instances_hier/cpu/instances_hier/ADD_UNS_OP/pins_in/B[24] 	 (fanout : 0)
/designs/et4351/instances_hier/soc/instances_hier/cpu/instances_hier/ADD_UNS_OP/pins_in/B[23] 	 (fanout : 0)
/designs/et4351/instances_hier/soc/instances_hier/cpu/instances_hier/ADD_UNS_OP/pins_in/B[22] 	 (fanout : 0)
/designs/et4351/instances_hier/soc/instances_hier/cpu/instances_hier/ADD_UNS_OP/pins_in/B[21] 	 (fanout : 0)
/designs/et4351/instances_hier/soc/instances_hier/cpu/instances_hier/ADD_UNS_OP/pins_in/B[0] 	 (fanout : 0)
/designs/et4351/instances_hier/soc/instances_hier/cpu/instances_hier/RC_CG_HIER_INST408/pins_in/test 	 (fanout : 1)
/designs/et4351/instances_hier/soc/instances_hier/cpu/instances_hier/RC_CG_HIER_INST409/pins_in/test 	 (fanout : 1)
/designs/et4351/instances_hier/soc/instances_hier/cpu/instances_hier/RC_CG_HIER_INST410/pins_in/test 	 (fanout : 1)
/designs/et4351/instances_hier/soc/instances_hier/cpu/instances_hier/RC_CG_HIER_INST411/pins_in/test 	 (fanout : 1)
/designs/et4351/instances_hier/soc/instances_hier/cpu/instances_hier/RC_CG_HIER_INST412/pins_in/test 	 (fanout : 1)
/designs/et4351/instances_hier/soc/instances_hier/cpu/instances_hier/RC_CG_HIER_INST413/pins_in/test 	 (fanout : 1)
/designs/et4351/instances_hier/soc/instances_hier/cpu/instances_hier/RC_CG_HIER_INST414/pins_in/test 	 (fanout : 1)
/designs/et4351/instances_hier/soc/instances_hier/cpu/instances_hier/RC_CG_HIER_INST415/pins_in/test 	 (fanout : 1)
/designs/et4351/instances_hier/soc/instances_hier/cpu/instances_hier/RC_CG_HIER_INST416/pins_in/test 	 (fanout : 1)
/designs/et4351/instances_hier/soc/instances_hier/cpu/instances_hier/RC_CG_HIER_INST417/pins_in/test 	 (fanout : 1)
/designs/et4351/instances_hier/soc/instances_hier/cpu/instances_hier/RC_CG_HIER_INST418/pins_in/test 	 (fanout : 1)
/designs/et4351/instances_hier/soc/instances_hier/cpu/instances_hier/RC_CG_HIER_INST419/pins_in/test 	 (fanout : 1)
/designs/et4351/instances_hier/soc/instances_hier/cpu/instances_hier/RC_CG_HIER_INST420/pins_in/test 	 (fanout : 1)
/designs/et4351/instances_hier/soc/instances_hier/cpu/instances_hier/RC_CG_HIER_INST421/pins_in/test 	 (fanout : 1)
/designs/et4351/instances_hier/soc/instances_hier/cpu/instances_hier/RC_CG_HIER_INST422/pins_in/test 	 (fanout : 1)
/designs/et4351/instances_hier/soc/instances_hier/cpu/instances_hier/RC_CG_HIER_INST423/pins_in/test 	 (fanout : 1)
/designs/et4351/instances_hier/soc/instances_hier/cpu/instances_hier/RC_CG_HIER_INST424/pins_in/test 	 (fanout : 1)
/designs/et4351/instances_hier/soc/instances_hier/cpu/instances_hier/RC_CG_HIER_INST425/pins_in/test 	 (fanout : 1)
/designs/et4351/instances_hier/soc/instances_hier/cpu/instances_hier/RC_CG_HIER_INST426/pins_in/test 	 (fanout : 1)
/designs/et4351/instances_hier/soc/instances_hier/cpu/instances_hier/RC_CG_HIER_INST427/pins_in/test 	 (fanout : 1)
/designs/et4351/instances_hier/soc/instances_hier/cpu/instances_hier/RC_CG_HIER_INST428/pins_in/test 	 (fanout : 1)
/designs/et4351/instances_hier/soc/instances_hier/cpu/instances_hier/RC_CG_HIER_INST429/pins_in/test 	 (fanout : 1)
/designs/et4351/instances_hier/soc/instances_hier/cpu/instances_hier/RC_CG_HIER_INST430/pins_in/test 	 (fanout : 1)
/designs/et4351/instances_hier/soc/instances_hier/cpu/instances_hier/RC_CG_HIER_INST431/pins_in/test 	 (fanout : 1)
/designs/et4351/instances_hier/soc/instances_hier/cpu/instances_hier/RC_CG_HIER_INST432/pins_in/test 	 (fanout : 1)
/designs/et4351/instances_hier/soc/instances_hier/cpu/instances_hier/RC_CG_HIER_INST433/pins_in/test 	 (fanout : 1)
/designs/et4351/instances_hier/soc/instances_hier/cpu/instances_hier/RC_CG_HIER_INST434/pins_in/test 	 (fanout : 1)
/designs/et4351/instances_hier/soc/instances_hier/cpu/instances_hier/RC_CG_HIER_INST435/pins_in/test 	 (fanout : 1)
/designs/et4351/instances_hier/soc/instances_hier/cpu/instances_hier/RC_CG_HIER_INST436/pins_in/test 	 (fanout : 1)
/designs/et4351/instances_hier/soc/instances_hier/cpu/instances_hier/RC_CG_HIER_INST437/pins_in/test 	 (fanout : 1)
/designs/et4351/instances_hier/soc/instances_hier/cpu/instances_hier/RC_CG_HIER_INST438/pins_in/test 	 (fanout : 1)
/designs/et4351/instances_hier/soc/instances_hier/cpu/instances_hier/RC_CG_HIER_INST439/pins_in/test 	 (fanout : 1)
/designs/et4351/instances_hier/soc/instances_hier/cpu/instances_hier/RC_CG_HIER_INST440/pins_in/test 	 (fanout : 1)
/designs/et4351/instances_hier/soc/instances_hier/cpu/instances_hier/RC_CG_HIER_INST441/pins_in/test 	 (fanout : 1)
/designs/et4351/instances_hier/soc/instances_hier/cpu/instances_hier/RC_CG_HIER_INST442/pins_in/test 	 (fanout : 1)
/designs/et4351/instances_hier/soc/instances_hier/cpu/instances_hier/RC_CG_HIER_INST443/pins_in/test 	 (fanout : 1)
/designs/et4351/instances_hier/soc/instances_hier/cpu/instances_hier/RC_CG_HIER_INST444/pins_in/test 	 (fanout : 1)
/designs/et4351/instances_hier/soc/instances_hier/cpu/instances_hier/RC_CG_HIER_INST445/pins_in/test 	 (fanout : 1)
/designs/et4351/instances_hier/soc/instances_hier/cpu/instances_hier/RC_CG_HIER_INST446/pins_in/test 	 (fanout : 1)
/designs/et4351/instances_hier/soc/instances_hier/cpu/instances_hier/RC_CG_HIER_INST447/pins_in/test 	 (fanout : 1)
/designs/et4351/instances_hier/soc/instances_hier/cpu/instances_hier/RC_CG_HIER_INST448/pins_in/test 	 (fanout : 1)
/designs/et4351/instances_hier/soc/instances_hier/cpu/instances_hier/RC_CG_HIER_INST449/pins_in/test 	 (fanout : 1)
/designs/et4351/instances_hier/soc/instances_hier/cpu/instances_hier/RC_CG_HIER_INST450/pins_in/test 	 (fanout : 1)
/designs/et4351/instances_hier/soc/instances_hier/cpu/instances_hier/RC_CG_HIER_INST451/pins_in/test 	 (fanout : 1)
/designs/et4351/instances_hier/soc/instances_hier/cpu/instances_hier/RC_CG_HIER_INST452/pins_in/test 	 (fanout : 1)
/designs/et4351/instances_hier/soc/instances_hier/cpu/instances_hier/RC_CG_HIER_INST453/pins_in/test 	 (fanout : 1)
/designs/et4351/instances_hier/soc/instances_hier/cpu/instances_hier/RC_CG_HIER_INST454/pins_in/test 	 (fanout : 1)
/designs/et4351/instances_hier/soc/instances_hier/cpu/instances_hier/RC_CG_HIER_INST455/pins_in/test 	 (fanout : 1)
/designs/et4351/instances_hier/soc/instances_hier/cpu/instances_hier/RC_CG_HIER_INST456/pins_in/test 	 (fanout : 1)
/designs/et4351/instances_hier/soc/instances_hier/cpu/instances_hier/RC_CG_HIER_INST457/pins_in/test 	 (fanout : 1)
/designs/et4351/instances_hier/soc/instances_hier/cpu/instances_hier/RC_CG_HIER_INST458/pins_in/test 	 (fanout : 1)
/designs/et4351/instances_hier/soc/instances_hier/cpu/instances_hier/RC_CG_HIER_INST459/pins_in/test 	 (fanout : 1)
/designs/et4351/instances_hier/soc/instances_hier/cpu/instances_hier/RC_CG_HIER_INST460/pins_in/test 	 (fanout : 1)
/designs/et4351/instances_hier/soc/instances_hier/cpu/instances_hier/RC_CG_HIER_INST461/pins_in/test 	 (fanout : 1)
/designs/et4351/instances_hier/soc/instances_hier/cpu/instances_hier/RC_CG_HIER_INST463/pins_in/test 	 (fanout : 1)
/designs/et4351/instances_hier/soc/instances_hier/cpu/instances_hier/add_1312_30/pins_in/A[0] 	 (fanout : 0)
/designs/et4351/instances_hier/soc/instances_hier/cpu/instances_hier/add_1312_30/pins_in/B[2] 	 (fanout : 0)
/designs/et4351/instances_hier/soc/instances_hier/cpu/instances_hier/add_1312_30/pins_in/B[0] 	 (fanout : 0)
/designs/et4351/instances_hier/soc/instances_hier/cpu/instances_hier/add_1810_23/pins_in/A[0] 	 (fanout : 0)
/designs/et4351/instances_hier/soc/instances_hier/cpu/instances_hier/add_1810_23/pins_in/B[0] 	 (fanout : 0)
/designs/et4351/instances_hier/soc/instances_hier/cpu/instances_hier/dec_sub_1445_19/pins_in/CI 	 (fanout : 0)
/designs/et4351/instances_hier/soc/instances_hier/cpu/instances_hier/genblk1.pcpi_mul/pins_in/pcpi_insn[24] 	 (fanout : 0)
/designs/et4351/instances_hier/soc/instances_hier/cpu/instances_hier/genblk1.pcpi_mul/pins_in/pcpi_insn[23] 	 (fanout : 0)
/designs/et4351/instances_hier/soc/instances_hier/cpu/instances_hier/genblk1.pcpi_mul/pins_in/pcpi_insn[22] 	 (fanout : 0)
/designs/et4351/instances_hier/soc/instances_hier/cpu/instances_hier/genblk1.pcpi_mul/pins_in/pcpi_insn[21] 	 (fanout : 0)
/designs/et4351/instances_hier/soc/instances_hier/cpu/instances_hier/genblk1.pcpi_mul/pins_in/pcpi_insn[20] 	 (fanout : 0)
/designs/et4351/instances_hier/soc/instances_hier/cpu/instances_hier/genblk1.pcpi_mul/pins_in/pcpi_insn[19] 	 (fanout : 0)
/designs/et4351/instances_hier/soc/instances_hier/cpu/instances_hier/genblk1.pcpi_mul/pins_in/pcpi_insn[18] 	 (fanout : 0)
/designs/et4351/instances_hier/soc/instances_hier/cpu/instances_hier/genblk1.pcpi_mul/pins_in/pcpi_insn[17] 	 (fanout : 0)
/designs/et4351/instances_hier/soc/instances_hier/cpu/instances_hier/genblk1.pcpi_mul/pins_in/pcpi_insn[16] 	 (fanout : 0)
/designs/et4351/instances_hier/soc/instances_hier/cpu/instances_hier/genblk1.pcpi_mul/pins_in/pcpi_insn[15] 	 (fanout : 0)
/designs/et4351/instances_hier/soc/instances_hier/cpu/instances_hier/genblk1.pcpi_mul/pins_in/pcpi_insn[11] 	 (fanout : 0)
/designs/et4351/instances_hier/soc/instances_hier/cpu/instances_hier/genblk1.pcpi_mul/pins_in/pcpi_insn[10] 	 (fanout : 0)
/designs/et4351/instances_hier/soc/instances_hier/cpu/instances_hier/genblk1.pcpi_mul/pins_in/pcpi_insn[9] 	 (fanout : 0)
/designs/et4351/instances_hier/soc/instances_hier/cpu/instances_hier/genblk1.pcpi_mul/pins_in/pcpi_insn[8] 	 (fanout : 0)
/designs/et4351/instances_hier/soc/instances_hier/cpu/instances_hier/genblk1.pcpi_mul/pins_in/pcpi_insn[7] 	 (fanout : 0)
/designs/et4351/instances_hier/soc/instances_hier/cpu/instances_hier/genblk2.pcpi_div/pins_in/pcpi_insn[24] 	 (fanout : 0)
/designs/et4351/instances_hier/soc/instances_hier/cpu/instances_hier/genblk2.pcpi_div/pins_in/pcpi_insn[23] 	 (fanout : 0)
/designs/et4351/instances_hier/soc/instances_hier/cpu/instances_hier/genblk2.pcpi_div/pins_in/pcpi_insn[22] 	 (fanout : 0)
/designs/et4351/instances_hier/soc/instances_hier/cpu/instances_hier/genblk2.pcpi_div/pins_in/pcpi_insn[21] 	 (fanout : 0)
/designs/et4351/instances_hier/soc/instances_hier/cpu/instances_hier/genblk2.pcpi_div/pins_in/pcpi_insn[20] 	 (fanout : 0)
/designs/et4351/instances_hier/soc/instances_hier/cpu/instances_hier/genblk2.pcpi_div/pins_in/pcpi_insn[19] 	 (fanout : 0)
/designs/et4351/instances_hier/soc/instances_hier/cpu/instances_hier/genblk2.pcpi_div/pins_in/pcpi_insn[18] 	 (fanout : 0)
/designs/et4351/instances_hier/soc/instances_hier/cpu/instances_hier/genblk2.pcpi_div/pins_in/pcpi_insn[17] 	 (fanout : 0)
/designs/et4351/instances_hier/soc/instances_hier/cpu/instances_hier/genblk2.pcpi_div/pins_in/pcpi_insn[16] 	 (fanout : 0)
/designs/et4351/instances_hier/soc/instances_hier/cpu/instances_hier/genblk2.pcpi_div/pins_in/pcpi_insn[15] 	 (fanout : 0)
/designs/et4351/instances_hier/soc/instances_hier/cpu/instances_hier/genblk2.pcpi_div/pins_in/pcpi_insn[11] 	 (fanout : 0)
/designs/et4351/instances_hier/soc/instances_hier/cpu/instances_hier/genblk2.pcpi_div/pins_in/pcpi_insn[10] 	 (fanout : 0)
/designs/et4351/instances_hier/soc/instances_hier/cpu/instances_hier/genblk2.pcpi_div/pins_in/pcpi_insn[9] 	 (fanout : 0)
/designs/et4351/instances_hier/soc/instances_hier/cpu/instances_hier/genblk2.pcpi_div/pins_in/pcpi_insn[8] 	 (fanout : 0)
/designs/et4351/instances_hier/soc/instances_hier/cpu/instances_hier/genblk2.pcpi_div/pins_in/pcpi_insn[7] 	 (fanout : 0)
/designs/et4351/instances_hier/soc/instances_hier/cpu/instances_hier/inc_add_1435_40/pins_in/CI 	 (fanout : 0)
/designs/et4351/instances_hier/soc/instances_hier/cpu/instances_hier/inc_add_1568_34/pins_in/CI 	 (fanout : 0)
/designs/et4351/instances_hier/soc/instances_hier/cpu/instances_hier/genblk2.pcpi_div/instances_hier/RC_CG_HIER_INST481/pins_in/test 	 (fanout : 1)
/designs/et4351/instances_hier/soc/instances_hier/cpu/instances_hier/genblk2.pcpi_div/instances_hier/RC_CG_HIER_INST482/pins_in/test 	 (fanout : 1)
/designs/et4351/instances_hier/soc/instances_hier/cpu/instances_hier/genblk2.pcpi_div/instances_hier/RC_CG_HIER_INST483/pins_in/test 	 (fanout : 1)
/designs/et4351/instances_hier/soc/instances_hier/cpu/instances_hier/genblk2.pcpi_div/instances_hier/minus_2510_60/pins_in/A 	 (fanout : 0)
/designs/et4351/instances_hier/soc/instances_hier/cpu/instances_hier/genblk2.pcpi_div/instances_hier/minus_2529_27_Y_minus_2531_27/pins_in/A 	 (fanout : 0)
/designs/et4351/instances_hier/soc/instances_hier/cpu/instances_hier/genblk1.pcpi_mul/instances_hier/RC_CG_HIER_INST464/pins_in/test 	 (fanout : 1)
/designs/et4351/instances_hier/soc/instances_hier/cpu/instances_hier/genblk1.pcpi_mul/instances_hier/RC_CG_HIER_INST465/pins_in/test 	 (fanout : 1)
/designs/et4351/instances_hier/soc/instances_hier/cpu/instances_hier/genblk1.pcpi_mul/instances_hier/RC_CG_HIER_INST466/pins_in/test 	 (fanout : 1)
/designs/et4351/instances_hier/soc/instances_hier/cpu/instances_hier/genblk1.pcpi_mul/instances_hier/RC_CG_HIER_INST467/pins_in/test 	 (fanout : 1)
/designs/et4351/instances_hier/soc/instances_hier/cpu/instances_hier/genblk1.pcpi_mul/instances_hier/RC_CG_HIER_INST468/pins_in/test 	 (fanout : 1)
/designs/et4351/instances_hier/soc/instances_hier/cpu/instances_hier/genblk1.pcpi_mul/instances_hier/RC_CG_HIER_INST469/pins_in/test 	 (fanout : 1)
/designs/et4351/instances_hier/soc/instances_hier/cpu/instances_hier/genblk1.pcpi_mul/instances_hier/RC_CG_HIER_INST470/pins_in/test 	 (fanout : 1)
/designs/et4351/instances_hier/soc/instances_hier/cpu/instances_hier/genblk1.pcpi_mul/instances_hier/RC_CG_HIER_INST471/pins_in/test 	 (fanout : 1)
/designs/et4351/instances_hier/soc/instances_hier/cpu/instances_hier/genblk1.pcpi_mul/instances_hier/RC_CG_HIER_INST472/pins_in/test 	 (fanout : 1)
/designs/et4351/instances_hier/soc/instances_hier/cpu/instances_hier/genblk1.pcpi_mul/instances_hier/RC_CG_HIER_INST473/pins_in/test 	 (fanout : 1)
/designs/et4351/instances_hier/soc/instances_hier/cpu/instances_hier/genblk1.pcpi_mul/instances_hier/RC_CG_HIER_INST474/pins_in/test 	 (fanout : 1)
/designs/et4351/instances_hier/soc/instances_hier/cpu/instances_hier/genblk1.pcpi_mul/instances_hier/RC_CG_HIER_INST475/pins_in/test 	 (fanout : 1)
/designs/et4351/instances_hier/soc/instances_hier/cpu/instances_hier/genblk1.pcpi_mul/instances_hier/RC_CG_HIER_INST476/pins_in/test 	 (fanout : 1)
/designs/et4351/instances_hier/soc/instances_hier/cpu/instances_hier/genblk1.pcpi_mul/instances_hier/RC_CG_HIER_INST477/pins_in/test 	 (fanout : 1)
/designs/et4351/instances_hier/soc/instances_hier/cpu/instances_hier/genblk1.pcpi_mul/instances_hier/RC_CG_HIER_INST478/pins_in/test 	 (fanout : 1)
/designs/et4351/instances_hier/soc/instances_hier/cpu/instances_hier/genblk1.pcpi_mul/instances_hier/RC_CG_HIER_INST479/pins_in/test 	 (fanout : 1)
/designs/et4351/instances_hier/soc/instances_hier/cpu/instances_hier/genblk1.pcpi_mul/instances_hier/RC_CG_HIER_INST480/pins_in/test 	 (fanout : 1)
/designs/et4351/instances_hier/soc/instances_hier/cpu/pins_in/pcpi_wr 	 (fanout : 0)
/designs/et4351/instances_hier/soc/instances_hier/cpu/pins_in/pcpi_rd[31] 	 (fanout : 0)
/designs/et4351/instances_hier/soc/instances_hier/cpu/pins_in/pcpi_rd[30] 	 (fanout : 0)
/designs/et4351/instances_hier/soc/instances_hier/cpu/pins_in/pcpi_rd[29] 	 (fanout : 0)
/designs/et4351/instances_hier/soc/instances_hier/cpu/pins_in/pcpi_rd[28] 	 (fanout : 0)
/designs/et4351/instances_hier/soc/instances_hier/cpu/pins_in/pcpi_rd[27] 	 (fanout : 0)
/designs/et4351/instances_hier/soc/instances_hier/cpu/pins_in/pcpi_rd[26] 	 (fanout : 0)
/designs/et4351/instances_hier/soc/instances_hier/cpu/pins_in/pcpi_rd[25] 	 (fanout : 0)
/designs/et4351/instances_hier/soc/instances_hier/cpu/pins_in/pcpi_rd[24] 	 (fanout : 0)
/designs/et4351/instances_hier/soc/instances_hier/cpu/pins_in/pcpi_rd[23] 	 (fanout : 0)
/designs/et4351/instances_hier/soc/instances_hier/cpu/pins_in/pcpi_rd[22] 	 (fanout : 0)
/designs/et4351/instances_hier/soc/instances_hier/cpu/pins_in/pcpi_rd[21] 	 (fanout : 0)
/designs/et4351/instances_hier/soc/instances_hier/cpu/pins_in/pcpi_rd[20] 	 (fanout : 0)
/designs/et4351/instances_hier/soc/instances_hier/cpu/pins_in/pcpi_rd[19] 	 (fanout : 0)
/designs/et4351/instances_hier/soc/instances_hier/cpu/pins_in/pcpi_rd[18] 	 (fanout : 0)
/designs/et4351/instances_hier/soc/instances_hier/cpu/pins_in/pcpi_rd[17] 	 (fanout : 0)
/designs/et4351/instances_hier/soc/instances_hier/cpu/pins_in/pcpi_rd[16] 	 (fanout : 0)
/designs/et4351/instances_hier/soc/instances_hier/cpu/pins_in/pcpi_rd[15] 	 (fanout : 0)
/designs/et4351/instances_hier/soc/instances_hier/cpu/pins_in/pcpi_rd[14] 	 (fanout : 0)
/designs/et4351/instances_hier/soc/instances_hier/cpu/pins_in/pcpi_rd[13] 	 (fanout : 0)
/designs/et4351/instances_hier/soc/instances_hier/cpu/pins_in/pcpi_rd[12] 	 (fanout : 0)
/designs/et4351/instances_hier/soc/instances_hier/cpu/pins_in/pcpi_rd[11] 	 (fanout : 0)
/designs/et4351/instances_hier/soc/instances_hier/cpu/pins_in/pcpi_rd[10] 	 (fanout : 0)
/designs/et4351/instances_hier/soc/instances_hier/cpu/pins_in/pcpi_rd[9] 	 (fanout : 0)
/designs/et4351/instances_hier/soc/instances_hier/cpu/pins_in/pcpi_rd[8] 	 (fanout : 0)
/designs/et4351/instances_hier/soc/instances_hier/cpu/pins_in/pcpi_rd[7] 	 (fanout : 0)
/designs/et4351/instances_hier/soc/instances_hier/cpu/pins_in/pcpi_rd[6] 	 (fanout : 0)
/designs/et4351/instances_hier/soc/instances_hier/cpu/pins_in/pcpi_rd[5] 	 (fanout : 0)
/designs/et4351/instances_hier/soc/instances_hier/cpu/pins_in/pcpi_rd[4] 	 (fanout : 0)
/designs/et4351/instances_hier/soc/instances_hier/cpu/pins_in/pcpi_rd[3] 	 (fanout : 0)
/designs/et4351/instances_hier/soc/instances_hier/cpu/pins_in/pcpi_rd[2] 	 (fanout : 0)
/designs/et4351/instances_hier/soc/instances_hier/cpu/pins_in/pcpi_rd[1] 	 (fanout : 0)
/designs/et4351/instances_hier/soc/instances_hier/cpu/pins_in/pcpi_rd[0] 	 (fanout : 0)
/designs/et4351/instances_hier/soc/instances_hier/cpu/pins_in/pcpi_wait 	 (fanout : 0)
/designs/et4351/instances_hier/soc/instances_hier/cpu/pins_in/pcpi_ready 	 (fanout : 0)
/designs/et4351/instances_hier/soc/instances_hier/cpu/pins_in/irq[31] 	 (fanout : 0)
/designs/et4351/instances_hier/soc/instances_hier/cpu/pins_in/irq[30] 	 (fanout : 0)
/designs/et4351/instances_hier/soc/instances_hier/cpu/pins_in/irq[29] 	 (fanout : 0)
/designs/et4351/instances_hier/soc/instances_hier/cpu/pins_in/irq[28] 	 (fanout : 0)
/designs/et4351/instances_hier/soc/instances_hier/cpu/pins_in/irq[27] 	 (fanout : 0)
/designs/et4351/instances_hier/soc/instances_hier/cpu/pins_in/irq[26] 	 (fanout : 0)
/designs/et4351/instances_hier/soc/instances_hier/cpu/pins_in/irq[25] 	 (fanout : 0)
/designs/et4351/instances_hier/soc/instances_hier/cpu/pins_in/irq[24] 	 (fanout : 0)
/designs/et4351/instances_hier/soc/instances_hier/cpu/pins_in/irq[23] 	 (fanout : 0)
/designs/et4351/instances_hier/soc/instances_hier/cpu/pins_in/irq[22] 	 (fanout : 0)
/designs/et4351/instances_hier/soc/instances_hier/cpu/pins_in/irq[21] 	 (fanout : 0)
/designs/et4351/instances_hier/soc/instances_hier/cpu/pins_in/irq[20] 	 (fanout : 0)
/designs/et4351/instances_hier/soc/instances_hier/cpu/pins_in/irq[19] 	 (fanout : 0)
/designs/et4351/instances_hier/soc/instances_hier/cpu/pins_in/irq[18] 	 (fanout : 0)
/designs/et4351/instances_hier/soc/instances_hier/cpu/pins_in/irq[17] 	 (fanout : 0)
/designs/et4351/instances_hier/soc/instances_hier/cpu/pins_in/irq[16] 	 (fanout : 0)
/designs/et4351/instances_hier/soc/instances_hier/cpu/pins_in/irq[15] 	 (fanout : 0)
/designs/et4351/instances_hier/soc/instances_hier/cpu/pins_in/irq[14] 	 (fanout : 0)
/designs/et4351/instances_hier/soc/instances_hier/cpu/pins_in/irq[13] 	 (fanout : 0)
/designs/et4351/instances_hier/soc/instances_hier/cpu/pins_in/irq[12] 	 (fanout : 0)
/designs/et4351/instances_hier/soc/instances_hier/cpu/pins_in/irq[11] 	 (fanout : 0)
/designs/et4351/instances_hier/soc/instances_hier/cpu/pins_in/irq[10] 	 (fanout : 0)
/designs/et4351/instances_hier/soc/instances_hier/cpu/pins_in/irq[9] 	 (fanout : 0)
/designs/et4351/instances_hier/soc/instances_hier/cpu/pins_in/irq[8] 	 (fanout : 0)
/designs/et4351/instances_hier/soc/instances_hier/cpu/pins_in/irq[7] 	 (fanout : 0)
/designs/et4351/instances_hier/soc/instances_hier/cpu/pins_in/irq[6] 	 (fanout : 0)
/designs/et4351/instances_hier/soc/instances_hier/cpu/pins_in/irq[5] 	 (fanout : 0)
/designs/et4351/instances_hier/soc/instances_hier/cpu/pins_in/irq[4] 	 (fanout : 0)
/designs/et4351/instances_hier/soc/instances_hier/cpu/pins_in/irq[3] 	 (fanout : 0)
/designs/et4351/instances_hier/soc/instances_hier/cpu/pins_in/irq[2] 	 (fanout : 0)
/designs/et4351/instances_hier/soc/instances_hier/cpu/pins_in/irq[1] 	 (fanout : 0)
/designs/et4351/instances_hier/soc/instances_hier/cpu/pins_in/irq[0] 	 (fanout : 0)
/designs/et4351/instances_hier/soc/instances_hier/memory/pins_in/addr[21] 	 (fanout : 0)
/designs/et4351/instances_hier/soc/instances_hier/memory/pins_in/addr[20] 	 (fanout : 0)
/designs/et4351/instances_hier/soc/instances_hier/memory/pins_in/addr[19] 	 (fanout : 0)
/designs/et4351/instances_hier/soc/instances_hier/memory/pins_in/addr[18] 	 (fanout : 0)
/designs/et4351/instances_hier/soc/instances_hier/memory/pins_in/addr[17] 	 (fanout : 0)
/designs/et4351/instances_hier/soc/instances_hier/memory/pins_in/addr[16] 	 (fanout : 0)
/designs/et4351/instances_hier/soc/instances_hier/memory/pins_in/addr[15] 	 (fanout : 0)
/designs/et4351/instances_hier/soc/instances_hier/memory/pins_in/addr[14] 	 (fanout : 0)
/designs/et4351/instances_hier/soc/instances_hier/memory/pins_in/addr[13] 	 (fanout : 0)
/designs/et4351/instances_hier/soc/instances_hier/memory/pins_in/addr[12] 	 (fanout : 0)
/designs/et4351/instances_hier/soc/instances_hier/memory/pins_in/addr[11] 	 (fanout : 0)
/designs/et4351/instances_hier/soc/instances_hier/memory/pins_in/addr[10] 	 (fanout : 0)
/designs/et4351/instances_hier/soc/instances_hier/memory/pins_in/addr[9] 	 (fanout : 0)
/designs/et4351/instances_hier/soc/instances_hier/memory/pins_in/addr[8] 	 (fanout : 0)
/designs/et4351/instances_hier/soc/instances_hier/simpleuart/pins_in/reg_div_di[7] 	 (fanout : 0)
/designs/et4351/instances_hier/soc/instances_hier/simpleuart/pins_in/reg_div_di[6] 	 (fanout : 0)
/designs/et4351/instances_hier/soc/instances_hier/simpleuart/pins_in/reg_div_di[5] 	 (fanout : 0)
/designs/et4351/instances_hier/soc/instances_hier/simpleuart/pins_in/reg_div_di[4] 	 (fanout : 0)
/designs/et4351/instances_hier/soc/instances_hier/simpleuart/pins_in/reg_div_di[3] 	 (fanout : 0)
/designs/et4351/instances_hier/soc/instances_hier/simpleuart/pins_in/reg_div_di[2] 	 (fanout : 0)
/designs/et4351/instances_hier/soc/instances_hier/simpleuart/pins_in/reg_div_di[1] 	 (fanout : 0)
/designs/et4351/instances_hier/soc/instances_hier/simpleuart/pins_in/reg_div_di[0] 	 (fanout : 0)
/designs/et4351/instances_hier/soc/instances_hier/simpleuart/pins_in/reg_dat_di[31] 	 (fanout : 0)
/designs/et4351/instances_hier/soc/instances_hier/simpleuart/pins_in/reg_dat_di[30] 	 (fanout : 0)
/designs/et4351/instances_hier/soc/instances_hier/simpleuart/pins_in/reg_dat_di[29] 	 (fanout : 0)
/designs/et4351/instances_hier/soc/instances_hier/simpleuart/pins_in/reg_dat_di[28] 	 (fanout : 0)
/designs/et4351/instances_hier/soc/instances_hier/simpleuart/pins_in/reg_dat_di[27] 	 (fanout : 0)
/designs/et4351/instances_hier/soc/instances_hier/simpleuart/pins_in/reg_dat_di[26] 	 (fanout : 0)
/designs/et4351/instances_hier/soc/instances_hier/simpleuart/pins_in/reg_dat_di[25] 	 (fanout : 0)
/designs/et4351/instances_hier/soc/instances_hier/simpleuart/pins_in/reg_dat_di[24] 	 (fanout : 0)
/designs/et4351/instances_hier/soc/instances_hier/simpleuart/pins_in/reg_dat_di[23] 	 (fanout : 0)
/designs/et4351/instances_hier/soc/instances_hier/simpleuart/pins_in/reg_dat_di[22] 	 (fanout : 0)
/designs/et4351/instances_hier/soc/instances_hier/simpleuart/pins_in/reg_dat_di[21] 	 (fanout : 0)
/designs/et4351/instances_hier/soc/instances_hier/simpleuart/pins_in/reg_dat_di[20] 	 (fanout : 0)
/designs/et4351/instances_hier/soc/instances_hier/simpleuart/pins_in/reg_dat_di[19] 	 (fanout : 0)
/designs/et4351/instances_hier/soc/instances_hier/simpleuart/pins_in/reg_dat_di[18] 	 (fanout : 0)
/designs/et4351/instances_hier/soc/instances_hier/simpleuart/pins_in/reg_dat_di[17] 	 (fanout : 0)
/designs/et4351/instances_hier/soc/instances_hier/simpleuart/pins_in/reg_dat_di[16] 	 (fanout : 0)
/designs/et4351/instances_hier/soc/instances_hier/simpleuart/pins_in/reg_dat_di[15] 	 (fanout : 0)
/designs/et4351/instances_hier/soc/instances_hier/simpleuart/pins_in/reg_dat_di[14] 	 (fanout : 0)
/designs/et4351/instances_hier/soc/instances_hier/simpleuart/pins_in/reg_dat_di[13] 	 (fanout : 0)
/designs/et4351/instances_hier/soc/instances_hier/simpleuart/pins_in/reg_dat_di[12] 	 (fanout : 0)
/designs/et4351/instances_hier/soc/instances_hier/simpleuart/pins_in/reg_dat_di[11] 	 (fanout : 0)
/designs/et4351/instances_hier/soc/instances_hier/simpleuart/pins_in/reg_dat_di[10] 	 (fanout : 0)
/designs/et4351/instances_hier/soc/instances_hier/simpleuart/pins_in/reg_dat_di[9] 	 (fanout : 0)
/designs/et4351/instances_hier/soc/instances_hier/simpleuart/pins_in/reg_dat_di[8] 	 (fanout : 0)
/designs/et4351/instances_hier/soc/instances_hier/spimemio/pins_in/addr[1] 	 (fanout : 0)
/designs/et4351/instances_hier/soc/instances_hier/spimemio/pins_in/addr[0] 	 (fanout : 0)
/designs/et4351/instances_hier/soc/instances_hier/spimemio/pins_in/cfgreg_di[30] 	 (fanout : 0)
/designs/et4351/instances_hier/soc/instances_hier/spimemio/pins_in/cfgreg_di[29] 	 (fanout : 0)
/designs/et4351/instances_hier/soc/instances_hier/spimemio/pins_in/cfgreg_di[28] 	 (fanout : 0)
/designs/et4351/instances_hier/soc/instances_hier/spimemio/pins_in/cfgreg_di[27] 	 (fanout : 0)
/designs/et4351/instances_hier/soc/instances_hier/spimemio/pins_in/cfgreg_di[26] 	 (fanout : 0)
/designs/et4351/instances_hier/soc/instances_hier/spimemio/pins_in/cfgreg_di[25] 	 (fanout : 0)
/designs/et4351/instances_hier/soc/instances_hier/spimemio/pins_in/cfgreg_di[24] 	 (fanout : 0)
/designs/et4351/instances_hier/soc/instances_hier/spimemio/pins_in/cfgreg_di[23] 	 (fanout : 0)
/designs/et4351/instances_hier/soc/instances_hier/spimemio/pins_in/cfgreg_di[15] 	 (fanout : 0)
/designs/et4351/instances_hier/soc/instances_hier/spimemio/pins_in/cfgreg_di[14] 	 (fanout : 0)
/designs/et4351/instances_hier/soc/instances_hier/spimemio/pins_in/cfgreg_di[13] 	 (fanout : 0)
/designs/et4351/instances_hier/soc/instances_hier/spimemio/pins_in/cfgreg_di[12] 	 (fanout : 0)
/designs/et4351/instances_hier/soc/instances_hier/spimemio/pins_in/cfgreg_di[7] 	 (fanout : 0)
/designs/et4351/instances_hier/soc/instances_hier/spimemio/pins_in/cfgreg_di[6] 	 (fanout : 0)
/designs/et4351/instances_hier/soc/instances_hier/simpleuart/instances_hier/RC_CG_HIER_INST484/pins_in/test 	 (fanout : 1)
/designs/et4351/instances_hier/soc/instances_hier/simpleuart/instances_hier/RC_CG_HIER_INST485/pins_in/test 	 (fanout : 1)
/designs/et4351/instances_hier/soc/instances_hier/simpleuart/instances_hier/RC_CG_HIER_INST486/pins_in/test 	 (fanout : 1)
/designs/et4351/instances_hier/soc/instances_hier/simpleuart/instances_hier/RC_CG_HIER_INST487/pins_in/test 	 (fanout : 1)
/designs/et4351/instances_hier/soc/instances_hier/simpleuart/instances_hier/RC_CG_HIER_INST488/pins_in/test 	 (fanout : 1)
/designs/et4351/instances_hier/soc/instances_hier/simpleuart/instances_hier/RC_CG_HIER_INST489/pins_in/test 	 (fanout : 1)
/designs/et4351/instances_hier/soc/instances_hier/simpleuart/instances_hier/RC_CG_HIER_INST490/pins_in/test 	 (fanout : 1)
/designs/et4351/instances_hier/soc/instances_hier/simpleuart/instances_hier/RC_CG_HIER_INST491/pins_in/test 	 (fanout : 1)
/designs/et4351/instances_hier/soc/instances_hier/simpleuart/instances_hier/RC_CG_HIER_INST492/pins_in/test 	 (fanout : 1)
/designs/et4351/instances_hier/soc/instances_hier/simpleuart/instances_hier/inc_add_74_31/pins_in/CI 	 (fanout : 0)
/designs/et4351/instances_hier/soc/instances_hier/simpleuart/instances_hier/inc_add_118_40/pins_in/CI 	 (fanout : 0)
/designs/et4351/instances_hier/soc/instances_hier/spimemio/instances_hier/RC_CG_HIER_INST493/pins_in/test 	 (fanout : 1)
/designs/et4351/instances_hier/soc/instances_hier/spimemio/instances_hier/RC_CG_HIER_INST494/pins_in/test 	 (fanout : 1)
/designs/et4351/instances_hier/soc/instances_hier/spimemio/instances_hier/RC_CG_HIER_INST495/pins_in/test 	 (fanout : 1)
/designs/et4351/instances_hier/soc/instances_hier/spimemio/instances_hier/RC_CG_HIER_INST496/pins_in/test 	 (fanout : 1)
/designs/et4351/instances_hier/soc/instances_hier/spimemio/instances_hier/RC_CG_HIER_INST497/pins_in/test 	 (fanout : 1)
/designs/et4351/instances_hier/soc/instances_hier/spimemio/instances_hier/RC_CG_HIER_INST498/pins_in/test 	 (fanout : 1)
/designs/et4351/instances_hier/soc/instances_hier/spimemio/instances_hier/RC_CG_HIER_INST499/pins_in/test 	 (fanout : 1)
/designs/et4351/instances_hier/soc/instances_hier/spimemio/instances_hier/RC_CG_HIER_INST500/pins_in/test 	 (fanout : 1)
/designs/et4351/instances_hier/soc/instances_hier/spimemio/instances_hier/RC_CG_HIER_INST501/pins_in/test 	 (fanout : 1)
/designs/et4351/instances_hier/soc/instances_hier/spimemio/instances_hier/RC_CG_HIER_INST502/pins_in/test 	 (fanout : 1)
/designs/et4351/instances_hier/soc/instances_hier/spimemio/instances_hier/xfer/pins_in/din_tag[3] 	 (fanout : 0)
/designs/et4351/instances_hier/soc/instances_hier/spimemio/instances_hier/xfer/pins_in/din_cont 	 (fanout : 0)
/designs/et4351/instances_hier/soc/instances_hier/spimemio/instances_hier/xfer/instances_hier/RC_CG_HIER_INST503/pins_in/test 	 (fanout : 1)
/designs/et4351/instances_hier/soc/instances_hier/spimemio/instances_hier/xfer/instances_hier/RC_CG_HIER_INST504/pins_in/test 	 (fanout : 1)
/designs/et4351/instances_hier/soc/instances_hier/spimemio/instances_hier/xfer/instances_hier/RC_CG_HIER_INST505/pins_in/test 	 (fanout : 1)
/designs/et4351/instances_hier/soc/instances_hier/spimemio/instances_hier/xfer/instances_hier/RC_CG_HIER_INST506/pins_in/test 	 (fanout : 1)
/designs/et4351/instances_hier/soc/instances_hier/spimemio/instances_hier/xfer/instances_hier/RC_CG_HIER_INST507/pins_in/test 	 (fanout : 1)
Total number of constant hierarchical pins in design 'et4351' : 701

No constant connected ports in design 'et4351'

  Preserved instances(s)
  ----------------
No preserved combinational instance(s) in design 'et4351'
design 'et4351' has the following preserved sequential instance(s)
/designs/et4351/instances_hier/soc/instances_hier/memory/instances_seq/sram_0
/designs/et4351/instances_hier/soc/instances_hier/memory/instances_seq/sram_1
/designs/et4351/instances_hier/soc/instances_hier/memory/instances_seq/sram_2
/designs/et4351/instances_hier/soc/instances_hier/memory/instances_seq/sram_3
Total number of preserved sequential instances in design 'et4351' : 4
No preserved hierarchical instance(s) in design 'et4351'

  Physical only instances(s)
  ----------------
No physical only instance(s) in design 'et4351'

  Logical only instance(s) and linked libcells
    -----------------------------------------
No logical only instance(s) in design 'et4351'

Libcells with no corresponding LEF
----------------------------------
No libcell(s) found.

LEF cells with no corresponding libcell
---------------------------------------
/libraries/physical_cells/libcells/FILL1HVT
/libraries/physical_cells/libcells/FILL16HVT
/libraries/physical_cells/libcells/FILL2HVT
/libraries/physical_cells/libcells/FILL32HVT
/libraries/physical_cells/libcells/FILL4HVT
/libraries/physical_cells/libcells/FILL64HVT
/libraries/physical_cells/libcells/FILL8HVT
Total number cell(s) with only physical (LEF) Info : 7

 Summary
 ------- 

              Name                       Total
----------------------------------------------
Unresolved References                        0
Empty Modules                                0
Unloaded Port(s)                             0
Unloaded Sequential Pin(s)                   0
Unloaded Combinational Pin(s)                0
Assigns                                    389
Undriven Port(s)                             0
Undriven Leaf Pin(s)                         0
Undriven hierarchical pin(s)                 0
Multidriven Port(s)                          0
Multidriven Leaf Pin(s)                      9
Multidriven hierarchical Pin(s)              0
Multidriven unloaded net(s)                  0
Constant Port(s)                             0
Constant Leaf Pin(s)                         8
Constant hierarchical Pin(s)               701
Preserved leaf instance(s)                   4
Preserved hierarchical instance(s)           0
Feedthrough Modules(s)                       0
Libcells with no LEF cell                    0
Physical (LEF) cells with no libcell         7
Subdesigns with long module name             0
Physical only instance(s)                    0
Logical only instance(s)                     0

  Done Checking the design.
