Cadence Genus(TM) Synthesis Solution.
Copyright 2021 Cadence Design Systems, Inc. All rights reserved worldwide.
Cadence and the Cadence logo are registered trademarks and Genus is a trademark
of Cadence Design Systems, Inc. in the United States and other countries.

Version: 21.10-p002_1, built Fri Aug 20 01:13:13 PDT 2021
Options: -legacy_ui -files scripts/synth.tcl 
Date:    Tue Apr 07 14:54:09 2026
Host:    et4351.ewi.tudelft.nl (x86_64 w/Linux 4.18.0-553.111.1.el8_10.x86_64) (1core*64cpus*127physical cpus*AMD EPYC 7702P 64-Core Processor 512KB) (263570940KB)
PID:     233338
OS:      Red Hat Enterprise Linux release 8.10 (Ootpa)

Checking out license: Genus_Synthesis


***********************************************************************************************************
***********************************************************************************************************



Loading tool scripts...
Finished loading tool scripts (27 seconds elapsed).

#@ Processing -files option
@genus 1> source scripts/synth.tcl
Sourcing './scripts/synth_set.tcl' (Tue Apr 07 14:54:36 CEST 2026)...


 ##################################
 #                                #
 #    SETTINGS                    #
 #                                #
 ##################################


  Setting attribute of root '/': 'max_cpus_per_server' = 4
  Setting attribute of root '/': 'information_level' = 6
Info   : Enabled hdl_track_filename_row_col attribute.
       : Setting this attribute to 'true' can have an impact on the run time. Use this attribute only when filename, line number, and column information are needed in reports.
  Setting attribute of root '/': 'hdl_track_filename_row_col' = true
  Setting attribute of root '/': 'lp_power_unit' = uW
  Setting attribute of message 'LBR-21': 'max_print' = 2
  Setting attribute of message 'LBR-38': 'max_print' = 2
  Setting attribute of message 'LBR-39': 'max_print' = 2
  Setting attribute of message 'LBR-81': 'max_print' = 2
  Setting attribute of message 'PHYS-15': 'max_print' = 2
  Setting attribute of message 'TUI-92': 'max_print' = 2
  Setting attribute of message 'TUI-710': 'max_print' = 2
  Setting attribute of message 'ELABUTL-123': 'max_print' = 2
  Setting attribute of message 'PHYS-113': 'max_print' = 2
  Setting attribute of message 'CDFG-818': 'max_print' = 2
  Setting attribute of message 'PHYS-107': 'max_print' = 2
  Setting attribute of message 'PHYS-124': 'max_print' = 2
  Setting attribute of message 'PHYS-129': 'max_print' = 2
  Setting attribute of message 'LBR-9': 'max_print' = 2
  Setting attribute of message 'LBR-40': 'max_print' = 2
  Setting attribute of message 'LBR-41': 'max_print' = 2
  Setting attribute of message 'LBR-76': 'max_print' = 2
  Setting attribute of message 'LBR-155': 'max_print' = 2
  Setting attribute of message 'LBR-162': 'max_print' = 2
  Setting attribute of message 'LBR-170': 'max_print' = 2
  Setting attribute of message 'CHNM-102': 'max_print' = 2
  Setting attribute of message 'ELABUTL-124': 'max_print' = 2
  Setting attribute of message 'ELABUTL-132': 'max_print' = 2
  Setting attribute of message 'GLO-42': 'max_print' = 2
  Setting attribute of root '/': 'lib_lef_consistency_check_enable' = false
Info    : Via with no resistance will have a value of '0.0' assigned for resistance value. [PHYS-129]
        : Via 'M2_M1_HV' has no resistance value.
        : If this is the expected behavior, this message can be ignored.
Info    : Via with no resistance will have a value of '0.0' assigned for resistance value. [PHYS-129]
        : Via 'M2_M1_VV' has no resistance value.
Warning : Multiple ports are found on a pin without MUSTJOINALLPORTS in the pin property in the LEF file. [PHYS-2381]
        : Multiple ports are found on pin 'OEB1' on cell 'SRAM2RW64x4' without MUSTJOINALLPORTS in the pin property.
        : This means that only one port would be connected, which may not be the expected behavior. Should consider adding MUSTJOINALLPORTS property.
Warning : Multiple ports are found on a pin without MUSTJOINALLPORTS in the pin property in the LEF file. [PHYS-2381]
        : Multiple ports are found on pin 'OEB2' on cell 'SRAM2RW64x4' without MUSTJOINALLPORTS in the pin property.
Warning : Multiple ports are found on a pin without MUSTJOINALLPORTS in the pin property in the LEF file. [PHYS-2381]
        : Multiple ports are found on pin 'WEB1' on cell 'SRAM2RW64x4' without MUSTJOINALLPORTS in the pin property.
Warning : Multiple ports are found on a pin without MUSTJOINALLPORTS in the pin property in the LEF file. [PHYS-2381]
        : Multiple ports are found on pin 'A2[4]' on cell 'SRAM2RW64x4' without MUSTJOINALLPORTS in the pin property.
Warning : Multiple ports are found on a pin without MUSTJOINALLPORTS in the pin property in the LEF file. [PHYS-2381]
        : Multiple ports are found on pin 'CE2' on cell 'SRAM2RW64x4' without MUSTJOINALLPORTS in the pin property.
Warning : Multiple ports are found on a pin without MUSTJOINALLPORTS in the pin property in the LEF file. [PHYS-2381]
        : Multiple ports are found on pin 'CSB2' on cell 'SRAM2RW64x4' without MUSTJOINALLPORTS in the pin property.
Warning : Multiple ports are found on a pin without MUSTJOINALLPORTS in the pin property in the LEF file. [PHYS-2381]
        : Multiple ports are found on pin 'O2[2]' on cell 'SRAM2RW64x4' without MUSTJOINALLPORTS in the pin property.
Warning : Multiple ports are found on a pin without MUSTJOINALLPORTS in the pin property in the LEF file. [PHYS-2381]
        : Multiple ports are found on pin 'I2[2]' on cell 'SRAM2RW64x4' without MUSTJOINALLPORTS in the pin property.
Warning : Multiple ports are found on a pin without MUSTJOINALLPORTS in the pin property in the LEF file. [PHYS-2381]
        : Multiple ports are found on pin 'I2[3]' on cell 'SRAM2RW64x4' without MUSTJOINALLPORTS in the pin property.
Warning : Multiple ports are found on a pin without MUSTJOINALLPORTS in the pin property in the LEF file. [PHYS-2381]
        : Multiple ports are found on pin 'O2[3]' on cell 'SRAM2RW64x4' without MUSTJOINALLPORTS in the pin property.
Warning : Multiple ports are found on a pin without MUSTJOINALLPORTS in the pin property in the LEF file. [PHYS-2381]
        : Multiple ports are found on pin 'O2[1]' on cell 'SRAM2RW64x4' without MUSTJOINALLPORTS in the pin property.
Warning : Multiple ports are found on a pin without MUSTJOINALLPORTS in the pin property in the LEF file. [PHYS-2381]
        : Multiple ports are found on pin 'I2[1]' on cell 'SRAM2RW64x4' without MUSTJOINALLPORTS in the pin property.
Warning : Multiple ports are found on a pin without MUSTJOINALLPORTS in the pin property in the LEF file. [PHYS-2381]
        : Multiple ports are found on pin 'I2[0]' on cell 'SRAM2RW64x4' without MUSTJOINALLPORTS in the pin property.
Warning : Multiple ports are found on a pin without MUSTJOINALLPORTS in the pin property in the LEF file. [PHYS-2381]
        : Multiple ports are found on pin 'O2[0]' on cell 'SRAM2RW64x4' without MUSTJOINALLPORTS in the pin property.
Warning : Multiple ports are found on a pin without MUSTJOINALLPORTS in the pin property in the LEF file. [PHYS-2381]
        : Multiple ports are found on pin 'I1[2]' on cell 'SRAM2RW64x4' without MUSTJOINALLPORTS in the pin property.
Warning : Multiple ports are found on a pin without MUSTJOINALLPORTS in the pin property in the LEF file. [PHYS-2381]
        : Multiple ports are found on pin 'O1[3]' on cell 'SRAM2RW64x4' without MUSTJOINALLPORTS in the pin property.
Warning : Multiple ports are found on a pin without MUSTJOINALLPORTS in the pin property in the LEF file. [PHYS-2381]
        : Multiple ports are found on pin 'I1[3]' on cell 'SRAM2RW64x4' without MUSTJOINALLPORTS in the pin property.
Warning : Multiple ports are found on a pin without MUSTJOINALLPORTS in the pin property in the LEF file. [PHYS-2381]
        : Multiple ports are found on pin 'O1[2]' on cell 'SRAM2RW64x4' without MUSTJOINALLPORTS in the pin property.
Warning : Multiple ports are found on a pin without MUSTJOINALLPORTS in the pin property in the LEF file. [PHYS-2381]
        : Multiple ports are found on pin 'O1[1]' on cell 'SRAM2RW64x4' without MUSTJOINALLPORTS in the pin property.
Warning : Multiple ports are found on a pin without MUSTJOINALLPORTS in the pin property in the LEF file. [PHYS-2381]
        : Multiple ports are found on pin 'I1[1]' on cell 'SRAM2RW64x4' without MUSTJOINALLPORTS in the pin property.

  According to lef_library, there are total 11 routing layers [ V(5) / H(6) ]

  Setting attribute of root '/': 'lef_library' = /data/Cadence/gpdk045_v60/gsclib045_svt_v4.7/gsclib045_tech/lef/gsclib045_tech.lef /data/Cadence/gpdk045_v60/gsclib045_all_v4.7/gsclib045_lvt/lef/gsclib045_lvt_macro.lef /data/Cadence/gpdk045_v60/Synopsys_sram/saed32sram.lef
  Setting attribute of root '/': 'lp_power_unit' = uW
Warning : This attribute will be obsolete in a next major release. [TUI-32]
        : attribute: 'hdl_search_path', object type: 'root'
        : Attribute 'hdl_search_path' is going to be obsoleted, use the new attribute 'init_hdl_search_path'.
  Setting attribute of root '/': 'hdl_search_path' =   ../src/ 
  Setting attribute of root '/': 'lib_search_path' =   /data/Cadence/gpdk045_v60/gsclib045_all_v4.7/gsclib045_lvt/  /data/Cadence/gpdk045_v60/Synopsys_sram/ 

Threads Configured:4
Info    : An unsupported construct was detected in this library. [LBR-40]
        : Unknown Liberty attribute 'library_features' encountered. Ignoring (File /data/Cadence/gpdk045_v60/Synopsys_sram/saed32sram_ss0p95vn40c.lib, Line 80)
        : Check to see if this construct is really needed for synthesis. Many liberty constructs are not actually required.
Info    : An unsupported construct was detected in this library. [LBR-40]
        : Unknown Liberty attribute 'library_features' encountered. Ignoring (File /data/Cadence/gpdk045_v60/Synopsys_sram/saed32sram_ss0p95vn40c.lib, Line 81)
Warning : Missing clock pin in the sequential cell. [LBR-525]
        : Clock pin absent in sequential cell(s) 'SRAM1RW1024x8' (File /data/Cadence/gpdk045_v60/Synopsys_sram/saed32sram_ss0p95vn40c.lib, Line 1441)
        : Sequential timing checks, such as 'setup_rising' or 'hold_rising', on flop and latch cells require a clock pin. Verify that the 'clock' attribute of the clock pin is set to 'true' or that the clock pin has a 'clocked_on' attribute.
Warning : Missing sequential block in the sequential cell. [LBR-526]
        : Sequential block (ff/ff_bank/latch/latch_bank) missing in cell(s) 'SRAM1RW1024x8'. This may cause potential problems with results of downstream tools (File /data/Cadence/gpdk045_v60/Synopsys_sram/saed32sram_ss0p95vn40c.lib)
Warning : Missing clock pin in the sequential cell. [LBR-525]
        : Clock pin absent in sequential cell(s) 'SRAM1RW128x46' (File /data/Cadence/gpdk045_v60/Synopsys_sram/saed32sram_ss0p95vn40c.lib, Line 1881)
Warning : Missing sequential block in the sequential cell. [LBR-526]
        : Sequential block (ff/ff_bank/latch/latch_bank) missing in cell(s) 'SRAM1RW128x46'. This may cause potential problems with results of downstream tools (File /data/Cadence/gpdk045_v60/Synopsys_sram/saed32sram_ss0p95vn40c.lib)
Warning : Missing clock pin in the sequential cell. [LBR-525]
        : Clock pin absent in sequential cell(s) 'SRAM1RW128x8' (File /data/Cadence/gpdk045_v60/Synopsys_sram/saed32sram_ss0p95vn40c.lib, Line 2761)
Warning : Missing sequential block in the sequential cell. [LBR-526]
        : Sequential block (ff/ff_bank/latch/latch_bank) missing in cell(s) 'SRAM1RW128x8'. This may cause potential problems with results of downstream tools (File /data/Cadence/gpdk045_v60/Synopsys_sram/saed32sram_ss0p95vn40c.lib)
Warning : Missing clock pin in the sequential cell. [LBR-525]
        : Clock pin absent in sequential cell(s) 'SRAM1RW128x48' (File /data/Cadence/gpdk045_v60/Synopsys_sram/saed32sram_ss0p95vn40c.lib, Line 2321)
Warning : Missing sequential block in the sequential cell. [LBR-526]
        : Sequential block (ff/ff_bank/latch/latch_bank) missing in cell(s) 'SRAM1RW128x48'. This may cause potential problems with results of downstream tools (File /data/Cadence/gpdk045_v60/Synopsys_sram/saed32sram_ss0p95vn40c.lib)
Warning : Missing clock pin in the sequential cell. [LBR-525]
        : Clock pin absent in sequential cell(s) 'SRAM1RW256x128' (File /data/Cadence/gpdk045_v60/Synopsys_sram/saed32sram_ss0p95vn40c.lib, Line 3201)
Warning : Missing sequential block in the sequential cell. [LBR-526]
        : Sequential block (ff/ff_bank/latch/latch_bank) missing in cell(s) 'SRAM1RW256x128'. This may cause potential problems with results of downstream tools (File /data/Cadence/gpdk045_v60/Synopsys_sram/saed32sram_ss0p95vn40c.lib)
Warning : Missing clock pin in the sequential cell. [LBR-525]
        : Clock pin absent in sequential cell(s) 'SRAM1RW256x32' (File /data/Cadence/gpdk045_v60/Synopsys_sram/saed32sram_ss0p95vn40c.lib, Line 3641)
Warning : Missing sequential block in the sequential cell. [LBR-526]
        : Sequential block (ff/ff_bank/latch/latch_bank) missing in cell(s) 'SRAM1RW256x32'. This may cause potential problems with results of downstream tools (File /data/Cadence/gpdk045_v60/Synopsys_sram/saed32sram_ss0p95vn40c.lib)
Warning : Missing clock pin in the sequential cell. [LBR-525]
        : Clock pin absent in sequential cell(s) 'SRAM1RW256x46' (File /data/Cadence/gpdk045_v60/Synopsys_sram/saed32sram_ss0p95vn40c.lib, Line 4081)
Warning : Missing sequential block in the sequential cell. [LBR-526]
        : Sequential block (ff/ff_bank/latch/latch_bank) missing in cell(s) 'SRAM1RW256x46'. This may cause potential problems with results of downstream tools (File /data/Cadence/gpdk045_v60/Synopsys_sram/saed32sram_ss0p95vn40c.lib)
Warning : Missing clock pin in the sequential cell. [LBR-525]
        : Clock pin absent in sequential cell(s) 'SRAM1RW256x48' (File /data/Cadence/gpdk045_v60/Synopsys_sram/saed32sram_ss0p95vn40c.lib, Line 4521)
Warning : Missing sequential block in the sequential cell. [LBR-526]
        : Sequential block (ff/ff_bank/latch/latch_bank) missing in cell(s) 'SRAM1RW256x48'. This may cause potential problems with results of downstream tools (File /data/Cadence/gpdk045_v60/Synopsys_sram/saed32sram_ss0p95vn40c.lib)
Warning : An attribute is used before it is defined. [LBR-511]
        : The library level attribute default_operating_conditions on line 24401 is defined after at least one cell definition. The attribute will be ignored. (File /data/Cadence/gpdk045_v60/Synopsys_sram/saed32sram_ss0p95vn40c.lib)
Warning : An attribute is used before it is defined. [LBR-511]
        : The library level attribute default_wire_load on line 24402 is defined after at least one cell definition. The attribute will be ignored. (File /data/Cadence/gpdk045_v60/Synopsys_sram/saed32sram_ss0p95vn40c.lib)
Warning : An attribute is used before it is defined. [LBR-511]
        : The library level attribute default_wire_load_selection on line 24403 is defined after at least one cell definition. The attribute will be ignored. (File /data/Cadence/gpdk045_v60/Synopsys_sram/saed32sram_ss0p95vn40c.lib)
Warning : Missing clock pin in the sequential cell. [LBR-525]
        : Clock pin absent in sequential cell(s) 'SRAM1RW256x8' (File /data/Cadence/gpdk045_v60/Synopsys_sram/saed32sram_ss0p95vn40c.lib, Line 4961)
Warning : Missing sequential block in the sequential cell. [LBR-526]
        : Sequential block (ff/ff_bank/latch/latch_bank) missing in cell(s) 'SRAM1RW256x8'. This may cause potential problems with results of downstream tools (File /data/Cadence/gpdk045_v60/Synopsys_sram/saed32sram_ss0p95vn40c.lib)
Warning : Missing clock pin in the sequential cell. [LBR-525]
        : Clock pin absent in sequential cell(s) 'SRAM1RW32x50' (File /data/Cadence/gpdk045_v60/Synopsys_sram/saed32sram_ss0p95vn40c.lib, Line 5401)
Warning : Missing sequential block in the sequential cell. [LBR-526]
        : Sequential block (ff/ff_bank/latch/latch_bank) missing in cell(s) 'SRAM1RW32x50'. This may cause potential problems with results of downstream tools (File /data/Cadence/gpdk045_v60/Synopsys_sram/saed32sram_ss0p95vn40c.lib)
Warning : Missing clock pin in the sequential cell. [LBR-525]
        : Clock pin absent in sequential cell(s) 'SRAM1RW512x128' (File /data/Cadence/gpdk045_v60/Synopsys_sram/saed32sram_ss0p95vn40c.lib, Line 5841)
Warning : Missing sequential block in the sequential cell. [LBR-526]
        : Sequential block (ff/ff_bank/latch/latch_bank) missing in cell(s) 'SRAM1RW512x128'. This may cause potential problems with results of downstream tools (File /data/Cadence/gpdk045_v60/Synopsys_sram/saed32sram_ss0p95vn40c.lib)
Warning : Missing clock pin in the sequential cell. [LBR-525]
        : Clock pin absent in sequential cell(s) 'SRAM1RW512x32' (File /data/Cadence/gpdk045_v60/Synopsys_sram/saed32sram_ss0p95vn40c.lib, Line 6281)
Warning : Missing sequential block in the sequential cell. [LBR-526]
        : Sequential block (ff/ff_bank/latch/latch_bank) missing in cell(s) 'SRAM1RW512x32'. This may cause potential problems with results of downstream tools (File /data/Cadence/gpdk045_v60/Synopsys_sram/saed32sram_ss0p95vn40c.lib)
Warning : Missing clock pin in the sequential cell. [LBR-525]
        : Clock pin absent in sequential cell(s) 'SRAM1RW512x8' (File /data/Cadence/gpdk045_v60/Synopsys_sram/saed32sram_ss0p95vn40c.lib, Line 6721)
Warning : Missing sequential block in the sequential cell. [LBR-526]
        : Sequential block (ff/ff_bank/latch/latch_bank) missing in cell(s) 'SRAM1RW512x8'. This may cause potential problems with results of downstream tools (File /data/Cadence/gpdk045_v60/Synopsys_sram/saed32sram_ss0p95vn40c.lib)
Warning : Missing clock pin in the sequential cell. [LBR-525]
        : Clock pin absent in sequential cell(s) 'SRAM1RW64x128' (File /data/Cadence/gpdk045_v60/Synopsys_sram/saed32sram_ss0p95vn40c.lib, Line 7161)
Warning : Missing sequential block in the sequential cell. [LBR-526]
        : Sequential block (ff/ff_bank/latch/latch_bank) missing in cell(s) 'SRAM1RW64x128'. This may cause potential problems with results of downstream tools (File /data/Cadence/gpdk045_v60/Synopsys_sram/saed32sram_ss0p95vn40c.lib)
Warning : Missing clock pin in the sequential cell. [LBR-525]
        : Clock pin absent in sequential cell(s) 'SRAM1RW64x32' (File /data/Cadence/gpdk045_v60/Synopsys_sram/saed32sram_ss0p95vn40c.lib, Line 7601)
Warning : Missing sequential block in the sequential cell. [LBR-526]
        : Sequential block (ff/ff_bank/latch/latch_bank) missing in cell(s) 'SRAM1RW64x32'. This may cause potential problems with results of downstream tools (File /data/Cadence/gpdk045_v60/Synopsys_sram/saed32sram_ss0p95vn40c.lib)
Warning : Missing clock pin in the sequential cell. [LBR-525]
        : Clock pin absent in sequential cell(s) 'SRAM1RW64x34' (File /data/Cadence/gpdk045_v60/Synopsys_sram/saed32sram_ss0p95vn40c.lib, Line 8041)
Warning : Missing sequential block in the sequential cell. [LBR-526]
        : Sequential block (ff/ff_bank/latch/latch_bank) missing in cell(s) 'SRAM1RW64x34'. This may cause potential problems with results of downstream tools (File /data/Cadence/gpdk045_v60/Synopsys_sram/saed32sram_ss0p95vn40c.lib)
Warning : Missing clock pin in the sequential cell. [LBR-525]
        : Clock pin absent in sequential cell(s) 'SRAM1RW64x8' (File /data/Cadence/gpdk045_v60/Synopsys_sram/saed32sram_ss0p95vn40c.lib, Line 8481)
Warning : Missing sequential block in the sequential cell. [LBR-526]
        : Sequential block (ff/ff_bank/latch/latch_bank) missing in cell(s) 'SRAM1RW64x8'. This may cause potential problems with results of downstream tools (File /data/Cadence/gpdk045_v60/Synopsys_sram/saed32sram_ss0p95vn40c.lib)
Warning : Missing clock pin in the sequential cell. [LBR-525]
        : Clock pin absent in sequential cell(s) 'SRAM2RW128x16' (File /data/Cadence/gpdk045_v60/Synopsys_sram/saed32sram_ss0p95vn40c.lib, Line 8921)
Warning : Missing sequential block in the sequential cell. [LBR-526]
        : Sequential block (ff/ff_bank/latch/latch_bank) missing in cell(s) 'SRAM2RW128x16'. This may cause potential problems with results of downstream tools (File /data/Cadence/gpdk045_v60/Synopsys_sram/saed32sram_ss0p95vn40c.lib)
Warning : Missing clock pin in the sequential cell. [LBR-525]
        : Clock pin absent in sequential cell(s) 'SRAM2RW128x32' (File /data/Cadence/gpdk045_v60/Synopsys_sram/saed32sram_ss0p95vn40c.lib, Line 9781)
Warning : Missing sequential block in the sequential cell. [LBR-526]
        : Sequential block (ff/ff_bank/latch/latch_bank) missing in cell(s) 'SRAM2RW128x32'. This may cause potential problems with results of downstream tools (File /data/Cadence/gpdk045_v60/Synopsys_sram/saed32sram_ss0p95vn40c.lib)
Warning : Missing clock pin in the sequential cell. [LBR-525]
        : Clock pin absent in sequential cell(s) 'SRAM2RW128x4' (File /data/Cadence/gpdk045_v60/Synopsys_sram/saed32sram_ss0p95vn40c.lib, Line 10641)
Warning : Missing sequential block in the sequential cell. [LBR-526]
        : Sequential block (ff/ff_bank/latch/latch_bank) missing in cell(s) 'SRAM2RW128x4'. This may cause potential problems with results of downstream tools (File /data/Cadence/gpdk045_v60/Synopsys_sram/saed32sram_ss0p95vn40c.lib)

  Message Summary for Library both libraries:
  *******************************************
  Missing sequential block in the sequential cell. [LBR-526]: 35
  Missing clock pin in the sequential cell. [LBR-525]: 35
  Missing a function attribute in the output pin definition. [LBR-518]: 1
  An attribute is used before it is defined. [LBR-511]: 3
  An unsupported construct was detected in this library. [LBR-40]: 3
  *******************************************
 
            Reading file '/data/Cadence/gpdk045_v60/gsclib045_all_v4.7/gsclib045_lvt/timing/slow_vdd1v2_basicCells_lvt.lib'
            Reading file '/data/Cadence/gpdk045_v60/Synopsys_sram/saed32sram_ss0p95vn40c.lib'
Warning : Libraries have inconsistent nominal operating conditions. In the Liberty library, there are attributes called nom_voltage, nom_process and nom_temperature. Genus reports the message, if the respective values of the 2 given .libs differ. [LBR-38]
        : The libraries are 'slow_vdd1v2' and 'saed32sram_ss0p95vn40c'.
        : This is a common source of delay calculation confusion and should be avoided.
Info    : Created nominal operating condition. [LBR-412]
        : Operating condition '_nominal_' was created for the PVT values (1.000000, 1.080000, 125.000000) in library 'slow_vdd1v2_basicCells_lvt.lib'.
        : The nominal operating condition is represented, either by the nominal PVT values specified in the library source (via nom_process,nom_voltage and nom_temperature respectively), or by the default PVT values (1.0,1.0,1.0).
Info    : Created nominal operating condition. [LBR-412]
        : Operating condition '_nominal_' was created for the PVT values (0.990000, 0.950000, -40.000000) in library 'saed32sram_ss0p95vn40c.lib'.
Info    : An output library pin lacks a function attribute. [LBR-41]
        : Output pin 'SRAM1RW1024x8/O[0]' has no function.
        : If the remainder of this library cell's semantic checks are successful, it will be considered as a timing-model (because one of its outputs does not have a valid function.
Info    : An output library pin lacks a function attribute. [LBR-41]
        : Output pin 'SRAM1RW1024x8/O[1]' has no function.
Warning : Library cell has no output pins defined. [LBR-9]
        : Library cell 'ANTENNALVT' must have an output pin.
        : Add the missing output pin(s), then reload the library. Else the library cell will be marked as timing model i.e. unusable. Timing_model means that the cell does not have any defined function. If there is no output pin, Genus will mark library cell as unusable i.e. the attribute 'usable' will be marked to 'false' on the libcell. Therefore, the cell is not used for mapping and it will not be picked up from the library for synthesis. If you query the attribute 'unusable_reason' on the libcell; result will be: 'Library cell has no output pins.'Note: The message LBR-9 is only for the logical pins and not for the power_ground pins. Genus will depend upon the output function defined in the pin group (output pin) of the cell, to use it for mapping. The pg_pin will not have any function defined.
Warning : Library cell has no output pins defined. [LBR-9]
        : Library cell 'ANTENNALVT' must have an output pin.
Info    : Mismatch in unateness between 'timing_sense' attribute and the function. [LBR-155]
        : 'timing_sense' attribute between pin 'CI' and 'S' in libcell 'ADDFHX1LVT' is 'pos_unate', but unateness determined from function is 'non_unate'.
        : The 'timing_sense' attribute will be respected.
Info    : Mismatch in unateness between 'timing_sense' attribute and the function. [LBR-155]
        : 'timing_sense' attribute between pin 'CI' and 'S' in libcell 'ADDFHX1LVT' is 'neg_unate', but unateness determined from function is 'non_unate'.
Info    : Both 'pos_unate' and 'neg_unate' timing_sense arcs have been processed. [LBR-162]
        : Non_unate 'timing_sense' inferred between pin 'CI' and 'S' in libcell 'ADDFHX1LVT'.
        : Setting the 'timing_sense' to non_unate.
Info    : Both 'pos_unate' and 'neg_unate' timing_sense arcs have been processed. [LBR-162]
        : Non_unate 'timing_sense' inferred between pin 'B' and 'S' in libcell 'ADDFHX1LVT'.
Info    : Setting the maximum print count of this message to 10 if information_level is less than 9. [LBR-161]
        : To print all the warning messages, set the information_level to 9.
  Libraries have 324 usable logic and 128 usable sequential lib-cells.
Warning : Inconsistency detected among the units specified in the timing libraries being used. [LBR-714]
        : Libraries with inconsistent time/capacitance units were loaded.
        : Default system time/capacitance unit will be used.
  Setting attribute of root '/': 'library' =   /data/Cadence/gpdk045_v60/gsclib045_all_v4.7/gsclib045_lvt/timing/slow_vdd1v2_basicCells_lvt.lib  /data/Cadence/gpdk045_v60/Synopsys_sram/saed32sram_ss0p95vn40c.lib 
Creating directory ./outputs
Creating directory ./reports
  Setting attribute of libcell 'SDFFHQX1LVT': 'avoid' = true
  Setting attribute of libcell 'SDFFHQX2LVT': 'avoid' = true
  Setting attribute of libcell 'SDFFHQX4LVT': 'avoid' = true
  Setting attribute of libcell 'SDFFHQX8LVT': 'avoid' = true
  Setting attribute of libcell 'SDFFNSRX1LVT': 'avoid' = true
  Setting attribute of libcell 'SDFFNSRX2LVT': 'avoid' = true
  Setting attribute of libcell 'SDFFNSRX4LVT': 'avoid' = true
  Setting attribute of libcell 'SDFFNSRXLLVT': 'avoid' = true
  Setting attribute of libcell 'SDFFQX1LVT': 'avoid' = true
  Setting attribute of libcell 'SDFFQX2LVT': 'avoid' = true
  Setting attribute of libcell 'SDFFQX4LVT': 'avoid' = true
  Setting attribute of libcell 'SDFFQXLLVT': 'avoid' = true
  Setting attribute of libcell 'SDFFRHQX1LVT': 'avoid' = true
  Setting attribute of libcell 'SDFFRHQX2LVT': 'avoid' = true
  Setting attribute of libcell 'SDFFRHQX4LVT': 'avoid' = true
  Setting attribute of libcell 'SDFFRHQX8LVT': 'avoid' = true
  Setting attribute of libcell 'SDFFRX1LVT': 'avoid' = true
  Setting attribute of libcell 'SDFFRX2LVT': 'avoid' = true
  Setting attribute of libcell 'SDFFRX4LVT': 'avoid' = true
  Setting attribute of libcell 'SDFFRXLLVT': 'avoid' = true
  Setting attribute of libcell 'SDFFSHQX1LVT': 'avoid' = true
  Setting attribute of libcell 'SDFFSHQX2LVT': 'avoid' = true
  Setting attribute of libcell 'SDFFSHQX4LVT': 'avoid' = true
  Setting attribute of libcell 'SDFFSHQX8LVT': 'avoid' = true
  Setting attribute of libcell 'SDFFSRHQX1LVT': 'avoid' = true
  Setting attribute of libcell 'SDFFSRHQX2LVT': 'avoid' = true
  Setting attribute of libcell 'SDFFSRHQX4LVT': 'avoid' = true
  Setting attribute of libcell 'SDFFSRHQX8LVT': 'avoid' = true
  Setting attribute of libcell 'SDFFSRX1LVT': 'avoid' = true
  Setting attribute of libcell 'SDFFSRX2LVT': 'avoid' = true
  Setting attribute of libcell 'SDFFSRX4LVT': 'avoid' = true
  Setting attribute of libcell 'SDFFSRXLLVT': 'avoid' = true
  Setting attribute of libcell 'SDFFSX1LVT': 'avoid' = true
  Setting attribute of libcell 'SDFFSX2LVT': 'avoid' = true
  Setting attribute of libcell 'SDFFSX4LVT': 'avoid' = true
  Setting attribute of libcell 'SDFFSXLLVT': 'avoid' = true
  Setting attribute of libcell 'SDFFTRX1LVT': 'avoid' = true
  Setting attribute of libcell 'SDFFTRX2LVT': 'avoid' = true
  Setting attribute of libcell 'SDFFTRX4LVT': 'avoid' = true
  Setting attribute of libcell 'SDFFTRXLLVT': 'avoid' = true
  Setting attribute of libcell 'SDFFX1LVT': 'avoid' = true
  Setting attribute of libcell 'SDFFX2LVT': 'avoid' = true
  Setting attribute of libcell 'SDFFX4LVT': 'avoid' = true
  Setting attribute of libcell 'SDFFXLLVT': 'avoid' = true
  Setting attribute of libcell 'SEDFFHQX1LVT': 'avoid' = true
  Setting attribute of libcell 'SEDFFHQX2LVT': 'avoid' = true
  Setting attribute of libcell 'SEDFFHQX4LVT': 'avoid' = true
  Setting attribute of libcell 'SEDFFHQX8LVT': 'avoid' = true
  Setting attribute of libcell 'SEDFFTRX1LVT': 'avoid' = true
  Setting attribute of libcell 'SEDFFTRX2LVT': 'avoid' = true
  Setting attribute of libcell 'SEDFFTRX4LVT': 'avoid' = true
  Setting attribute of libcell 'SEDFFTRXLLVT': 'avoid' = true
  Setting attribute of libcell 'SEDFFX1LVT': 'avoid' = true
  Setting attribute of libcell 'SEDFFX2LVT': 'avoid' = true
  Setting attribute of libcell 'SEDFFX4LVT': 'avoid' = true
  Setting attribute of libcell 'SEDFFXLLVT': 'avoid' = true
  Setting attribute of libcell 'SMDFFHQX1LVT': 'avoid' = true
  Setting attribute of libcell 'SMDFFHQX2LVT': 'avoid' = true
  Setting attribute of libcell 'SMDFFHQX4LVT': 'avoid' = true
  Setting attribute of libcell 'SMDFFHQX8LVT': 'avoid' = true
Sourcing './scripts/synth_elb.tcl' (Tue Apr 07 14:54:38 CEST 2026)...


 ##################################
 #                                #
 #    ELABORATION                 #
 #                                #
 ##################################


            Reading Verilog file '../src/../src/design/et4351.v'
            Reading Verilog file '../src/../src/design/accelerator.v'
            Reading Verilog file '../src/../src/design/accelerator_fft.v'
            Reading Verilog file '../src/../src/design/accelerator_mem.v'
            Reading Verilog file '../src/../src/design/picosoc.v'
            Reading Verilog file '../src/../src/design/spimemio.v'
            Reading Verilog file '../src/../src/design/simpleuart.v'
            Reading Verilog file '../src/../src/design/picorv32.v'
  Setting attribute of root '/': 'hdl_error_on_latch' = true
  Setting attribute of root '/': 'auto_ungroup' = none
  Libraries have 324 usable logic and 68 usable sequential lib-cells.
Info    : Elaborating Design. [ELAB-1]
        : Elaborating top-level block 'et4351' from file '../src/../src/design/et4351.v'.

Info    : Elaborating Subdesign. [ELAB-2]
        : Elaborating block 'bidir_buf' from file '../src/../src/design/et4351.v'.
Info    : Elaborating Subdesign. [ELAB-2]
        : Elaborating block 'picosoc' from file '../src/../src/design/picosoc.v'.
Info    : Elaborating Subdesign. [ELAB-2]
        : Elaborating block 'picorv32_ENABLE_COUNTERS1_BARREL_SHIFTER1_COMPRESSED_ISA1_ENABLE_MUL1_ENABLE_FAST_MUL0_ENABLE_DIV1_ENABLE_IRQ1_ENABLE_IRQ_QREGS0_PROGADDR_RESET1048576_PROGADDR_IRQ0_STACKADDR1024' from file '../src/../src/design/picorv32.v'.
Info    : Processing multi-dimensional arrays. [CDFG-250]
        : Variable 'cpuregs' in module 'picorv32_ENABLE_COUNTERS1_BARREL_SHIFTER1_COMPRESSED_ISA1_ENABLE_MUL1_ENABLE_FAST_MUL0_ENABLE_DIV1_ENABLE_IRQ1_ENABLE_IRQ_QREGS0_PROGADDR_RESET1048576_PROGADDR_IRQ0_STACKADDR1024' in file '../src/../src/design/picorv32.v' on line 203.
Info    : Elaborating Subdesign. [ELAB-2]
        : Elaborating block 'picorv32_pcpi_mul' from file '../src/../src/design/picorv32.v'.
Info    : Elaborating Subdesign. [ELAB-2]
        : Elaborating block 'picorv32_pcpi_div' from file '../src/../src/design/picorv32.v'.
Warning : Ignored redundant case item. [CDFG-480]
        : Case item '0' in module 'picorv32_ENABLE_COUNTERS1_BARREL_SHIFTER1_COMPRESSED_ISA1_ENABLE_MUL1_ENABLE_FAST_MUL0_ENABLE_DIV1_ENABLE_IRQ1_ENABLE_IRQ_QREGS0_PROGADDR_RESET1048576_PROGADDR_IRQ0_STACKADDR1024' in file '../src/../src/design/picorv32.v' on line 1662.
        : When multiple case item expressions match the case condition, only the statements associated with the first matching item are considered.
Warning : Unreachable statements for case item. [CDFG-472]
        : Case item '4' in module 'picorv32_ENABLE_COUNTERS1_BARREL_SHIFTER1_COMPRESSED_ISA1_ENABLE_MUL1_ENABLE_FAST_MUL0_ENABLE_DIV1_ENABLE_IRQ1_ENABLE_IRQ_QREGS0_PROGADDR_RESET1048576_PROGADDR_IRQ0_STACKADDR1024' in file '../src/../src/design/picorv32.v' on line 1662.
Warning : Ignored redundant case item. [CDFG-480]
        : Case item '0' in module 'picorv32_ENABLE_COUNTERS1_BARREL_SHIFTER1_COMPRESSED_ISA1_ENABLE_MUL1_ENABLE_FAST_MUL0_ENABLE_DIV1_ENABLE_IRQ1_ENABLE_IRQ_QREGS0_PROGADDR_RESET1048576_PROGADDR_IRQ0_STACKADDR1024' in file '../src/../src/design/picorv32.v' on line 1708.
Warning : Unreachable statements for case item. [CDFG-472]
        : Case item '9' in module 'picorv32_ENABLE_COUNTERS1_BARREL_SHIFTER1_COMPRESSED_ISA1_ENABLE_MUL1_ENABLE_FAST_MUL0_ENABLE_DIV1_ENABLE_IRQ1_ENABLE_IRQ_QREGS0_PROGADDR_RESET1048576_PROGADDR_IRQ0_STACKADDR1024' in file '../src/../src/design/picorv32.v' on line 1708.
Warning : Removing unused register. [CDFG-508]
        : Removing unused flip-flop register 'next_insn_opcode' in module 'picorv32_ENABLE_COUNTERS1_BARREL_SHIFTER1_COMPRESSED_ISA1_ENABLE_MUL1_ENABLE_FAST_MUL0_ENABLE_DIV1_ENABLE_IRQ1_ENABLE_IRQ_QREGS0_PROGADDR_RESET1048576_PROGADDR_IRQ0_STACKADDR1024' in file '../src/../src/design/picorv32.v' on line 430.
        : Genus removes the flip-flop or latch inferred for an unused signal or variable. To preserve the flip-flop or latch, set the hdl_preserve_unused_registers attribute to true or use a pragma in the RTL.
Warning : Removing unused register. [CDFG-508]
        : Removing unused latch register 'new_ascii_instr' in module 'picorv32_ENABLE_COUNTERS1_BARREL_SHIFTER1_COMPRESSED_ISA1_ENABLE_MUL1_ENABLE_FAST_MUL0_ENABLE_DIV1_ENABLE_IRQ1_ENABLE_IRQ_QREGS0_PROGADDR_RESET1048576_PROGADDR_IRQ0_STACKADDR1024' in file '../src/../src/design/picorv32.v' on line 700.
Warning : Removing unused register. [CDFG-508]
        : Removing unused flip-flop register 'dbg_insn_addr' in module 'picorv32_ENABLE_COUNTERS1_BARREL_SHIFTER1_COMPRESSED_ISA1_ENABLE_MUL1_ENABLE_FAST_MUL0_ENABLE_DIV1_ENABLE_IRQ1_ENABLE_IRQ_QREGS0_PROGADDR_RESET1048576_PROGADDR_IRQ0_STACKADDR1024' in file '../src/../src/design/picorv32.v' on line 776.
Warning : Removing unused register. [CDFG-508]
        : Removing unused flip-flop register 'q_ascii_instr' in module 'picorv32_ENABLE_COUNTERS1_BARREL_SHIFTER1_COMPRESSED_ISA1_ENABLE_MUL1_ENABLE_FAST_MUL0_ENABLE_DIV1_ENABLE_IRQ1_ENABLE_IRQ_QREGS0_PROGADDR_RESET1048576_PROGADDR_IRQ0_STACKADDR1024' in file '../src/../src/design/picorv32.v' on line 776.
Warning : Removing unused register. [CDFG-508]
        : Removing unused flip-flop register 'q_insn_imm' in module 'picorv32_ENABLE_COUNTERS1_BARREL_SHIFTER1_COMPRESSED_ISA1_ENABLE_MUL1_ENABLE_FAST_MUL0_ENABLE_DIV1_ENABLE_IRQ1_ENABLE_IRQ_QREGS0_PROGADDR_RESET1048576_PROGADDR_IRQ0_STACKADDR1024' in file '../src/../src/design/picorv32.v' on line 776.
Warning : Removing unused register. [CDFG-508]
        : Removing unused flip-flop register 'q_insn_opcode' in module 'picorv32_ENABLE_COUNTERS1_BARREL_SHIFTER1_COMPRESSED_ISA1_ENABLE_MUL1_ENABLE_FAST_MUL0_ENABLE_DIV1_ENABLE_IRQ1_ENABLE_IRQ_QREGS0_PROGADDR_RESET1048576_PROGADDR_IRQ0_STACKADDR1024' in file '../src/../src/design/picorv32.v' on line 776.
Warning : Removing unused register. [CDFG-508]
        : Removing unused flip-flop register 'q_insn_rs1' in module 'picorv32_ENABLE_COUNTERS1_BARREL_SHIFTER1_COMPRESSED_ISA1_ENABLE_MUL1_ENABLE_FAST_MUL0_ENABLE_DIV1_ENABLE_IRQ1_ENABLE_IRQ_QREGS0_PROGADDR_RESET1048576_PROGADDR_IRQ0_STACKADDR1024' in file '../src/../src/design/picorv32.v' on line 776.
Warning : Removing unused register. [CDFG-508]
        : Removing unused flip-flop register 'q_insn_rs2' in module 'picorv32_ENABLE_COUNTERS1_BARREL_SHIFTER1_COMPRESSED_ISA1_ENABLE_MUL1_ENABLE_FAST_MUL0_ENABLE_DIV1_ENABLE_IRQ1_ENABLE_IRQ_QREGS0_PROGADDR_RESET1048576_PROGADDR_IRQ0_STACKADDR1024' in file '../src/../src/design/picorv32.v' on line 776.
Warning : Removing unused register. [CDFG-508]
        : Removing unused flip-flop register 'q_insn_rd' in module 'picorv32_ENABLE_COUNTERS1_BARREL_SHIFTER1_COMPRESSED_ISA1_ENABLE_MUL1_ENABLE_FAST_MUL0_ENABLE_DIV1_ENABLE_IRQ1_ENABLE_IRQ_QREGS0_PROGADDR_RESET1048576_PROGADDR_IRQ0_STACKADDR1024' in file '../src/../src/design/picorv32.v' on line 776.
Warning : Removing unused register. [CDFG-508]
        : Removing unused flip-flop register 'dbg_next' in module 'picorv32_ENABLE_COUNTERS1_BARREL_SHIFTER1_COMPRESSED_ISA1_ENABLE_MUL1_ENABLE_FAST_MUL0_ENABLE_DIV1_ENABLE_IRQ1_ENABLE_IRQ_QREGS0_PROGADDR_RESET1048576_PROGADDR_IRQ0_STACKADDR1024' in file '../src/../src/design/picorv32.v' on line 776.
Warning : Removing unused register. [CDFG-508]
        : Removing unused flip-flop register 'dbg_valid_insn' in module 'picorv32_ENABLE_COUNTERS1_BARREL_SHIFTER1_COMPRESSED_ISA1_ENABLE_MUL1_ENABLE_FAST_MUL0_ENABLE_DIV1_ENABLE_IRQ1_ENABLE_IRQ_QREGS0_PROGADDR_RESET1048576_PROGADDR_IRQ0_STACKADDR1024' in file '../src/../src/design/picorv32.v' on line 776.
Warning : Removing unused register. [CDFG-508]
        : Removing unused flip-flop register 'cached_ascii_instr' in module 'picorv32_ENABLE_COUNTERS1_BARREL_SHIFTER1_COMPRESSED_ISA1_ENABLE_MUL1_ENABLE_FAST_MUL0_ENABLE_DIV1_ENABLE_IRQ1_ENABLE_IRQ_QREGS0_PROGADDR_RESET1048576_PROGADDR_IRQ0_STACKADDR1024' in file '../src/../src/design/picorv32.v' on line 776.
Warning : Removing unused register. [CDFG-508]
        : Removing unused flip-flop register 'cached_insn_imm' in module 'picorv32_ENABLE_COUNTERS1_BARREL_SHIFTER1_COMPRESSED_ISA1_ENABLE_MUL1_ENABLE_FAST_MUL0_ENABLE_DIV1_ENABLE_IRQ1_ENABLE_IRQ_QREGS0_PROGADDR_RESET1048576_PROGADDR_IRQ0_STACKADDR1024' in file '../src/../src/design/picorv32.v' on line 776.
Warning : Removing unused register. [CDFG-508]
        : Removing unused flip-flop register 'cached_insn_opcode' in module 'picorv32_ENABLE_COUNTERS1_BARREL_SHIFTER1_COMPRESSED_ISA1_ENABLE_MUL1_ENABLE_FAST_MUL0_ENABLE_DIV1_ENABLE_IRQ1_ENABLE_IRQ_QREGS0_PROGADDR_RESET1048576_PROGADDR_IRQ0_STACKADDR1024' in file '../src/../src/design/picorv32.v' on line 776.
Warning : Removing unused register. [CDFG-508]
        : Removing unused flip-flop register 'cached_insn_rs1' in module 'picorv32_ENABLE_COUNTERS1_BARREL_SHIFTER1_COMPRESSED_ISA1_ENABLE_MUL1_ENABLE_FAST_MUL0_ENABLE_DIV1_ENABLE_IRQ1_ENABLE_IRQ_QREGS0_PROGADDR_RESET1048576_PROGADDR_IRQ0_STACKADDR1024' in file '../src/../src/design/picorv32.v' on line 776.
Warning : Removing unused register. [CDFG-508]
        : Removing unused flip-flop register 'cached_insn_rs2' in module 'picorv32_ENABLE_COUNTERS1_BARREL_SHIFTER1_COMPRESSED_ISA1_ENABLE_MUL1_ENABLE_FAST_MUL0_ENABLE_DIV1_ENABLE_IRQ1_ENABLE_IRQ_QREGS0_PROGADDR_RESET1048576_PROGADDR_IRQ0_STACKADDR1024' in file '../src/../src/design/picorv32.v' on line 776.
Warning : Removing unused register. [CDFG-508]
        : Removing unused flip-flop register 'cached_insn_rd' in module 'picorv32_ENABLE_COUNTERS1_BARREL_SHIFTER1_COMPRESSED_ISA1_ENABLE_MUL1_ENABLE_FAST_MUL0_ENABLE_DIV1_ENABLE_IRQ1_ENABLE_IRQ_QREGS0_PROGADDR_RESET1048576_PROGADDR_IRQ0_STACKADDR1024' in file '../src/../src/design/picorv32.v' on line 776.
Warning : Removing unused register. [CDFG-508]
        : Removing unused latch register 'dbg_insn_opcode' in module 'picorv32_ENABLE_COUNTERS1_BARREL_SHIFTER1_COMPRESSED_ISA1_ENABLE_MUL1_ENABLE_FAST_MUL0_ENABLE_DIV1_ENABLE_IRQ1_ENABLE_IRQ_QREGS0_PROGADDR_RESET1048576_PROGADDR_IRQ0_STACKADDR1024' in file '../src/../src/design/picorv32.v' on line 807.
Warning : Removing unused register. [CDFG-508]
        : Removing unused latch register 'dbg_ascii_instr' in module 'picorv32_ENABLE_COUNTERS1_BARREL_SHIFTER1_COMPRESSED_ISA1_ENABLE_MUL1_ENABLE_FAST_MUL0_ENABLE_DIV1_ENABLE_IRQ1_ENABLE_IRQ_QREGS0_PROGADDR_RESET1048576_PROGADDR_IRQ0_STACKADDR1024' in file '../src/../src/design/picorv32.v' on line 807.
Warning : Removing unused register. [CDFG-508]
        : Removing unused latch register 'dbg_insn_imm' in module 'picorv32_ENABLE_COUNTERS1_BARREL_SHIFTER1_COMPRESSED_ISA1_ENABLE_MUL1_ENABLE_FAST_MUL0_ENABLE_DIV1_ENABLE_IRQ1_ENABLE_IRQ_QREGS0_PROGADDR_RESET1048576_PROGADDR_IRQ0_STACKADDR1024' in file '../src/../src/design/picorv32.v' on line 807.
Info    : Unused module input port. [CDFG-500]
        : Input port 'pcpi_wr' is not used in module 'picorv32_ENABLE_COUNTERS1_BARREL_SHIFTER1_COMPRESSED_ISA1_ENABLE_MUL1_ENABLE_FAST_MUL0_ENABLE_DIV1_ENABLE_IRQ1_ENABLE_IRQ_QREGS0_PROGADDR_RESET1048576_PROGADDR_IRQ0_STACKADDR1024' in file '../src/../src/design/picorv32.v' on line 114.
        : (In port definition within the module, the input port is not used in any assignment statements or conditional expressions for decision statements.
Info    : Unused module input port. [CDFG-500]
        : Input port 'pcpi_rd' is not used in module 'picorv32_ENABLE_COUNTERS1_BARREL_SHIFTER1_COMPRESSED_ISA1_ENABLE_MUL1_ENABLE_FAST_MUL0_ENABLE_DIV1_ENABLE_IRQ1_ENABLE_IRQ_QREGS0_PROGADDR_RESET1048576_PROGADDR_IRQ0_STACKADDR1024' in file '../src/../src/design/picorv32.v' on line 115.
Info    : Unused module input port. [CDFG-500]
        : Input port 'pcpi_wait' is not used in module 'picorv32_ENABLE_COUNTERS1_BARREL_SHIFTER1_COMPRESSED_ISA1_ENABLE_MUL1_ENABLE_FAST_MUL0_ENABLE_DIV1_ENABLE_IRQ1_ENABLE_IRQ_QREGS0_PROGADDR_RESET1048576_PROGADDR_IRQ0_STACKADDR1024' in file '../src/../src/design/picorv32.v' on line 116.
Info    : Unused module input port. [CDFG-500]
        : Input port 'pcpi_ready' is not used in module 'picorv32_ENABLE_COUNTERS1_BARREL_SHIFTER1_COMPRESSED_ISA1_ENABLE_MUL1_ENABLE_FAST_MUL0_ENABLE_DIV1_ENABLE_IRQ1_ENABLE_IRQ_QREGS0_PROGADDR_RESET1048576_PROGADDR_IRQ0_STACKADDR1024' in file '../src/../src/design/picorv32.v' on line 117.
Info    : Unused instance port. [ELABUTL-132]
        : Unused Port 'trap' of instance 'cpu' of module 'picorv32_ENABLE_COUNTERS1_BARREL_SHIFTER1_COMPRESSED_ISA1_ENABLE_MUL1_ENABLE_FAST_MUL0_ENABLE_DIV1_ENABLE_IRQ1_ENABLE_IRQ_QREGS0_PROGADDR_RESET1048576_PROGADDR_IRQ0_STACKADDR1024' inside module 'picosoc' in file '../src/../src/design/picosoc.v' on line 153.
        : Please check the reported scenario of unconnected instance port to ensure that it matches the design intent.
Info    : Unused instance port. [ELABUTL-132]
        : Unused Port 'mem_la_read' of instance 'cpu' of module 'picorv32_ENABLE_COUNTERS1_BARREL_SHIFTER1_COMPRESSED_ISA1_ENABLE_MUL1_ENABLE_FAST_MUL0_ENABLE_DIV1_ENABLE_IRQ1_ENABLE_IRQ_QREGS0_PROGADDR_RESET1048576_PROGADDR_IRQ0_STACKADDR1024' inside module 'picosoc' in file '../src/../src/design/picosoc.v' on line 153.
Info    : Elaborating Subdesign. [ELAB-2]
        : Elaborating block 'spimemio' from file '../src/../src/design/spimemio.v'.
Info    : Elaborating Subdesign. [ELAB-2]
        : Elaborating block 'spimemio_xfer' from file '../src/../src/design/spimemio.v'.
Info    : Unused module input port. [CDFG-500]
        : Input port 'din_cont' is not used in module 'spimemio_xfer' in file '../src/../src/design/spimemio.v' on line 398.
Info    : Elaborating Subdesign. [ELAB-2]
        : Elaborating block 'simpleuart' from file '../src/../src/design/simpleuart.v'.
Info    : Elaborating Subdesign. [ELAB-2]
        : Elaborating block 'picosoc_mem_WORDS256' from file '../src/../src/design/picosoc.v'.
Info    : Elaborating Subdesign. [ELAB-2]
        : Elaborating block 'accelerator' from file '../src/../src/design/accelerator.v'.
Info    : Processing multi-dimensional arrays. [CDFG-250]
        : Variable 'iomem_accel' in module 'accelerator' in file '../src/../src/design/accelerator.v' on line 50.
Info    : Elaborating Subdesign. [ELAB-2]
        : Elaborating block 'accelerator_mem_MEM_DEPTH64' from file '../src/../src/design/accelerator_mem.v'.
Info    : Processing multi-dimensional arrays. [CDFG-250]
        : Variable 'mem_b0' in module 'accelerator_mem_MEM_DEPTH64' in file '../src/../src/design/accelerator_mem.v' on line 19.
Info    : Processing multi-dimensional arrays. [CDFG-250]
        : Variable 'mem_b1' in module 'accelerator_mem_MEM_DEPTH64' in file '../src/../src/design/accelerator_mem.v' on line 30.
Info    : Elaborating Subdesign. [ELAB-2]
        : Elaborating block 'accelerator_fft_LOG_MAX_N32_MEM_WIDTH32_ADDR_WIDTH6' from file '../src/../src/design/accelerator_fft.v'.
Warning : Unreachable statements for case item. [CDFG-472]
        : Case item 'default' in module 'accelerator_fft_LOG_MAX_N32_MEM_WIDTH32_ADDR_WIDTH6' in file '../src/../src/design/accelerator_fft.v' on line 108.
Info    : Unused module input port. [CDFG-500]
        : Input port 'resetn' is not used in module 'accelerator_fft_LOG_MAX_N32_MEM_WIDTH32_ADDR_WIDTH6' in file '../src/../src/design/accelerator_fft.v' on line 8.
Info    : Done Elaborating Design. [ELAB-3]
        : Done elaborating 'et4351'.
Checking for analog nets...
Check completed for analog nets.
Checking for source RTL...
Check completed for source RTL.
Running Unified Mux Engine Tricks...
Completed Unified Mux Engine Tricks
--------------------------------------------------------
| Trick             | Accepts | Rejects | Runtime (ms) | 
--------------------------------------------------------
| ume_constant_bmux |       0 |       0 |         2.00 | 
--------------------------------------------------------
Starting clip mux common data inputs [v1.0] (stage: post_elab, startdef: et4351, recur: true)
Completed clip mux common data inputs (accepts: 2, rejects: 0, runtime: 0.004s)
Starting clip the non-user hierarchies [v2.0] (stage: post_elab, startdef: et4351, recur: true)
Completed clip the non-user hierarchies (accepts: 1, rejects: 0, runtime: 0.016s)
        Computing net loads.
===========================================
The RUNTIME after Elaboration is 23.000000 secs
and the MEMORY_USAGE after Elaboration is 1043.14 MB
===========================================
Error   : Invalid SDC command option combination. [SDC-204] [set_driving_cell]
        : The set_driving_cell command cannot find a lib_cell named 'INVX1' in library '/libraries/slow_vdd1v2' specified with the '-libcell' or '-cell' option.
        : This option is not valid for the indicated SDC command. Check the SDC command and contact Cadence customer support if you believe this option combination should be supported.
Error   : Could not interpret SDC command. [SDC-202] [read_sdc]
        : The 'read_sdc' command encountered an error while processing this command on line '49' of the SDC file '../src//sdc/et4351.sdc': set_driving_cell -lib_cell INVX1 [all_inputs].
        : The 'read_sdc' command encountered a problem while trying to evaluate an SDC command. This SDC command will be added to the Tcl variable $::dc::sdc_failed_commands.
Warning : Could not find requested search value. [SDC-208] [get_ports]
        : The 'get_ports' command on line '76' of the SDC file '../src//sdc/et4351.sdc'  cannot find any ports named 'accel_o_path_node'
        : Use get_* commands to find the objects along with a wild card entry in the name of the object to check if the object is existing with different naming style.
Error   : Invalid SDC command option combination. [SDC-204] [set_io_delay]
        : The set_io_delay command does not accept empty ports lists
Error   : Could not interpret SDC command. [SDC-202] [read_sdc]
        : The 'read_sdc' command encountered an error while processing this command on line '76' of the SDC file '../src//sdc/et4351.sdc': set_output_delay     -max '$MAX_IO_DLY'                                  -clock 'clk'           [get_ports accel_o_path_node].
Warning : Could not find requested search value. [SDC-208] [get_ports]
        : The 'get_ports' command on line '77' of the SDC file '../src//sdc/et4351.sdc'  cannot find any ports named 'accel_o_path_node'
Error   : Could not interpret SDC command. [SDC-202] [read_sdc]
        : The 'read_sdc' command encountered an error while processing this command on line '77' of the SDC file '../src//sdc/et4351.sdc': set_output_delay     -min '$MIN_IO_DLY'                                  -clock 'clk'           [get_ports accel_o_path_node].
Warning : Could not find requested search value. [SDC-208] [get_ports]
        : The 'get_ports' command on line '78' of the SDC file '../src//sdc/et4351.sdc'  cannot find any ports named 'accel_o_path_node_valid'
Error   : Could not interpret SDC command. [SDC-202] [read_sdc]
        : The 'read_sdc' command encountered an error while processing this command on line '78' of the SDC file '../src//sdc/et4351.sdc': set_output_delay     -max '$MAX_IO_DLY'                                  -clock 'clk'           [get_ports accel_o_path_node_valid].
Warning : Could not find requested search value. [SDC-208] [get_ports]
        : The 'get_ports' command on line '79' of the SDC file '../src//sdc/et4351.sdc'  cannot find any ports named 'accel_o_path_node_valid'
Error   : Could not interpret SDC command. [SDC-202] [read_sdc]
        : The 'read_sdc' command encountered an error while processing this command on line '79' of the SDC file '../src//sdc/et4351.sdc': set_output_delay     -min '$MIN_IO_DLY'                                  -clock 'clk'           [get_ports accel_o_path_node_valid].
Statistics for commands executed by read_sdc:
 "all_clocks"               - successful      1 , failed      0 (runtime  0.00)
 "all_inputs"               - successful      1 , failed      0 (runtime  0.00)
 "all_outputs"              - successful      1 , failed      0 (runtime  0.00)
 "create_clock"             - successful      1 , failed      0 (runtime  0.00)
 "create_generated_clock"   - successful      1 , failed      0 (runtime  0.00)
 "get_ports"                - successful     12 , failed      4 (runtime  0.00)
 "set_clock_uncertainty"    - successful      1 , failed      0 (runtime  0.00)
 "set_driving_cell"         - successful      0 , failed      1 (runtime  0.00)
 "set_false_path"           - successful      3 , failed      0 (runtime  0.00)
 "set_input_delay"          - successful      2 , failed      0 (runtime  0.00)
 "set_load"                 - successful      1 , failed      0 (runtime  0.00)
 "set_output_delay"         - successful      4 , failed      4 (runtime  0.00)
Warning : Total failed commands during read_sdc are 9
Warning : One or more commands failed when these constraints were applied. [SDC-209]
        : The 'read_sdc' command encountered a problem while processing commands.
        : You can examine the failed commands or save them to a file by querying the Tcl variable $::dc::sdc_failed_commands.
      Compressed 5 timing exceptions down to 4.
read_sdc completed in 00:00:00 (hh:mm:ss)
Info    : Changed names successfully. [CHNM-102]
        : '/designs/et4351/nets/iomem_rdata[0]' moved to '/designs/et4351/nets/iomem_rdata_0_'.
Info    : Changed names successfully. [CHNM-102]
        : '/designs/et4351/nets/iomem_rdata[1]' moved to '/designs/et4351/nets/iomem_rdata_1_'.
Warning : Failed to change names. [CHNM-110]
        : Cannot change name of preserved instance 'sram_0'.
        : Add 'set_attribute ui_respects_preserve false' (legacy_ui) or 'set_db ui_respects_preserve false'(common_ui) to allow name changes on preserved objects.
Warning : Failed to change names. [CHNM-110]
        : Cannot change name of preserved instance 'sram_1'.
Warning : Failed to change names. [CHNM-110]
        : Cannot change name of preserved instance 'sram_2'.
Warning : Failed to change names. [CHNM-110]
        : Cannot change name of preserved instance 'sram_3'.
Warning : Port names affected by change_names do not automatically get updated in written out SV wrapper module. [CHNM-108] [change_names]
        : If user is setting  write_sv_port_wrapper = true then the port names affected by usage of change_name  
    need to be updated manually in the written out SV wrapper module.
        : If user is setting write_sv_port_wrapper = true then the port names affected by usage of change_name need to be updated manually in the written out SV wrapper module.
Warning : This attribute will be obsolete in a next major release. [TUI-32]
        : attribute: 'number_of_routing_layers', object type: 'design'
        : Attribute, 'number_of_routing_layers' on design is going to be obsoleted, use the same attribute on the root.
no gcells found!
no gcells found!
  Setting attribute of design 'et4351': 'number_of_routing_layers' = 8
Checking out license: Genus_Physical_Opt
INFO:  Setting default techsite as 'CoreSite'
INFO:  populated Genus DB with 348 newly created rows on sites 'CoreSite'.

TRACKS X 800 DO 1661 STEP 800 LAYER  Metal11 ;  
TRACKS Y 1140 DO 1399 STEP 950 LAYER  Metal11 ;  
TRACKS Y 190 DO 3499 STEP 380 LAYER  Metal10 ;  
TRACKS X 800 DO 1661 STEP 800 LAYER  Metal10 ;  
TRACKS X 200 DO 3324 STEP 400 LAYER  Metal9 ;  
TRACKS Y 190 DO 3499 STEP 380 LAYER  Metal9 ;  
TRACKS Y 190 DO 3499 STEP 380 LAYER  Metal8 ;  
TRACKS X 200 DO 3324 STEP 400 LAYER  Metal8 ;  
TRACKS X 200 DO 3324 STEP 400 LAYER  Metal7 ;  
TRACKS Y 190 DO 3499 STEP 380 LAYER  Metal7 ;  
TRACKS Y 190 DO 3499 STEP 380 LAYER  Metal6 ;  
TRACKS X 200 DO 3324 STEP 400 LAYER  Metal6 ;  
TRACKS X 200 DO 3324 STEP 400 LAYER  Metal5 ;  
TRACKS Y 190 DO 3499 STEP 380 LAYER  Metal5 ;  
TRACKS Y 190 DO 3499 STEP 380 LAYER  Metal4 ;  
TRACKS X 200 DO 3324 STEP 400 LAYER  Metal4 ;  
TRACKS X 200 DO 3324 STEP 400 LAYER  Metal3 ;  
TRACKS Y 190 DO 3499 STEP 380 LAYER  Metal3 ;  
TRACKS Y 190 DO 3499 STEP 380 LAYER  Metal2 ;  
TRACKS X 200 DO 3324 STEP 400 LAYER  Metal2 ;  
TRACKS X 200 DO 3324 STEP 400 LAYER  Metal1 ;  
TRACKS Y 190 DO 3499 STEP 380 LAYER  Metal1 ;  
The above data based on Genus DBU, might be scaled in DEF
  Setting attribute of root '/': 'syn_generic_effort' = low
      Running additional step before syn_gen...

##Generic Timing Info for library domain: _default_ typical gate delay: 63.5 ps std_slew: 8.9 ps std_load: 1.2 fF
Starting mux data reorder optimization [v1.0] (stage: pre_to_gen_setup, startdef: et4351, recur: true)
Completed mux data reorder optimization (accepts: 0, rejects: 0, runtime: 0.049s)
Info    : Deleting sequential instances not driving any primary outputs. [GLO-32]
        : Deleting 86 sequential instances. 
Following instances are deleted as they do not drive any primary output:
'soc/cpu/eoi_reg_0_', 'soc/cpu/eoi_reg_1_', 'soc/cpu/eoi_reg_2_', 
'soc/cpu/eoi_reg_3_', 'soc/cpu/eoi_reg_4_', 'soc/cpu/eoi_reg_5_', 
'soc/cpu/eoi_reg_6_', 'soc/cpu/eoi_reg_7_', 'soc/cpu/eoi_reg_8_', 
'soc/cpu/eoi_reg_9_', 'soc/cpu/eoi_reg_10_', 'soc/cpu/eoi_reg_11_', 
'soc/cpu/eoi_reg_12_', 'soc/cpu/eoi_reg_13_', 'soc/cpu/eoi_reg_14_', 
'soc/cpu/eoi_reg_15_', 'soc/cpu/eoi_reg_16_', 'soc/cpu/eoi_reg_17_', 
'soc/cpu/eoi_reg_18_', 'soc/cpu/eoi_reg_19_', 'soc/cpu/eoi_reg_20_', 
'soc/cpu/eoi_reg_21_', 'soc/cpu/eoi_reg_22_', 'soc/cpu/eoi_reg_23_', 
'soc/cpu/eoi_reg_24_', 'soc/cpu/eoi_reg_25_', 'soc/cpu/eoi_reg_26_', 
'soc/cpu/eoi_reg_27_', 'soc/cpu/eoi_reg_28_', 'soc/cpu/eoi_reg_29_', 
'soc/cpu/eoi_reg_30_', 'soc/cpu/eoi_reg_31_', 'soc/cpu/mem_instr_reg', 
'soc/cpu/pcpi_insn_reg_7_', 'soc/cpu/pcpi_insn_reg_8_', 
'soc/cpu/pcpi_insn_reg_9_', 'soc/cpu/pcpi_insn_reg_10_', 
'soc/cpu/pcpi_insn_reg_11_', 'soc/cpu/pcpi_insn_reg_15_', 
'soc/cpu/pcpi_insn_reg_16_', 'soc/cpu/pcpi_insn_reg_17_', 
'soc/cpu/pcpi_insn_reg_18_', 'soc/cpu/pcpi_insn_reg_19_', 
'soc/cpu/pcpi_insn_reg_20_', 'soc/cpu/pcpi_insn_reg_21_', 
'soc/cpu/pcpi_insn_reg_22_', 'soc/cpu/pcpi_insn_reg_23_', 
'soc/cpu/pcpi_insn_reg_24_', 'soc/cpu/trace_data_reg_0_', 
'soc/cpu/trace_data_reg_1_', 'soc/cpu/trace_data_reg_2_', 
'soc/cpu/trace_data_reg_3_', 'soc/cpu/trace_data_reg_4_', 
'soc/cpu/trace_data_reg_5_', 'soc/cpu/trace_data_reg_6_', 
'soc/cpu/trace_data_reg_7_', 'soc/cpu/trace_data_reg_8_', 
'soc/cpu/trace_data_reg_9_', 'soc/cpu/trace_data_reg_10_', 
'soc/cpu/trace_data_reg_11_', 'soc/cpu/trace_data_reg_12_', 
'soc/cpu/trace_data_reg_13_', 'soc/cpu/trace_data_reg_14_', 
'soc/cpu/trace_data_reg_15_', 'soc/cpu/trace_data_reg_16_', 
'soc/cpu/trace_data_reg_17_', 'soc/cpu/trace_data_reg_18_', 
'soc/cpu/trace_data_reg_19_', 'soc/cpu/trace_data_reg_20_', 
'soc/cpu/trace_data_reg_21_', 'soc/cpu/trace_data_reg_22_', 
'soc/cpu/trace_data_reg_23_', 'soc/cpu/trace_data_reg_24_', 
'soc/cpu/trace_data_reg_25_', 'soc/cpu/trace_data_reg_26_', 
'soc/cpu/trace_data_reg_27_', 'soc/cpu/trace_data_reg_28_', 
'soc/cpu/trace_data_reg_29_', 'soc/cpu/trace_data_reg_30_', 
'soc/cpu/trace_data_reg_31_', 'soc/cpu/trace_data_reg_32_', 
'soc/cpu/trace_data_reg_33_', 'soc/cpu/trace_data_reg_34_', 
'soc/cpu/trace_data_reg_35_', 'soc/cpu/trace_valid_reg', 
'soc/spimemio/din_cont_reg'.
        : Optimizations such as constant propagation or redundancy removal could change the connections so an instance does not drive any primary outputs anymore. To see the list of deleted sequential, set the 'information_level' attribute to 2 or above. If the message is truncated set the message attribute 'truncate' to false to see the complete list.
Info    : Deleting instances not driving any primary outputs. [GLO-34]
        : Deleting 3 hierarchical instances. 
Following instances are deleted as they do not drive any primary output:
'soc/cpu/g316', 'soc/cpu/mux_eoi_1490_9', 'soc/cpu/mux_mem_instr_589_10'.
        : Optimizations such as constant propagation or redundancy removal could change the connections so a hierarchical instance does not drive any primary outputs anymore. To see the list of deleted hierarchical instances, set the 'information_level' attribute to 2 or above. If the message is truncated set the message attribute 'truncate' to false to see the complete list. To prevent this optimization, set the 'delete_unloaded_insts' root/subdesign attribute to 'false' or 'preserve' instance attribute to 'true'.
Info    : Replacing a flip-flop with a logic constant 0. [GLO-12]
        : The instance is 'soc/cpu/mem_addr_reg_0_'.
        : To prevent this optimization, set the 'optimize_constant_0_flops' root attribute to 'false' or 'optimize_constant_0_seq' instance attribute to 'false'. You can also see the complete list of deleted sequential with command "report sequential -deleted" (on Reason "constant0").
Info    : Replacing a flip-flop with a logic constant 0. [GLO-12]
        : The instance is 'soc/cpu/mem_addr_reg_1_'.
Info    : Replacing a flip-flop with a logic constant 0. [GLO-12]
        : The instance is 'soc/cpu/instr_getq_reg'.
Info    : Replacing a flip-flop with a logic constant 0. [GLO-12]
        : The instance is 'soc/cpu/instr_setq_reg'.
Info    : Replacing a flip-flop with a logic constant 0. [GLO-12]
        : The instance is 'soc/cpu/decoded_imm_j_reg_0_'.
Info    : Replacing a flip-flop with a logic constant 0. [GLO-12]
        : The instance is 'soc/cpu/cpu_state_reg_4_'.
Info    : Replacing a flip-flop with a logic constant 0. [GLO-12]
        : The instance is 'soc/cpu/genblk1.pcpi_mul/rdx_reg_0_'.
Info    : Replacing a flip-flop with a logic constant 0. [GLO-12]
        : The instance is 'soc/cpu/genblk1.pcpi_mul/rdx_reg_1_'.
Info    : Replacing a flip-flop with a logic constant 0. [GLO-12]
        : The instance is 'soc/cpu/genblk1.pcpi_mul/rdx_reg_2_'.
Info    : Replacing a flip-flop with a logic constant 0. [GLO-12]
        : The instance is 'soc/cpu/genblk1.pcpi_mul/rdx_reg_3_'.
Info    : Replacing a flip-flop with a logic constant 0. [GLO-12]
        : The instance is 'soc/cpu/genblk1.pcpi_mul/rdx_reg_5_'.
Info    : Replacing a flip-flop with a logic constant 0. [GLO-12]
        : The instance is 'soc/cpu/genblk1.pcpi_mul/rdx_reg_6_'.
Info    : Replacing a flip-flop with a logic constant 0. [GLO-12]
        : The instance is 'soc/cpu/genblk1.pcpi_mul/rdx_reg_7_'.
Info    : Replacing a flip-flop with a logic constant 0. [GLO-12]
        : The instance is 'soc/cpu/genblk1.pcpi_mul/rdx_reg_9_'.
Info    : Replacing a flip-flop with a logic constant 0. [GLO-12]
        : The instance is 'soc/cpu/genblk1.pcpi_mul/rdx_reg_10_'.
Info    : Replacing a flip-flop with a logic constant 0. [GLO-12]
        : The instance is 'soc/cpu/genblk1.pcpi_mul/rdx_reg_11_'.
Info    : Replacing a flip-flop with a logic constant 0. [GLO-12]
        : The instance is 'soc/cpu/genblk1.pcpi_mul/rdx_reg_13_'.
Info    : Replacing a flip-flop with a logic constant 0. [GLO-12]
        : The instance is 'soc/cpu/genblk1.pcpi_mul/rdx_reg_14_'.
Info    : Replacing a flip-flop with a logic constant 0. [GLO-12]
        : The instance is 'soc/cpu/genblk1.pcpi_mul/rdx_reg_15_'.
Info    : Replacing a flip-flop with a logic constant 0. [GLO-12]
        : The instance is 'soc/cpu/genblk1.pcpi_mul/rdx_reg_17_'.
Info    : Replacing a flip-flop with a logic constant 1. [GLO-13]
        : The instance is 'soc/simpleuart/send_pattern_reg_9_'.
        : To prevent this optimization, set the 'optimize_constant_1_flops' root attribute to 'false' or 'optimize_constant_1_seq' instance attribute to 'false'.
Info    : Deleting sequential instances not driving any primary outputs. [GLO-32]
        : Deleting 60 sequential instances. 
Following instances are deleted as they do not drive any primary output:
'accel/fft/m_reg_0_', 'soc/cpu/cpu_state_reg_4_', 
'soc/cpu/decoded_imm_j_reg_0_', 'soc/cpu/genblk1.pcpi_mul/rdx_reg_0_', 
'soc/cpu/genblk1.pcpi_mul/rdx_reg_1_', 
'soc/cpu/genblk1.pcpi_mul/rdx_reg_2_', 
'soc/cpu/genblk1.pcpi_mul/rdx_reg_3_', 
'soc/cpu/genblk1.pcpi_mul/rdx_reg_5_', 
'soc/cpu/genblk1.pcpi_mul/rdx_reg_6_', 
'soc/cpu/genblk1.pcpi_mul/rdx_reg_7_', 
'soc/cpu/genblk1.pcpi_mul/rdx_reg_9_', 
'soc/cpu/genblk1.pcpi_mul/rdx_reg_10_', 
'soc/cpu/genblk1.pcpi_mul/rdx_reg_11_', 
'soc/cpu/genblk1.pcpi_mul/rdx_reg_13_', 
'soc/cpu/genblk1.pcpi_mul/rdx_reg_14_', 
'soc/cpu/genblk1.pcpi_mul/rdx_reg_15_', 
'soc/cpu/genblk1.pcpi_mul/rdx_reg_17_', 
'soc/cpu/genblk1.pcpi_mul/rdx_reg_18_', 
'soc/cpu/genblk1.pcpi_mul/rdx_reg_19_', 
'soc/cpu/genblk1.pcpi_mul/rdx_reg_21_', 
'soc/cpu/genblk1.pcpi_mul/rdx_reg_22_', 
'soc/cpu/genblk1.pcpi_mul/rdx_reg_23_', 
'soc/cpu/genblk1.pcpi_mul/rdx_reg_25_', 
'soc/cpu/genblk1.pcpi_mul/rdx_reg_26_', 
'soc/cpu/genblk1.pcpi_mul/rdx_reg_27_', 
'soc/cpu/genblk1.pcpi_mul/rdx_reg_29_', 
'soc/cpu/genblk1.pcpi_mul/rdx_reg_30_', 
'soc/cpu/genblk1.pcpi_mul/rdx_reg_31_', 
'soc/cpu/genblk1.pcpi_mul/rdx_reg_33_', 
'soc/cpu/genblk1.pcpi_mul/rdx_reg_34_', 
'soc/cpu/genblk1.pcpi_mul/rdx_reg_35_', 
'soc/cpu/genblk1.pcpi_mul/rdx_reg_37_', 
'soc/cpu/genblk1.pcpi_mul/rdx_reg_38_', 
'soc/cpu/genblk1.pcpi_mul/rdx_reg_39_', 
'soc/cpu/genblk1.pcpi_mul/rdx_reg_41_', 
'soc/cpu/genblk1.pcpi_mul/rdx_reg_42_', 
'soc/cpu/genblk1.pcpi_mul/rdx_reg_43_', 
'soc/cpu/genblk1.pcpi_mul/rdx_reg_45_', 
'soc/cpu/genblk1.pcpi_mul/rdx_reg_46_', 
'soc/cpu/genblk1.pcpi_mul/rdx_reg_47_', 
'soc/cpu/genblk1.pcpi_mul/rdx_reg_49_', 
'soc/cpu/genblk1.pcpi_mul/rdx_reg_50_', 
'soc/cpu/genblk1.pcpi_mul/rdx_reg_51_', 
'soc/cpu/genblk1.pcpi_mul/rdx_reg_53_', 
'soc/cpu/genblk1.pcpi_mul/rdx_reg_54_', 
'soc/cpu/genblk1.pcpi_mul/rdx_reg_55_', 
'soc/cpu/genblk1.pcpi_mul/rdx_reg_57_', 
'soc/cpu/genblk1.pcpi_mul/rdx_reg_58_', 
'soc/cpu/genblk1.pcpi_mul/rdx_reg_59_', 
'soc/cpu/genblk1.pcpi_mul/rdx_reg_61_', 
'soc/cpu/genblk1.pcpi_mul/rdx_reg_62_', 
'soc/cpu/genblk1.pcpi_mul/rdx_reg_63_', 'soc/cpu/instr_getq_reg', 
'soc/cpu/instr_setq_reg', 'soc/cpu/mem_addr_reg_0_', 
'soc/cpu/mem_addr_reg_1_', 'soc/simpleuart/send_pattern_reg_9_', 
'soc/spimemio/din_tag_reg_3_', 'soc/spimemio/xfer/xfer_tag_q_reg_3_', 
'soc/spimemio/xfer/xfer_tag_reg_3_'.
Info    : Deleting instances not driving any primary outputs. [GLO-34]
        : Deleting 26 hierarchical instances. 
Following instances are deleted as they do not drive any primary output:
'soc/cpu/genblk2.pcpi_div/mux_pcpi_wr_2516_22', 'soc/cpu/mux_381_36', 
'soc/cpu/mux_1504_37', 'soc/cpu/mux_1564_35', 
'soc/cpu/mux_cpu_state_1784_48', 'soc/cpu/mux_cpu_state_1936_47', 
'soc/cpu/mux_decoded_rs1_950_36', 'soc/cpu/mux_decoded_rs1_986_13', 
'soc/cpu/mux_decoder_pseudo_trigger_1904_27', 
'soc/cpu/mux_decoder_trigger_1886_26', 'soc/cpu/mux_mem_valid_601_26', 
'soc/cpu/mux_next_irq_pending_1784_48', 'soc/cpu/mux_pcpi_valid_1781_25', 
'soc/cpu/mux_reg_out_1774_11', 'soc/spimemio/mux_din_valid_267_29', 
'soc/spimemio/mux_din_valid_288_29', 'soc/spimemio/mux_din_valid_300_33', 
'soc/spimemio/mux_din_valid_310_29', 'soc/spimemio/mux_din_valid_319_29', 
'soc/spimemio/mux_din_valid_329_29', 'soc/spimemio/mux_din_valid_339_29', 
'soc/spimemio/mux_din_valid_348_29', 'soc/spimemio/mux_din_valid_356_29', 
'soc/spimemio/mux_din_valid_365_33', 'soc/spimemio/mux_rd_valid_373_21', 
'soc/spimemio/mux_xfer_resetn_273_29'.
Current PLE settings:

Aspect ratio        : 1.000
Shrink factor       : 1.000
Scale of res/length : 1.000
Scale of cap/length : 1.000
Net derating factor : 1.000
Thermal factor      : 1.000
Via Resistance      : 0.000 ohm (from default)
Site size           : 1.910 um (from lef [tech+cell])

                                   Capacitance  
  Layer                             / Length         Data source:
Name        Direction Utilization  (pF/micron)       lef_library
------------------------------------------------
Metal1          H         0.00        0.000412  
Metal2          V         1.00        0.000416  
Metal3          H         1.00        0.000416  
Metal4          V         1.00        0.000416  
Metal5          H         1.00        0.000416  
Metal6          V         1.00        0.000416  
Metal7          H         1.00        0.000416  
Metal8          V         1.00        0.000416  

                                    Resistance   
  Layer                              / Length         Data source:
Name        Direction Utilization  (ohm/micron)       lef_library
-------------------------------------------------
Metal1          H         0.00         1.226667  
Metal2          V         1.00         0.755000  
Metal3          H         1.00         0.755000  
Metal4          V         1.00         0.755000  
Metal5          H         1.00         0.755000  
Metal6          V         1.00         0.755000  
Metal7          H         1.00         0.755000  
Metal8          V         1.00         0.267500  

                                        Area     
  Layer                               / Length        Data source:
Name        Direction Utilization     (micron)        lef_library
-------------------------------------------------
Metal1          H         0.00         0.060000  
Metal2          V         1.00         0.080000  
Metal3          H         1.00         0.080000  
Metal4          V         1.00         0.080000  
Metal5          H         1.00         0.080000  
Metal6          V         1.00         0.080000  
Metal7          H         1.00         0.080000  
Metal8          V         1.00         0.080000  

Info    : Multimode clock gating check is disabled. [TIM-1000]
Info    : Synthesizing. [SYNTH-1]
        : Synthesizing 'et4351' to generic gates using 'low' effort.
PBS_Generic-Start - Elapsed_Time 0, CPU_Time 0.0
stamp 'PBS_Generic-Start' being created for table 'pbs_debug'

  Total Time (Wall) |  Stage Time (Wall)  |   % (Wall)   |    Date - Time     |  Memory   | Stage
--------------------+---------------------+--------------+--------------------+-----------+----------------------
 00:00:27(00:00:37) |  00:00:00(00:00:00) |   0.0(  0.0) |   14:54:52 (Apr07) |  415.4 MB | PBS_Generic-Start
--------------------+---------------------+--------------+--------------------+-----------+----------------------
Number of threads: 4 * 1   (id: pbs_debug, time_info v1.57)
Info: (*N*) indicates data that was populated from previously saved time_info database
Info: CPU time includes time of parent + longest thread
        Computing net loads.
TNS Restructuring config: no_value at stage: generic applied.
Info    : Partition Based Synthesis execution skipped. [PHYS-752]
        : 'low' effort synthesis done in non-distributed manner. Set synthesize -effort to 'medium' or 'high' to turn on distributed optimization.
Starting mux data reorder optimization [v1.0] (stage: pre_to_gen_setup, startdef: et4351, recur: true)
Completed mux data reorder optimization (accepts: 0, rejects: 0, runtime: 0.113s)
Info    : Deleting instances not driving any primary outputs. [GLO-34]
        : Deleting 6 hierarchical instances. 
Following instances are deleted as they do not drive any primary output:
'soc/cpu/genblk2.pcpi_div/mux_pcpi_wr_2508_8', 
'soc/cpu/mux_cpu_state_1774_11', 'soc/cpu/mux_decoded_rs1_956_38', 
'soc/cpu/mux_decoder_pseudo_trigger_1886_26', 
'soc/cpu/mux_next_irq_pending_1781_25', 'soc/cpu/mux_pcpi_valid_1774_11'.
Starting mux data reorder optimization [v1.0] (stage: post_to_gen_setup, startdef: et4351, recur: true)
Completed mux data reorder optimization (accepts: 0, rejects: 0, runtime: 0.048s)
Current PLE settings:

Aspect ratio        : 1.000
Shrink factor       : 1.000
Scale of res/length : 1.000
Scale of cap/length : 1.000
Net derating factor : 1.000
Thermal factor      : 1.000
Via Resistance      : 0.000 ohm (from default)
Site size           : 1.910 um (from lef [tech+cell])

                                   Capacitance  
  Layer                             / Length         Data source:
Name        Direction Utilization  (pF/micron)       lef_library
------------------------------------------------
Metal1          H         0.00        0.000412  
Metal2          V         1.00        0.000416  
Metal3          H         1.00        0.000416  
Metal4          V         1.00        0.000416  
Metal5          H         1.00        0.000416  
Metal6          V         1.00        0.000416  
Metal7          H         1.00        0.000416  
Metal8          V         1.00        0.000416  

                                    Resistance   
  Layer                              / Length         Data source:
Name        Direction Utilization  (ohm/micron)       lef_library
-------------------------------------------------
Metal1          H         0.00         1.226667  
Metal2          V         1.00         0.755000  
Metal3          H         1.00         0.755000  
Metal4          V         1.00         0.755000  
Metal5          H         1.00         0.755000  
Metal6          V         1.00         0.755000  
Metal7          H         1.00         0.755000  
Metal8          V         1.00         0.267500  

                                        Area     
  Layer                               / Length        Data source:
Name        Direction Utilization     (micron)        lef_library
-------------------------------------------------
Metal1          H         0.00         0.060000  
Metal2          V         1.00         0.080000  
Metal3          H         1.00         0.080000  
Metal4          V         1.00         0.080000  
Metal5          H         1.00         0.080000  
Metal6          V         1.00         0.080000  
Metal7          H         1.00         0.080000  
Metal8          V         1.00         0.080000  

Info    : Combinational hierarchical blocks with identical inputs have been merged. [GLO-40]
        : Instances 'add_270_47' and 'add_301_47' in 'accelerator_fft_LOG_MAX_N32_MEM_WIDTH32_ADDR_WIDTH6' have been merged.
        : This optimization usually reduces design area. To prevent merging of combinational hierarchical blocks, set the 'merge_combinational_hier_instances' root attribute to 'false' or the 'merge_combinational_hier_instance' instance attribute to 'false'.
Info    : Combinational hierarchical blocks with identical inputs have been merged. [GLO-40]
        : Instances 'add_273_47' and 'add_307_47' in 'accelerator_fft_LOG_MAX_N32_MEM_WIDTH32_ADDR_WIDTH6' have been merged.
Info    : Equivalent sequential instances have been merged. [GLO-42]
        : Instances 'half_reg_0_' and 'm_reg_1_' in 'accelerator_fft_LOG_MAX_N32_MEM_WIDTH32_ADDR_WIDTH6' have been merged.
        : To prevent merging of sequential instances, set the 'optimize_merge_flops' and 'optimize_merge_latches' root attributes to 'false' or the 'optimize_merge_seq' instance attribute to 'false'.
Info    : Equivalent sequential instances have been merged. [GLO-42]
        : Instances 'half_reg_1_' and 'm_reg_2_' in 'accelerator_fft_LOG_MAX_N32_MEM_WIDTH32_ADDR_WIDTH6' have been merged.
Info    : Combinational hierarchical blocks with identical inputs have been merged. [GLO-40]
        : Instances 'add_1556_33' and 'add_1564_32' in 'picorv32_ENABLE_COUNTERS1_BARREL_SHIFTER1_COMPRESSED_ISA1_ENABLE_MUL1_ENABLE_FAST_MUL0_ENABLE_DIV1_ENABLE_IRQ1_ENABLE_IRQ_QREGS0_PROGADDR_RESET1048576_PROGADDR_IRQ0_STACKADDR1024' have been merged.
Info    : Combinational hierarchical blocks with identical inputs have been merged. [GLO-40]
        : Instances 'g266' and 'g302' in 'picorv32_ENABLE_COUNTERS1_BARREL_SHIFTER1_COMPRESSED_ISA1_ENABLE_MUL1_ENABLE_FAST_MUL0_ENABLE_DIV1_ENABLE_IRQ1_ENABLE_IRQ_QREGS0_PROGADDR_RESET1048576_PROGADDR_IRQ0_STACKADDR1024' have been merged.
Info    : Combinational hierarchical blocks with identical inputs have been merged. [GLO-40]
        : Instances 'g267' and 'g322' in 'picorv32_ENABLE_COUNTERS1_BARREL_SHIFTER1_COMPRESSED_ISA1_ENABLE_MUL1_ENABLE_FAST_MUL0_ENABLE_DIV1_ENABLE_IRQ1_ENABLE_IRQ_QREGS0_PROGADDR_RESET1048576_PROGADDR_IRQ0_STACKADDR1024' have been merged.
Info    : Combinational hierarchical instances are merged. [GLO-46]
        : Combinational hierarchical instances that have less than or equal to 10 cells are merged. Please use the 'comb_seq_merge_message_threshold' root attribute to see the affected instances.
Info    : Combinational hierarchical blocks with identical inputs have been merged. [GLO-40]
        : Instances 'sub_504_26' and 'sub_524_25' in 'spimemio_xfer' have been merged.
Running Unified Mux Engine Tricks...
Completed Unified Mux Engine Tricks
--------------------------------------------
| Trick | Accepts | Rejects | Runtime (ms) | 
--------------------------------------------
--------------------------------------------
Starting datapath recasting [v1.0] (stage: pre_rtlopt, startdef: et4351, recur: true)
Completed datapath recasting (accepts: 0, rejects: 0, runtime: 0.006s)
Starting infer macro optimization [v1.0] (stage: pre_rtlopt, startdef: et4351, recur: true)
Completed infer macro optimization (accepts: 0, rejects: 105, runtime: 0.209s)
Starting decode mux sandwich optimization [v2.0] (stage: pre_rtlopt, startdef: et4351, recur: true)
Completed decode mux sandwich optimization (accepts: 0, rejects: 0, runtime: 0.002s)
Starting decode mux optimization [v1.0] (stage: pre_rtlopt, startdef: et4351, recur: true)
Completed decode mux optimization (accepts: 0, rejects: 0, runtime: 0.002s)
Starting chop wide muxes [v1.0] (stage: pre_rtlopt, startdef: et4351, recur: true)
Completed chop wide muxes (accepts: 0, rejects: 0, runtime: 0.004s)
Starting common data mux cascade opt [v1.0] (stage: pre_rtlopt, startdef: et4351, recur: true)
Completed common data mux cascade opt (accepts: 0, rejects: 0, runtime: 0.004s)
Starting mux input consolidation [v1.0] (stage: pre_rtlopt, startdef: et4351, recur: true)
Completed mux input consolidation (accepts: 0, rejects: 0, runtime: 0.013s)
Starting priority mux optimization [v1.0] (stage: pre_rtlopt, startdef: et4351, recur: true)
Completed priority mux optimization (accepts: 0, rejects: 0, runtime: 3.543s)
Starting constant-data mux optimization [v1.0] (stage: pre_rtlopt, startdef: et4351, recur: true)
Completed constant-data mux optimization (accepts: 0, rejects: 0, runtime: 0.008s)
Starting chain-to-tree inequality transform [v2.0] (stage: pre_rtlopt, startdef: et4351, recur: true)
Completed chain-to-tree inequality transform (accepts: 0, rejects: 0, runtime: 0.301s)
Starting reconvergence optimization [v1.0] (stage: pre_rtlopt, startdef: et4351, recur: true)
Completed reconvergence optimization (accepts: 0, rejects: 0, runtime: 0.007s)
Starting logic restructure optimization [v1.0] (stage: pre_rtlopt, startdef: et4351, recur: true)
Completed logic restructure optimization (accepts: 0, rejects: 0, runtime: 0.026s)
Starting common select mux optimization [v1.0] (stage: pre_rtlopt, startdef: et4351, recur: true)
Completed common select mux optimization (accepts: 0, rejects: 5, runtime: 0.028s)
Starting identity transform [v3.0] (stage: pre_rtlopt, startdef: et4351, recur: true)
Completed identity transform (accepts: 0, rejects: 3, runtime: 0.023s)
Starting reduce operator chain [v1.0] (stage: pre_rtlopt, startdef: et4351, recur: true)
Completed reduce operator chain (accepts: 0, rejects: 0, runtime: 0.002s)
Starting common data mux cascade opt [v1.0] (stage: pre_rtlopt, startdef: et4351, recur: true)
Completed common data mux cascade opt (accepts: 0, rejects: 0, runtime: 0.008s)
Starting mux input consolidation [v1.0] (stage: pre_rtlopt, startdef: et4351, recur: true)
Completed mux input consolidation (accepts: 0, rejects: 0, runtime: 0.020s)
Starting optimize datapath elements [v1.0] (stage: pre_rtlopt, startdef: et4351, recur: true)
          Accepted optimize datapath elements in module picosoc for instance(s): eq_115_52
          Accepted optimize datapath elements in module picosoc for instance(s): eq_118_62
          Accepted optimize datapath elements in module picosoc for instance(s): eq_121_62
          Accepted optimize datapath elements in module picorv32_ENABLE_COUNTERS1_BARREL_SHIFTER1_COMPRESSED_ISA1_ENABLE_MUL1_ENABLE_FAST_MUL0_ENABLE_DIV1_ENABLE_IRQ1_ENABLE_IRQ_QREGS0_PROGADDR_RESET1048576_PROGADDR_IRQ0_STACKADDR1024 for instance(s): eq_1077_77
          Accepted optimize datapath elements in module picorv32_ENABLE_COUNTERS1_BARREL_SHIFTER1_COMPRESSED_ISA1_ENABLE_MUL1_ENABLE_FAST_MUL0_ENABLE_DIV1_ENABLE_IRQ1_ENABLE_IRQ_QREGS0_PROGADDR_RESET1048576_PROGADDR_IRQ0_STACKADDR1024 for instance(s): eq_1078_77
          Accepted optimize datapath elements in module picorv32_ENABLE_COUNTERS1_BARREL_SHIFTER1_COMPRESSED_ISA1_ENABLE_MUL1_ENABLE_FAST_MUL0_ENABLE_DIV1_ENABLE_IRQ1_ENABLE_IRQ_QREGS0_PROGADDR_RESET1048576_PROGADDR_IRQ0_STACKADDR1024 for instance(s): eq_1079_77
          Accepted optimize datapath elements in module picorv32_ENABLE_COUNTERS1_BARREL_SHIFTER1_COMPRESSED_ISA1_ENABLE_MUL1_ENABLE_FAST_MUL0_ENABLE_DIV1_ENABLE_IRQ1_ENABLE_IRQ_QREGS0_PROGADDR_RESET1048576_PROGADDR_IRQ0_STACKADDR1024 for instance(s): eq_1080_77
          Accepted optimize datapath elements in module picorv32_ENABLE_COUNTERS1_BARREL_SHIFTER1_COMPRESSED_ISA1_ENABLE_MUL1_ENABLE_FAST_MUL0_ENABLE_DIV1_ENABLE_IRQ1_ENABLE_IRQ_QREGS0_PROGADDR_RESET1048576_PROGADDR_IRQ0_STACKADDR1024 for instance(s): eq_1081_77
          Accepted optimize datapath elements in module picorv32_ENABLE_COUNTERS1_BARREL_SHIFTER1_COMPRESSED_ISA1_ENABLE_MUL1_ENABLE_FAST_MUL0_ENABLE_DIV1_ENABLE_IRQ1_ENABLE_IRQ_QREGS0_PROGADDR_RESET1048576_PROGADDR_IRQ0_STACKADDR1024 for instance(s): eq_1082_77
          Accepted optimize datapath elements in module picorv32_ENABLE_COUNTERS1_BARREL_SHIFTER1_COMPRESSED_ISA1_ENABLE_MUL1_ENABLE_FAST_MUL0_ENABLE_DIV1_ENABLE_IRQ1_ENABLE_IRQ_QREGS0_PROGADDR_RESET1048576_PROGADDR_IRQ0_STACKADDR1024 for instance(s): eq_1085_22
Completed optimize datapath elements (accepts: 10, rejects: 0, runtime: 0.015s)
Starting clip mux common data inputs [v1.0] (stage: pre_rtlopt, startdef: et4351, recur: true)
Completed clip mux common data inputs (accepts: 1, rejects: 0, runtime: 0.008s)
Starting clip the non-user hierarchies [v2.0] (stage: pre_rtlopt, startdef: et4351, recur: true)
Completed clip the non-user hierarchies (accepts: 0, rejects: 0, runtime: 0.002s)
Running Unified Mux Engine Tricks...
Completed Unified Mux Engine Tricks
--------------------------------------------------
| Trick       | Accepts | Rejects | Runtime (ms) | 
--------------------------------------------------
| ume_runtime |       0 |       0 |         3.00 | 
--------------------------------------------------
Number of big hc bmuxes before = 4
Number of non-ctl's : 51
mux_next_state_108_34 g39 g40 g41 g45 g1099 g1100 g1158 g1159 g1160 g1161 g1162 g1163 g1164 g1167 g1168 g1169 g1170 g1171 g1172 g1173 g1174 g1176 g1180 g1181 g1182 mux_accel_mem_wdata_im_265_11 mux_accel_mem_wdata_re_265_11 mux_accel_mem_wstrb_265_11 mux_base_187_13 mux_fft_finished_187_13 mux_half_187_13 mux_k_187_13 mux_next_state_108_11 mux_next_w_im_265_11 mux_next_w_re_265_11 mux_t_im_265_11 mux_t_re_265_11 mux_u_im_187_13 mux_u_re_187_13 mux_v_im_187_13 mux_v_re_187_13 mux_w_im_187_13 mux_w_m_im_187_13 mux_w_m_re_187_13 mux_w_re_187_13 mux_next_state_110_1184 mux_next_state_111_1186 mux_next_state_144_1188 mux_next_state_147_1190 mux_next_state_156_1192 
SOP DEBUG : Module= accelerator_fft_LOG_MAX_N32_MEM_WIDTH32_ADDR_WIDTH6, Cluster= ctl_108_11, ctl= 9, Non-ctl= 51
Selected impl_type 0 (ctl + 1-hot mux form) for sop cluster ctl_108_11.
Number of non-ctl's : 99
mux_set_mem_do_rdata_1490_568 mux_set_mem_do_wdata_1490_580 mux_set_mem_do_rinst_1490_584 mux_decoder_pseudo_trigger_1490_587 g4878 g4898 g4899 g6967 g6971 g6973 g6974 g6997 g6998 g6999 g7000 g7143 g7146 g7149 g7150 g7170 g7171 g7172 g7173 g7174 g7175 g7176 g7177 g7231 g7233 g7234 g7240 g7241 g7293 g7294 g7300 g7345 g7347 g7349 g7350 g7355 g7537 g7555 g7557 g7566 g7568 g7578 g7579 g7581 g7585 g7589 g7629 g7630 g7632 g7635 g7639 g7641 g7642 g7644 g7657 g7659 g7663 mux_cpu_state_1490_9 mux_decoder_pseudo_trigger_1490_9 mux_decoder_trigger_1490_9 mux_do_waitirq_1490_9 mux_irq_active_1490_9 mux_latched_branch_1490_9 mux_latched_is_lb_1490_9 mux_latched_is_lh_1490_9 mux_latched_is_lu_1490_9 mux_latched_rd_1490_9 mux_latched_stalu_1490_9 mux_latched_store_1490_9 mux_mem_do_rinst_1490_9 mux_mem_wordsize_1490_9 mux_next_irq_pending_1490_9 mux_pcpi_valid_1490_9 mux_reg_op2_1490_9 mux_reg_sh_1490_9 mux_set_mem_do_rdata_1490_9 mux_set_mem_do_rinst_1490_9 mux_set_mem_do_wdata_1490_9 mux_trap_1490_9 mux_cpu_state_1602_7722 mux_pcpi_valid_1602_7732 mux_cpu_state_1612_7724 mux_decoder_pseudo_trigger_1861_7726 mux_set_mem_do_rdata_1886_7738 mux_set_mem_do_wdata_1861_7750 mux_decoder_pseudo_trigger_1876_7728 mux_next_irq_pending_1459_7730 mux_set_mem_do_rdata_1459_7736 mux_set_mem_do_rinst_1459_7742 mux_set_mem_do_wdata_1459_7748 mux_pcpi_valid_1609_7734 mux_set_mem_do_rdata_1887_7740 mux_set_mem_do_rinst_1815_7744 mux_set_mem_do_rinst_1821_7746 mux_set_mem_do_wdata_1862_7752 
SOP DEBUG : Module= picorv32_ENABLE_COUNTERS1_BARREL_SHIFTER1_COMPRESSED_ISA1_ENABLE_MUL1_ENABLE_FAST_MUL0_ENABLE_DIV1_ENABLE_IRQ1_ENABLE_IRQ_QREGS0_PROGADDR_RESET1048576_PROGADDR_IRQ0_STACKADDR1024, Cluster= ctl_1490_9, ctl= 21, Non-ctl= 99
Selected impl_type 0 (ctl + 1-hot mux form) for sop cluster ctl_1490_9.
Number of non-ctl's : 7
mux_do_waitirq_1490_578 mux_do_waitirq_1542_7754 mux_latched_store_1542_7760 mux_do_waitirq_1552_7756 mux_latched_store_1552_7762 mux_do_waitirq_1553_7758 mux_latched_store_1553_7764 
SOP DEBUG : Module= picorv32_ENABLE_COUNTERS1_BARREL_SHIFTER1_COMPRESSED_ISA1_ENABLE_MUL1_ENABLE_FAST_MUL0_ENABLE_DIV1_ENABLE_IRQ1_ENABLE_IRQ_QREGS0_PROGADDR_RESET1048576_PROGADDR_IRQ0_STACKADDR1024, Cluster= ctl_1490_577, ctl= 7, Non-ctl= 7
Selected impl_type 0 (ctl + 1-hot mux form) for sop cluster ctl_1490_577.
Number of non-ctl's : 18
g559 g4880 g4881 g4882 g4887 g4888 g4889 g4901 g4902 g4903 g4943 mux_decoded_rd_921_13 mux_decoded_rs2_921_13 mux_instr_jal_921_13 mux_instr_lui_921_13 mux_is_alu_reg_imm_921_13 mux_is_alu_reg_reg_921_13 mux_is_beq_bne_blt_bge_bltu_bgeu_921_13 
SOP DEBUG : Module= picorv32_ENABLE_COUNTERS1_BARREL_SHIFTER1_COMPRESSED_ISA1_ENABLE_MUL1_ENABLE_FAST_MUL0_ENABLE_DIV1_ENABLE_IRQ1_ENABLE_IRQ_QREGS0_PROGADDR_RESET1048576_PROGADDR_IRQ0_STACKADDR1024, Cluster= ctl_mem_rdata_latched_921_13, ctl= 1, Non-ctl= 18
Selected impl_type 4 (factored_form (optimized)) for sop cluster ctl_mem_rdata_latched_921_13.
Number of non-ctl's : 5
mux_cmbsop_instr_div_2478_11 mux_instr_div_2477_431 mux_instr_divu_2477_433 mux_instr_rem_2477_435 mux_instr_remu_2477_437 
SOP DEBUG : Module= picorv32_pcpi_div, Cluster= ctl_2478_11, ctl= 5, Non-ctl= 5
Selected impl_type 0 (ctl + 1-hot mux form) for sop cluster ctl_2478_11.
Number of non-ctl's : 5
mux_cmbsop_instr_mul_2240_11 mux_instr_mul_2239_94 mux_instr_mulh_2239_96 mux_instr_mulhsu_2239_98 mux_instr_mulhu_2239_100 
SOP DEBUG : Module= picorv32_pcpi_mul, Cluster= ctl_2240_11, ctl= 5, Non-ctl= 5
Selected impl_type 0 (ctl + 1-hot mux form) for sop cluster ctl_2240_11.
Number of non-ctl's : 1
mux_din_data_282_25 
SOP DEBUG : Module= spimemio, Cluster= ctl_282_25, ctl= 1, Non-ctl= 1
Selected impl_type 0 (ctl + 1-hot mux form) for sop cluster ctl_282_25.
Info    : Pre-processed datapath logic. [DPOPT-6]
        : Pre-processing optimizations applied to datapath logic in 'et4351':
          live_trim(26) sop(7) mux_reduce(6) 
Info    : Optimizing datapath logic. [DPOPT-1]
        : Optimizing datapath logic in 'et4351'.
Info    : Implementing datapath configurations. [DPOPT-3]
        : Implementing datapath configurations for 'CDN_DP_region_2_0'
CSAGen Prep Share:0 Re-Write:0 Speculation: 0
    MaxCSA BAILOUT: Issue building hierarchical agdef for CDN_DP_region_2_0_c7
CDN_DP_region_2_0 level = 2 loads = 0 drivers = 2 is driven by : CDN_DP_region_0_1 CDN_DP_region_1_0 
CDN_DP_region_2_0_c0 in accelerator_mem_MEM_DEPTH64: area: 43757199360 ,dp = 0 mux = 2 sg = slow         worst_clk_period: -4592024818112685023518845586533375270224571366321465757620034084714021260319692194476935451026741968823160516805605978582598477116472823048441482364661226809476830173328443026583077344242818131912059168046576031811870535834601673795222482509708648316151805224392323161198166016.0000 
    wns: 0  norm_wns:  0.0000 
    fail_endp: 0 
    tns:  0  tns_per_endp:  0.0000   norm_tns_per_endp:  0.0000 
    tns_sense_max:  0.0000  tns_sense_avg:  0.0000   tns_sense_num: 0
 skipped
CDN_DP_region_2_0_c1 in accelerator_mem_MEM_DEPTH64: area: 43757199360 ,dp = 0 mux = 2 sg = fast         worst_clk_period: 0.0000 
    wns: 0  norm_wns:  0.0000 
    fail_endp: 0 
    tns:  0  tns_per_endp:  0.0000   norm_tns_per_endp:  0.0000 
    tns_sense_max:  0.0000  tns_sense_avg:  0.0000   tns_sense_num: 0
 is current best
CDN_DP_region_2_0_c2 in accelerator_mem_MEM_DEPTH64: area: 43757199360 ,dp = 0 mux = 2 sg = very_slow    worst_clk_period: 0.0000 
    wns: 0  norm_wns:  0.0000 
    fail_endp: 0 
    tns:  0  tns_per_endp:  0.0000   norm_tns_per_endp:  0.0000 
    tns_sense_max:  0.0000  tns_sense_avg:  0.0000   tns_sense_num: 0
 is current best
CDN_DP_region_2_0_c3 in accelerator_mem_MEM_DEPTH64: area: 43757199360 ,dp = 0 mux = 2 sg = very_fast    worst_clk_period: 0.0000 
    wns: 0  norm_wns:  0.0000 
    fail_endp: 0 
    tns:  0  tns_per_endp:  0.0000   norm_tns_per_endp:  0.0000 
    tns_sense_max:  0.0000  tns_sense_avg:  0.0000   tns_sense_num: 0
 is current best
CDN_DP_region_2_0_c4 in accelerator_mem_MEM_DEPTH64: area: 43757199360 ,dp = 0 mux = 2 sg = very_fast    worst_clk_period: 0.0000 
    wns: 0  norm_wns:  0.0000 
    fail_endp: 0 
    tns:  0  tns_per_endp:  0.0000   norm_tns_per_endp:  0.0000 
    tns_sense_max:  0.0000  tns_sense_avg:  0.0000   tns_sense_num: 0
 is current best
CDN_DP_region_2_0_c5 in accelerator_mem_MEM_DEPTH64: area: 43757199360 ,dp = 0 mux = 2 sg = very_fast    worst_clk_period: 0.0000 
    wns: 0  norm_wns:  0.0000 
    fail_endp: 0 
    tns:  0  tns_per_endp:  0.0000   norm_tns_per_endp:  0.0000 
    tns_sense_max:  0.0000  tns_sense_avg:  0.0000   tns_sense_num: 0
 is current best
CDN_DP_region_2_0_c6 in accelerator_mem_MEM_DEPTH64: area: 43757199360 ,dp = 0 mux = 2 sg = very_fast    worst_clk_period: 0.0000 
    wns: 0  norm_wns:  0.0000 
    fail_endp: 0 
    tns:  0  tns_per_endp:  0.0000   norm_tns_per_endp:  0.0000 
    tns_sense_max:  0.0000  tns_sense_avg:  0.0000   tns_sense_num: 0
 is current best
Not considering config 7 due to bailout. 
Best config: CDN_DP_region_2_0_c6 in accelerator_mem_MEM_DEPTH64: area: 43757199360 ,dp = 0 mux = 2 sg = very_fast    worst_clk_period: 0.0000 
    wns: 0  norm_wns:  0.0000 
    fail_endp: 0 
    tns:  0  tns_per_endp:  0.0000   norm_tns_per_endp:  0.0000 
    tns_sense_max:  0.0000  tns_sense_avg:  0.0000   tns_sense_num: 0
  Smallest config area : 43757199360.  Fastest config wns;  0
##>+----------------------------------------------------------------------------------------------------------------------------------------------------------------+
##>Summary table of configs (Best config is CDN_DP_region_2_0_c6)
##>+----------------------------------------------------------------------------------------------------------------------------------------------------------------+
##>                     0                  1                  2                  3                  4                  5                  6                  7            
##>+----------------------------------------------------------------------------------------------------------------------------------------------------------------+
##>           Area      43757199360        43757199360        43757199360        43757199360        43757199360        43757199360        43757199360        43757199360  
##>            WNS        +12894.50          +12894.50          +12894.50          +12894.50          +12894.50          +12894.50          +12894.50          +12862.70  
##>            TNS                0                  0                  0                  0                  0                  0                  0                  0  
##>    Num Rewrite                0                  0                  0                  0                  0                  0                  0                  0  
##>     Num Factor                0                  0                  0                  0                  0                  0                  0                  0  
##>      Num Share                0                  0                  0                  0                  0                  0                  0                  0  
##>   Num CmultCse                0                  0                  0                  0                  0                  0                  0                  0  
##>   Num Downsize                0                  0                  0                  0                  0                  0                  0                  0  
##>  Num Speculate                0                  0                  0                  0                  0                  0                  0                  0  
##>     Runtime(s)                0                  0                  0                  0                  0                  0                  0                  0  
+----------------------------------------------------------------------------------------------------------------------------------------------------------------+
##>
##>
##>+------------------------------------------------------------------------------------------------------------------------------------------------------------+
##>Optimization Step DEBUG Table for config CDN_DP_region_2_0_c6
##>
##>                          Step                        Area   ( % Chg)        WNS (Change)        TNS (Change)          Runtime (s)        Comment                   
##>+------------------------------------------------------------------------------------------------------------------------------------------------------------+
##>createMaxCarrySave              START            43757199360 (      )    107387076.90 (        )             0 (        )              
##> datapath_rewrite_one_def       START            43757199360 ( +0.00)    107387076.90 (   +0.00)             0 (       0)              
##>  fast_cse_elim                 START            43757199360 ( +0.00)    107387076.90 (   +0.00)             0 (       0)              
##>                                  END            43757199360 ( +0.00)    107387076.90 (   +0.00)             0 (       0)           0  
##>  fast_cse_elim                 START            43757199360 ( +0.00)    107387076.90 (   +0.00)             0 (       0)              
##>                                  END            43757199360 ( +0.00)    107387076.90 (   +0.00)             0 (       0)           0  
##>                                  END            43757199360 ( +0.00)    107387076.90 (   +0.00)             0 (       0)           0  
##> dpopt_share_one_def            START            43757199360 ( +0.00)    107387076.90 (   +0.00)             0 (       0)              
##>                                  END            43757199360 ( +0.00)    107387076.90 (   +0.00)             0 (       0)           0  
##> csa_opto                       START            43757199360 ( +0.00)    214748364.70 (+107361287.80)             0 (       0)              
##>                                  END            43757199360 ( +0.00)    214748364.70 (   +0.00)             0 (       0)           0  
##>                                  END            43757199360 ( +0.00)    214748364.70 (+107361287.80)             0 (       0)           0  
##>canonicalize_by_names           START            43757199360 ( +0.00)    214748364.70 (   +0.00)             0 (       0)              
##>                                  END            43757199360 ( +0.00)    214748364.70 (   +0.00)             0 (       0)           0  
##>datapath_rewrite_post_csa_one_  START            43757199360 ( +0.00)    214748364.70 (   +0.00)             0 (       0)              
##>                                  END            43757199360 ( +0.00)    214748364.70 (   +0.00)             0 (       0)           0  
##>datapath_csa_factoring_one_gde  START            43757199360 ( +0.00)    214748364.70 (   +0.00)             0 (       0)              
##>                                  END            43757199360 ( +0.00)    214748364.70 (   +0.00)             0 (       0)           0  
##>dpopt_share_one_def             START            43757199360 ( +0.00)    214748364.70 (   +0.00)             0 (       0)              
##>                                  END            43757199360 ( +0.00)    214748364.70 (   +0.00)             0 (       0)           0  
##>datapath_rewrite_post_share     START            43757199360 ( +0.00)    214748364.70 (   +0.00)             0 (       0)              
##>                                  END            43757199360 ( +0.00)    214748364.70 (   +0.00)             0 (       0)           0  
##>dp_combine_const_mult_with_com  START            43757199360 ( +0.00)    214748364.70 (   +0.00)             0 (       0)              
##>                                  END            43757199360 ( +0.00)    214748364.70 (   +0.00)             0 (       0)           0  
##>dp_operator_level_decompositio  START            43757199360 ( +0.00)    214748364.70 (   +0.00)             0 (       0)              
##>                                  END            43757199360 ( +0.00)    214748364.70 (   +0.00)             0 (       0)           0  
##>selective_flatten_dp_config     START            43757199360 ( +0.00)    214748364.70 (   +0.00)             0 (       0)              
##>                                  END            43757199360 ( +0.00)    214748364.70 (   +0.00)             0 (       0)           0  
##>createMaxCarrySave              START            43757199360 ( +0.00)    214748364.70 (   +0.00)             0 (       0)              
##> datapath_rewrite_one_def       START            43757199360 ( +0.00)    214748364.70 (   +0.00)             0 (       0)              
##>  fast_cse_elim                 START            43757199360 ( +0.00)    214748364.70 (   +0.00)             0 (       0)              
##>                                  END            43757199360 ( +0.00)    214748364.70 (   +0.00)             0 (       0)           0  
##>  fast_cse_elim                 START            43757199360 ( +0.00)    214748364.70 (   +0.00)             0 (       0)              
##>                                  END            43757199360 ( +0.00)    214748364.70 (   +0.00)             0 (       0)           0  
##>                                  END            43757199360 ( +0.00)    214748364.70 (   +0.00)             0 (       0)           0  
##> dpopt_share_one_def            START            43757199360 ( +0.00)    214748364.70 (   +0.00)             0 (       0)              
##>                                  END            43757199360 ( +0.00)    214748364.70 (   +0.00)             0 (       0)           0  
##> csa_opto                       START            43757199360 ( +0.00)    214748364.70 (   +0.00)             0 (       0)              
##>                                  END            43757199360 ( +0.00)    214748364.70 (   +0.00)             0 (       0)           0  
##>                                  END            43757199360 ( +0.00)    214748364.70 (   +0.00)             0 (       0)           0  
##>context_based_simplify          START            43757199360 ( +0.00)    214748364.70 (   +0.00)             0 (       0)              
##>                                  END            43757199360 ( +0.00)    214748364.70 (   +0.00)             0 (       0)           0  
##>group_csa_final_adder_dp        START            43757199360 ( +0.00)    214748364.70 (   +0.00)             0 (       0)              
##>                                  END            43757199360 ( +0.00)    214748364.70 (   +0.00)             0 (       0)           0  
##>dpopt_flatten_critical_muxes_i  START            43757199360 ( +0.00)    214748364.70 (   +0.00)             0 (       0)              
##>                                  END            43757199360 ( +0.00)    214748364.70 (   +0.00)             0 (       0)           0  
##>create_score                    START            43757199360 ( +0.00)    12894.50 (-214735470.20)             0 (       0)              
##>                                  END            43757199360 ( +0.00)    12894.50 (   +0.00)             0 (       0)           0  
##>+------------------------------------------------------------------------------------------------------------------------------------------------------------+
Committed config: CDN_DP_region_2_0_c6
Info    : Done implementing datapath configurations. [DPOPT-4]
        : Selected 'very_fast' configuration 6 for module 'CDN_DP_region_2_0'.
          Optimizations applied to 'very_fast' configuration:
            rewriting(0), factoring(0), sharing(0), cmultcse(0), downsizing(0), speculation(0)
Info    : Optimized a mux chain. [DPOPT-10]
        : Created Flattened Mux 'F_mux_decoded_rd_961_38' in design 'CDN_DP_region_5_0'.
	The following set of instances are flattened ( mux_decoded_rd_961_38 mux_decoded_rd_956_38 mux_decoded_rd_950_36 ).

Info    : Optimized a mux chain. [DPOPT-10]
        : Created Flattened Mux 'F_mux_next_irq_pending_1921_24' in design 'CDN_DP_region_5_0'.
	The following set of instances are flattened ( mux_next_irq_pending_1921_24 mux_next_irq_pending_1922_19 ).

Info    : Optimized a mux chain. [DPOPT-10]
        : Created Flattened Mux 'F_mux_reg_sh_1835_16' in design 'CDN_DP_region_5_0'.
	The following set of instances are flattened ( mux_reg_sh_1835_16 mux_reg_sh_1839_34 ).

Info    : Optimized a mux chain. [DPOPT-10]
        : Created Flattened Mux 'F_mux_timer_1490_9' in design 'CDN_DP_region_5_0'.
	The following set of instances are flattened ( mux_timer_1490_9 mux_timer_1588_5 ).

Info    : Optimized a mux chain. [DPOPT-10]
        : Created Flattened Mux 'F_mux_alu_out_1264_3' in design 'CDN_DP_region_5_0'.
	The following set of instances are flattened ( mux_alu_out_1264_3 mux_1235_18 ).

Info    : Optimized a mux chain. [DPOPT-10]
        : Created Flattened Mux 'F_mux_cpuregs_wrdata_1308_17' in design 'CDN_DP_region_5_0'.
	The following set of instances are flattened ( mux_cpuregs_wrdata_1308_17 mux_cpuregs_wrdata_1310_4 ).

Info    : Optimized a mux chain. [DPOPT-10]
        : Created Flattened Mux 'F_mux_mem_la_wstrb_403_9' in design 'CDN_DP_region_5_0'.
	The following set of instances are flattened ( mux_mem_la_wstrb_403_9 mux_411_20 ).

Info    : Optimized a mux chain. [DPOPT-10]
        : Created Flattened Mux 'F_mux_reg_next_pc_1542_20' in design 'CDN_DP_region_5_0'.
	The following set of instances are flattened ( mux_reg_next_pc_1542_20 mux_reg_next_pc_1552_55 mux_reg_next_pc_1561_9 mux_reg_next_pc_1571_10 ).

Info    : Optimized a mux chain. [DPOPT-10]
        : Created Flattened Mux 'F_F_mux_reg_next_pc_1542_20' in design 'CDN_DP_region_5_0'.
	The following set of instances are flattened ( F_mux_reg_next_pc_1542_20 mux_reg_next_pc_1553_10 ).

Info    : Optimized a mux chain. [DPOPT-10]
        : Created Flattened Mux 'F_mux_reg_op1_1490_9' in design 'CDN_DP_region_5_0'.
	The following set of instances are flattened ( mux_reg_op1_1490_9 mux_reg_op1_1588_5 ).

Info    : Optimized a mux chain. [DPOPT-10]
        : Created Flattened Mux 'F_mux_reg_out_1490_9' in design 'CDN_DP_region_5_0'.
	The following set of instances are flattened ( mux_reg_out_1490_9 mux_reg_out_1886_26 mux_reg_out_1904_27 ).

Info    : Implementing datapath configurations. [DPOPT-3]
        : Implementing datapath configurations for 'CDN_DP_region_5_0'
CSAGen Prep Share:0 Re-Write:5 Speculation: 0
    MaxCSA BAILOUT: Issue building hierarchical agdef for CDN_DP_region_5_0_c7
      Timing increment_unsigned...
      Timing increment_unsigned_234...
      Timing decrement_unsigned...
      Timing csa_tree...
      Timing add_unsigned...
      Timing csa_tree_243...
      Timing equal_adder...
Warning : Use of 'parallel_case' pragma may hinder datapath resource sharing. [RTLOPT-54]
        : Multiplexor mux_alu_out_0_1247_3 in module CDN_DP_region_5_0_c1.
Warning : Use of 'parallel_case' pragma may hinder datapath resource sharing. [RTLOPT-54]
        : Multiplexor mux_cpu_state_1740_8 in module CDN_DP_region_5_0_c1.
Warning : Use of 'parallel_case' pragma may hinder datapath resource sharing. [RTLOPT-54]
        : Multiplexor mux_mem_do_rinst_1502_5 in module CDN_DP_region_5_0_c1.
Warning : Use of 'parallel_case' pragma may hinder datapath resource sharing. [RTLOPT-54]
        : Multiplexor mux_mem_do_rinst_1740_8 in module CDN_DP_region_5_0_c1.
Warning : Use of 'parallel_case' pragma may hinder datapath resource sharing. [RTLOPT-54]
        : Multiplexor mux_next_irq_pending_1502_5 in module CDN_DP_region_5_0_c1.
Warning : Use of 'parallel_case' pragma may hinder datapath resource sharing. [RTLOPT-54]
        : Multiplexor mux_pcpi_int_rd_332_3 in module CDN_DP_region_5_0_c1.
Warning : Use of 'parallel_case' pragma may hinder datapath resource sharing. [RTLOPT-54]
        : Multiplexor mux_pcpi_int_wr_332_3 in module CDN_DP_region_5_0_c1.
Warning : Use of 'parallel_case' pragma may hinder datapath resource sharing. [RTLOPT-54]
        : Multiplexor mux_reg_out_1632_7 in module CDN_DP_region_5_0_c1.
Warning : Use of 'parallel_case' pragma may hinder datapath resource sharing. [RTLOPT-54]
        : Multiplexor mux_reg_out_1906_7 in module CDN_DP_region_5_0_c1.
      Timing addsub_unsigned_288...
Info    : Accepted resource sharing opportunity. [RTLOPT-30]
        : Merged the following sets of instances in 'CDN_DP_region_5_0_c1 in picorv32_ENABLE_COUNTERS1_BARREL_SHIFTER1_COMPRESSED_ISA1_ENABLE_MUL1_ENABLE_FAST_MUL0_ENABLE_DIV1_ENABLE_IRQ1_ENABLE_IRQ_QREGS0_PROGADDR_RESET1048576_PROGADDR_IRQ0_STACKADDR1024':
	  (add_1573_33, add_1556_33)
	  (sub_1235_38, add_1235_58)

Info    : Transformed datapath macro. [RTLOPT-40]
        : Transformed 1 datapath macros in module 'CDN_DP_region_5_0_c1' to a form more suitable for further optimization.
Warning : Use of 'parallel_case' pragma may hinder datapath resource sharing. [RTLOPT-54]
        : Multiplexor mux_alu_out_0_1247_3 in module CDN_DP_region_5_0_c1.
Number of non-ctl's : 16
F_mux_reg_op1_1490_9 F_mux_reg_out_1490_9 g603 g9343 g9344 g9390 g9391 g9392 g9394 g9395 g9397 g9398 g9399 g9400 g9414 g9415 
SOP DEBUG : Module= CDN_DP_region_5_0_c1, Cluster= ctl_cpu_state_1490_9_create, ctl= 1, Non-ctl= 16
Selected impl_type 4 (factored_form (optimized)) for sop cluster ctl_cpu_state_1490_9_create.
Number of non-ctl's : 1
mux_decoded_rs1_921_13 
SOP DEBUG : Module= CDN_DP_region_5_0_c1, Cluster= ctl_mem_rdata_latched_921_13_create, ctl= 1, Non-ctl= 1
Selected impl_type 4 (factored_form (optimized)) for sop cluster ctl_mem_rdata_latched_921_13_create.
      Timing decrement_unsigned_479_552...
      Timing geq_unsigned_2070_rtlopto_model_554...
      Timing increment_unsigned_234_555...
      Timing increment_unsigned_478_556...
      Timing lt_signed_rtlopto_model_557...
      Timing lt_unsigned_rtlopto_model_558...
      Timing decrement_unsigned_570...
Info    : Accepted resource sharing opportunity. [RTLOPT-30]
        : Merged the following sets of instances in 'CDN_DP_region_5_0_c2 in picorv32_ENABLE_COUNTERS1_BARREL_SHIFTER1_COMPRESSED_ISA1_ENABLE_MUL1_ENABLE_FAST_MUL0_ENABLE_DIV1_ENABLE_IRQ1_ENABLE_IRQ_QREGS0_PROGADDR_RESET1048576_PROGADDR_IRQ0_STACKADDR1024':
	  (add_1573_33, add_1556_33)
	  (sub_1235_38, add_1235_58)

Info    : Transformed datapath macro. [RTLOPT-40]
        : Transformed 1 datapath macros in module 'CDN_DP_region_5_0_c2' to a form more suitable for further optimization.
Number of non-ctl's : 16
F_mux_reg_op1_1490_9 F_mux_reg_out_1490_9 g601 g9343 g9344 g9390 g9391 g9392 g9394 g9395 g9397 g9398 g9399 g9400 g9414 g9415 
SOP DEBUG : Module= CDN_DP_region_5_0_c2, Cluster= ctl_cpu_state_1490_9_create, ctl= 1, Non-ctl= 16
Selected impl_type 4 (factored_form (optimized)) for sop cluster ctl_cpu_state_1490_9_create.
Number of non-ctl's : 1
mux_decoded_rs1_921_13 
SOP DEBUG : Module= CDN_DP_region_5_0_c2, Cluster= ctl_mem_rdata_latched_921_13_create, ctl= 1, Non-ctl= 1
Selected impl_type 4 (factored_form (optimized)) for sop cluster ctl_mem_rdata_latched_921_13_create.
      Timing decrement_unsigned_766_840...
      Timing decrement_unsigned_479_841...
      Timing equal_unsigned_2072_rtlopto_model_843...
      Timing geq_unsigned_2070_rtlopto_model_844...
      Timing increment_unsigned_234_845...
      Timing increment_unsigned_478_846...
      Timing lt_signed_rtlopto_model_847...
      Timing lt_unsigned_rtlopto_model_848...
Info    : Accepted resource sharing opportunity. [RTLOPT-30]
        : Merged the following sets of instances in 'CDN_DP_region_5_0_c3 in picorv32_ENABLE_COUNTERS1_BARREL_SHIFTER1_COMPRESSED_ISA1_ENABLE_MUL1_ENABLE_FAST_MUL0_ENABLE_DIV1_ENABLE_IRQ1_ENABLE_IRQ_QREGS0_PROGADDR_RESET1048576_PROGADDR_IRQ0_STACKADDR1024':
	  (add_1573_33, add_1556_33)
	  (sub_1235_38, add_1235_58)

Info    : Transformed datapath macro. [RTLOPT-40]
        : Transformed 1 datapath macros in module 'CDN_DP_region_5_0_c3' to a form more suitable for further optimization.
Number of non-ctl's : 16
F_mux_reg_op1_1490_9 F_mux_reg_out_1490_9 g603 g9343 g9344 g9390 g9391 g9392 g9394 g9395 g9397 g9398 g9399 g9400 g9414 g9415 
SOP DEBUG : Module= CDN_DP_region_5_0_c3, Cluster= ctl_cpu_state_1490_9_create, ctl= 1, Non-ctl= 16
Selected impl_type 4 (factored_form (optimized)) for sop cluster ctl_cpu_state_1490_9_create.
Number of non-ctl's : 1
mux_decoded_rs1_921_13 
SOP DEBUG : Module= CDN_DP_region_5_0_c3, Cluster= ctl_mem_rdata_latched_921_13_create, ctl= 1, Non-ctl= 1
Selected impl_type 4 (factored_form (optimized)) for sop cluster ctl_mem_rdata_latched_921_13_create.
      Timing decrement_unsigned_479_1178...
      Timing geq_unsigned_2070_rtlopto_model_1180...
      Timing increment_unsigned_234_1181...
      Timing increment_unsigned_478_1182...
      Timing lt_signed_rtlopto_model_1183...
      Timing lt_unsigned_rtlopto_model_1184...
Info    : Accepted resource sharing opportunity. [RTLOPT-30]
        : Merged the following sets of instances in 'CDN_DP_region_5_0_c4 in picorv32_ENABLE_COUNTERS1_BARREL_SHIFTER1_COMPRESSED_ISA1_ENABLE_MUL1_ENABLE_FAST_MUL0_ENABLE_DIV1_ENABLE_IRQ1_ENABLE_IRQ_QREGS0_PROGADDR_RESET1048576_PROGADDR_IRQ0_STACKADDR1024':
	  (add_1573_33, add_1556_33)
	  (sub_1235_38, add_1235_58)

Info    : Transformed datapath macro. [RTLOPT-40]
        : Transformed 1 datapath macros in module 'CDN_DP_region_5_0_c4' to a form more suitable for further optimization.
Number of non-ctl's : 16
F_mux_reg_op1_1490_9 F_mux_reg_out_1490_9 g601 g9343 g9344 g9390 g9391 g9392 g9394 g9395 g9397 g9398 g9399 g9400 g9414 g9415 
SOP DEBUG : Module= CDN_DP_region_5_0_c4, Cluster= ctl_cpu_state_1490_9_create, ctl= 1, Non-ctl= 16
Selected impl_type 4 (factored_form (optimized)) for sop cluster ctl_cpu_state_1490_9_create.
Number of non-ctl's : 1
mux_decoded_rs1_921_13 
SOP DEBUG : Module= CDN_DP_region_5_0_c4, Cluster= ctl_mem_rdata_latched_921_13_create, ctl= 1, Non-ctl= 1
Selected impl_type 4 (factored_form (optimized)) for sop cluster ctl_mem_rdata_latched_921_13_create.
      Timing decrement_unsigned_766_1470...
      Timing decrement_unsigned_479_1471...
      Timing equal_unsigned_2072_rtlopto_model_1473...
      Timing geq_unsigned_2070_rtlopto_model_1474...
      Timing increment_unsigned_234_1475...
      Timing increment_unsigned_478_1476...
      Timing lt_signed_rtlopto_model_1477...
      Timing lt_unsigned_rtlopto_model_1478...
Info    : Accepted resource sharing opportunity. [RTLOPT-30]
        : Merged the following sets of instances in 'CDN_DP_region_5_0_c5 in picorv32_ENABLE_COUNTERS1_BARREL_SHIFTER1_COMPRESSED_ISA1_ENABLE_MUL1_ENABLE_FAST_MUL0_ENABLE_DIV1_ENABLE_IRQ1_ENABLE_IRQ_QREGS0_PROGADDR_RESET1048576_PROGADDR_IRQ0_STACKADDR1024':
	  (add_1573_33, add_1556_33)
	  (sub_1235_38, add_1235_58)

Info    : Transformed datapath macro. [RTLOPT-40]
        : Transformed 1 datapath macros in module 'CDN_DP_region_5_0_c5' to a form more suitable for further optimization.
Number of non-ctl's : 16
F_mux_reg_op1_1490_9 F_mux_reg_out_1490_9 g601 g9343 g9344 g9390 g9391 g9392 g9394 g9395 g9397 g9398 g9399 g9400 g9414 g9415 
SOP DEBUG : Module= CDN_DP_region_5_0_c5, Cluster= ctl_cpu_state_1490_9_create, ctl= 1, Non-ctl= 16
Selected impl_type 4 (factored_form (optimized)) for sop cluster ctl_cpu_state_1490_9_create.
Number of non-ctl's : 1
mux_decoded_rs1_921_13 
SOP DEBUG : Module= CDN_DP_region_5_0_c5, Cluster= ctl_mem_rdata_latched_921_13_create, ctl= 1, Non-ctl= 1
Selected impl_type 4 (factored_form (optimized)) for sop cluster ctl_mem_rdata_latched_921_13_create.
      Timing decrement_unsigned_766_1758...
      Timing decrement_unsigned_479_1759...
      Timing equal_unsigned_2072_rtlopto_model_1761...
      Timing geq_unsigned_2070_rtlopto_model_1762...
      Timing increment_unsigned_234_1763...
      Timing increment_unsigned_478_1764...
      Timing lt_signed_rtlopto_model_1765...
      Timing lt_unsigned_rtlopto_model_1766...
Info    : Accepted resource sharing opportunity. [RTLOPT-30]
        : Merged the following sets of instances in 'CDN_DP_region_5_0_c6 in picorv32_ENABLE_COUNTERS1_BARREL_SHIFTER1_COMPRESSED_ISA1_ENABLE_MUL1_ENABLE_FAST_MUL0_ENABLE_DIV1_ENABLE_IRQ1_ENABLE_IRQ_QREGS0_PROGADDR_RESET1048576_PROGADDR_IRQ0_STACKADDR1024':
	  (add_1573_33, add_1556_33)
	  (sub_1235_38, add_1235_58)

Info    : Transformed datapath macro. [RTLOPT-40]
        : Transformed 1 datapath macros in module 'CDN_DP_region_5_0_c6' to a form more suitable for further optimization.
Number of non-ctl's : 16
F_mux_reg_op1_1490_9 F_mux_reg_out_1490_9 g606 g9343 g9344 g9390 g9391 g9392 g9394 g9395 g9397 g9398 g9399 g9400 g9414 g9415 
SOP DEBUG : Module= CDN_DP_region_5_0_c6, Cluster= ctl_cpu_state_1490_9_create, ctl= 1, Non-ctl= 16
Selected impl_type 4 (factored_form (optimized)) for sop cluster ctl_cpu_state_1490_9_create.
Number of non-ctl's : 1
mux_decoded_rs1_921_13 
SOP DEBUG : Module= CDN_DP_region_5_0_c6, Cluster= ctl_mem_rdata_latched_921_13_create, ctl= 1, Non-ctl= 1
Selected impl_type 4 (factored_form (optimized)) for sop cluster ctl_mem_rdata_latched_921_13_create.
      Timing decrement_unsigned_479_2030...
      Timing geq_unsigned_2070_rtlopto_model_2032...
      Timing increment_unsigned_234_2033...
      Timing increment_unsigned_478_2034...
      Timing lt_signed_rtlopto_model_2035...
      Timing lt_unsigned_rtlopto_model_2036...
CDN_DP_region_5_0 level = 3 loads = 1 drivers = 6 is driven by : CDN_DP_region_8_0 CDN_DP_region_0_1 CDN_DP_region_1_0 CDN_DP_region_10_0 CDN_DP_region_11_0 CDN_DP_region_12_0 
CDN_DP_region_5_0_c0 in picorv32_ENABLE_COUNTERS1_BARREL_SHIFTER1_COMPRESSED_ISA1_ENABLE_MUL1_ENABLE_FAST_MUL0_ENABLE_DIV1_ENABLE_IRQ1_ENABLE_IRQ_QREGS0_PROGADDR_RESET1048576_PROGADDR_IRQ0_STACKADDR1024: area: 134455105260 ,dp = 64 mux = 202 sg = slow         worst_clk_period: -4592027614617086418553337321679493168451677866692744734643650318140626240747634430289138983176883067755511415793361335561015024109973299825723623794778204011914855058033721671715495339547514386341817010261423280024409794225781721185296577647199054628966968851434186570209427456.0000 
    wns: 0  norm_wns:  0.0000 
    fail_endp: 0 
    tns:  0  tns_per_endp:  0.0000   norm_tns_per_endp:  0.0000 
    tns_sense_max:  0.0000  tns_sense_avg:  0.0000   tns_sense_num: 0
 skipped
CDN_DP_region_5_0_c1 in picorv32_ENABLE_COUNTERS1_BARREL_SHIFTER1_COMPRESSED_ISA1_ENABLE_MUL1_ENABLE_FAST_MUL0_ENABLE_DIV1_ENABLE_IRQ1_ENABLE_IRQ_QREGS0_PROGADDR_RESET1048576_PROGADDR_IRQ0_STACKADDR1024: area: 124300999305 ,dp = 27 mux = 206 sg = fast         worst_clk_period: 0.0000 
    wns: 0  norm_wns:  0.0000 
    fail_endp: 0 
    tns:  0  tns_per_endp:  0.0000   norm_tns_per_endp:  0.0000 
    tns_sense_max:  0.0000  tns_sense_avg:  0.0000   tns_sense_num: -1485201152
 is current best
CDN_DP_region_5_0_c2 in picorv32_ENABLE_COUNTERS1_BARREL_SHIFTER1_COMPRESSED_ISA1_ENABLE_MUL1_ENABLE_FAST_MUL0_ENABLE_DIV1_ENABLE_IRQ1_ENABLE_IRQ_QREGS0_PROGADDR_RESET1048576_PROGADDR_IRQ0_STACKADDR1024: area: 123761512350 ,dp = 26 mux = 206 sg = very_slow    worst_clk_period: 0.0000 
    wns: 0  norm_wns:  0.0000 
    fail_endp: 0 
    tns:  0  tns_per_endp:  0.0000   norm_tns_per_endp:  0.0000 
    tns_sense_max:  0.0000  tns_sense_avg:  0.0000   tns_sense_num: 0
 is current best
CDN_DP_region_5_0_c3 in picorv32_ENABLE_COUNTERS1_BARREL_SHIFTER1_COMPRESSED_ISA1_ENABLE_MUL1_ENABLE_FAST_MUL0_ENABLE_DIV1_ENABLE_IRQ1_ENABLE_IRQ_QREGS0_PROGADDR_RESET1048576_PROGADDR_IRQ0_STACKADDR1024: area: 124300999305 ,dp = 27 mux = 206 sg = very_fast    worst_clk_period: 0.0000 
    wns: 0  norm_wns:  0.0000 
    fail_endp: 0 
    tns:  0  tns_per_endp:  0.0000   norm_tns_per_endp:  0.0000 
    tns_sense_max:  0.0000  tns_sense_avg:  0.0000   tns_sense_num: -1518599936

CDN_DP_region_5_0_c4 in picorv32_ENABLE_COUNTERS1_BARREL_SHIFTER1_COMPRESSED_ISA1_ENABLE_MUL1_ENABLE_FAST_MUL0_ENABLE_DIV1_ENABLE_IRQ1_ENABLE_IRQ_QREGS0_PROGADDR_RESET1048576_PROGADDR_IRQ0_STACKADDR1024: area: 123761512350 ,dp = 26 mux = 206 sg = very_fast    worst_clk_period: 0.0000 
    wns: 0  norm_wns:  0.0000 
    fail_endp: 0 
    tns:  0  tns_per_endp:  0.0000   norm_tns_per_endp:  0.0000 
    tns_sense_max:  0.0000  tns_sense_avg:  0.0000   tns_sense_num: 0
 is current best
CDN_DP_region_5_0_c5 in picorv32_ENABLE_COUNTERS1_BARREL_SHIFTER1_COMPRESSED_ISA1_ENABLE_MUL1_ENABLE_FAST_MUL0_ENABLE_DIV1_ENABLE_IRQ1_ENABLE_IRQ_QREGS0_PROGADDR_RESET1048576_PROGADDR_IRQ0_STACKADDR1024: area: 123761512350 ,dp = 26 mux = 206 sg = very_fast    worst_clk_period: 0.0000 
    wns: 0  norm_wns:  0.0000 
    fail_endp: 0 
    tns:  0  tns_per_endp:  0.0000   norm_tns_per_endp:  0.0000 
    tns_sense_max:  0.0000  tns_sense_avg:  0.0000   tns_sense_num: 0
 is current best
CDN_DP_region_5_0_c6 in picorv32_ENABLE_COUNTERS1_BARREL_SHIFTER1_COMPRESSED_ISA1_ENABLE_MUL1_ENABLE_FAST_MUL0_ENABLE_DIV1_ENABLE_IRQ1_ENABLE_IRQ_QREGS0_PROGADDR_RESET1048576_PROGADDR_IRQ0_STACKADDR1024: area: 124300999305 ,dp = 28 mux = 206 sg = very_fast    worst_clk_period: 0.0000 
    wns: 0  norm_wns:  0.0000 
    fail_endp: 0 
    tns:  0  tns_per_endp:  0.0000   norm_tns_per_endp:  0.0000 
    tns_sense_max:  0.0000  tns_sense_avg:  0.0000   tns_sense_num: -1544371200

Not considering config 7 due to bailout. 
Best config: CDN_DP_region_5_0_c5 in picorv32_ENABLE_COUNTERS1_BARREL_SHIFTER1_COMPRESSED_ISA1_ENABLE_MUL1_ENABLE_FAST_MUL0_ENABLE_DIV1_ENABLE_IRQ1_ENABLE_IRQ_QREGS0_PROGADDR_RESET1048576_PROGADDR_IRQ0_STACKADDR1024: area: 123761512350 ,dp = 26 mux = 206 sg = very_fast    worst_clk_period: 0.0000 
    wns: 0  norm_wns:  0.0000 
    fail_endp: 0 
    tns:  0  tns_per_endp:  0.0000   norm_tns_per_endp:  0.0000 
    tns_sense_max:  0.0000  tns_sense_avg:  0.0000   tns_sense_num: 0
  Smallest config area : 123761512350.  Fastest config wns;  0
##>+----------------------------------------------------------------------------------------------------------------------------------------------------------------+
##>Summary table of configs (Best config is CDN_DP_region_5_0_c5)
##>+----------------------------------------------------------------------------------------------------------------------------------------------------------------+
##>                     0                  1                  2                  3                  4                  5                  6                  7            
##>+----------------------------------------------------------------------------------------------------------------------------------------------------------------+
##>           Area     134455105260       124300999305       123761512350       124300999305       123761512350       123761512350       124300999305       138103319025  
##>            WNS         +5116.60           +5122.70           +5122.70           +5122.70           +5122.70           +5122.70           +5122.70           +5006.40  
##>            TNS                0                  0                  0                  0                  0                  0                  0                  0  
##>    Num Rewrite                0                  1                  1                  1                  1                  1                  1                  5  
##>     Num Factor                0                  0                  0                  0                  0                  0                  0                  0  
##>      Num Share                0                  2                  2                  2                  2                  2                  2                  0  
##>   Num CmultCse                0                  0                  0                  0                  0                  0                  0                  0  
##>   Num Downsize                0                  0                  0                  0                  0                  0                  0                  0  
##>  Num Speculate                0                  0                  0                  0                  0                  0                  0                  0  
##>     Runtime(s)                0                  4                  3                  4                  3                  3                  3                  0  
+----------------------------------------------------------------------------------------------------------------------------------------------------------------+
##>
##>
##>+------------------------------------------------------------------------------------------------------------------------------------------------------------+
##>Optimization Step DEBUG Table for config CDN_DP_region_5_0_c5
##>
##>                          Step                        Area   ( % Chg)        WNS (Change)        TNS (Change)          Runtime (s)        Comment                   
##>+------------------------------------------------------------------------------------------------------------------------------------------------------------+
##>createMaxCarrySave              START           134455105260 (      )     5116.60 (        )             0 (        )              
##> datapath_rewrite_one_def       START           134455105260 ( +0.00)     5116.60 (   +0.00)             0 (       0)              
##>  fast_cse_elim                 START           134455105260 ( +0.00)     5116.60 (   +0.00)             0 (       0)              
##>                                  END           133440228810 ( -0.75)     5122.70 (   +6.10)             0 (       0)           0  
##>  fast_cse_elim                 START           133440228810 ( +0.00)     5122.70 (   +0.00)             0 (       0)              
##>                                  END           133440228810 ( +0.00)     5122.70 (   +0.00)             0 (       0)           0  
##>  rewrite                       START           133440228810 ( +0.00)     5122.70 (   +0.00)             0 (       0)              (na,csaa) and_en_v2 --> en_mux
##>                                  END           133440228810 ( +0.00)     5122.70 (   +0.00)             0 (       0)           0  
##>                                  END           133440228810 ( -0.75)     5122.70 (   +6.10)             0 (       0)           0  
##> speculate_in_gdef              START           133440228810 ( +0.00)     5122.70 (   +0.00)             0 (       0)              
##>  pre_speculate_mux_merge       START           133440228810 ( +0.00)     5122.70 (   +0.00)             0 (       0)              
##>                                  END           133440228810 ( +0.00)     5122.70 (   +0.00)             0 (       0)           0  
##>                                  END           133440228810 ( +0.00)     5122.70 (   +0.00)             0 (       0)           0  
##> csa_opto                       START           133440228810 ( +0.00)     5122.70 (   +0.00)             0 (       0)              
##>                                  END           132980863680 ( -0.34)     5122.70 (   +0.00)             0 (       0)           0  
##>                                  END           132980863680 ( -1.10)     5122.70 (   +6.10)             0 (       0)           0  
##>canonicalize_by_names           START           132980863680 ( +0.00)     5122.70 (   +0.00)             0 (       0)              
##>                                  END           132980863680 ( +0.00)     5122.70 (   +0.00)             0 (       0)           0  
##>datapath_rewrite_post_csa_one_  START           132980863680 ( +0.00)     5122.70 (   +0.00)             0 (       0)              
##>                                  END           132980863680 ( +0.00)     5122.70 (   +0.00)             0 (       0)           0  
##>datapath_csa_factoring_one_gde  START           132980863680 ( +0.00)     5122.70 (   +0.00)             0 (       0)              
##>                                  END           132980863680 ( +0.00)     5122.70 (   +0.00)             0 (       0)           0  
##>dpopt_share_one_def             START           132980863680 ( +0.00)     5122.70 (   +0.00)             0 (       0)              
##>                                  END           128184237090 ( -3.61)     5122.70 (   +0.00)             0 (       0)           0  
##>datapath_rewrite_post_share     START           128184237090 ( +0.00)     5122.70 (   +0.00)             0 (       0)              
##>                                  END           128184237090 ( +0.00)     5122.70 (   +0.00)             0 (       0)           0  
##>dp_combine_const_mult_with_com  START           128184237090 ( +0.00)     5122.70 (   +0.00)             0 (       0)              
##>                                  END           128184237090 ( +0.00)     5122.70 (   +0.00)             0 (       0)           0  
##>speculate_in_gdef               START           128184237090 ( +0.00)     5122.70 (   +0.00)             0 (       0)              
##> pre_speculate_mux_merge        START           128184237090 ( +0.00)     5122.70 (   +0.00)             0 (       0)              
##>                                  END           128184237090 ( +0.00)     5122.70 (   +0.00)             0 (       0)           0  
##>                                  END           128184237090 ( +0.00)     5122.70 (   +0.00)             0 (       0)           0  
##>dp_operator_level_decompositio  START           128184237090 ( +0.00)     5122.70 (   +0.00)             0 (       0)              
##>                                  END           128184237090 ( +0.00)     5122.70 (   +0.00)             0 (       0)           0  
##>selective_flatten_dp_config     START           128184237090 ( +0.00)     5122.70 (   +0.00)             0 (       0)              
##>                                  END           127682140320 ( -0.39)     5122.70 (   +0.00)             0 (       0)           0  
##>createMaxCarrySave              START           127682140320 ( +0.00)     5122.70 (   +0.00)             0 (       0)              
##> datapath_rewrite_one_def       START           127682140320 ( +0.00)     5122.70 (   +0.00)             0 (       0)              
##>  fast_cse_elim                 START           127682140320 ( +0.00)     5122.70 (   +0.00)             0 (       0)              
##>                                  END           127671457410 ( -0.01)     5122.70 (   +0.00)             0 (       0)           0  
##>  fast_cse_elim                 START           127671457410 ( +0.00)     5122.70 (   +0.00)             0 (       0)              
##>                                  END           127671457410 ( +0.00)     5122.70 (   +0.00)             0 (       0)           0  
##>  rewrite                       START           127671457410 ( +0.00)     5122.70 (   +0.00)             0 (       0)              (a,ar) add_c_ohmux_version1_1 --> add_c_ohmux_version2
##>                                  END           127286872650 ( -0.30)     5122.70 (   +0.00)             0 (       0)           0  
##>  fast_cse_elim                 START           127286872650 ( +0.00)     5122.70 (   +0.00)             0 (       0)              
##>                                  END           127286872650 ( +0.00)     5122.70 (   +0.00)             0 (       0)           0  
##>  fast_cse_elim                 START           127286872650 ( +0.00)     5122.70 (   +0.00)             0 (       0)              
##>                                  END           127286872650 ( +0.00)     5122.70 (   +0.00)             0 (       0)           0  
##>  rewrite                       START           127286872650 ( +0.00)     5122.70 (   +0.00)             0 (       0)              (na,csaa) and_en_v2 --> en_mux
##>                                  END           127286872650 ( +0.00)     5122.70 (   +0.00)             0 (       0)           0  
##>                                  END           127286872650 ( -0.31)     5122.70 (   +0.00)             0 (       0)           0  
##> speculate_in_gdef              START           127286872650 ( +0.00)     5122.70 (   +0.00)             0 (       0)              
##>  pre_speculate_mux_merge       START           127286872650 ( +0.00)     5122.70 (   +0.00)             0 (       0)              
##>                                  END           127286872650 ( +0.00)     5122.70 (   +0.00)             0 (       0)           0  
##>                                  END           127286872650 ( +0.00)     5122.70 (   +0.00)             0 (       0)           0  
##> csa_opto                       START           127286872650 ( +0.00)     5122.70 (   +0.00)             0 (       0)              
##>                                  END           127286872650 ( +0.00)     5122.70 (   +0.00)             0 (       0)           0  
##>                                  END           127286872650 ( -0.31)     5122.70 (   +0.00)             0 (       0)           0  
##>datapath_rewrite_post_csa_one_  START           127286872650 ( +0.00)     5122.70 (   +0.00)             0 (       0)              
##>                                  END           127286872650 ( +0.00)     5122.70 (   +0.00)             0 (       0)           0  
##>datapath_csa_factoring_one_gde  START           127286872650 ( +0.00)     5122.70 (   +0.00)             0 (       0)              
##>                                  END           127286872650 ( +0.00)     5122.70 (   +0.00)             0 (       0)           0  
##>dpopt_share_one_def             START           127286872650 ( +0.00)     5122.70 (   +0.00)             0 (       0)              
##>                                  END           127286872650 ( +0.00)     5122.70 (   +0.00)             0 (       0)           0  
##>datapath_rewrite_post_share     START           127286872650 ( +0.00)     5122.70 (   +0.00)             0 (       0)              
##>                                  END           127286872650 ( +0.00)     5122.70 (   +0.00)             0 (       0)           0  
##>dp_combine_const_mult_with_com  START           127286872650 ( +0.00)     5122.70 (   +0.00)             0 (       0)              
##>                                  END           127286872650 ( +0.00)     5122.70 (   +0.00)             0 (       0)           0  
##>speculate_in_gdef               START           127286872650 ( +0.00)     5122.70 (   +0.00)             0 (       0)              
##> pre_speculate_mux_merge        START           127286872650 ( +0.00)     5122.70 (   +0.00)             0 (       0)              
##>                                  END           127286872650 ( +0.00)     5122.70 (   +0.00)             0 (       0)           0  
##>                                  END           127286872650 ( +0.00)     5122.70 (   +0.00)             0 (       0)           0  
##>dp_operator_level_decompositio  START           127286872650 ( +0.00)     5122.70 (   +0.00)             0 (       0)              
##>                                  END           127286872650 ( +0.00)     5122.70 (   +0.00)             0 (       0)           0  
##>selective_flatten_dp_config     START           127286872650 ( +0.00)     5122.70 (   +0.00)             0 (       0)              
##>                                  END           127286872650 ( +0.00)     5122.70 (   +0.00)             0 (       0)           0  
##>createMaxCarrySave              START           127286872650 ( +0.00)     5122.70 (   +0.00)             0 (       0)              
##> datapath_rewrite_one_def       START           127286872650 ( +0.00)     5122.70 (   +0.00)             0 (       0)              
##>  fast_cse_elim                 START           127286872650 ( +0.00)     5122.70 (   +0.00)             0 (       0)              
##>                                  END           127286872650 ( +0.00)     5122.70 (   +0.00)             0 (       0)           0  
##>  fast_cse_elim                 START           127286872650 ( +0.00)     5122.70 (   +0.00)             0 (       0)              
##>                                  END           127286872650 ( +0.00)     5122.70 (   +0.00)             0 (       0)           0  
##>                                  END           127286872650 ( +0.00)     5122.70 (   +0.00)             0 (       0)           0  
##> speculate_in_gdef              START           127286872650 ( +0.00)     5122.70 (   +0.00)             0 (       0)              
##>  pre_speculate_mux_merge       START           127286872650 ( +0.00)     5122.70 (   +0.00)             0 (       0)              
##>                                  END           127286872650 ( +0.00)     5122.70 (   +0.00)             0 (       0)           0  
##>                                  END           127286872650 ( +0.00)     5122.70 (   +0.00)             0 (       0)           0  
##> csa_opto                       START           127286872650 ( +0.00)     5122.70 (   +0.00)             0 (       0)              
##>                                  END           127286872650 ( +0.00)     5122.70 (   +0.00)             0 (       0)           0  
##>                                  END           127286872650 ( +0.00)     5122.70 (   +0.00)             0 (       0)           0  
##>context_based_simplify          START           126352118025 ( -0.73)     5122.70 (   +0.00)             0 (       0)              
##>                                  END           123761512350 ( -2.05)     5122.70 (   +0.00)             0 (       0)           0  
##>group_csa_final_adder_dp        START           123761512350 ( +0.00)     5122.70 (   +0.00)             0 (       0)              
##>                                  END           123761512350 ( +0.00)     5122.70 (   +0.00)             0 (       0)           0  
##>dpopt_flatten_critical_muxes_i  START           123761512350 ( +0.00)     5122.70 (   +0.00)             0 (       0)              
##>                                  END           123761512350 ( +0.00)     5122.70 (   +0.00)             0 (       0)           0  
##>speculate_in_gdef               START           123761512350 ( +0.00)     5122.70 (   +0.00)             0 (       0)              
##> pre_speculate_mux_merge        START           123761512350 ( +0.00)     5122.70 (   +0.00)             0 (       0)              
##>                                  END           123761512350 ( +0.00)     5122.70 (   +0.00)             0 (       0)           0  
##>                                  END           123761512350 ( +0.00)     5122.70 (   +0.00)             0 (       0)           0  
##>create_score                    START           123761512350 ( +0.00)     5122.70 (   +0.00)             0 (       0)              
##>                                  END           123761512350 ( +0.00)     5122.70 (   +0.00)             0 (       0)           0  
##>+------------------------------------------------------------------------------------------------------------------------------------------------------------+
Committed config: CDN_DP_region_5_0_c5
Info    : Done implementing datapath configurations. [DPOPT-4]
        : Selected 'very_fast' configuration 5 for module 'CDN_DP_region_5_0'.
          Optimizations applied to 'very_fast' configuration:
            rewriting(1), factoring(0), sharing(2), cmultcse(0), downsizing(0), speculation(0)
Info    : Optimized a mux chain. [DPOPT-10]
        : Created Flattened Mux 'F_mux_k_225_39' in design 'CDN_DP_region_1_0'.
	The following set of instances are flattened ( mux_k_225_39 mux_k_234_20 ).

Info    : Optimized a mux chain. [DPOPT-10]
        : Created Flattened Mux 'F_mux_t_im_276_15' in design 'CDN_DP_region_1_0'.
	The following set of instances are flattened ( mux_t_im_276_15 mux_t_im_284_22 ).

Info    : Optimized a mux chain. [DPOPT-10]
        : Created Flattened Mux 'F_mux_t_re_276_15' in design 'CDN_DP_region_1_0'.
	The following set of instances are flattened ( mux_t_re_276_15 mux_t_re_284_22 ).

Info    : Optimized a mux chain. [DPOPT-10]
        : Created Flattened Mux 'F_mux_next_w_im_276_15' in design 'CDN_DP_region_1_0'.
	The following set of instances are flattened ( mux_next_w_im_276_15 mux_next_w_im_284_22 ).

Info    : Optimized a mux chain. [DPOPT-10]
        : Created Flattened Mux 'F_mux_next_w_re_276_15' in design 'CDN_DP_region_1_0'.
	The following set of instances are flattened ( mux_next_w_re_276_15 mux_next_w_re_284_22 ).

Info    : Implementing datapath configurations. [DPOPT-3]
        : Implementing datapath configurations for 'CDN_DP_region_1_0'
CSAGen Prep Share:0 Re-Write:6 Speculation: 0
Warning: (CSAGEN-QOR) CSA is rejected due to upper bit truncation.
:		add_97_29 -> SUB_UNS_OP10.B
MaxCSA: Successfully built Maximal CSA Expression Expr0
MaxCSA: Successfully built Maximal CSA Expression Expr1
MaxCSA: Successfully built Maximal CSA Expression Expr2
MaxCSA: Successfully built Maximal CSA Expression Expr3
MaxCSA: Successfully built Maximal CSA Expression Expr4
MaxCSA: Successfully built Maximal CSA Expression Expr5
MaxCSA: Successfully built Maximal CSA Expression Expr6
      Timing csa_tree_2111...
      Timing add_signed_carry...
      Timing csa_tree_2608...
      Timing add_signed_carry_2620...
      Timing csa_tree_2622...
      Timing csa_tree_3620...
      Timing csa_tree_3627...
      Timing add_signed_carry_3632...
      Timing csa_tree_3634...
      Timing csa_tree_5139...
      Timing add_signed_carry_5172...
      Timing csa_tree_5174...
Info    : Transformed datapath macro. [RTLOPT-40]
        : Transformed 2 datapath macros in module 'CDN_DP_region_1_0_c7' to a form more suitable for further optimization.
      Timing csa_tree_5276...
Info    : Accepted resource sharing opportunity. [RTLOPT-30]
        : Merged the following sets of instances in 'CDN_DP_region_1_0_c7 in accelerator_fft_LOG_MAX_N32_MEM_WIDTH32_ADDR_WIDTH6':
	  (csa_tree_ADD_TC_OP84, csa_tree_ADD_TC_OP92)

      Timing addsub_signed_carry_6270...
      Timing addsub_signed_carry_6295...
Info    : Accepted resource sharing opportunity. [RTLOPT-30]
        : Merged the following sets of instances in 'CDN_DP_region_1_0_c7 in accelerator_fft_LOG_MAX_N32_MEM_WIDTH32_ADDR_WIDTH6':
	  (final_adder_ADD_TC_OP_21, final_adder_ADD_TC_OP_12, SUB_TC_OP_6)

Info    : Accepted resource sharing opportunity. [RTLOPT-30]
        : Merged the following sets of instances in 'CDN_DP_region_1_0_c7 in accelerator_fft_LOG_MAX_N32_MEM_WIDTH32_ADDR_WIDTH6':
	  (final_adder_ADD_TC_OP84, final_adder_ADD_TC_OP92)

Info    : Accepted resource sharing opportunity. [RTLOPT-30]
        : Merged the following sets of instances in 'CDN_DP_region_1_0_c7 in accelerator_fft_LOG_MAX_N32_MEM_WIDTH32_ADDR_WIDTH6':
	  (final_adder_ADD_TC_OP_86, final_adder_SUB_TC_OP91)

Info    : Transformed datapath macro. [RTLOPT-40]
        : Transformed 2 datapath macros in module 'CDN_DP_region_1_0_c7' to a form more suitable for further optimization.
Number of non-ctl's : 14
mux_e_im_187_13 mux_e_re_187_13 mux_o_im_187_13 mux_o_re_187_13 mux_stage_187_13 g266 g267 sharing_mux268 sharing_mux269 sharing_mux270 sharing_mux272 g273 mux_accel_mem_addr_265_274 g275 
SOP DEBUG : Module= CDN_DP_region_1_0_c7, Cluster= ctl_current_state_187_13_create, ctl= 2, Non-ctl= 14
Selected impl_type 0 (ctl + 1-hot mux form) for sop cluster ctl_current_state_187_13_create.
Info    : Optimized a mux chain. [DPOPT-10]
        : Created Flattened Mux 'F_F_mux_next_w_im_276_15' in design 'CDN_DP_region_1_0_c7'.
	The following set of instances are flattened ( F_mux_next_w_im_276_15 mux_next_w_im_278_15 ).

Info    : Optimized a mux chain. [DPOPT-10]
        : Created Flattened Mux 'F_F_mux_next_w_re_276_15' in design 'CDN_DP_region_1_0_c7'.
	The following set of instances are flattened ( F_mux_next_w_re_276_15 mux_next_w_re_278_15 ).

      Timing add_unsigned_carry...
      Timing add_unsigned_carry_9112...
      Timing increment_unsigned_9114...
      Timing decrement_unsigned_9116...
      Timing add_unsigned_carry_9119...
      Timing csa_tree_12115...
      Timing equal_adder_12148...
      Timing csa_tree_12150...
      Timing csa_tree_12186...
      Timing csa_tree_12200...
Info    : Transformed datapath macro. [RTLOPT-40]
        : Transformed 2 datapath macros in module 'CDN_DP_region_1_0_c1' to a form more suitable for further optimization.
Info    : Accepted resource sharing opportunity. [RTLOPT-30]
        : Merged the following sets of instances in 'CDN_DP_region_1_0_c1 in accelerator_fft_LOG_MAX_N32_MEM_WIDTH32_ADDR_WIDTH6':
	  (csa_tree_add_294_39, csa_tree_add_280_40)

      Timing addsub_unsigned_13237...
Info    : Accepted resource sharing opportunity. [RTLOPT-30]
        : Merged the following sets of instances in 'CDN_DP_region_1_0_c1 in accelerator_fft_LOG_MAX_N32_MEM_WIDTH32_ADDR_WIDTH6':
	  (ADD_UNS_OP2, ADD_UNS_OP)

Info    : Accepted resource sharing opportunity. [RTLOPT-30]
        : Merged the following sets of instances in 'CDN_DP_region_1_0_c1 in accelerator_fft_LOG_MAX_N32_MEM_WIDTH32_ADDR_WIDTH6':
	  (final_adder_sub_279_40, final_adder_add_296_46)
	  (final_adder_add_280_40, final_adder_add_294_39)

Number of non-ctl's : 11
mux_e_im_187_13 mux_e_re_187_13 mux_o_im_187_13 mux_o_re_187_13 mux_stage_187_13 g39 g40 sharing_mux41 sharing_mux42 mux_accel_mem_addr_265_43 g44 
SOP DEBUG : Module= CDN_DP_region_1_0_c1, Cluster= ctl_current_state_187_13_create, ctl= 2, Non-ctl= 11
Selected impl_type 0 (ctl + 1-hot mux form) for sop cluster ctl_current_state_187_13_create.
      Timing decrement_unsigned_15055_15091...
      Timing equal_unsigned_2021_rtlopto_model_15092...
      Timing gt_unsigned_1260_rtlopto_model_15093...
      Timing increment_unsigned_15058_15094...
      Timing leq_unsigned_2019_rtlopto_model_15095...
Info    : Optimized a mux chain. [DPOPT-10]
        : Created Flattened Mux 'F_F_mux_next_w_im_276_15' in design 'CDN_DP_region_1_0_c1'.
	The following set of instances are flattened ( F_mux_next_w_im_276_15 mux_next_w_im_278_15 ).

Info    : Optimized a mux chain. [DPOPT-10]
        : Created Flattened Mux 'F_F_mux_next_w_re_276_15' in design 'CDN_DP_region_1_0_c1'.
	The following set of instances are flattened ( F_mux_next_w_re_276_15 mux_next_w_re_278_15 ).

      Timing increment_unsigned_15114...
Info    : Transformed datapath macro. [RTLOPT-40]
        : Transformed 1 datapath macros in module 'CDN_DP_region_1_0_c2' to a form more suitable for further optimization.
Info    : Accepted resource sharing opportunity. [RTLOPT-30]
        : Merged the following sets of instances in 'CDN_DP_region_1_0_c2 in accelerator_fft_LOG_MAX_N32_MEM_WIDTH32_ADDR_WIDTH6':
	  (csa_tree_add_294_39, csa_tree_add_280_40)

Info    : Accepted resource sharing opportunity. [RTLOPT-30]
        : Merged the following sets of instances in 'CDN_DP_region_1_0_c2 in accelerator_fft_LOG_MAX_N32_MEM_WIDTH32_ADDR_WIDTH6':
	  (final_adder_sub_279_40, final_adder_add_296_46)
	  (final_adder_add_280_40, final_adder_add_294_39)

      Timing addsub_unsigned_19310...
Info    : Accepted resource sharing opportunity. [RTLOPT-30]
        : Merged the following sets of instances in 'CDN_DP_region_1_0_c2 in accelerator_fft_LOG_MAX_N32_MEM_WIDTH32_ADDR_WIDTH6':
	  (ADD_UNS_OP, add_270_47)

Number of non-ctl's : 11
mux_e_im_187_13 mux_e_re_187_13 mux_o_im_187_13 mux_o_re_187_13 mux_stage_187_13 g161 g162 sharing_mux163 sharing_mux164 mux_accel_mem_addr_265_165 g166 
SOP DEBUG : Module= CDN_DP_region_1_0_c2, Cluster= ctl_current_state_187_13_create, ctl= 2, Non-ctl= 11
Selected impl_type 0 (ctl + 1-hot mux form) for sop cluster ctl_current_state_187_13_create.
      Timing decrement_unsigned_15055_22106...
      Timing equal_unsigned_2021_rtlopto_model_22109...
      Timing gt_unsigned_1260_rtlopto_model_22110...
      Timing increment_unsigned_22079_22111...
      Timing increment_unsigned_15058_22112...
      Timing leq_unsigned_2019_rtlopto_model_22113...
Info    : Transformed datapath macro. [RTLOPT-40]
        : Transformed 2 datapath macros in module 'CDN_DP_region_1_0_c3' to a form more suitable for further optimization.
Info    : Accepted resource sharing opportunity. [RTLOPT-30]
        : Merged the following sets of instances in 'CDN_DP_region_1_0_c3 in accelerator_fft_LOG_MAX_N32_MEM_WIDTH32_ADDR_WIDTH6':
	  (csa_tree_add_294_39, csa_tree_add_280_40)

Info    : Accepted resource sharing opportunity. [RTLOPT-30]
        : Merged the following sets of instances in 'CDN_DP_region_1_0_c3 in accelerator_fft_LOG_MAX_N32_MEM_WIDTH32_ADDR_WIDTH6':
	  (ADD_UNS_OP2, ADD_UNS_OP)

Info    : Accepted resource sharing opportunity. [RTLOPT-30]
        : Merged the following sets of instances in 'CDN_DP_region_1_0_c3 in accelerator_fft_LOG_MAX_N32_MEM_WIDTH32_ADDR_WIDTH6':
	  (final_adder_sub_279_40, final_adder_add_296_46)
	  (final_adder_add_280_40, final_adder_add_294_39)

Number of non-ctl's : 11
mux_e_im_187_13 mux_e_re_187_13 mux_o_im_187_13 mux_o_re_187_13 mux_stage_187_13 g39 g40 sharing_mux41 sharing_mux42 mux_accel_mem_addr_265_43 g44 
SOP DEBUG : Module= CDN_DP_region_1_0_c3, Cluster= ctl_current_state_187_13_create, ctl= 2, Non-ctl= 11
Selected impl_type 0 (ctl + 1-hot mux form) for sop cluster ctl_current_state_187_13_create.
      Timing decrement_unsigned_15055_28113...
      Timing equal_unsigned_2021_rtlopto_model_28114...
      Timing gt_unsigned_1260_rtlopto_model_28115...
      Timing increment_unsigned_15058_28116...
      Timing leq_unsigned_2019_rtlopto_model_28117...
Info    : Transformed datapath macro. [RTLOPT-40]
        : Transformed 1 datapath macros in module 'CDN_DP_region_1_0_c4' to a form more suitable for further optimization.
Info    : Accepted resource sharing opportunity. [RTLOPT-30]
        : Merged the following sets of instances in 'CDN_DP_region_1_0_c4 in accelerator_fft_LOG_MAX_N32_MEM_WIDTH32_ADDR_WIDTH6':
	  (csa_tree_add_294_39, csa_tree_add_280_40)

Number of non-ctl's : 11
mux_e_im_187_13 mux_e_re_187_13 mux_o_im_187_13 mux_o_re_187_13 mux_stage_187_13 g161 g162 sharing_mux163 sharing_mux164 mux_accel_mem_addr_265_165 g166 
SOP DEBUG : Module= CDN_DP_region_1_0_c4, Cluster= ctl_current_state_187_13_create, ctl= 2, Non-ctl= 11
Selected impl_type 0 (ctl + 1-hot mux form) for sop cluster ctl_current_state_187_13_create.
      Timing decrement_unsigned_15055_35139...
      Timing equal_unsigned_2021_rtlopto_model_35142...
      Timing gt_unsigned_1260_rtlopto_model_35143...
      Timing increment_unsigned_22079_35144...
      Timing increment_unsigned_15058_35145...
      Timing leq_unsigned_2019_rtlopto_model_35146...
Info    : Transformed datapath macro. [RTLOPT-40]
        : Transformed 1 datapath macros in module 'CDN_DP_region_1_0_c5' to a form more suitable for further optimization.
Number of non-ctl's : 11
mux_e_im_187_13 mux_e_re_187_13 mux_o_im_187_13 mux_o_re_187_13 mux_stage_187_13 g161 g162 sharing_mux163 sharing_mux164 mux_accel_mem_addr_265_165 g166 
SOP DEBUG : Module= CDN_DP_region_1_0_c5, Cluster= ctl_current_state_187_13_create, ctl= 2, Non-ctl= 11
Selected impl_type 0 (ctl + 1-hot mux form) for sop cluster ctl_current_state_187_13_create.
      Timing decrement_unsigned_15055_42154...
      Timing equal_unsigned_2021_rtlopto_model_42157...
      Timing gt_unsigned_1260_rtlopto_model_42158...
      Timing increment_unsigned_22079_42159...
      Timing increment_unsigned_15058_42160...
      Timing leq_unsigned_2019_rtlopto_model_42161...
      Timing csa_tree_45930...
      Timing add_signed_46186...
      Timing mux_47973...
      Timing csa_tree_48066...
Info    : Transformed datapath macro. [RTLOPT-40]
        : Transformed 1 datapath macros in module 'CDN_DP_region_1_0_c6' to a form more suitable for further optimization.
Number of non-ctl's : 11
csa_mux_a_sharing_mux493 csa_mux_b_sharing_mux493 g490 g491 g495 mux_accel_mem_addr_265_494 mux_e_im_187_13 mux_e_re_187_13 mux_o_im_187_13 mux_o_re_187_13 mux_stage_187_13 
SOP DEBUG : Module= CDN_DP_region_1_0_c6, Cluster= ctl_current_state_187_13_create, ctl= 2, Non-ctl= 11
Selected impl_type 0 (ctl + 1-hot mux form) for sop cluster ctl_current_state_187_13_create.
      Timing decrement_unsigned_15055_48280...
      Timing equal_unsigned_2021_rtlopto_model_48281...
      Timing gt_unsigned_1260_rtlopto_model_48282...
      Timing increment_unsigned_15058_48283...
      Timing leq_unsigned_2019_rtlopto_model_48284...
CDN_DP_region_1_0 level = 0 loads = 4 drivers = 0
CDN_DP_region_1_0_c0 in accelerator_fft_LOG_MAX_N32_MEM_WIDTH32_ADDR_WIDTH6: area: 441086670990 ,dp = 42 mux = 22 sg = slow         worst_clk_period: 0.0000 
    wns: 0  norm_wns:  0.0000 
    fail_endp: 0 
    tns:  0  tns_per_endp:  0.0000   norm_tns_per_endp:  0.0000 
    tns_sense_max:  0.0000  tns_sense_avg:  0.0000   tns_sense_num: 0
 skipped
CDN_DP_region_1_0_c1 in accelerator_fft_LOG_MAX_N32_MEM_WIDTH32_ADDR_WIDTH6: area: 356921364555 ,dp = 26 mux = 21 sg = fast         worst_clk_period: 2417217978702840005376726167209178490642075813655935855464275084330078654838454623586221843942749961411395689182026800291804196379442768387719457491110043427091751647204471448897892700515806415421440.0000 
    wns: 0  norm_wns:  49772963496555826294847872858937546746237195944071663981054810099975911000697918460495042054752152462771824853747480018721728877466317570806118300516352.0000 
    fail_endp: 2318544774235889712 
    tns:  0  tns_per_endp:  93053438744684572095516628880183329750922390930771111508438472926876151915529962036287241674167921217660099931093546614089400789603344194699913604637479014415985030875394513861468072008886691236413440.0000   norm_tns_per_endp:  0.0000 
    tns_sense_max:  0.0000  tns_sense_avg:  0.0000   tns_sense_num: 540748081
 is current best
CDN_DP_region_1_0_c2 in accelerator_fft_LOG_MAX_N32_MEM_WIDTH32_ADDR_WIDTH6: area: 352696273650 ,dp = 26 mux = 21 sg = very_slow    worst_clk_period: 0.0000 
    wns: 0  norm_wns:  0.0000 
    fail_endp: 0 
    tns:  0  tns_per_endp:  0.0000   norm_tns_per_endp:  0.0000 
    tns_sense_max:  0.0000  tns_sense_avg:  2.0000   tns_sense_num: 0
 is current best
CDN_DP_region_1_0_c3 in accelerator_fft_LOG_MAX_N32_MEM_WIDTH32_ADDR_WIDTH6: area: 356921364555 ,dp = 26 mux = 21 sg = very_fast    worst_clk_period: 2417217978702840005376726167209178490642075813655935855464275084330078654838454623586221843942749961411395689182026800291804196379442768387719457491110043427091751647204471448897892700515806415421440.0000 
    wns: 0  norm_wns:  49772963496555826294847872858937546746237195944071663981054810099975911000697918460495042054752152462771824853747480018721728877466317570806118300516352.0000 
    fail_endp: 2318544774235889712 
    tns:  0  tns_per_endp:  93053438744684572095516628880183329750922390930771111508438472926876151915529962036287241674167921217660099931093546614089400789603344194699913604637479014415985030875394513861468072008886691236413440.0000   norm_tns_per_endp:  0.0000 
    tns_sense_max:  0.0000  tns_sense_avg:  0.0000   tns_sense_num: 540748081

CDN_DP_region_1_0_c4 in accelerator_fft_LOG_MAX_N32_MEM_WIDTH32_ADDR_WIDTH6: area: 352696273650 ,dp = 26 mux = 21 sg = very_fast    worst_clk_period: 0.0000 
    wns: 0  norm_wns:  0.0000 
    fail_endp: 0 
    tns:  0  tns_per_endp:  0.0000   norm_tns_per_endp:  0.0000 
    tns_sense_max:  0.0000  tns_sense_avg:  0.0000   tns_sense_num: 0
 is current best
CDN_DP_region_1_0_c5 in accelerator_fft_LOG_MAX_N32_MEM_WIDTH32_ADDR_WIDTH6: area: 352696273650 ,dp = 26 mux = 21 sg = very_fast    worst_clk_period: 0.0000 
    wns: 0  norm_wns:  0.0000 
    fail_endp: 0 
    tns:  0  tns_per_endp:  0.0000   norm_tns_per_endp:  0.0000 
    tns_sense_max:  0.0000  tns_sense_avg:  0.0000   tns_sense_num: 0
 is current best
CDN_DP_region_1_0_c6 in accelerator_fft_LOG_MAX_N32_MEM_WIDTH32_ADDR_WIDTH6: area: 315925697430 ,dp = 25 mux = 28 sg = very_fast    worst_clk_period: 2417217978702840005376726167209178490642075813655935855464275084330078654838454623586221843942749961411395689182026800291804196379442768387719457491110043427091751647204471448897892700515806415421440.0000 
    wns: 0  norm_wns:  49772963496555826294847872858937546746237195944071663981054810099975911000697918460495042054752152462771824853747480018721728877466317570806118300516352.0000 
    fail_endp: 2318544774235889712 
    tns:  0  tns_per_endp:  93053438744684572095516628880183329750922390930771111508438472926876151915529962036287241674167921217660099931093546614089400789603344194699913604637479014415985030875394513861468072008886691236413440.0000   norm_tns_per_endp:  0.0000 
    tns_sense_max:  0.0000  tns_sense_avg:  0.0000   tns_sense_num: 540748081
 is current best
CDN_DP_region_1_0_c7 in accelerator_fft_LOG_MAX_N32_MEM_WIDTH32_ADDR_WIDTH6: area: 364816035045 ,dp = 24 mux = 21 sg = very_fast    worst_clk_period: 0.0000 
    wns: 0  norm_wns:  0.0000 
    fail_endp: 0 
    tns:  0  tns_per_endp:  0.0000   norm_tns_per_endp:  0.0000 
    tns_sense_max:  0.0000  tns_sense_avg:  0.0000   tns_sense_num: 0

Best config: CDN_DP_region_1_0_c6 in accelerator_fft_LOG_MAX_N32_MEM_WIDTH32_ADDR_WIDTH6: area: 315925697430 ,dp = 25 mux = 28 sg = very_fast    worst_clk_period: 2417217978702840005376726167209178490642075813655935855464275084330078654838454623586221843942749961411395689182026800291804196379442768387719457491110043427091751647204471448897892700515806415421440.0000 
    wns: 0  norm_wns:  49772963496555826294847872858937546746237195944071663981054810099975911000697918460495042054752152462771824853747480018721728877466317570806118300516352.0000 
    fail_endp: 2318544774235889712 
    tns:  0  tns_per_endp:  93053438744684572095516628880183329750922390930771111508438472926876151915529962036287241674167921217660099931093546614089400789603344194699913604637479014415985030875394513861468072008886691236413440.0000   norm_tns_per_endp:  0.0000 
    tns_sense_max:  0.0000  tns_sense_avg:  0.0000   tns_sense_num: 540748081
  Smallest config area : 315925697430.  Fastest config wns;  0
##>+----------------------------------------------------------------------------------------------------------------------------------------------------------------+
##>Summary table of configs (Best config is CDN_DP_region_1_0_c6)
##>+----------------------------------------------------------------------------------------------------------------------------------------------------------------+
##>                     0                  1                  2                  3                  4                  5                  6                  7            
##>+----------------------------------------------------------------------------------------------------------------------------------------------------------------+
##>           Area     441086670990       356921364555       352696273650       356921364555       352696273650       352696273650       315925697430       364816035045  
##>            WNS        +12779.70          +12772.00          +12772.00          +12772.00          +12772.00          +12772.00          +12754.40          +12606.80  
##>            TNS                0                  0                  0                  0                  0                  0                  0                  0  
##>    Num Rewrite                0                  2                  1                  2                  1                  1                  1                 10  
##>     Num Factor                0                  1                  0                  1                  0                  0                  0                  2  
##>      Num Share                0                  4                  4                  4                  4                  4                  8                  4  
##>   Num CmultCse                0                  0                  0                  0                  0                  0                  0                  0  
##>   Num Downsize                0                  0                  0                  0                  0                  0                  0                  0  
##>  Num Speculate                0                  0                  0                  0                  0                  0                  0                  0  
##>     Runtime(s)                0                 24                 31                 22                 30                 30                 15                 64  
+----------------------------------------------------------------------------------------------------------------------------------------------------------------+
##>
##>
##>+------------------------------------------------------------------------------------------------------------------------------------------------------------+
##>Optimization Step DEBUG Table for config CDN_DP_region_1_0_c6
##>
##>                          Step                        Area   ( % Chg)        WNS (Change)        TNS (Change)          Runtime (s)        Comment                   
##>+------------------------------------------------------------------------------------------------------------------------------------------------------------+
##>createMaxCarrySave              START           441086670990 (      )    107386962.10 (        )             0 (        )              
##> datapath_rewrite_one_def       START           441086670990 ( +0.00)    107386962.10 (   +0.00)             0 (       0)              
##>  fast_cse_elim                 START           441086670990 ( +0.00)    107386962.10 (   +0.00)             0 (       0)              
##>                                  END           440969158980 ( -0.03)    107386962.10 (   +0.00)             0 (       0)           0  
##>  fast_cse_elim                 START           440969158980 ( +0.00)    107386962.10 (   +0.00)             0 (       0)              
##>                                  END           440969158980 ( +0.00)    107386962.10 (   +0.00)             0 (       0)           0  
##>                                  END           440969158980 ( -0.03)    107386962.10 (   +0.00)             0 (       0)           0  
##> dpopt_share_one_def            START           440969158980 ( +0.00)    107386962.10 (   +0.00)             0 (       0)              
##>                                  END           314878772250 (-28.59)    107386706.90 ( -255.20)             0 (       0)           8  
##> csa_opto                       START           314878772250 ( +0.00)    214748364.70 (+107361657.80)             0 (       0)              
##>                                  END           323985953025 ( +2.89)    214748364.70 (   +0.00)             0 (       0)           2  
##>                                  END           323985953025 (-26.55)    214748364.70 (+107361402.60)             0 (       0)          10  
##>canonicalize_by_names           START           323985953025 ( +0.00)    214748364.70 (   +0.00)             0 (       0)              
##>                                  END           323985953025 ( +0.00)    214748364.70 (   +0.00)             0 (       0)           0  
##>datapath_rewrite_post_csa_one_  START           323985953025 ( +0.00)    214748364.70 (   +0.00)             0 (       0)              
##> rewrite                        START           323985953025 ( +0.00)    214748364.70 (   +0.00)             0 (       0)              (a,ar) csa_add_and_inc_v2 --> csa_add_ci
##>                                  END           324012660300 ( +0.01)    214748364.70 (   +0.00)             0 (       0)           0  
##>                                  END           324012660300 ( +0.01)    214748364.70 (   +0.00)             0 (       0)           0  
##>datapath_csa_factoring_one_gde  START           324012660300 ( +0.00)    214748364.70 (   +0.00)             0 (       0)              
##>                                  END           324012660300 ( +0.00)    214748364.70 (   +0.00)             0 (       0)           0  
##>dpopt_share_one_def             START           324012660300 ( +0.00)    214748364.70 (   +0.00)             0 (       0)              
##>                                  END           324012660300 ( +0.00)    214748364.70 (   +0.00)             0 (       0)           0  
##>datapath_rewrite_post_share     START           324012660300 ( +0.00)    214748364.70 (   +0.00)             0 (       0)              
##>                                  END           324012660300 ( +0.00)    214748364.70 (   +0.00)             0 (       0)           0  
##>dp_combine_const_mult_with_com  START           324012660300 ( +0.00)    214748364.70 (   +0.00)             0 (       0)              
##>                                  END           324012660300 ( +0.00)    214748364.70 (   +0.00)             0 (       0)           0  
##>speculate_in_gdef               START           324012660300 ( +0.00)    214748364.70 (   +0.00)             0 (       0)              
##> pre_speculate_mux_merge        START           324012660300 ( +0.00)    214748364.70 (   +0.00)             0 (       0)              
##>                                  END           324012660300 ( +0.00)    214748364.70 (   +0.00)             0 (       0)           0  
##>                                  END           324012660300 ( +0.00)    214748364.70 (   +0.00)             0 (       0)           0  
##>dp_operator_level_decompositio  START           324012660300 ( +0.00)    214748364.70 (   +0.00)             0 (       0)              
##>                                  END           324012660300 ( +0.00)    214748364.70 (   +0.00)             0 (       0)           0  
##>selective_flatten_dp_config     START           324012660300 ( +0.00)    214748364.70 (   +0.00)             0 (       0)              
##>                                  END           324012660300 ( +0.00)    214748364.70 (   +0.00)             0 (       0)           0  
##>createMaxCarrySave              START           324012660300 ( +0.00)    214748364.70 (   +0.00)             0 (       0)              
##> datapath_rewrite_one_def       START           324012660300 ( +0.00)    214748364.70 (   +0.00)             0 (       0)              
##>  fast_cse_elim                 START           324012660300 ( +0.00)    214748364.70 (   +0.00)             0 (       0)              
##>                                  END           321277835340 ( -0.84)    214748364.70 (   +0.00)             0 (       0)           0  
##>  fast_cse_elim                 START           321277835340 ( +0.00)    214748364.70 (   +0.00)             0 (       0)              
##>                                  END           321277835340 ( +0.00)    214748364.70 (   +0.00)             0 (       0)           0  
##>  rewrite                       START           321277835340 ( +0.00)    214748364.70 (   +0.00)             0 (       0)              
##>                                  END           321277835340 ( +0.00)    214748364.70 (   +0.00)             0 (       0)           0  
##>  rewrite                       START           321277835340 ( +0.00)    214748364.70 (   +0.00)             0 (       0)              
##>                                  END           321277835340 ( +0.00)    214748364.70 (   +0.00)             0 (       0)           0  
##>                                  END           321277835340 ( -0.84)    214748364.70 (   +0.00)             0 (       0)           0  
##> dpopt_share_one_def            START           321277835340 ( +0.00)    214748364.70 (   +0.00)             0 (       0)              
##>                                  END           321277835340 ( +0.00)    214748364.70 (   +0.00)             0 (       0)           0  
##> csa_opto                       START           321277835340 ( +0.00)    214748364.70 (   +0.00)             0 (       0)              
##>                                  END           321277835340 ( +0.00)    214748364.70 (   +0.00)             0 (       0)           0  
##>                                  END           321277835340 ( -0.84)    214748364.70 (   +0.00)             0 (       0)           0  
##>datapath_rewrite_post_csa_one_  START           321277835340 ( +0.00)    214748364.70 (   +0.00)             0 (       0)              
##>                                  END           321277835340 ( +0.00)    214748364.70 (   +0.00)             0 (       0)           0  
##>datapath_csa_factoring_one_gde  START           321277835340 ( +0.00)    214748364.70 (   +0.00)             0 (       0)              
##>                                  END           321277835340 ( +0.00)    214748364.70 (   +0.00)             0 (       0)           0  
##>dpopt_share_one_def             START           321277835340 ( +0.00)    214748364.70 (   +0.00)             0 (       0)              
##>                                  END           321277835340 ( +0.00)    214748364.70 (   +0.00)             0 (       0)           0  
##>datapath_rewrite_post_share     START           321277835340 ( +0.00)    214748364.70 (   +0.00)             0 (       0)              
##>                                  END           321277835340 ( +0.00)    214748364.70 (   +0.00)             0 (       0)           0  
##>dp_combine_const_mult_with_com  START           321277835340 ( +0.00)    214748364.70 (   +0.00)             0 (       0)              
##>                                  END           321277835340 ( +0.00)    214748364.70 (   +0.00)             0 (       0)           0  
##>speculate_in_gdef               START           321277835340 ( +0.00)    214748364.70 (   +0.00)             0 (       0)              
##> pre_speculate_mux_merge        START           321277835340 ( +0.00)    214748364.70 (   +0.00)             0 (       0)              
##>                                  END           321277835340 ( +0.00)    214748364.70 (   +0.00)             0 (       0)           0  
##>                                  END           321277835340 ( +0.00)    214748364.70 (   +0.00)             0 (       0)           0  
##>dp_operator_level_decompositio  START           321277835340 ( +0.00)    214748364.70 (   +0.00)             0 (       0)              
##>                                  END           321277835340 ( +0.00)    214748364.70 (   +0.00)             0 (       0)           0  
##>selective_flatten_dp_config     START           321277835340 ( +0.00)    214748364.70 (   +0.00)             0 (       0)              
##>                                  END           321277835340 ( +0.00)    214748364.70 (   +0.00)             0 (       0)           0  
##>createMaxCarrySave              START           321277835340 ( +0.00)    214748364.70 (   +0.00)             0 (       0)              
##> datapath_rewrite_one_def       START           321277835340 ( +0.00)    214748364.70 (   +0.00)             0 (       0)              
##>  fast_cse_elim                 START           321277835340 ( +0.00)    214748364.70 (   +0.00)             0 (       0)              
##>                                  END           321277835340 ( +0.00)    214748364.70 (   +0.00)             0 (       0)           0  
##>  fast_cse_elim                 START           321277835340 ( +0.00)    214748364.70 (   +0.00)             0 (       0)              
##>                                  END           321277835340 ( +0.00)    214748364.70 (   +0.00)             0 (       0)           0  
##>                                  END           321277835340 ( +0.00)    214748364.70 (   +0.00)             0 (       0)           0  
##> dpopt_share_one_def            START           321277835340 ( +0.00)    214748364.70 (   +0.00)             0 (       0)              
##>                                  END           321277835340 ( +0.00)    214748364.70 (   +0.00)             0 (       0)           0  
##> csa_opto                       START           321277835340 ( +0.00)    214748364.70 (   +0.00)             0 (       0)              
##>                                  END           321277835340 ( +0.00)    214748364.70 (   +0.00)             0 (       0)           0  
##>                                  END           321277835340 ( +0.00)    214748364.70 (   +0.00)             0 (       0)           0  
##>context_based_simplify          START           317154232080 ( -1.28)    214748364.70 (   +0.00)             0 (       0)              
##>                                  END           317004671340 ( -0.05)    214748364.70 (   +0.00)             0 (       0)           0  
##>group_csa_final_adder_dp        START           317004671340 ( +0.00)    214748364.70 (   +0.00)             0 (       0)              
##>                                  END           317004671340 ( +0.00)    214748364.70 (   +0.00)             0 (       0)           2  
##>dpopt_flatten_critical_muxes_i  START           317004671340 ( +0.00)    214748364.70 (   +0.00)             0 (       0)              
##>                                  END           317004671340 ( +0.00)    214748364.70 (   +0.00)             0 (       0)           0  
##>speculate_in_gdef               START           317004671340 ( +0.00)    214748364.70 (   +0.00)             0 (       0)              
##> pre_speculate_mux_merge        START           317004671340 ( +0.00)    214748364.70 (   +0.00)             0 (       0)              
##>                                  END           317004671340 ( +0.00)    214748364.70 (   +0.00)             0 (       0)           0  
##>                                  END           317004671340 ( +0.00)    214748364.70 (   +0.00)             0 (       0)           0  
##>create_score                    START           315925697430 ( -0.34)    12754.40 (-214735610.30)             0 (       0)              
##>                                  END           315925697430 ( +0.00)    12754.40 (   +0.00)             0 (       0)           0  
##>+------------------------------------------------------------------------------------------------------------------------------------------------------------+
Committed config: CDN_DP_region_1_0_c6
Info    : Done implementing datapath configurations. [DPOPT-4]
        : Selected 'very_fast' configuration 6 for module 'CDN_DP_region_1_0'.
          Optimizations applied to 'very_fast' configuration:
            rewriting(1), factoring(0), sharing(8), cmultcse(0), downsizing(0), speculation(0)
Info    : Implementing datapath configurations. [DPOPT-3]
        : Implementing datapath configurations for 'CDN_DP_region_7_0'
CSAGen Prep Share:0 Re-Write:0 Speculation: 0
MaxCSA: Successfully built Maximal CSA Expression Expr7
MaxCSA: Successfully built Maximal CSA Expression Expr8
MaxCSA: Successfully built Maximal CSA Expression Expr9
MaxCSA: Successfully built Maximal CSA Expression Expr10
MaxCSA: Successfully built Maximal CSA Expression Expr11
MaxCSA: Successfully built Maximal CSA Expression Expr12
MaxCSA: Successfully built Maximal CSA Expression Expr13
MaxCSA: Successfully built Maximal CSA Expression Expr14
MaxCSA: Successfully built Maximal CSA Expression Expr15
MaxCSA: Successfully built Maximal CSA Expression Expr16
MaxCSA: Successfully built Maximal CSA Expression Expr17
MaxCSA: Successfully built Maximal CSA Expression Expr18
MaxCSA: Successfully built Maximal CSA Expression Expr19
MaxCSA: Successfully built Maximal CSA Expression Expr20
MaxCSA: Successfully built Maximal CSA Expression Expr21
MaxCSA: Successfully built Maximal CSA Expression Expr22
MaxCSA: Successfully built Maximal CSA Expression Expr23
      Timing decrement_unsigned_48355...
      Timing csa_tree_48357...
      Timing add_signed_carry_48362...
      Timing csa_tree_48364...
      Timing add_signed_carry_48369...
      Timing decrement_unsigned_48501_48513...
      Timing add_unsigned_carry_48575...
      Timing add_unsigned_carry_48617...
Info    : Transformed datapath macro. [RTLOPT-40]
        : Transformed 1 datapath macros in module 'CDN_DP_region_7_0_c1' to a form more suitable for further optimization.
      Timing decrement_unsigned_48501_48645...
Info    : Transformed datapath macro. [RTLOPT-40]
        : Transformed 1 datapath macros in module 'CDN_DP_region_7_0_c2' to a form more suitable for further optimization.
      Timing decrement_unsigned_48501_48719...
Info    : Transformed datapath macro. [RTLOPT-40]
        : Transformed 1 datapath macros in module 'CDN_DP_region_7_0_c3' to a form more suitable for further optimization.
      Timing decrement_unsigned_48501_48793...
Info    : Transformed datapath macro. [RTLOPT-40]
        : Transformed 1 datapath macros in module 'CDN_DP_region_7_0_c4' to a form more suitable for further optimization.
      Timing decrement_unsigned_48501_48867...
Info    : Transformed datapath macro. [RTLOPT-40]
        : Transformed 1 datapath macros in module 'CDN_DP_region_7_0_c5' to a form more suitable for further optimization.
      Timing decrement_unsigned_48501_48941...
Info    : Transformed datapath macro. [RTLOPT-40]
        : Transformed 1 datapath macros in module 'CDN_DP_region_7_0_c6' to a form more suitable for further optimization.
      Timing decrement_unsigned_48501_49015...
CDN_DP_region_7_0 level = 0 loads = 0 drivers = 0
CDN_DP_region_7_0_c0 in picorv32_pcpi_mul: area: 15543634050 ,dp = 35 mux = 14 sg = slow         worst_clk_period: -4592024818112686007544091371623043813004152832110781083474987530434548819765321140516579626654680392906110065126800729164270879694187219469955113378228855615075034128434092163310164542077600748578610244716643515416258676369934689095608681774610783372403276652660868448931282944.0000 
    wns: 0  norm_wns:  0.0000 
    fail_endp: 0 
    tns:  0  tns_per_endp:  0.0000   norm_tns_per_endp:  0.0000 
    tns_sense_max:  0.0000  tns_sense_avg:  0.0000   tns_sense_num: 0
 skipped
CDN_DP_region_7_0_c1 in picorv32_pcpi_mul: area: 13946539005 ,dp = 17 mux = 14 sg = fast         worst_clk_period: 0.0000 
    wns: 0  norm_wns:  0.0000 
    fail_endp: 0 
    tns:  0  tns_per_endp:  0.0000   norm_tns_per_endp:  0.0000 
    tns_sense_max:  0.0000  tns_sense_avg:  0.0000   tns_sense_num: 0
 is current best
CDN_DP_region_7_0_c2 in picorv32_pcpi_mul: area: 13946539005 ,dp = 17 mux = 14 sg = very_slow    worst_clk_period: 0.0000 
    wns: 0  norm_wns:  0.0000 
    fail_endp: 0 
    tns:  0  tns_per_endp:  0.0000   norm_tns_per_endp:  0.0000 
    tns_sense_max:  0.0000  tns_sense_avg:  0.0000   tns_sense_num: 0
 is current best
CDN_DP_region_7_0_c3 in picorv32_pcpi_mul: area: 13946539005 ,dp = 17 mux = 14 sg = very_fast    worst_clk_period: 0.0000 
    wns: 0  norm_wns:  0.0000 
    fail_endp: 0 
    tns:  0  tns_per_endp:  0.0000   norm_tns_per_endp:  0.0000 
    tns_sense_max:  0.0000  tns_sense_avg:  0.0000   tns_sense_num: 0
 is current best
CDN_DP_region_7_0_c4 in picorv32_pcpi_mul: area: 13946539005 ,dp = 17 mux = 14 sg = very_fast    worst_clk_period: 0.0000 
    wns: 0  norm_wns:  0.0000 
    fail_endp: 0 
    tns:  0  tns_per_endp:  0.0000   norm_tns_per_endp:  0.0000 
    tns_sense_max:  0.0000  tns_sense_avg:  0.0000   tns_sense_num: 0
 is current best
CDN_DP_region_7_0_c5 in picorv32_pcpi_mul: area: 13946539005 ,dp = 17 mux = 14 sg = very_fast    worst_clk_period: 0.0000 
    wns: 0  norm_wns:  0.0000 
    fail_endp: 0 
    tns:  0  tns_per_endp:  0.0000   norm_tns_per_endp:  0.0000 
    tns_sense_max:  0.0000  tns_sense_avg:  0.0000   tns_sense_num: 0
 is current best
CDN_DP_region_7_0_c6 in picorv32_pcpi_mul: area: 13946539005 ,dp = 17 mux = 14 sg = very_fast    worst_clk_period: 0.0000 
    wns: 0  norm_wns:  0.0000 
    fail_endp: 0 
    tns:  0  tns_per_endp:  0.0000   norm_tns_per_endp:  0.0000 
    tns_sense_max:  0.0000  tns_sense_avg:  0.0000   tns_sense_num: 0
 is current best
CDN_DP_region_7_0_c7 in picorv32_pcpi_mul: area: 14197587390 ,dp = 17 mux = 14 sg = very_fast    worst_clk_period: 0.0000 
    wns: 0  norm_wns:  0.0000 
    fail_endp: 0 
    tns:  0  tns_per_endp:  0.0000   norm_tns_per_endp:  0.0000 
    tns_sense_max:  0.0000  tns_sense_avg:  0.0000   tns_sense_num: 0

Best config: CDN_DP_region_7_0_c6 in picorv32_pcpi_mul: area: 13946539005 ,dp = 17 mux = 14 sg = very_fast    worst_clk_period: 0.0000 
    wns: 0  norm_wns:  0.0000 
    fail_endp: 0 
    tns:  0  tns_per_endp:  0.0000   norm_tns_per_endp:  0.0000 
    tns_sense_max:  0.0000  tns_sense_avg:  0.0000   tns_sense_num: 0
  Smallest config area : 13946539005.  Fastest config wns;  0
##>+----------------------------------------------------------------------------------------------------------------------------------------------------------------+
##>Summary table of configs (Best config is CDN_DP_region_7_0_c6)
##>+----------------------------------------------------------------------------------------------------------------------------------------------------------------+
##>                     0                  1                  2                  3                  4                  5                  6                  7            
##>+----------------------------------------------------------------------------------------------------------------------------------------------------------------+
##>           Area      15543634050        13946539005        13946539005        13946539005        13946539005        13946539005        13946539005        14197587390  
##>            WNS        +14711.00          +14711.00          +14711.00          +14711.00          +14711.00          +14711.00          +14711.00          +14711.00  
##>            TNS                0                  0                  0                  0                  0                  0                  0                  0  
##>    Num Rewrite                0                  1                  1                  1                  1                  1                  1                  0  
##>     Num Factor                0                  0                  0                  0                  0                  0                  0                  0  
##>      Num Share                0                  0                  0                  0                  0                  0                  0                  0  
##>   Num CmultCse                0                  0                  0                  0                  0                  0                  0                  0  
##>   Num Downsize                0                  0                  0                  0                  0                  0                  0                  0  
##>  Num Speculate                0                  0                  0                  0                  0                  0                  0                  0  
##>     Runtime(s)                0                  0                  0                  0                  0                  0                  0                  2  
+----------------------------------------------------------------------------------------------------------------------------------------------------------------+
##>
##>
##>+------------------------------------------------------------------------------------------------------------------------------------------------------------+
##>Optimization Step DEBUG Table for config CDN_DP_region_7_0_c6
##>
##>                          Step                        Area   ( % Chg)        WNS (Change)        TNS (Change)          Runtime (s)        Comment                   
##>+------------------------------------------------------------------------------------------------------------------------------------------------------------+
##>createMaxCarrySave              START            15543634050 (      )    107388893.40 (        )             0 (        )              
##> datapath_rewrite_one_def       START            15543634050 ( +0.00)    107388893.40 (   +0.00)             0 (       0)              
##>  fast_cse_elim                 START            15543634050 ( +0.00)    107388893.40 (   +0.00)             0 (       0)              
##>                                  END            15543634050 ( +0.00)    107388893.40 (   +0.00)             0 (       0)           0  
##>  fast_cse_elim                 START            15543634050 ( +0.00)    107388893.40 (   +0.00)             0 (       0)              
##>                                  END            15543634050 ( +0.00)    107388893.40 (   +0.00)             0 (       0)           0  
##>                                  END            15543634050 ( +0.00)    107388893.40 (   +0.00)             0 (       0)           0  
##> dpopt_share_one_def            START            15543634050 ( +0.00)    107388893.40 (   +0.00)             0 (       0)              
##>                                  END            15543634050 ( +0.00)    107388893.40 (   +0.00)             0 (       0)           0  
##> csa_opto                       START            15543634050 ( +0.00)    214748364.70 (+107359471.30)             0 (       0)              
##>                                  END            14021319375 ( -9.79)    214748364.70 (   +0.00)             0 (       0)           0  
##>                                  END            14021319375 ( -9.79)    214748364.70 (+107359471.30)             0 (       0)           0  
##>canonicalize_by_names           START            14021319375 ( +0.00)    214748364.70 (   +0.00)             0 (       0)              
##>                                  END            14021319375 ( +0.00)    214748364.70 (   +0.00)             0 (       0)           0  
##>datapath_rewrite_post_csa_one_  START            14021319375 ( +0.00)    214748364.70 (   +0.00)             0 (       0)              
##>                                  END            14021319375 ( +0.00)    214748364.70 (   +0.00)             0 (       0)           0  
##>datapath_csa_factoring_one_gde  START            14021319375 ( +0.00)    214748364.70 (   +0.00)             0 (       0)              
##>                                  END            14021319375 ( +0.00)    214748364.70 (   +0.00)             0 (       0)           0  
##>dpopt_share_one_def             START            14021319375 ( +0.00)    214748364.70 (   +0.00)             0 (       0)              
##>                                  END            14021319375 ( +0.00)    214748364.70 (   +0.00)             0 (       0)           0  
##>datapath_rewrite_post_share     START            14021319375 ( +0.00)    214748364.70 (   +0.00)             0 (       0)              
##>                                  END            14021319375 ( +0.00)    214748364.70 (   +0.00)             0 (       0)           0  
##>dp_combine_const_mult_with_com  START            14021319375 ( +0.00)    214748364.70 (   +0.00)             0 (       0)              
##>                                  END            14021319375 ( +0.00)    214748364.70 (   +0.00)             0 (       0)           0  
##>speculate_in_gdef               START            14021319375 ( +0.00)    214748364.70 (   +0.00)             0 (       0)              
##> pre_speculate_mux_merge        START            14021319375 ( +0.00)    214748364.70 (   +0.00)             0 (       0)              
##>                                  END            14021319375 ( +0.00)    214748364.70 (   +0.00)             0 (       0)           0  
##>                                  END            14021319375 ( +0.00)    214748364.70 (   +0.00)             0 (       0)           0  
##>dp_operator_level_decompositio  START            14021319375 ( +0.00)    214748364.70 (   +0.00)             0 (       0)              
##>                                  END            14021319375 ( +0.00)    214748364.70 (   +0.00)             0 (       0)           0  
##>selective_flatten_dp_config     START            14021319375 ( +0.00)    214748364.70 (   +0.00)             0 (       0)              
##>                                  END            14010636465 ( -0.08)    214748364.70 (   +0.00)             0 (       0)           0  
##>createMaxCarrySave              START            14010636465 ( +0.00)    214748364.70 (   +0.00)             0 (       0)              
##> datapath_rewrite_one_def       START            14010636465 ( +0.00)    214748364.70 (   +0.00)             0 (       0)              
##>  fast_cse_elim                 START            14010636465 ( +0.00)    214748364.70 (   +0.00)             0 (       0)              
##>                                  END            14010636465 ( +0.00)    214748364.70 (   +0.00)             0 (       0)           0  
##>  fast_cse_elim                 START            14010636465 ( +0.00)    214748364.70 (   +0.00)             0 (       0)              
##>                                  END            14010636465 ( +0.00)    214748364.70 (   +0.00)             0 (       0)           0  
##>  rewrite                       START            14010636465 ( +0.00)    214748364.70 (   +0.00)             0 (       0)              (a,ar) add_ci --> add_and_inc 
##>                                  END            14074733925 ( +0.46)    214748364.70 (   +0.00)             0 (       0)           0  
##>                                  END            14074733925 ( +0.46)    214748364.70 (   +0.00)             0 (       0)           0  
##> dpopt_share_one_def            START            14074733925 ( +0.00)    214748364.70 (   +0.00)             0 (       0)              
##>                                  END            14074733925 ( +0.00)    214748364.70 (   +0.00)             0 (       0)           0  
##> csa_opto                       START            14074733925 ( +0.00)    214748364.70 (   +0.00)             0 (       0)              
##>                                  END            14010636465 ( -0.46)    214748364.70 (   +0.00)             0 (       0)           0  
##>                                  END            14010636465 ( +0.00)    214748364.70 (   +0.00)             0 (       0)           0  
##>context_based_simplify          START            13983929190 ( -0.19)    214748364.70 (   +0.00)             0 (       0)              
##>                                  END            13946539005 ( -0.27)    214748364.70 (   +0.00)             0 (       0)           0  
##>group_csa_final_adder_dp        START            13946539005 ( +0.00)    214748364.70 (   +0.00)             0 (       0)              
##>                                  END            13946539005 ( +0.00)    214748364.70 (   +0.00)             0 (       0)           0  
##>dpopt_flatten_critical_muxes_i  START            13946539005 ( +0.00)    214748364.70 (   +0.00)             0 (       0)              
##>                                  END            13946539005 ( +0.00)    214748364.70 (   +0.00)             0 (       0)           0  
##>speculate_in_gdef               START            13946539005 ( +0.00)    214748364.70 (   +0.00)             0 (       0)              
##> pre_speculate_mux_merge        START            13946539005 ( +0.00)    214748364.70 (   +0.00)             0 (       0)              
##>                                  END            13946539005 ( +0.00)    214748364.70 (   +0.00)             0 (       0)           0  
##>                                  END            13946539005 ( +0.00)    214748364.70 (   +0.00)             0 (       0)           0  
##>create_score                    START            13946539005 ( +0.00)    14711.00 (-214733653.70)             0 (       0)              
##>                                  END            13946539005 ( +0.00)    14711.00 (   +0.00)             0 (       0)           0  
##>+------------------------------------------------------------------------------------------------------------------------------------------------------------+
Committed config: CDN_DP_region_7_0_c6
Info    : Done implementing datapath configurations. [DPOPT-4]
        : Selected 'very_fast' configuration 6 for module 'CDN_DP_region_7_0'.
          Optimizations applied to 'very_fast' configuration:
            rewriting(1), factoring(0), sharing(0), cmultcse(0), downsizing(0), speculation(0)
Info    : Implementing datapath configurations. [DPOPT-3]
        : Implementing datapath configurations for 'CDN_DP_region_6_0'
CSAGen Prep Share:0 Re-Write:0 Speculation: 0
MaxCSA: Successfully built Maximal CSA Expression Expr24
MaxCSA: Successfully built Maximal CSA Expression Expr25
MaxCSA: Successfully built Maximal CSA Expression Expr26
MaxCSA: Successfully built Maximal CSA Expression Expr27
      Timing leq_unsigned_rtlopto_model_49104...
      Timing leq_unsigned_rtlopto_model_49154...
      Timing leq_unsigned_rtlopto_model_49204...
      Timing leq_unsigned_rtlopto_model_49254...
      Timing leq_unsigned_rtlopto_model_49304...
      Timing leq_unsigned_rtlopto_model_49354...
CDN_DP_region_6_0 level = 0 loads = 0 drivers = 0
CDN_DP_region_6_0_c0 in picorv32_pcpi_div: area: 19693944585 ,dp = 8 mux = 8 sg = slow         worst_clk_period: -4592024818112686007544091371623043813004152832110781083474987530434548819765321140516579626654680392906110065126800729164270879694187219469955113378228855615075034128434092163310164542077600748578610244716643515416258676369934689095608681774610783372403276652660868448931282944.0000 
    wns: 0  norm_wns:  0.0000 
    fail_endp: 0 
    tns:  0  tns_per_endp:  0.0000   norm_tns_per_endp:  0.0000 
    tns_sense_max:  0.0000  tns_sense_avg:  0.0000   tns_sense_num: 0
 skipped
CDN_DP_region_6_0_c1 in picorv32_pcpi_div: area: 18112873905 ,dp = 4 mux = 11 sg = fast         worst_clk_period: 0.0000 
    wns: 0  norm_wns:  0.0000 
    fail_endp: 0 
    tns:  0  tns_per_endp:  0.0000   norm_tns_per_endp:  0.0000 
    tns_sense_max:  0.0000  tns_sense_avg:  0.0000   tns_sense_num: 0
 is current best
CDN_DP_region_6_0_c2 in picorv32_pcpi_div: area: 18112873905 ,dp = 4 mux = 11 sg = very_slow    worst_clk_period: 0.0000 
    wns: 0  norm_wns:  0.0000 
    fail_endp: 0 
    tns:  0  tns_per_endp:  0.0000   norm_tns_per_endp:  0.0000 
    tns_sense_max:  0.0000  tns_sense_avg:  0.0000   tns_sense_num: 0
 is current best
CDN_DP_region_6_0_c3 in picorv32_pcpi_div: area: 18112873905 ,dp = 4 mux = 11 sg = very_fast    worst_clk_period: 0.0000 
    wns: 0  norm_wns:  0.0000 
    fail_endp: 0 
    tns:  0  tns_per_endp:  0.0000   norm_tns_per_endp:  0.0000 
    tns_sense_max:  0.0000  tns_sense_avg:  0.0000   tns_sense_num: 0
 is current best
CDN_DP_region_6_0_c4 in picorv32_pcpi_div: area: 18112873905 ,dp = 4 mux = 11 sg = very_fast    worst_clk_period: 0.0000 
    wns: 0  norm_wns:  0.0000 
    fail_endp: 0 
    tns:  0  tns_per_endp:  0.0000   norm_tns_per_endp:  0.0000 
    tns_sense_max:  0.0000  tns_sense_avg:  0.0000   tns_sense_num: 0
 is current best
CDN_DP_region_6_0_c5 in picorv32_pcpi_div: area: 18112873905 ,dp = 4 mux = 11 sg = very_fast    worst_clk_period: 0.0000 
    wns: 0  norm_wns:  0.0000 
    fail_endp: 0 
    tns:  0  tns_per_endp:  0.0000   norm_tns_per_endp:  0.0000 
    tns_sense_max:  0.0000  tns_sense_avg:  0.0000   tns_sense_num: 0
 is current best
CDN_DP_region_6_0_c6 in picorv32_pcpi_div: area: 18112873905 ,dp = 4 mux = 11 sg = very_fast    worst_clk_period: 0.0000 
    wns: 0  norm_wns:  0.0000 
    fail_endp: 0 
    tns:  0  tns_per_endp:  0.0000   norm_tns_per_endp:  0.0000 
    tns_sense_max:  0.0000  tns_sense_avg:  0.0000   tns_sense_num: 0
 is current best
CDN_DP_region_6_0_c7 in picorv32_pcpi_div: area: 23534450730 ,dp = 6 mux = 8 sg = very_fast    worst_clk_period: 0.0000 
    wns: 0  norm_wns:  0.0000 
    fail_endp: 0 
    tns:  0  tns_per_endp:  0.0000   norm_tns_per_endp:  0.0000 
    tns_sense_max:  0.0000  tns_sense_avg:  0.0000   tns_sense_num: 0

Best config: CDN_DP_region_6_0_c6 in picorv32_pcpi_div: area: 18112873905 ,dp = 4 mux = 11 sg = very_fast    worst_clk_period: 0.0000 
    wns: 0  norm_wns:  0.0000 
    fail_endp: 0 
    tns:  0  tns_per_endp:  0.0000   norm_tns_per_endp:  0.0000 
    tns_sense_max:  0.0000  tns_sense_avg:  0.0000   tns_sense_num: 0
  Smallest config area : 18112873905.  Fastest config wns;  0
##>+----------------------------------------------------------------------------------------------------------------------------------------------------------------+
##>Summary table of configs (Best config is CDN_DP_region_6_0_c6)
##>+----------------------------------------------------------------------------------------------------------------------------------------------------------------+
##>                     0                  1                  2                  3                  4                  5                  6                  7            
##>+----------------------------------------------------------------------------------------------------------------------------------------------------------------+
##>           Area      19693944585        18112873905        18112873905        18112873905        18112873905        18112873905        18112873905        23534450730  
##>            WNS        +13538.10          +13538.10          +13538.10          +13538.10          +13538.10          +13538.10          +13538.10          +13538.10  
##>            TNS                0                  0                  0                  0                  0                  0                  0                  0  
##>    Num Rewrite                0                  0                  0                  0                  0                  0                  0                  0  
##>     Num Factor                0                  0                  0                  0                  0                  0                  0                  0  
##>      Num Share                0                  2                  2                  2                  2                  2                  2                  0  
##>   Num CmultCse                0                  0                  0                  0                  0                  0                  0                  0  
##>   Num Downsize                0                  0                  0                  0                  0                  0                  0                  0  
##>  Num Speculate                0                  0                  0                  0                  0                  0                  0                  0  
##>     Runtime(s)                0                  1                  1                  1                  1                  1                  0                  2  
+----------------------------------------------------------------------------------------------------------------------------------------------------------------+
##>
##>
##>+------------------------------------------------------------------------------------------------------------------------------------------------------------+
##>Optimization Step DEBUG Table for config CDN_DP_region_6_0_c6
##>
##>                          Step                        Area   ( % Chg)        WNS (Change)        TNS (Change)          Runtime (s)        Comment                   
##>+------------------------------------------------------------------------------------------------------------------------------------------------------------+
##>createMaxCarrySave              START            19693944585 (      )    107387720.50 (        )             0 (        )              
##> datapath_rewrite_one_def       START            19693944585 ( +0.00)    107387720.50 (   +0.00)             0 (       0)              
##>  fast_cse_elim                 START            19693944585 ( +0.00)    107387720.50 (   +0.00)             0 (       0)              
##>                                  END            19693944585 ( +0.00)    107387720.50 (   +0.00)             0 (       0)           0  
##>  fast_cse_elim                 START            19693944585 ( +0.00)    107387720.50 (   +0.00)             0 (       0)              
##>                                  END            19693944585 ( +0.00)    107387720.50 (   +0.00)             0 (       0)           0  
##>                                  END            19693944585 ( +0.00)    107387720.50 (   +0.00)             0 (       0)           0  
##> dpopt_share_one_def            START            19693944585 ( +0.00)    107387720.50 (   +0.00)             0 (       0)              
##>                                  END            18486775755 ( -6.13)    107387720.50 (   +0.00)             0 (       0)           0  
##> csa_opto                       START            18486775755 ( +0.00)    214748364.70 (+107360644.20)             0 (       0)              
##>                                  END            18486775755 ( +0.00)    214748364.70 (   +0.00)             0 (       0)           0  
##>                                  END            18486775755 ( -6.13)    214748364.70 (+107360644.20)             0 (       0)           0  
##>canonicalize_by_names           START            18486775755 ( +0.00)    214748364.70 (   +0.00)             0 (       0)              
##>                                  END            18486775755 ( +0.00)    214748364.70 (   +0.00)             0 (       0)           0  
##>datapath_rewrite_post_csa_one_  START            18486775755 ( +0.00)    214748364.70 (   +0.00)             0 (       0)              
##>                                  END            18486775755 ( +0.00)    214748364.70 (   +0.00)             0 (       0)           0  
##>datapath_csa_factoring_one_gde  START            18486775755 ( +0.00)    214748364.70 (   +0.00)             0 (       0)              
##>                                  END            18486775755 ( +0.00)    214748364.70 (   +0.00)             0 (       0)           0  
##>dpopt_share_one_def             START            18486775755 ( +0.00)    214748364.70 (   +0.00)             0 (       0)              
##>                                  END            18486775755 ( +0.00)    214748364.70 (   +0.00)             0 (       0)           0  
##>datapath_rewrite_post_share     START            18486775755 ( +0.00)    214748364.70 (   +0.00)             0 (       0)              
##>                                  END            18486775755 ( +0.00)    214748364.70 (   +0.00)             0 (       0)           0  
##>dp_combine_const_mult_with_com  START            18486775755 ( +0.00)    214748364.70 (   +0.00)             0 (       0)              
##>                                  END            18486775755 ( +0.00)    214748364.70 (   +0.00)             0 (       0)           0  
##>speculate_in_gdef               START            18486775755 ( +0.00)    214748364.70 (   +0.00)             0 (       0)              
##> pre_speculate_mux_merge        START            18486775755 ( +0.00)    214748364.70 (   +0.00)             0 (       0)              
##>                                  END            18486775755 ( +0.00)    214748364.70 (   +0.00)             0 (       0)           0  
##>                                  END            18486775755 ( +0.00)    214748364.70 (   +0.00)             0 (       0)           0  
##>dp_operator_level_decompositio  START            18486775755 ( +0.00)    214748364.70 (   +0.00)             0 (       0)              
##>                                  END            18486775755 ( +0.00)    214748364.70 (   +0.00)             0 (       0)           0  
##>selective_flatten_dp_config     START            18486775755 ( +0.00)    214748364.70 (   +0.00)             0 (       0)              
##>                                  END            18486775755 ( +0.00)    214748364.70 (   +0.00)             0 (       0)           0  
##>createMaxCarrySave              START            18486775755 ( +0.00)    214748364.70 (   +0.00)             0 (       0)              
##> datapath_rewrite_one_def       START            18486775755 ( +0.00)    214748364.70 (   +0.00)             0 (       0)              
##>  fast_cse_elim                 START            18486775755 ( +0.00)    214748364.70 (   +0.00)             0 (       0)              
##>                                  END            18486775755 ( +0.00)    214748364.70 (   +0.00)             0 (       0)           0  
##>  fast_cse_elim                 START            18486775755 ( +0.00)    214748364.70 (   +0.00)             0 (       0)              
##>                                  END            18486775755 ( +0.00)    214748364.70 (   +0.00)             0 (       0)           0  
##>                                  END            18486775755 ( +0.00)    214748364.70 (   +0.00)             0 (       0)           0  
##> dpopt_share_one_def            START            18486775755 ( +0.00)    214748364.70 (   +0.00)             0 (       0)              
##>                                  END            18486775755 ( +0.00)    214748364.70 (   +0.00)             0 (       0)           0  
##> csa_opto                       START            18486775755 ( +0.00)    214748364.70 (   +0.00)             0 (       0)              
##>                                  END            18486775755 ( +0.00)    214748364.70 (   +0.00)             0 (       0)           0  
##>                                  END            18486775755 ( +0.00)    214748364.70 (   +0.00)             0 (       0)           0  
##>context_based_simplify          START            18486775755 ( +0.00)    214748364.70 (   +0.00)             0 (       0)              
##>                                  END            18112873905 ( -2.02)    214748364.70 (   +0.00)             0 (       0)           0  
##>group_csa_final_adder_dp        START            18112873905 ( +0.00)    214748364.70 (   +0.00)             0 (       0)              
##>                                  END            18112873905 ( +0.00)    214748364.70 (   +0.00)             0 (       0)           0  
##>dpopt_flatten_critical_muxes_i  START            18112873905 ( +0.00)    214748364.70 (   +0.00)             0 (       0)              
##>                                  END            18112873905 ( +0.00)    214748364.70 (   +0.00)             0 (       0)           0  
##>speculate_in_gdef               START            18112873905 ( +0.00)    214748364.70 (   +0.00)             0 (       0)              
##> pre_speculate_mux_merge        START            18112873905 ( +0.00)    214748364.70 (   +0.00)             0 (       0)              
##>                                  END            18112873905 ( +0.00)    214748364.70 (   +0.00)             0 (       0)           0  
##>                                  END            18112873905 ( +0.00)    214748364.70 (   +0.00)             0 (       0)           0  
##>create_score                    START            18112873905 ( +0.00)    13538.10 (-214734826.60)             0 (       0)              
##>                                  END            18112873905 ( +0.00)    13538.10 (   +0.00)             0 (       0)           0  
##>+------------------------------------------------------------------------------------------------------------------------------------------------------------+
Committed config: CDN_DP_region_6_0_c6
Info    : Done implementing datapath configurations. [DPOPT-4]
        : Selected 'very_fast' configuration 6 for module 'CDN_DP_region_6_0'.
          Optimizations applied to 'very_fast' configuration:
            rewriting(0), factoring(0), sharing(2), cmultcse(0), downsizing(0), speculation(0)
Info    : Implementing datapath configurations. [DPOPT-3]
        : Implementing datapath configurations for 'CDN_DP_region_0_0'
CSAGen Prep Share:0 Re-Write:0 Speculation: 0
CDN_DP_region_0_0 level = 0 loads = 0 drivers = 0
CDN_DP_region_0_0_c0 in accelerator: area: 1388778300 ,dp = 0 mux = 1 sg = slow         worst_clk_period: -4592024818112686007544091371623043813004152832110781083474987530434548819765321140516579626654680392906110065126800729164270879694187219469955113378228855615075034128434092163310164542077600748578610244716643515416258676369934689095608681774610783372403276652660868448931282944.0000 
    wns: 0  norm_wns:  0.0000 
    fail_endp: 0 
    tns:  0  tns_per_endp:  0.0000   norm_tns_per_endp:  0.0000 
    tns_sense_max:  0.0000  tns_sense_avg:  0.0000   tns_sense_num: 0
 skipped
CDN_DP_region_0_0_c1 in accelerator: area: 1388778300 ,dp = 0 mux = 1 sg = fast         worst_clk_period: 0.0000 
    wns: 0  norm_wns:  0.0000 
    fail_endp: 0 
    tns:  0  tns_per_endp:  0.0000   norm_tns_per_endp:  0.0000 
    tns_sense_max:  0.0000  tns_sense_avg:  0.0000   tns_sense_num: 0
 is current best
CDN_DP_region_0_0_c2 in accelerator: area: 1388778300 ,dp = 0 mux = 1 sg = very_slow    worst_clk_period: 0.0000 
    wns: 0  norm_wns:  0.0000 
    fail_endp: 0 
    tns:  0  tns_per_endp:  0.0000   norm_tns_per_endp:  0.0000 
    tns_sense_max:  0.0000  tns_sense_avg:  0.0000   tns_sense_num: 0
 is current best
CDN_DP_region_0_0_c3 in accelerator: area: 1388778300 ,dp = 0 mux = 1 sg = very_fast    worst_clk_period: 0.0000 
    wns: 0  norm_wns:  0.0000 
    fail_endp: 0 
    tns:  0  tns_per_endp:  0.0000   norm_tns_per_endp:  0.0000 
    tns_sense_max:  0.0000  tns_sense_avg:  0.0000   tns_sense_num: 0
 is current best
CDN_DP_region_0_0_c4 in accelerator: area: 1388778300 ,dp = 0 mux = 1 sg = very_fast    worst_clk_period: 0.0000 
    wns: 0  norm_wns:  0.0000 
    fail_endp: 0 
    tns:  0  tns_per_endp:  0.0000   norm_tns_per_endp:  0.0000 
    tns_sense_max:  0.0000  tns_sense_avg:  0.0000   tns_sense_num: 0
 is current best
CDN_DP_region_0_0_c5 in accelerator: area: 1388778300 ,dp = 0 mux = 1 sg = very_fast    worst_clk_period: 0.0000 
    wns: 0  norm_wns:  0.0000 
    fail_endp: 0 
    tns:  0  tns_per_endp:  0.0000   norm_tns_per_endp:  0.0000 
    tns_sense_max:  0.0000  tns_sense_avg:  0.0000   tns_sense_num: 0
 is current best
CDN_DP_region_0_0_c6 in accelerator: area: 1388778300 ,dp = 0 mux = 1 sg = very_fast    worst_clk_period: 0.0000 
    wns: 0  norm_wns:  0.0000 
    fail_endp: 0 
    tns:  0  tns_per_endp:  0.0000   norm_tns_per_endp:  0.0000 
    tns_sense_max:  0.0000  tns_sense_avg:  0.0000   tns_sense_num: 0
 is current best
CDN_DP_region_0_0_c7 in accelerator: area: 1388778300 ,dp = 0 mux = 1 sg = very_fast    worst_clk_period: 0.0000 
    wns: 0  norm_wns:  0.0000 
    fail_endp: 0 
    tns:  0  tns_per_endp:  0.0000   norm_tns_per_endp:  0.0000 
    tns_sense_max:  0.0000  tns_sense_avg:  0.0000   tns_sense_num: 0
 is current best
Best config: CDN_DP_region_0_0_c7 in accelerator: area: 1388778300 ,dp = 0 mux = 1 sg = very_fast    worst_clk_period: 0.0000 
    wns: 0  norm_wns:  0.0000 
    fail_endp: 0 
    tns:  0  tns_per_endp:  0.0000   norm_tns_per_endp:  0.0000 
    tns_sense_max:  0.0000  tns_sense_avg:  0.0000   tns_sense_num: 0
  Smallest config area : 1388778300.  Fastest config wns;  0
##>+----------------------------------------------------------------------------------------------------------------------------------------------------------------+
##>Summary table of configs (Best config is CDN_DP_region_0_0_c7)
##>+----------------------------------------------------------------------------------------------------------------------------------------------------------------+
##>                     0                  1                  2                  3                  4                  5                  6                  7            
##>+----------------------------------------------------------------------------------------------------------------------------------------------------------------+
##>           Area       1388778300         1388778300         1388778300         1388778300         1388778300         1388778300         1388778300         1388778300  
##>            WNS        +13148.60          +13148.60          +13148.60          +13148.60          +13148.60          +13148.60          +13148.60          +13148.60  
##>            TNS                0                  0                  0                  0                  0                  0                  0                  0  
##>    Num Rewrite                0                  0                  0                  0                  0                  0                  0                  0  
##>     Num Factor                0                  0                  0                  0                  0                  0                  0                  0  
##>      Num Share                0                  0                  0                  0                  0                  0                  0                  0  
##>   Num CmultCse                0                  0                  0                  0                  0                  0                  0                  0  
##>   Num Downsize                0                  0                  0                  0                  0                  0                  0                  0  
##>  Num Speculate                0                  0                  0                  0                  0                  0                  0                  0  
##>     Runtime(s)                0                  0                  0                  0                  0                  0                  0                  0  
+----------------------------------------------------------------------------------------------------------------------------------------------------------------+
##>
##>
##>+------------------------------------------------------------------------------------------------------------------------------------------------------------+
##>Optimization Step DEBUG Table for config CDN_DP_region_0_0_c7
##>
##>                          Step                        Area   ( % Chg)        WNS (Change)        TNS (Change)          Runtime (s)        Comment                   
##>+------------------------------------------------------------------------------------------------------------------------------------------------------------+
##>EquationExtraction              START             1388778300 (      )    13148.60 (        )             0 (        )              
##>                                  END             1388778300 ( +0.00)    13148.60 (   +0.00)             0 (       0)           0  
##>createMaxCarrySave              START             1388778300 ( +0.00)    13148.60 (   +0.00)             0 (       0)              
##> datapath_rewrite_one_def       START             1388778300 ( +0.00)    13148.60 (   +0.00)             0 (       0)              
##>                                  END             1388778300 ( +0.00)    13148.60 (   +0.00)             0 (       0)           0  
##> csa_opto                       START             1388778300 ( +0.00)    13148.60 (   +0.00)             0 (       0)              
##>                                  END             1388778300 ( +0.00)    13148.60 (   +0.00)             0 (       0)           0  
##>                                  END             1388778300 ( +0.00)    13148.60 (   +0.00)             0 (       0)           0  
##>canonicalize_by_names           START             1388778300 ( +0.00)    13148.60 (   +0.00)             0 (       0)              
##>                                  END             1388778300 ( +0.00)    13148.60 (   +0.00)             0 (       0)           0  
##>datapath_rewrite_post_csa_one_  START             1388778300 ( +0.00)    13148.60 (   +0.00)             0 (       0)              
##>                                  END             1388778300 ( +0.00)    13148.60 (   +0.00)             0 (       0)           0  
##>datapath_csa_factoring_one_gde  START             1388778300 ( +0.00)    13148.60 (   +0.00)             0 (       0)              
##>                                  END             1388778300 ( +0.00)    13148.60 (   +0.00)             0 (       0)           0  
##>dpopt_share_one_def             START             1388778300 ( +0.00)    13148.60 (   +0.00)             0 (       0)              
##>                                  END             1388778300 ( +0.00)    13148.60 (   +0.00)             0 (       0)           0  
##>datapath_rewrite_post_share     START             1388778300 ( +0.00)    13148.60 (   +0.00)             0 (       0)              
##>                                  END             1388778300 ( +0.00)    13148.60 (   +0.00)             0 (       0)           0  
##>dp_combine_const_mult_with_com  START             1388778300 ( +0.00)    13148.60 (   +0.00)             0 (       0)              
##>                                  END             1388778300 ( +0.00)    13148.60 (   +0.00)             0 (       0)           0  
##>dp_operator_level_decompositio  START             1388778300 ( +0.00)    13148.60 (   +0.00)             0 (       0)              
##>                                  END             1388778300 ( +0.00)    13148.60 (   +0.00)             0 (       0)           0  
##>selective_flatten_dp_config     START             1388778300 ( +0.00)    13148.60 (   +0.00)             0 (       0)              
##>                                  END             1388778300 ( +0.00)    13148.60 (   +0.00)             0 (       0)           0  
##>createMaxCarrySave              START             1388778300 ( +0.00)    13148.60 (   +0.00)             0 (       0)              
##> datapath_rewrite_one_def       START             1388778300 ( +0.00)    13148.60 (   +0.00)             0 (       0)              
##>  fast_cse_elim                 START             1388778300 ( +0.00)    13148.60 (   +0.00)             0 (       0)              
##>                                  END             1388778300 ( +0.00)    13148.60 (   +0.00)             0 (       0)           0  
##>  fast_cse_elim                 START             1388778300 ( +0.00)    13148.60 (   +0.00)             0 (       0)              
##>                                  END             1388778300 ( +0.00)    13148.60 (   +0.00)             0 (       0)           0  
##>                                  END             1388778300 ( +0.00)    13148.60 (   +0.00)             0 (       0)           0  
##> csa_opto                       START             1388778300 ( +0.00)    13148.60 (   +0.00)             0 (       0)              
##>                                  END             1388778300 ( +0.00)    13148.60 (   +0.00)             0 (       0)           0  
##>                                  END             1388778300 ( +0.00)    13148.60 (   +0.00)             0 (       0)           0  
##>context_based_simplify          START             1388778300 ( +0.00)    13148.60 (   +0.00)             0 (       0)              
##>                                  END             1388778300 ( +0.00)    13148.60 (   +0.00)             0 (       0)           0  
##>group_csa_final_adder_dp        START             1388778300 ( +0.00)    13148.60 (   +0.00)             0 (       0)              
##>                                  END             1388778300 ( +0.00)    13148.60 (   +0.00)             0 (       0)           0  
##>dpopt_flatten_critical_muxes_i  START             1388778300 ( +0.00)    13148.60 (   +0.00)             0 (       0)              
##>                                  END             1388778300 ( +0.00)    13148.60 (   +0.00)             0 (       0)           0  
##>create_score                    START             1388778300 ( +0.00)    13148.60 (   +0.00)             0 (       0)              
##>                                  END             1388778300 ( +0.00)    13148.60 (   +0.00)             0 (       0)           0  
##>+------------------------------------------------------------------------------------------------------------------------------------------------------------+
Committed config: CDN_DP_region_0_0_c7
Info    : Done implementing datapath configurations. [DPOPT-4]
        : Selected 'very_fast' configuration 7 for module 'CDN_DP_region_0_0'.
          Optimizations applied to 'very_fast' configuration:
            rewriting(0), factoring(0), sharing(0), cmultcse(0), downsizing(0), speculation(0)
Info    : Implementing datapath configurations. [DPOPT-3]
        : Implementing datapath configurations for 'CDN_DP_region_10_1'
CSAGen Prep Share:0 Re-Write:0 Speculation: 0
MaxCSA: Successfully built Maximal CSA Expression Expr28
MaxCSA: Successfully built Maximal CSA Expression Expr29
MaxCSA: Successfully built Maximal CSA Expression Expr30
      Timing csa_tree_49385...
      Timing increment_unsigned_49421...
      Timing decrement_unsigned_49423...
      Timing decrement_unsigned_49431_49448...
      Timing increment_unsigned_49432_49449...
      Timing increment_unsigned_49457...
      Timing decrement_unsigned_49431_49475...
      Timing gt_unsigned_2042_rtlopto_model_49476...
      Timing gt_unsigned_2_rtlopto_model_49477...
      Timing increment_unsigned_49461_49478...
      Timing increment_unsigned_49432_49479...
      Timing decrement_unsigned_49431_49502...
      Timing gt_unsigned_2042_rtlopto_model_49503...
      Timing gt_unsigned_2_rtlopto_model_49504...
      Timing increment_unsigned_49461_49505...
      Timing increment_unsigned_49432_49506...
      Timing decrement_unsigned_49431_49529...
      Timing gt_unsigned_2042_rtlopto_model_49530...
      Timing gt_unsigned_2_rtlopto_model_49531...
      Timing increment_unsigned_49461_49532...
      Timing increment_unsigned_49432_49533...
      Timing decrement_unsigned_49431_49556...
      Timing gt_unsigned_2042_rtlopto_model_49557...
      Timing gt_unsigned_2_rtlopto_model_49558...
      Timing increment_unsigned_49461_49559...
      Timing increment_unsigned_49432_49560...
      Timing decrement_unsigned_49431_49583...
      Timing gt_unsigned_2042_rtlopto_model_49584...
      Timing gt_unsigned_2_rtlopto_model_49585...
      Timing increment_unsigned_49461_49586...
      Timing increment_unsigned_49432_49587...
      Timing decrement_unsigned_49431_49610...
      Timing gt_unsigned_2042_rtlopto_model_49611...
      Timing gt_unsigned_2_rtlopto_model_49612...
      Timing increment_unsigned_49461_49613...
      Timing increment_unsigned_49432_49614...
CDN_DP_region_10_1 level = 0 loads = 0 drivers = 0
CDN_DP_region_10_1_c0 in simpleuart: area: 11233079865 ,dp = 7 mux = 6 sg = slow         worst_clk_period: -4592027401093747479321448811840988791182819934087337446362600542056897287217691636671462015428404766481958056507848417754087160855645569172233412144810606637550482603972648585691834001330954934846706374694622113143642605976987571124210039891592104944194291403086744998870253568.0000 
    wns: 0  norm_wns:  0.0000 
    fail_endp: 0 
    tns:  0  tns_per_endp:  0.0000   norm_tns_per_endp:  0.0000 
    tns_sense_max:  0.0000  tns_sense_avg:  0.0000   tns_sense_num: 0
 skipped
CDN_DP_region_10_1_c1 in simpleuart: area: 9251400060 ,dp = 7 mux = 6 sg = fast         worst_clk_period: 0.0000 
    wns: 0  norm_wns:  0.0000 
    fail_endp: 0 
    tns:  0  tns_per_endp:  0.0000   norm_tns_per_endp:  0.0000 
    tns_sense_max:  0.0000  tns_sense_avg:  0.0000   tns_sense_num: 0
 is current best
CDN_DP_region_10_1_c2 in simpleuart: area: 9251400060 ,dp = 7 mux = 6 sg = very_slow    worst_clk_period: 0.0000 
    wns: 0  norm_wns:  0.0000 
    fail_endp: 0 
    tns:  0  tns_per_endp:  0.0000   norm_tns_per_endp:  0.0000 
    tns_sense_max:  0.0000  tns_sense_avg:  0.0000   tns_sense_num: 0
 is current best
CDN_DP_region_10_1_c3 in simpleuart: area: 9251400060 ,dp = 7 mux = 6 sg = very_fast    worst_clk_period: 0.0000 
    wns: 0  norm_wns:  0.0000 
    fail_endp: 0 
    tns:  0  tns_per_endp:  0.0000   norm_tns_per_endp:  0.0000 
    tns_sense_max:  0.0000  tns_sense_avg:  0.0000   tns_sense_num: 0
 is current best
CDN_DP_region_10_1_c4 in simpleuart: area: 9251400060 ,dp = 7 mux = 6 sg = very_fast    worst_clk_period: 0.0000 
    wns: 0  norm_wns:  0.0000 
    fail_endp: 0 
    tns:  0  tns_per_endp:  0.0000   norm_tns_per_endp:  0.0000 
    tns_sense_max:  0.0000  tns_sense_avg:  0.0000   tns_sense_num: 0
 is current best
CDN_DP_region_10_1_c5 in simpleuart: area: 9251400060 ,dp = 7 mux = 6 sg = very_fast    worst_clk_period: 0.0000 
    wns: 0  norm_wns:  0.0000 
    fail_endp: 0 
    tns:  0  tns_per_endp:  0.0000   norm_tns_per_endp:  0.0000 
    tns_sense_max:  0.0000  tns_sense_avg:  0.0000   tns_sense_num: 0
 is current best
CDN_DP_region_10_1_c6 in simpleuart: area: 9251400060 ,dp = 7 mux = 6 sg = very_fast    worst_clk_period: 0.0000 
    wns: 0  norm_wns:  0.0000 
    fail_endp: 0 
    tns:  0  tns_per_endp:  0.0000   norm_tns_per_endp:  0.0000 
    tns_sense_max:  0.0000  tns_sense_avg:  0.0000   tns_sense_num: 0
 is current best
CDN_DP_region_10_1_c7 in simpleuart: area: 18924775065 ,dp = 7 mux = 6 sg = very_fast    worst_clk_period: 0.0000 
    wns: 0  norm_wns:  0.0000 
    fail_endp: 0 
    tns:  0  tns_per_endp:  0.0000   norm_tns_per_endp:  0.0000 
    tns_sense_max:  0.0000  tns_sense_avg:  0.0000   tns_sense_num: 0

Best config: CDN_DP_region_10_1_c6 in simpleuart: area: 9251400060 ,dp = 7 mux = 6 sg = very_fast    worst_clk_period: 0.0000 
    wns: 0  norm_wns:  0.0000 
    fail_endp: 0 
    tns:  0  tns_per_endp:  0.0000   norm_tns_per_endp:  0.0000 
    tns_sense_max:  0.0000  tns_sense_avg:  0.0000   tns_sense_num: 0
  Smallest config area : 9251400060.  Fastest config wns;  0
##>+----------------------------------------------------------------------------------------------------------------------------------------------------------------+
##>Summary table of configs (Best config is CDN_DP_region_10_1_c6)
##>+----------------------------------------------------------------------------------------------------------------------------------------------------------------+
##>                     0                  1                  2                  3                  4                  5                  6                  7            
##>+----------------------------------------------------------------------------------------------------------------------------------------------------------------+
##>           Area      11233079865         9251400060         9251400060         9251400060         9251400060         9251400060         9251400060        18924775065  
##>            WNS        +13548.30          +13548.30          +13548.30          +13548.30          +13548.30          +13548.30          +13548.30          +13548.30  
##>            TNS                0                  0                  0                  0                  0                  0                  0                  0  
##>    Num Rewrite                0                  0                  0                  0                  0                  0                  0                  0  
##>     Num Factor                0                  0                  0                  0                  0                  0                  0                  0  
##>      Num Share                0                  0                  0                  0                  0                  0                  0                  0  
##>   Num CmultCse                0                  0                  0                  0                  0                  0                  0                  0  
##>   Num Downsize                0                  0                  0                  0                  0                  0                  0                  0  
##>  Num Speculate                0                  0                  0                  0                  0                  0                  0                  0  
##>     Runtime(s)                0                  0                  0                  0                  0                  0                  0                  1  
+----------------------------------------------------------------------------------------------------------------------------------------------------------------+
##>
##>
##>+------------------------------------------------------------------------------------------------------------------------------------------------------------+
##>Optimization Step DEBUG Table for config CDN_DP_region_10_1_c6
##>
##>                          Step                        Area   ( % Chg)        WNS (Change)        TNS (Change)          Runtime (s)        Comment                   
##>+------------------------------------------------------------------------------------------------------------------------------------------------------------+
##>createMaxCarrySave              START            11233079865 (      )    107387730.70 (        )             0 (        )              
##> datapath_rewrite_one_def       START            11233079865 ( +0.00)    107387730.70 (   +0.00)             0 (       0)              
##>  fast_cse_elim                 START            11233079865 ( +0.00)    107387730.70 (   +0.00)             0 (       0)              
##>                                  END            11233079865 ( +0.00)    107387730.70 (   +0.00)             0 (       0)           0  
##>  fast_cse_elim                 START            11233079865 ( +0.00)    107387730.70 (   +0.00)             0 (       0)              
##>                                  END            11233079865 ( +0.00)    107387730.70 (   +0.00)             0 (       0)           0  
##>                                  END            11233079865 ( +0.00)    107387730.70 (   +0.00)             0 (       0)           0  
##> dpopt_share_one_def            START            11233079865 ( +0.00)    107387730.70 (   +0.00)             0 (       0)              
##>                                  END            11233079865 ( +0.00)    107387730.70 (   +0.00)             0 (       0)           0  
##> csa_opto                       START            11233079865 ( +0.00)    214748364.70 (+107360634.00)             0 (       0)              
##>                                  END            10917934020 ( -2.81)    214748364.70 (   +0.00)             0 (       0)           0  
##>                                  END            10917934020 ( -2.81)    214748364.70 (+107360634.00)             0 (       0)           0  
##>canonicalize_by_names           START            10917934020 ( +0.00)    214748364.70 (   +0.00)             0 (       0)              
##>                                  END            10917934020 ( +0.00)    214748364.70 (   +0.00)             0 (       0)           0  
##>datapath_rewrite_post_csa_one_  START            10917934020 ( +0.00)    214748364.70 (   +0.00)             0 (       0)              
##>                                  END            10917934020 ( +0.00)    214748364.70 (   +0.00)             0 (       0)           0  
##>datapath_csa_factoring_one_gde  START            10917934020 ( +0.00)    214748364.70 (   +0.00)             0 (       0)              
##>                                  END            10917934020 ( +0.00)    214748364.70 (   +0.00)             0 (       0)           0  
##>dpopt_share_one_def             START            10917934020 ( +0.00)    214748364.70 (   +0.00)             0 (       0)              
##>                                  END            10917934020 ( +0.00)    214748364.70 (   +0.00)             0 (       0)           0  
##>datapath_rewrite_post_share     START            10917934020 ( +0.00)    214748364.70 (   +0.00)             0 (       0)              
##>                                  END            10917934020 ( +0.00)    214748364.70 (   +0.00)             0 (       0)           0  
##>dp_combine_const_mult_with_com  START            10917934020 ( +0.00)    214748364.70 (   +0.00)             0 (       0)              
##>                                  END            10917934020 ( +0.00)    214748364.70 (   +0.00)             0 (       0)           0  
##>dp_operator_level_decompositio  START            10917934020 ( +0.00)    214748364.70 (   +0.00)             0 (       0)              
##>                                  END            10917934020 ( +0.00)    214748364.70 (   +0.00)             0 (       0)           0  
##>selective_flatten_dp_config     START            10917934020 ( +0.00)    214748364.70 (   +0.00)             0 (       0)              
##>                                  END            10917934020 ( +0.00)    214748364.70 (   +0.00)             0 (       0)           0  
##>createMaxCarrySave              START            10917934020 ( +0.00)    214748364.70 (   +0.00)             0 (       0)              
##> datapath_rewrite_one_def       START            10917934020 ( +0.00)    214748364.70 (   +0.00)             0 (       0)              
##>  fast_cse_elim                 START            10917934020 ( +0.00)    214748364.70 (   +0.00)             0 (       0)              
##>                                  END            10917934020 ( +0.00)    214748364.70 (   +0.00)             0 (       0)           0  
##>  fast_cse_elim                 START            10917934020 ( +0.00)    214748364.70 (   +0.00)             0 (       0)              
##>                                  END            10917934020 ( +0.00)    214748364.70 (   +0.00)             0 (       0)           0  
##>                                  END            10917934020 ( +0.00)    214748364.70 (   +0.00)             0 (       0)           0  
##> dpopt_share_one_def            START            10917934020 ( +0.00)    214748364.70 (   +0.00)             0 (       0)              
##>                                  END            10917934020 ( +0.00)    214748364.70 (   +0.00)             0 (       0)           0  
##> csa_opto                       START            10917934020 ( +0.00)    214748364.70 (   +0.00)             0 (       0)              
##>                                  END            10917934020 ( +0.00)    214748364.70 (   +0.00)             0 (       0)           0  
##>                                  END            10917934020 ( +0.00)    214748364.70 (   +0.00)             0 (       0)           0  
##>context_based_simplify          START            10827129285 ( -0.83)    214748364.70 (   +0.00)             0 (       0)              
##>                                  END             9251400060 (-14.55)    214748364.70 (   +0.00)             0 (       0)           0  
##>group_csa_final_adder_dp        START             9251400060 ( +0.00)    214748364.70 (   +0.00)             0 (       0)              
##>                                  END             9251400060 ( +0.00)    214748364.70 (   +0.00)             0 (       0)           0  
##>dpopt_flatten_critical_muxes_i  START             9251400060 ( +0.00)    214748364.70 (   +0.00)             0 (       0)              
##>                                  END             9251400060 ( +0.00)    214748364.70 (   +0.00)             0 (       0)           0  
##>create_score                    START             9251400060 ( +0.00)    13548.30 (-214734816.40)             0 (       0)              
##>                                  END             9251400060 ( +0.00)    13548.30 (   +0.00)             0 (       0)           0  
##>+------------------------------------------------------------------------------------------------------------------------------------------------------------+
Committed config: CDN_DP_region_10_1_c6
Info    : Done implementing datapath configurations. [DPOPT-4]
        : Selected 'very_fast' configuration 6 for module 'CDN_DP_region_10_1'.
          Optimizations applied to 'very_fast' configuration:
            rewriting(0), factoring(0), sharing(0), cmultcse(0), downsizing(0), speculation(0)
Info    : Implementing datapath configurations. [DPOPT-3]
        : Implementing datapath configurations for 'CDN_DP_region_11_0'
CSAGen Prep Share:0 Re-Write:1 Speculation: 0
MaxCSA: Successfully built Maximal CSA Expression Expr31
      Timing csa_tree_49650...
      Timing add_signed_carry_49674...
      Timing sub_signed_carry...
      Timing add_unsigned_carry_49704...
      Timing csa_tree_49706...
      Timing equal_adder_49732...
      Timing equal_unsigned_2050_rtlopto_model_49754...
      Timing equal_unsigned_2050_rtlopto_model_49774...
      Timing equal_unsigned_2050_rtlopto_model_49826...
      Timing equal_unsigned_2050_rtlopto_model_49850...
      Timing equal_unsigned_2050_rtlopto_model_49868...
      Timing equal_unsigned_2050_rtlopto_model_49920...
CDN_DP_region_11_0 level = 1 loads = 2 drivers = 1 is driven by : CDN_DP_region_12_0 
CDN_DP_region_11_0_c0 in spimemio: area: 6019819785 ,dp = 5 mux = 40 sg = slow         worst_clk_period: -4592024818112686007544091371623043813004152832110781083474987530434548819765321140516579626654680392906110065126800729164270879694187219469955113378228855615075034128434092163310164542077600748578610244716643515416258676369934689095608681774610783372403276652660868448931282944.0000 
    wns: 0  norm_wns:  0.0000 
    fail_endp: 0 
    tns:  0  tns_per_endp:  0.0000   norm_tns_per_endp:  0.0000 
    tns_sense_max:  0.0000  tns_sense_avg:  0.0000   tns_sense_num: 0
 skipped
CDN_DP_region_11_0_c1 in spimemio: area: 6489867825 ,dp = 5 mux = 36 sg = fast         worst_clk_period: 0.0000 
    wns: 0  norm_wns:  49772963496555826294847872858937546746237195944071663981054810099975911000697918460495042054752152462771824853747480018721728877466317570806118300516352.0000 
    fail_endp: 3557683628436299824 
    tns:  0  tns_per_endp:  194624609954768856448685449715246509623702149189059389936915078438205832354324660553653862698007825565733923268642356874601707309746824280360632622970893585937448831028564735236002980640390070208364534058920217009762742575300608.0000   norm_tns_per_endp:  0.0000 
    tns_sense_max:  0.0000  tns_sense_avg:  0.0000   tns_sense_num: 34
 is current best
CDN_DP_region_11_0_c2 in spimemio: area: 5923673595 ,dp = 5 mux = 36 sg = very_slow    worst_clk_period: 0.0000 
    wns: 0  norm_wns:  0.0000 
    fail_endp: 0 
    tns:  0  tns_per_endp:  0.0000   norm_tns_per_endp:  0.0000 
    tns_sense_max:  0.0000  tns_sense_avg:  0.0000   tns_sense_num: 0
 is current best
CDN_DP_region_11_0_c3 in spimemio: area: 6489867825 ,dp = 5 mux = 36 sg = very_fast    worst_clk_period: 0.0000 
    wns: 0  norm_wns:  49772963496555826294847872858937546746237195944071663981054810099975911000697918460495042054752152462771824853747480018721728877466317570806118300516352.0000 
    fail_endp: 3557683628436299824 
    tns:  0  tns_per_endp:  194624609954768856448685449715246509623702149189059389936915078438205832354324660553653862698007825565733923268642356874601707309746824280360632622970893585937448831028564735236002980640390070208364534058920217009762742575300608.0000   norm_tns_per_endp:  0.0000 
    tns_sense_max:  0.0000  tns_sense_avg:  0.0000   tns_sense_num: 34

CDN_DP_region_11_0_c4 in spimemio: area: 5923673595 ,dp = 5 mux = 36 sg = very_fast    worst_clk_period: 0.0000 
    wns: 0  norm_wns:  0.0000 
    fail_endp: 0 
    tns:  0  tns_per_endp:  0.0000   norm_tns_per_endp:  0.0000 
    tns_sense_max:  0.0000  tns_sense_avg:  0.0000   tns_sense_num: 0
 is current best
CDN_DP_region_11_0_c5 in spimemio: area: 5923673595 ,dp = 5 mux = 36 sg = very_fast    worst_clk_period: 0.0000 
    wns: 0  norm_wns:  0.0000 
    fail_endp: 0 
    tns:  0  tns_per_endp:  0.0000   norm_tns_per_endp:  0.0000 
    tns_sense_max:  0.0000  tns_sense_avg:  0.0000   tns_sense_num: 0
 is current best
CDN_DP_region_11_0_c6 in spimemio: area: 6489867825 ,dp = 5 mux = 36 sg = very_fast    worst_clk_period: 0.0000 
    wns: 0  norm_wns:  49772963496555826294847872858937546746237195944071663981054810099975911000697918460495042054752152462771824853747480018721728877466317570806118300516352.0000 
    fail_endp: 3557683628436299824 
    tns:  0  tns_per_endp:  194624609954768856448685449715246509623702149189059389936915078438205832354324660553653862698007825565733923268642356874601707309746824280360632622970893585937448831028564735236002980640390070208364534058920217009762742575300608.0000   norm_tns_per_endp:  0.0000 
    tns_sense_max:  0.0000  tns_sense_avg:  0.0000   tns_sense_num: 34

CDN_DP_region_11_0_c7 in spimemio: area: 11729835180 ,dp = 5 mux = 36 sg = very_fast    worst_clk_period: 0.0000 
    wns: 0  norm_wns:  0.0000 
    fail_endp: 0 
    tns:  0  tns_per_endp:  0.0000   norm_tns_per_endp:  0.0000 
    tns_sense_max:  0.0000  tns_sense_avg:  0.0000   tns_sense_num: 0

Best config: CDN_DP_region_11_0_c5 in spimemio: area: 5923673595 ,dp = 5 mux = 36 sg = very_fast    worst_clk_period: 0.0000 
    wns: 0  norm_wns:  0.0000 
    fail_endp: 0 
    tns:  0  tns_per_endp:  0.0000   norm_tns_per_endp:  0.0000 
    tns_sense_max:  0.0000  tns_sense_avg:  0.0000   tns_sense_num: 0
  Smallest config area : 5923673595.  Fastest config wns;  0
##>+----------------------------------------------------------------------------------------------------------------------------------------------------------------+
##>Summary table of configs (Best config is CDN_DP_region_11_0_c5)
##>+----------------------------------------------------------------------------------------------------------------------------------------------------------------+
##>                     0                  1                  2                  3                  4                  5                  6                  7            
##>+----------------------------------------------------------------------------------------------------------------------------------------------------------------+
##>           Area       6019819785         6489867825         5923673595         6489867825         5923673595         5923673595         6489867825        11729835180  
##>            WNS         +2431.90           +2431.90           +2431.90           +2431.90           +2431.90           +2431.90           +2431.90           +2431.90  
##>            TNS                0                  0                  0                  0                  0                  0                  0                  0  
##>    Num Rewrite                0                  4                  4                  4                  4                  4                  4                  5  
##>     Num Factor                0                  0                  0                  0                  0                  0                  0                  0  
##>      Num Share                0                  0                  0                  0                  0                  0                  0                  0  
##>   Num CmultCse                0                  0                  0                  0                  0                  0                  0                  0  
##>   Num Downsize                0                  0                  0                  0                  0                  0                  0                  0  
##>  Num Speculate                0                  0                  0                  0                  0                  0                  0                  0  
##>     Runtime(s)                0                  0                  0                  0                  0                  0                  0                  1  
+----------------------------------------------------------------------------------------------------------------------------------------------------------------+
##>
##>
##>+------------------------------------------------------------------------------------------------------------------------------------------------------------+
##>Optimization Step DEBUG Table for config CDN_DP_region_11_0_c5
##>
##>                          Step                        Area   ( % Chg)        WNS (Change)        TNS (Change)          Runtime (s)        Comment                   
##>+------------------------------------------------------------------------------------------------------------------------------------------------------------+
##>createMaxCarrySave              START             6019819785 (      )     2431.90 (        )             0 (        )              
##> datapath_rewrite_one_def       START             6019819785 ( +0.00)     2431.90 (   +0.00)             0 (       0)              
##>  fast_cse_elim                 START             6019819785 ( +0.00)     2431.90 (   +0.00)             0 (       0)              
##>                                  END             6019819785 ( +0.00)     2431.90 (   +0.00)             0 (       0)           0  
##>  fast_cse_elim                 START             6019819785 ( +0.00)     2431.90 (   +0.00)             0 (       0)              
##>                                  END             6019819785 ( +0.00)     2431.90 (   +0.00)             0 (       0)           0  
##>  rewrite                       START             6019819785 ( +0.00)     2431.90 (   +0.00)             0 (       0)              (a,csaa) dissolve_1bit_const_2x1mux_from --> dissolve_1bit_const_2x1mux_to
##>                                  END             6003795420 ( -0.27)     2431.90 (   +0.00)             0 (       0)           0  
##>  rewrite                       START             6003795420 ( +0.00)     2431.90 (   +0.00)             0 (       0)              (a,csaa) dissolve_1bit_const_2x1mux_from --> dissolve_1bit_const_2x1mux_to
##>                                  END             5987771055 ( -0.27)     2431.90 (   +0.00)             0 (       0)           0  
##>  rewrite                       START             5987771055 ( +0.00)     2431.90 (   +0.00)             0 (       0)              (a,csaa) dissolve_1bit_const_2x1mux_from --> dissolve_1bit_const_2x1mux_to
##>                                  END             5966405235 ( -0.36)     2431.90 (   +0.00)             0 (       0)           0  
##>  rewrite                       START             5966405235 ( +0.00)     2431.90 (   +0.00)             0 (       0)              (a,csaa) dissolve_1bit_const_2x1mux_from --> dissolve_1bit_const_2x1mux_to
##>                                  END             5950380870 ( -0.27)     2431.90 (   +0.00)             0 (       0)           0  
##>  fast_cse_elim                 START             5950380870 ( +0.00)     2431.90 (   +0.00)             0 (       0)              
##>                                  END             5934356505 ( -0.27)     2431.90 (   +0.00)             0 (       0)           0  
##>                                  END             5934356505 ( -1.42)     2431.90 (   +0.00)             0 (       0)           0  
##> csa_opto                       START             5934356505 ( +0.00)     2431.90 (   +0.00)             0 (       0)              
##>                                  END             5934356505 ( +0.00)     2431.90 (   +0.00)             0 (       0)           0  
##>                                  END             5934356505 ( -1.42)     2431.90 (   +0.00)             0 (       0)           0  
##>canonicalize_by_names           START             5934356505 ( +0.00)     2431.90 (   +0.00)             0 (       0)              
##>                                  END             5934356505 ( +0.00)     2431.90 (   +0.00)             0 (       0)           0  
##>datapath_rewrite_post_csa_one_  START             5934356505 ( +0.00)     2431.90 (   +0.00)             0 (       0)              
##>                                  END             5934356505 ( +0.00)     2431.90 (   +0.00)             0 (       0)           0  
##>datapath_csa_factoring_one_gde  START             5934356505 ( +0.00)     2431.90 (   +0.00)             0 (       0)              
##>                                  END             5934356505 ( +0.00)     2431.90 (   +0.00)             0 (       0)           0  
##>dpopt_share_one_def             START             5934356505 ( +0.00)     2431.90 (   +0.00)             0 (       0)              
##>                                  END             5934356505 ( +0.00)     2431.90 (   +0.00)             0 (       0)           0  
##>datapath_rewrite_post_share     START             5934356505 ( +0.00)     2431.90 (   +0.00)             0 (       0)              
##>                                  END             5934356505 ( +0.00)     2431.90 (   +0.00)             0 (       0)           0  
##>dp_combine_const_mult_with_com  START             5934356505 ( +0.00)     2431.90 (   +0.00)             0 (       0)              
##>                                  END             5934356505 ( +0.00)     2431.90 (   +0.00)             0 (       0)           0  
##>dp_operator_level_decompositio  START             5934356505 ( +0.00)     2431.90 (   +0.00)             0 (       0)              
##>                                  END             5934356505 ( +0.00)     2431.90 (   +0.00)             0 (       0)           0  
##>selective_flatten_dp_config     START             5934356505 ( +0.00)     2431.90 (   +0.00)             0 (       0)              
##>                                  END             5934356505 ( +0.00)     2431.90 (   +0.00)             0 (       0)           0  
##>createMaxCarrySave              START             5934356505 ( +0.00)     2431.90 (   +0.00)             0 (       0)              
##> datapath_rewrite_one_def       START             5934356505 ( +0.00)     2431.90 (   +0.00)             0 (       0)              
##>  fast_cse_elim                 START             5934356505 ( +0.00)     2431.90 (   +0.00)             0 (       0)              
##>                                  END             5934356505 ( +0.00)     2431.90 (   +0.00)             0 (       0)           0  
##>  fast_cse_elim                 START             5934356505 ( +0.00)     2431.90 (   +0.00)             0 (       0)              
##>                                  END             5934356505 ( +0.00)     2431.90 (   +0.00)             0 (       0)           0  
##>                                  END             5934356505 ( +0.00)     2431.90 (   +0.00)             0 (       0)           0  
##> csa_opto                       START             5934356505 ( +0.00)     2431.90 (   +0.00)             0 (       0)              
##>                                  END             5934356505 ( +0.00)     2431.90 (   +0.00)             0 (       0)           0  
##>                                  END             5934356505 ( +0.00)     2431.90 (   +0.00)             0 (       0)           0  
##>context_based_simplify          START             5934356505 ( +0.00)     2431.90 (   +0.00)             0 (       0)              
##>                                  END             5923673595 ( -0.18)     2431.90 (   +0.00)             0 (       0)           0  
##>group_csa_final_adder_dp        START             5923673595 ( +0.00)     2431.90 (   +0.00)             0 (       0)              
##>                                  END             5923673595 ( +0.00)     2431.90 (   +0.00)             0 (       0)           0  
##>dpopt_flatten_critical_muxes_i  START             5923673595 ( +0.00)     2431.90 (   +0.00)             0 (       0)              
##>                                  END             5923673595 ( +0.00)     2431.90 (   +0.00)             0 (       0)           0  
##>create_score                    START             5923673595 ( +0.00)     2431.90 (   +0.00)             0 (       0)              
##>                                  END             5923673595 ( +0.00)     2431.90 (   +0.00)             0 (       0)           0  
##>+------------------------------------------------------------------------------------------------------------------------------------------------------------+
Committed config: CDN_DP_region_11_0_c5
Info    : Done implementing datapath configurations. [DPOPT-4]
        : Selected 'very_fast' configuration 5 for module 'CDN_DP_region_11_0'.
          Optimizations applied to 'very_fast' configuration:
            rewriting(4), factoring(0), sharing(0), cmultcse(0), downsizing(0), speculation(0)
Info    : Implementing datapath configurations. [DPOPT-3]
        : Implementing datapath configurations for 'CDN_DP_region_0_1'
CSAGen Prep Share:0 Re-Write:0 Speculation: 0
MaxCSA: Successfully built Maximal CSA Expression Expr32
      Timing geq_unsigned_2013_rtlopto_model_49997...
      Timing lt_unsigned_2010_rtlopto_model_49998...
      Timing geq_unsigned_2013_rtlopto_model_50019...
      Timing lt_unsigned_2010_rtlopto_model_50020...
      Timing geq_unsigned_2013_rtlopto_model_50041...
      Timing lt_unsigned_2010_rtlopto_model_50042...
      Timing geq_unsigned_2013_rtlopto_model_50063...
      Timing lt_unsigned_2010_rtlopto_model_50064...
      Timing geq_unsigned_2013_rtlopto_model_50085...
      Timing lt_unsigned_2010_rtlopto_model_50086...
      Timing geq_unsigned_2013_rtlopto_model_50107...
      Timing lt_unsigned_2010_rtlopto_model_50108...
CDN_DP_region_0_1 level = 1 loads = 3 drivers = 1 is driven by : CDN_DP_region_1_0 
CDN_DP_region_0_1_c0 in accelerator: area: 4075530165 ,dp = 5 mux = 11 sg = slow         worst_clk_period: -4592027401093747479321448811840988791182819934087337446362600542056897287217691636671462015428404766481958056507848417754087160855645569172233412144810606637550482603972648585691834001330954934846706374694622113143642605976987571124210039891592104944194291403086744998870253568.0000 
    wns: 0  norm_wns:  0.0000 
    fail_endp: 0 
    tns:  0  tns_per_endp:  0.0000   norm_tns_per_endp:  0.0000 
    tns_sense_max:  0.0000  tns_sense_avg:  0.0000   tns_sense_num: 0
 skipped
CDN_DP_region_0_1_c1 in accelerator: area: 3872554875 ,dp = 3 mux = 11 sg = fast         worst_clk_period: 0.0000 
    wns: 0  norm_wns:  0.0000 
    fail_endp: 0 
    tns:  0  tns_per_endp:  0.0000   norm_tns_per_endp:  0.0000 
    tns_sense_max:  0.0000  tns_sense_avg:  0.0000   tns_sense_num: 0
 is current best
CDN_DP_region_0_1_c2 in accelerator: area: 3872554875 ,dp = 3 mux = 11 sg = very_slow    worst_clk_period: 0.0000 
    wns: 0  norm_wns:  0.0000 
    fail_endp: 0 
    tns:  0  tns_per_endp:  0.0000   norm_tns_per_endp:  0.0000 
    tns_sense_max:  0.0000  tns_sense_avg:  0.0000   tns_sense_num: 0
 is current best
CDN_DP_region_0_1_c3 in accelerator: area: 3872554875 ,dp = 3 mux = 11 sg = very_fast    worst_clk_period: 0.0000 
    wns: 0  norm_wns:  0.0000 
    fail_endp: 0 
    tns:  0  tns_per_endp:  0.0000   norm_tns_per_endp:  0.0000 
    tns_sense_max:  0.0000  tns_sense_avg:  0.0000   tns_sense_num: 0
 is current best
CDN_DP_region_0_1_c4 in accelerator: area: 3872554875 ,dp = 3 mux = 11 sg = very_fast    worst_clk_period: 0.0000 
    wns: 0  norm_wns:  0.0000 
    fail_endp: 0 
    tns:  0  tns_per_endp:  0.0000   norm_tns_per_endp:  0.0000 
    tns_sense_max:  0.0000  tns_sense_avg:  0.0000   tns_sense_num: 0
 is current best
CDN_DP_region_0_1_c5 in accelerator: area: 3872554875 ,dp = 3 mux = 11 sg = very_fast    worst_clk_period: 0.0000 
    wns: 0  norm_wns:  0.0000 
    fail_endp: 0 
    tns:  0  tns_per_endp:  0.0000   norm_tns_per_endp:  0.0000 
    tns_sense_max:  0.0000  tns_sense_avg:  0.0000   tns_sense_num: 0
 is current best
CDN_DP_region_0_1_c6 in accelerator: area: 3872554875 ,dp = 3 mux = 11 sg = very_fast    worst_clk_period: 0.0000 
    wns: 0  norm_wns:  0.0000 
    fail_endp: 0 
    tns:  0  tns_per_endp:  0.0000   norm_tns_per_endp:  0.0000 
    tns_sense_max:  0.0000  tns_sense_avg:  0.0000   tns_sense_num: 0
 is current best
CDN_DP_region_0_1_c7 in accelerator: area: 4203725085 ,dp = 2 mux = 11 sg = very_fast    worst_clk_period: 0.0000 
    wns: 0  norm_wns:  0.0000 
    fail_endp: 0 
    tns:  0  tns_per_endp:  0.0000   norm_tns_per_endp:  0.0000 
    tns_sense_max:  0.0000  tns_sense_avg:  0.0000   tns_sense_num: 0

Best config: CDN_DP_region_0_1_c6 in accelerator: area: 3872554875 ,dp = 3 mux = 11 sg = very_fast    worst_clk_period: 0.0000 
    wns: 0  norm_wns:  0.0000 
    fail_endp: 0 
    tns:  0  tns_per_endp:  0.0000   norm_tns_per_endp:  0.0000 
    tns_sense_max:  0.0000  tns_sense_avg:  0.0000   tns_sense_num: 0
  Smallest config area : 3872554875.  Fastest config wns;  0
##>+----------------------------------------------------------------------------------------------------------------------------------------------------------------+
##>Summary table of configs (Best config is CDN_DP_region_0_1_c6)
##>+----------------------------------------------------------------------------------------------------------------------------------------------------------------+
##>                     0                  1                  2                  3                  4                  5                  6                  7            
##>+----------------------------------------------------------------------------------------------------------------------------------------------------------------+
##>           Area       4075530165         3872554875         3872554875         3872554875         3872554875         3872554875         3872554875         4203725085  
##>            WNS        +12913.50          +12913.50          +12913.50          +12913.50          +12913.50          +12913.50          +12913.50          +12913.50  
##>            TNS                0                  0                  0                  0                  0                  0                  0                  0  
##>    Num Rewrite                0                  0                  0                  0                  0                  0                  0                  0  
##>     Num Factor                0                  0                  0                  0                  0                  0                  0                  0  
##>      Num Share                0                  0                  0                  0                  0                  0                  0                  1  
##>   Num CmultCse                0                  0                  0                  0                  0                  0                  0                  0  
##>   Num Downsize                0                  0                  0                  0                  0                  0                  0                  0  
##>  Num Speculate                0                  0                  0                  0                  0                  0                  0                  0  
##>     Runtime(s)                0                  0                  0                  0                  0                  0                  0                  0  
+----------------------------------------------------------------------------------------------------------------------------------------------------------------+
##>
##>
##>+------------------------------------------------------------------------------------------------------------------------------------------------------------+
##>Optimization Step DEBUG Table for config CDN_DP_region_0_1_c6
##>
##>                          Step                        Area   ( % Chg)        WNS (Change)        TNS (Change)          Runtime (s)        Comment                   
##>+------------------------------------------------------------------------------------------------------------------------------------------------------------+
##>createMaxCarrySave              START             4075530165 (      )    107387095.90 (        )             0 (        )              
##> datapath_rewrite_one_def       START             4075530165 ( +0.00)    107387095.90 (   +0.00)             0 (       0)              
##>  fast_cse_elim                 START             4075530165 ( +0.00)    107387095.90 (   +0.00)             0 (       0)              
##>                                  END             4064847255 ( -0.26)    107387095.90 (   +0.00)             0 (       0)           0  
##>  fast_cse_elim                 START             4064847255 ( +0.00)    107387095.90 (   +0.00)             0 (       0)              
##>                                  END             4064847255 ( +0.00)    107387095.90 (   +0.00)             0 (       0)           0  
##>  rewrite                       START             4064847255 ( +0.00)    107387095.90 (   +0.00)             0 (       0)              (na,csaa) and_en_v2 --> en_mux
##>                                  END             4064847255 ( +0.00)    107387095.90 (   +0.00)             0 (       0)           0  
##>  rewrite                       START             4064847255 ( +0.00)    107387095.90 (   +0.00)             0 (       0)              (na,csaa) and_en_v2 --> en_mux
##>                                  END             4064847255 ( +0.00)    107387095.90 (   +0.00)             0 (       0)           0  
##>                                  END             4064847255 ( -0.26)    107387095.90 (   +0.00)             0 (       0)           0  
##> dpopt_share_one_def            START             4064847255 ( +0.00)    107387095.90 (   +0.00)             0 (       0)              
##>                                  END             4064847255 ( +0.00)    107387095.90 (   +0.00)             0 (       0)           0  
##> csa_opto                       START             4064847255 ( +0.00)    214748364.70 (+107361268.80)             0 (       0)              
##>                                  END             4064847255 ( +0.00)    214748364.70 (   +0.00)             0 (       0)           0  
##>                                  END             4064847255 ( -0.26)    214748364.70 (+107361268.80)             0 (       0)           0  
##>canonicalize_by_names           START             4064847255 ( +0.00)    214748364.70 (   +0.00)             0 (       0)              
##>                                  END             4064847255 ( +0.00)    214748364.70 (   +0.00)             0 (       0)           0  
##>datapath_rewrite_post_csa_one_  START             4064847255 ( +0.00)    214748364.70 (   +0.00)             0 (       0)              
##>                                  END             4064847255 ( +0.00)    214748364.70 (   +0.00)             0 (       0)           0  
##>datapath_csa_factoring_one_gde  START             4064847255 ( +0.00)    214748364.70 (   +0.00)             0 (       0)              
##>                                  END             4064847255 ( +0.00)    214748364.70 (   +0.00)             0 (       0)           0  
##>dpopt_share_one_def             START             4064847255 ( +0.00)    214748364.70 (   +0.00)             0 (       0)              
##>                                  END             4064847255 ( +0.00)    214748364.70 (   +0.00)             0 (       0)           0  
##>datapath_rewrite_post_share     START             4064847255 ( +0.00)    214748364.70 (   +0.00)             0 (       0)              
##>                                  END             4064847255 ( +0.00)    214748364.70 (   +0.00)             0 (       0)           0  
##>dp_combine_const_mult_with_com  START             4064847255 ( +0.00)    214748364.70 (   +0.00)             0 (       0)              
##>                                  END             4064847255 ( +0.00)    214748364.70 (   +0.00)             0 (       0)           0  
##>dp_operator_level_decompositio  START             4064847255 ( +0.00)    214748364.70 (   +0.00)             0 (       0)              
##>                                  END             4064847255 ( +0.00)    214748364.70 (   +0.00)             0 (       0)           0  
##>selective_flatten_dp_config     START             4064847255 ( +0.00)    214748364.70 (   +0.00)             0 (       0)              
##>                                  END             4054164345 ( -0.26)    214748364.70 (   +0.00)             0 (       0)           0  
##>createMaxCarrySave              START             4054164345 ( +0.00)    214748364.70 (   +0.00)             0 (       0)              
##> datapath_rewrite_one_def       START             4054164345 ( +0.00)    214748364.70 (   +0.00)             0 (       0)              
##>  fast_cse_elim                 START             4054164345 ( +0.00)    214748364.70 (   +0.00)             0 (       0)              
##>                                  END             4054164345 ( +0.00)    214748364.70 (   +0.00)             0 (       0)           0  
##>  fast_cse_elim                 START             4054164345 ( +0.00)    214748364.70 (   +0.00)             0 (       0)              
##>                                  END             4054164345 ( +0.00)    214748364.70 (   +0.00)             0 (       0)           0  
##>                                  END             4054164345 ( +0.00)    214748364.70 (   +0.00)             0 (       0)           0  
##> dpopt_share_one_def            START             4054164345 ( +0.00)    214748364.70 (   +0.00)             0 (       0)              
##>                                  END             4054164345 ( +0.00)    214748364.70 (   +0.00)             0 (       0)           0  
##> csa_opto                       START             4054164345 ( +0.00)    214748364.70 (   +0.00)             0 (       0)              
##>                                  END             4054164345 ( +0.00)    214748364.70 (   +0.00)             0 (       0)           0  
##>                                  END             4054164345 ( +0.00)    214748364.70 (   +0.00)             0 (       0)           0  
##>context_based_simplify          START             4054164345 ( +0.00)    214748364.70 (   +0.00)             0 (       0)              
##>                                  END             3872554875 ( -4.48)    214748364.70 (   +0.00)             0 (       0)           0  
##>group_csa_final_adder_dp        START             3872554875 ( +0.00)    214748364.70 (   +0.00)             0 (       0)              
##>                                  END             3872554875 ( +0.00)    214748364.70 (   +0.00)             0 (       0)           0  
##>dpopt_flatten_critical_muxes_i  START             3872554875 ( +0.00)    214748364.70 (   +0.00)             0 (       0)              
##>                                  END             3872554875 ( +0.00)    214748364.70 (   +0.00)             0 (       0)           0  
##>create_score                    START             3872554875 ( +0.00)    12913.50 (-214735451.20)             0 (       0)              
##>                                  END             3872554875 ( +0.00)    12913.50 (   +0.00)             0 (       0)           0  
##>+------------------------------------------------------------------------------------------------------------------------------------------------------------+
Committed config: CDN_DP_region_0_1_c6
Info    : Done implementing datapath configurations. [DPOPT-4]
        : Selected 'very_fast' configuration 6 for module 'CDN_DP_region_0_1'.
          Optimizations applied to 'very_fast' configuration:
            rewriting(0), factoring(0), sharing(0), cmultcse(0), downsizing(0), speculation(0)
Info    : Implementing datapath configurations. [DPOPT-3]
        : Implementing datapath configurations for 'CDN_DP_region_12_0'
CSAGen Prep Share:0 Re-Write:0 Speculation: 0
MaxCSA: Successfully built Maximal CSA Expression Expr33
MaxCSA: Successfully built Maximal CSA Expression Expr34
      Timing csa_tree_50132...
      Timing csa_tree_50141...
      Timing decrement_unsigned_49423_50177...
      Timing decrement_unsigned_49423_50218...
      Timing decrement_unsigned_49423_50249...
      Timing decrement_unsigned_49423_50280...
      Timing decrement_unsigned_49423_50311...
      Timing decrement_unsigned_49423_50342...
      Timing decrement_unsigned_49423_50373...
CDN_DP_region_12_0 level = 0 loads = 3 drivers = 0
CDN_DP_region_12_0_c0 in spimemio_xfer: area: 4257139635 ,dp = 5 mux = 33 sg = slow         worst_clk_period: 0.0000 
    wns: 0  norm_wns:  0.0000 
    fail_endp: 0 
    tns:  0  tns_per_endp:  0.0000   norm_tns_per_endp:  0.0000 
    tns_sense_max:  0.0000  tns_sense_avg:  0.0000   tns_sense_num: 0
 skipped
CDN_DP_region_12_0_c1 in spimemio_xfer: area: 4022115615 ,dp = 4 mux = 31 sg = fast         worst_clk_period: 0.0000 
    wns: 0  norm_wns:  0.0000 
    fail_endp: 0 
    tns:  0  tns_per_endp:  0.0000   norm_tns_per_endp:  0.0000 
    tns_sense_max:  0.0000  tns_sense_avg:  0.0000   tns_sense_num: 0
 is current best
CDN_DP_region_12_0_c2 in spimemio_xfer: area: 4022115615 ,dp = 4 mux = 31 sg = very_slow    worst_clk_period: 0.0000 
    wns: 0  norm_wns:  0.0000 
    fail_endp: 0 
    tns:  0  tns_per_endp:  0.0000   norm_tns_per_endp:  0.0000 
    tns_sense_max:  0.0000  tns_sense_avg:  0.0000   tns_sense_num: 0
 is current best
CDN_DP_region_12_0_c3 in spimemio_xfer: area: 4022115615 ,dp = 4 mux = 31 sg = very_fast    worst_clk_period: 0.0000 
    wns: 0  norm_wns:  0.0000 
    fail_endp: 0 
    tns:  0  tns_per_endp:  0.0000   norm_tns_per_endp:  0.0000 
    tns_sense_max:  0.0000  tns_sense_avg:  0.0000   tns_sense_num: 0
 is current best
CDN_DP_region_12_0_c4 in spimemio_xfer: area: 4022115615 ,dp = 4 mux = 31 sg = very_fast    worst_clk_period: 0.0000 
    wns: 0  norm_wns:  0.0000 
    fail_endp: 0 
    tns:  0  tns_per_endp:  0.0000   norm_tns_per_endp:  0.0000 
    tns_sense_max:  0.0000  tns_sense_avg:  0.0000   tns_sense_num: 0
 is current best
CDN_DP_region_12_0_c5 in spimemio_xfer: area: 4022115615 ,dp = 4 mux = 31 sg = very_fast    worst_clk_period: 0.0000 
    wns: 0  norm_wns:  0.0000 
    fail_endp: 0 
    tns:  0  tns_per_endp:  0.0000   norm_tns_per_endp:  0.0000 
    tns_sense_max:  0.0000  tns_sense_avg:  0.0000   tns_sense_num: 0
 is current best
CDN_DP_region_12_0_c6 in spimemio_xfer: area: 4022115615 ,dp = 4 mux = 31 sg = very_fast    worst_clk_period: 0.0000 
    wns: 0  norm_wns:  0.0000 
    fail_endp: 0 
    tns:  0  tns_per_endp:  0.0000   norm_tns_per_endp:  0.0000 
    tns_sense_max:  0.0000  tns_sense_avg:  0.0000   tns_sense_num: 0
 is current best
CDN_DP_region_12_0_c7 in spimemio_xfer: area: 4299871275 ,dp = 4 mux = 32 sg = very_fast    worst_clk_period: 0.0000 
    wns: 0  norm_wns:  0.0000 
    fail_endp: 0 
    tns:  0  tns_per_endp:  0.0000   norm_tns_per_endp:  0.0000 
    tns_sense_max:  0.0000  tns_sense_avg:  0.0000   tns_sense_num: -1421048832

Best config: CDN_DP_region_12_0_c6 in spimemio_xfer: area: 4022115615 ,dp = 4 mux = 31 sg = very_fast    worst_clk_period: 0.0000 
    wns: 0  norm_wns:  0.0000 
    fail_endp: 0 
    tns:  0  tns_per_endp:  0.0000   norm_tns_per_endp:  0.0000 
    tns_sense_max:  0.0000  tns_sense_avg:  0.0000   tns_sense_num: 0
  Smallest config area : 4022115615.  Fastest config wns;  0
##>+----------------------------------------------------------------------------------------------------------------------------------------------------------------+
##>Summary table of configs (Best config is CDN_DP_region_12_0_c6)
##>+----------------------------------------------------------------------------------------------------------------------------------------------------------------+
##>                     0                  1                  2                  3                  4                  5                  6                  7            
##>+----------------------------------------------------------------------------------------------------------------------------------------------------------------+
##>           Area       4257139635         4022115615         4022115615         4022115615         4022115615         4022115615         4022115615         4299871275  
##>            WNS         +2421.10           +2421.10           +2421.10           +2421.10           +2421.10           +2421.10           +2421.10           +2421.10  
##>            TNS                0                  0                  0                  0                  0                  0                  0                  0  
##>    Num Rewrite                0                  2                  2                  2                  2                  2                  2                  1  
##>     Num Factor                0                  0                  0                  0                  0                  0                  0                  0  
##>      Num Share                0                  0                  0                  0                  0                  0                  0                  0  
##>   Num CmultCse                0                  0                  0                  0                  0                  0                  0                  0  
##>   Num Downsize                0                  0                  0                  0                  0                  0                  0                  0  
##>  Num Speculate                0                  0                  0                  0                  0                  0                  0                  0  
##>     Runtime(s)                0                  0                  0                  0                  0                  0                  0                  0  
+----------------------------------------------------------------------------------------------------------------------------------------------------------------+
##>
##>
##>+------------------------------------------------------------------------------------------------------------------------------------------------------------+
##>Optimization Step DEBUG Table for config CDN_DP_region_12_0_c6
##>
##>                          Step                        Area   ( % Chg)        WNS (Change)        TNS (Change)          Runtime (s)        Comment                   
##>+------------------------------------------------------------------------------------------------------------------------------------------------------------+
##>createMaxCarrySave              START             4257139635 (      )    107376603.50 (        )             0 (        )              
##> datapath_rewrite_one_def       START             4257139635 ( +0.00)    107376603.50 (   +0.00)             0 (       0)              
##>  fast_cse_elim                 START             4257139635 ( +0.00)    107376603.50 (   +0.00)             0 (       0)              
##>                                  END             4257139635 ( +0.00)    107376603.50 (   +0.00)             0 (       0)           0  
##>  fast_cse_elim                 START             4257139635 ( +0.00)    107376603.50 (   +0.00)             0 (       0)              
##>                                  END             4257139635 ( +0.00)    107376603.50 (   +0.00)             0 (       0)           0  
##>  rewrite                       START             4257139635 ( +0.00)    107376603.50 (   +0.00)             0 (       0)              (a,csaa) dec_ci_with_select_version1 --> dec_ci_with_select_version2
##>                                  END             4182359265 ( -1.76)    107376603.50 (   +0.00)             0 (       0)           0  
##>  rewrite                       START             4182359265 ( +0.00)    107376603.50 (   +0.00)             0 (       0)              (a,csaa) subt_c_with_select_version1 --> subt_c_with_select_version2
##>                                  END             4177017810 ( -0.13)    107376603.50 (   +0.00)             0 (       0)           0  
##>  fast_cse_elim                 START             4177017810 ( +0.00)    107376603.50 (   +0.00)             0 (       0)              
##>                                  END             4177017810 ( +0.00)    107376603.50 (   +0.00)             0 (       0)           0  
##>  fast_cse_elim                 START             4177017810 ( +0.00)    107376603.50 (   +0.00)             0 (       0)              
##>                                  END             4177017810 ( +0.00)    107376603.50 (   +0.00)             0 (       0)           0  
##>                                  END             4177017810 ( -1.88)    107376603.50 (   +0.00)             0 (       0)           0  
##> dpopt_share_one_def            START             4177017810 ( +0.00)    107376603.50 (   +0.00)             0 (       0)              
##>                                  END             4177017810 ( +0.00)    107376603.50 (   +0.00)             0 (       0)           0  
##> csa_opto                       START             4177017810 ( +0.00)    214748364.70 (+107371761.20)             0 (       0)              
##>                                  END             4144969080 ( -0.77)    214748364.70 (   +0.00)             0 (       0)           0  
##>                                  END             4144969080 ( -2.63)    214748364.70 (+107371761.20)             0 (       0)           0  
##>canonicalize_by_names           START             4144969080 ( +0.00)    214748364.70 (   +0.00)             0 (       0)              
##>                                  END             4144969080 ( +0.00)    214748364.70 (   +0.00)             0 (       0)           0  
##>datapath_rewrite_post_csa_one_  START             4144969080 ( +0.00)    214748364.70 (   +0.00)             0 (       0)              
##>                                  END             4144969080 ( +0.00)    214748364.70 (   +0.00)             0 (       0)           0  
##>datapath_csa_factoring_one_gde  START             4144969080 ( +0.00)    214748364.70 (   +0.00)             0 (       0)              
##>                                  END             4144969080 ( +0.00)    214748364.70 (   +0.00)             0 (       0)           0  
##>dpopt_share_one_def             START             4144969080 ( +0.00)    214748364.70 (   +0.00)             0 (       0)              
##>                                  END             4144969080 ( +0.00)    214748364.70 (   +0.00)             0 (       0)           0  
##>datapath_rewrite_post_share     START             4144969080 ( +0.00)    214748364.70 (   +0.00)             0 (       0)              
##>                                  END             4144969080 ( +0.00)    214748364.70 (   +0.00)             0 (       0)           0  
##>dp_combine_const_mult_with_com  START             4144969080 ( +0.00)    214748364.70 (   +0.00)             0 (       0)              
##>                                  END             4144969080 ( +0.00)    214748364.70 (   +0.00)             0 (       0)           0  
##>speculate_in_gdef               START             4144969080 ( +0.00)    214748364.70 (   +0.00)             0 (       0)              
##> pre_speculate_mux_merge        START             4144969080 ( +0.00)    214748364.70 (   +0.00)             0 (       0)              
##>                                  END             4144969080 ( +0.00)    214748364.70 (   +0.00)             0 (       0)           0  
##>                                  END             4144969080 ( +0.00)    214748364.70 (   +0.00)             0 (       0)           0  
##>dp_operator_level_decompositio  START             4144969080 ( +0.00)    214748364.70 (   +0.00)             0 (       0)              
##>                                  END             4144969080 ( +0.00)    214748364.70 (   +0.00)             0 (       0)           0  
##>selective_flatten_dp_config     START             4144969080 ( +0.00)    214748364.70 (   +0.00)             0 (       0)              
##>                                  END             4123603260 ( -0.52)    214748364.70 (   +0.00)             0 (       0)           0  
##>createMaxCarrySave              START             4123603260 ( +0.00)    214748364.70 (   +0.00)             0 (       0)              
##> datapath_rewrite_one_def       START             4123603260 ( +0.00)    214748364.70 (   +0.00)             0 (       0)              
##>  fast_cse_elim                 START             4123603260 ( +0.00)    214748364.70 (   +0.00)             0 (       0)              
##>                                  END             4123603260 ( +0.00)    214748364.70 (   +0.00)             0 (       0)           0  
##>  fast_cse_elim                 START             4123603260 ( +0.00)    214748364.70 (   +0.00)             0 (       0)              
##>                                  END             4123603260 ( +0.00)    214748364.70 (   +0.00)             0 (       0)           0  
##>                                  END             4123603260 ( +0.00)    214748364.70 (   +0.00)             0 (       0)           0  
##> dpopt_share_one_def            START             4123603260 ( +0.00)    214748364.70 (   +0.00)             0 (       0)              
##>                                  END             4123603260 ( +0.00)    214748364.70 (   +0.00)             0 (       0)           0  
##> csa_opto                       START             4123603260 ( +0.00)    214748364.70 (   +0.00)             0 (       0)              
##>                                  END             4123603260 ( +0.00)    214748364.70 (   +0.00)             0 (       0)           0  
##>                                  END             4123603260 ( +0.00)    214748364.70 (   +0.00)             0 (       0)           0  
##>context_based_simplify          START             4064847255 ( -1.42)    214748364.70 (   +0.00)             0 (       0)              
##>                                  END             4022115615 ( -1.05)    214748364.70 (   +0.00)             0 (       0)           0  
##>group_csa_final_adder_dp        START             4022115615 ( +0.00)    214748364.70 (   +0.00)             0 (       0)              
##>                                  END             4022115615 ( +0.00)    214748364.70 (   +0.00)             0 (       0)           0  
##>dpopt_flatten_critical_muxes_i  START             4022115615 ( +0.00)    214748364.70 (   +0.00)             0 (       0)              
##>                                  END             4022115615 ( +0.00)    214748364.70 (   +0.00)             0 (       0)           0  
##>speculate_in_gdef               START             4022115615 ( +0.00)    214748364.70 (   +0.00)             0 (       0)              
##> pre_speculate_mux_merge        START             4022115615 ( +0.00)    214748364.70 (   +0.00)             0 (       0)              
##>                                  END             4022115615 ( +0.00)    214748364.70 (   +0.00)             0 (       0)           0  
##>                                  END             4022115615 ( +0.00)    214748364.70 (   +0.00)             0 (       0)           0  
##>create_score                    START             4022115615 ( +0.00)     2421.10 (-214745943.60)             0 (       0)              
##>                                  END             4022115615 ( +0.00)     2421.10 (   +0.00)             0 (       0)           0  
##>+------------------------------------------------------------------------------------------------------------------------------------------------------------+
Committed config: CDN_DP_region_12_0_c6
Info    : Done implementing datapath configurations. [DPOPT-4]
        : Selected 'very_fast' configuration 6 for module 'CDN_DP_region_12_0'.
          Optimizations applied to 'very_fast' configuration:
            rewriting(2), factoring(0), sharing(0), cmultcse(0), downsizing(0), speculation(0)
Info    : Implementing datapath configurations. [DPOPT-3]
        : Implementing datapath configurations for 'CDN_DP_region_8_0'
CSAGen Prep Share:0 Re-Write:0 Speculation: 0
CDN_DP_region_8_0 level = 2 loads = 1 drivers = 5 is driven by : CDN_DP_region_0_1 CDN_DP_region_1_0 CDN_DP_region_11_0 CDN_DP_region_12_0 CDN_DP_region_10_0 
CDN_DP_region_8_0_c0 in picosoc: area: 2563898400 ,dp = 0 mux = 1 sg = slow         worst_clk_period: -4592024818112686007544091371623043813004152832110781083474987530434548819765321140516579626654680392906110065126800729164270879694187219469955113378228855615075034128434092163310164542077600748578610244716643515416258676369934689095608681774610783372403276652660868448931282944.0000 
    wns: 0  norm_wns:  0.0000 
    fail_endp: 0 
    tns:  0  tns_per_endp:  0.0000   norm_tns_per_endp:  0.0000 
    tns_sense_max:  0.0000  tns_sense_avg:  0.0000   tns_sense_num: 0
 skipped
CDN_DP_region_8_0_c1 in picosoc: area: 2563898400 ,dp = 0 mux = 1 sg = fast         worst_clk_period: 0.0000 
    wns: 0  norm_wns:  0.0000 
    fail_endp: 0 
    tns:  0  tns_per_endp:  0.0000   norm_tns_per_endp:  0.0000 
    tns_sense_max:  0.0000  tns_sense_avg:  0.0000   tns_sense_num: 0
 is current best
CDN_DP_region_8_0_c2 in picosoc: area: 2563898400 ,dp = 0 mux = 1 sg = very_slow    worst_clk_period: 0.0000 
    wns: 0  norm_wns:  0.0000 
    fail_endp: 0 
    tns:  0  tns_per_endp:  0.0000   norm_tns_per_endp:  0.0000 
    tns_sense_max:  0.0000  tns_sense_avg:  0.0000   tns_sense_num: 0
 is current best
CDN_DP_region_8_0_c3 in picosoc: area: 2563898400 ,dp = 0 mux = 1 sg = very_fast    worst_clk_period: 0.0000 
    wns: 0  norm_wns:  0.0000 
    fail_endp: 0 
    tns:  0  tns_per_endp:  0.0000   norm_tns_per_endp:  0.0000 
    tns_sense_max:  0.0000  tns_sense_avg:  0.0000   tns_sense_num: 0
 is current best
CDN_DP_region_8_0_c4 in picosoc: area: 2563898400 ,dp = 0 mux = 1 sg = very_fast    worst_clk_period: 0.0000 
    wns: 0  norm_wns:  0.0000 
    fail_endp: 0 
    tns:  0  tns_per_endp:  0.0000   norm_tns_per_endp:  0.0000 
    tns_sense_max:  0.0000  tns_sense_avg:  0.0000   tns_sense_num: 0
 is current best
CDN_DP_region_8_0_c5 in picosoc: area: 2563898400 ,dp = 0 mux = 1 sg = very_fast    worst_clk_period: 0.0000 
    wns: 0  norm_wns:  0.0000 
    fail_endp: 0 
    tns:  0  tns_per_endp:  0.0000   norm_tns_per_endp:  0.0000 
    tns_sense_max:  0.0000  tns_sense_avg:  0.0000   tns_sense_num: 0
 is current best
CDN_DP_region_8_0_c6 in picosoc: area: 2563898400 ,dp = 0 mux = 1 sg = very_fast    worst_clk_period: 0.0000 
    wns: 0  norm_wns:  0.0000 
    fail_endp: 0 
    tns:  0  tns_per_endp:  0.0000   norm_tns_per_endp:  0.0000 
    tns_sense_max:  0.0000  tns_sense_avg:  0.0000   tns_sense_num: 0
 is current best
CDN_DP_region_8_0_c7 in picosoc: area: 2563898400 ,dp = 0 mux = 1 sg = very_fast    worst_clk_period: 0.0000 
    wns: 0  norm_wns:  0.0000 
    fail_endp: 0 
    tns:  0  tns_per_endp:  0.0000   norm_tns_per_endp:  0.0000 
    tns_sense_max:  0.0000  tns_sense_avg:  0.0000   tns_sense_num: 0
 is current best
Best config: CDN_DP_region_8_0_c7 in picosoc: area: 2563898400 ,dp = 0 mux = 1 sg = very_fast    worst_clk_period: 0.0000 
    wns: 0  norm_wns:  0.0000 
    fail_endp: 0 
    tns:  0  tns_per_endp:  0.0000   norm_tns_per_endp:  0.0000 
    tns_sense_max:  0.0000  tns_sense_avg:  0.0000   tns_sense_num: 0
  Smallest config area : 2563898400.  Fastest config wns;  0
##>+----------------------------------------------------------------------------------------------------------------------------------------------------------------+
##>Summary table of configs (Best config is CDN_DP_region_8_0_c7)
##>+----------------------------------------------------------------------------------------------------------------------------------------------------------------+
##>                     0                  1                  2                  3                  4                  5                  6                  7            
##>+----------------------------------------------------------------------------------------------------------------------------------------------------------------+
##>           Area       2563898400         2563898400         2563898400         2563898400         2563898400         2563898400         2563898400         2563898400  
##>            WNS         +2421.10           +2421.10           +2421.10           +2421.10           +2421.10           +2421.10           +2421.10           +2421.10  
##>            TNS                0                  0                  0                  0                  0                  0                  0                  0  
##>    Num Rewrite                0                  0                  0                  0                  0                  0                  0                  0  
##>     Num Factor                0                  0                  0                  0                  0                  0                  0                  0  
##>      Num Share                0                  0                  0                  0                  0                  0                  0                  0  
##>   Num CmultCse                0                  0                  0                  0                  0                  0                  0                  0  
##>   Num Downsize                0                  0                  0                  0                  0                  0                  0                  0  
##>  Num Speculate                0                  0                  0                  0                  0                  0                  0                  0  
##>     Runtime(s)                0                  0                  0                  0                  0                  0                  0                  0  
+----------------------------------------------------------------------------------------------------------------------------------------------------------------+
##>
##>
##>+------------------------------------------------------------------------------------------------------------------------------------------------------------+
##>Optimization Step DEBUG Table for config CDN_DP_region_8_0_c7
##>
##>                          Step                        Area   ( % Chg)        WNS (Change)        TNS (Change)          Runtime (s)        Comment                   
##>+------------------------------------------------------------------------------------------------------------------------------------------------------------+
##>EquationExtraction              START             2563898400 (      )     2421.10 (        )             0 (        )              
##>                                  END             2563898400 ( +0.00)     2421.10 (   +0.00)             0 (       0)           0  
##>createMaxCarrySave              START             2563898400 ( +0.00)     2421.10 (   +0.00)             0 (       0)              
##> datapath_rewrite_one_def       START             2563898400 ( +0.00)     2421.10 (   +0.00)             0 (       0)              
##>                                  END             2563898400 ( +0.00)     2421.10 (   +0.00)             0 (       0)           0  
##> csa_opto                       START             2563898400 ( +0.00)     2421.10 (   +0.00)             0 (       0)              
##>                                  END             2563898400 ( +0.00)     2421.10 (   +0.00)             0 (       0)           0  
##>                                  END             2563898400 ( +0.00)     2421.10 (   +0.00)             0 (       0)           0  
##>canonicalize_by_names           START             2563898400 ( +0.00)     2421.10 (   +0.00)             0 (       0)              
##>                                  END             2563898400 ( +0.00)     2421.10 (   +0.00)             0 (       0)           0  
##>datapath_rewrite_post_csa_one_  START             2563898400 ( +0.00)     2421.10 (   +0.00)             0 (       0)              
##>                                  END             2563898400 ( +0.00)     2421.10 (   +0.00)             0 (       0)           0  
##>datapath_csa_factoring_one_gde  START             2563898400 ( +0.00)     2421.10 (   +0.00)             0 (       0)              
##>                                  END             2563898400 ( +0.00)     2421.10 (   +0.00)             0 (       0)           0  
##>dpopt_share_one_def             START             2563898400 ( +0.00)     2421.10 (   +0.00)             0 (       0)              
##>                                  END             2563898400 ( +0.00)     2421.10 (   +0.00)             0 (       0)           0  
##>datapath_rewrite_post_share     START             2563898400 ( +0.00)     2421.10 (   +0.00)             0 (       0)              
##>                                  END             2563898400 ( +0.00)     2421.10 (   +0.00)             0 (       0)           0  
##>dp_combine_const_mult_with_com  START             2563898400 ( +0.00)     2421.10 (   +0.00)             0 (       0)              
##>                                  END             2563898400 ( +0.00)     2421.10 (   +0.00)             0 (       0)           0  
##>dp_operator_level_decompositio  START             2563898400 ( +0.00)     2421.10 (   +0.00)             0 (       0)              
##>                                  END             2563898400 ( +0.00)     2421.10 (   +0.00)             0 (       0)           0  
##>selective_flatten_dp_config     START             2563898400 ( +0.00)     2421.10 (   +0.00)             0 (       0)              
##>                                  END             2563898400 ( +0.00)     2421.10 (   +0.00)             0 (       0)           0  
##>createMaxCarrySave              START             2563898400 ( +0.00)     2421.10 (   +0.00)             0 (       0)              
##> datapath_rewrite_one_def       START             2563898400 ( +0.00)     2421.10 (   +0.00)             0 (       0)              
##>  fast_cse_elim                 START             2563898400 ( +0.00)     2421.10 (   +0.00)             0 (       0)              
##>                                  END             2563898400 ( +0.00)     2421.10 (   +0.00)             0 (       0)           0  
##>  fast_cse_elim                 START             2563898400 ( +0.00)     2421.10 (   +0.00)             0 (       0)              
##>                                  END             2563898400 ( +0.00)     2421.10 (   +0.00)             0 (       0)           0  
##>                                  END             2563898400 ( +0.00)     2421.10 (   +0.00)             0 (       0)           0  
##> csa_opto                       START             2563898400 ( +0.00)     2421.10 (   +0.00)             0 (       0)              
##>                                  END             2563898400 ( +0.00)     2421.10 (   +0.00)             0 (       0)           0  
##>                                  END             2563898400 ( +0.00)     2421.10 (   +0.00)             0 (       0)           0  
##>context_based_simplify          START             2563898400 ( +0.00)     2421.10 (   +0.00)             0 (       0)              
##>                                  END             2563898400 ( +0.00)     2421.10 (   +0.00)             0 (       0)           0  
##>group_csa_final_adder_dp        START             2563898400 ( +0.00)     2421.10 (   +0.00)             0 (       0)              
##>                                  END             2563898400 ( +0.00)     2421.10 (   +0.00)             0 (       0)           0  
##>dpopt_flatten_critical_muxes_i  START             2563898400 ( +0.00)     2421.10 (   +0.00)             0 (       0)              
##>                                  END             2563898400 ( +0.00)     2421.10 (   +0.00)             0 (       0)           0  
##>create_score                    START             2563898400 ( +0.00)     2421.10 (   +0.00)             0 (       0)              
##>                                  END             2563898400 ( +0.00)     2421.10 (   +0.00)             0 (       0)           0  
##>+------------------------------------------------------------------------------------------------------------------------------------------------------------+
Committed config: CDN_DP_region_8_0_c7
Info    : Done implementing datapath configurations. [DPOPT-4]
        : Selected 'very_fast' configuration 7 for module 'CDN_DP_region_8_0'.
          Optimizations applied to 'very_fast' configuration:
            rewriting(0), factoring(0), sharing(0), cmultcse(0), downsizing(0), speculation(0)
Info    : Implementing datapath configurations. [DPOPT-3]
        : Implementing datapath configurations for 'CDN_DP_region_10_0'
CSAGen Prep Share:0 Re-Write:0 Speculation: 0
CDN_DP_region_10_0 level = 0 loads = 2 drivers = 0
CDN_DP_region_10_0_c0 in simpleuart: area: 689047695 ,dp = 0 mux = 1 sg = slow         worst_clk_period: 0.0000 
    wns: 0  norm_wns:  0.0000 
    fail_endp: 0 
    tns:  0  tns_per_endp:  0.0000   norm_tns_per_endp:  0.0000 
    tns_sense_max:  0.0000  tns_sense_avg:  0.0000   tns_sense_num: 0
 skipped
CDN_DP_region_10_0_c1 in simpleuart: area: 689047695 ,dp = 0 mux = 1 sg = fast         worst_clk_period: 0.0000 
    wns: 0  norm_wns:  0.0000 
    fail_endp: 0 
    tns:  0  tns_per_endp:  0.0000   norm_tns_per_endp:  0.0000 
    tns_sense_max:  0.0000  tns_sense_avg:  0.0000   tns_sense_num: 0
 is current best
CDN_DP_region_10_0_c2 in simpleuart: area: 689047695 ,dp = 0 mux = 1 sg = very_slow    worst_clk_period: 0.0000 
    wns: 0  norm_wns:  0.0000 
    fail_endp: 0 
    tns:  0  tns_per_endp:  0.0000   norm_tns_per_endp:  0.0000 
    tns_sense_max:  0.0000  tns_sense_avg:  0.0000   tns_sense_num: 0
 is current best
CDN_DP_region_10_0_c3 in simpleuart: area: 689047695 ,dp = 0 mux = 1 sg = very_fast    worst_clk_period: 0.0000 
    wns: 0  norm_wns:  0.0000 
    fail_endp: 0 
    tns:  0  tns_per_endp:  0.0000   norm_tns_per_endp:  0.0000 
    tns_sense_max:  0.0000  tns_sense_avg:  0.0000   tns_sense_num: 0
 is current best
CDN_DP_region_10_0_c4 in simpleuart: area: 689047695 ,dp = 0 mux = 1 sg = very_fast    worst_clk_period: 0.0000 
    wns: 0  norm_wns:  0.0000 
    fail_endp: 0 
    tns:  0  tns_per_endp:  0.0000   norm_tns_per_endp:  0.0000 
    tns_sense_max:  0.0000  tns_sense_avg:  0.0000   tns_sense_num: 0
 is current best
CDN_DP_region_10_0_c5 in simpleuart: area: 689047695 ,dp = 0 mux = 1 sg = very_fast    worst_clk_period: 0.0000 
    wns: 0  norm_wns:  0.0000 
    fail_endp: 0 
    tns:  0  tns_per_endp:  0.0000   norm_tns_per_endp:  0.0000 
    tns_sense_max:  0.0000  tns_sense_avg:  0.0000   tns_sense_num: 0
 is current best
CDN_DP_region_10_0_c6 in simpleuart: area: 689047695 ,dp = 0 mux = 1 sg = very_fast    worst_clk_period: 0.0000 
    wns: 0  norm_wns:  0.0000 
    fail_endp: 0 
    tns:  0  tns_per_endp:  0.0000   norm_tns_per_endp:  0.0000 
    tns_sense_max:  0.0000  tns_sense_avg:  0.0000   tns_sense_num: 0
 is current best
CDN_DP_region_10_0_c7 in simpleuart: area: 689047695 ,dp = 0 mux = 1 sg = very_fast    worst_clk_period: 0.0000 
    wns: 0  norm_wns:  0.0000 
    fail_endp: 0 
    tns:  0  tns_per_endp:  0.0000   norm_tns_per_endp:  0.0000 
    tns_sense_max:  0.0000  tns_sense_avg:  0.0000   tns_sense_num: 0
 is current best
Best config: CDN_DP_region_10_0_c7 in simpleuart: area: 689047695 ,dp = 0 mux = 1 sg = very_fast    worst_clk_period: 0.0000 
    wns: 0  norm_wns:  0.0000 
    fail_endp: 0 
    tns:  0  tns_per_endp:  0.0000   norm_tns_per_endp:  0.0000 
    tns_sense_max:  0.0000  tns_sense_avg:  0.0000   tns_sense_num: 0
  Smallest config area : 689047695.  Fastest config wns;  0
##>+----------------------------------------------------------------------------------------------------------------------------------------------------------------+
##>Summary table of configs (Best config is CDN_DP_region_10_0_c7)
##>+----------------------------------------------------------------------------------------------------------------------------------------------------------------+
##>                     0                  1                  2                  3                  4                  5                  6                  7            
##>+----------------------------------------------------------------------------------------------------------------------------------------------------------------+
##>           Area        689047695          689047695          689047695          689047695          689047695          689047695          689047695          689047695  
##>            WNS        +13910.10          +13910.10          +13910.10          +13910.10          +13910.10          +13910.10          +13910.10          +13910.10  
##>            TNS                0                  0                  0                  0                  0                  0                  0                  0  
##>    Num Rewrite                0                  0                  0                  0                  0                  0                  0                  0  
##>     Num Factor                0                  0                  0                  0                  0                  0                  0                  0  
##>      Num Share                0                  0                  0                  0                  0                  0                  0                  0  
##>   Num CmultCse                0                  0                  0                  0                  0                  0                  0                  0  
##>   Num Downsize                0                  0                  0                  0                  0                  0                  0                  0  
##>  Num Speculate                0                  0                  0                  0                  0                  0                  0                  0  
##>     Runtime(s)                0                  0                  0                  0                  0                  0                  0                  0  
+----------------------------------------------------------------------------------------------------------------------------------------------------------------+
##>
##>
##>+------------------------------------------------------------------------------------------------------------------------------------------------------------+
##>Optimization Step DEBUG Table for config CDN_DP_region_10_0_c7
##>
##>                          Step                        Area   ( % Chg)        WNS (Change)        TNS (Change)          Runtime (s)        Comment                   
##>+------------------------------------------------------------------------------------------------------------------------------------------------------------+
##>EquationExtraction              START              689047695 (      )    13910.10 (        )             0 (        )              
##>                                  END              689047695 ( +0.00)    13910.10 (   +0.00)             0 (       0)           0  
##>createMaxCarrySave              START              689047695 ( +0.00)    13910.10 (   +0.00)             0 (       0)              
##> datapath_rewrite_one_def       START              689047695 ( +0.00)    13910.10 (   +0.00)             0 (       0)              
##>                                  END              689047695 ( +0.00)    13910.10 (   +0.00)             0 (       0)           0  
##> csa_opto                       START              689047695 ( +0.00)    13910.10 (   +0.00)             0 (       0)              
##>                                  END              689047695 ( +0.00)    13910.10 (   +0.00)             0 (       0)           0  
##>                                  END              689047695 ( +0.00)    13910.10 (   +0.00)             0 (       0)           0  
##>canonicalize_by_names           START              689047695 ( +0.00)    13910.10 (   +0.00)             0 (       0)              
##>                                  END              689047695 ( +0.00)    13910.10 (   +0.00)             0 (       0)           0  
##>datapath_rewrite_post_csa_one_  START              689047695 ( +0.00)    13910.10 (   +0.00)             0 (       0)              
##>                                  END              689047695 ( +0.00)    13910.10 (   +0.00)             0 (       0)           0  
##>datapath_csa_factoring_one_gde  START              689047695 ( +0.00)    13910.10 (   +0.00)             0 (       0)              
##>                                  END              689047695 ( +0.00)    13910.10 (   +0.00)             0 (       0)           0  
##>dpopt_share_one_def             START              689047695 ( +0.00)    13910.10 (   +0.00)             0 (       0)              
##>                                  END              689047695 ( +0.00)    13910.10 (   +0.00)             0 (       0)           0  
##>datapath_rewrite_post_share     START              689047695 ( +0.00)    13910.10 (   +0.00)             0 (       0)              
##>                                  END              689047695 ( +0.00)    13910.10 (   +0.00)             0 (       0)           0  
##>dp_combine_const_mult_with_com  START              689047695 ( +0.00)    13910.10 (   +0.00)             0 (       0)              
##>                                  END              689047695 ( +0.00)    13910.10 (   +0.00)             0 (       0)           0  
##>dp_operator_level_decompositio  START              689047695 ( +0.00)    13910.10 (   +0.00)             0 (       0)              
##>                                  END              689047695 ( +0.00)    13910.10 (   +0.00)             0 (       0)           0  
##>selective_flatten_dp_config     START              689047695 ( +0.00)    13910.10 (   +0.00)             0 (       0)              
##>                                  END              689047695 ( +0.00)    13910.10 (   +0.00)             0 (       0)           0  
##>createMaxCarrySave              START              689047695 ( +0.00)    13910.10 (   +0.00)             0 (       0)              
##> datapath_rewrite_one_def       START              689047695 ( +0.00)    13910.10 (   +0.00)             0 (       0)              
##>  fast_cse_elim                 START              689047695 ( +0.00)    13910.10 (   +0.00)             0 (       0)              
##>                                  END              689047695 ( +0.00)    13910.10 (   +0.00)             0 (       0)           0  
##>  fast_cse_elim                 START              689047695 ( +0.00)    13910.10 (   +0.00)             0 (       0)              
##>                                  END              689047695 ( +0.00)    13910.10 (   +0.00)             0 (       0)           0  
##>                                  END              689047695 ( +0.00)    13910.10 (   +0.00)             0 (       0)           0  
##> csa_opto                       START              689047695 ( +0.00)    13910.10 (   +0.00)             0 (       0)              
##>                                  END              689047695 ( +0.00)    13910.10 (   +0.00)             0 (       0)           0  
##>                                  END              689047695 ( +0.00)    13910.10 (   +0.00)             0 (       0)           0  
##>context_based_simplify          START              689047695 ( +0.00)    13910.10 (   +0.00)             0 (       0)              
##>                                  END              689047695 ( +0.00)    13910.10 (   +0.00)             0 (       0)           0  
##>group_csa_final_adder_dp        START              689047695 ( +0.00)    13910.10 (   +0.00)             0 (       0)              
##>                                  END              689047695 ( +0.00)    13910.10 (   +0.00)             0 (       0)           0  
##>dpopt_flatten_critical_muxes_i  START              689047695 ( +0.00)    13910.10 (   +0.00)             0 (       0)              
##>                                  END              689047695 ( +0.00)    13910.10 (   +0.00)             0 (       0)           0  
##>create_score                    START              689047695 ( +0.00)    13910.10 (   +0.00)             0 (       0)              
##>                                  END              689047695 ( +0.00)    13910.10 (   +0.00)             0 (       0)           0  
##>+------------------------------------------------------------------------------------------------------------------------------------------------------------+
Committed config: CDN_DP_region_10_0_c7
Info    : Done implementing datapath configurations. [DPOPT-4]
        : Selected 'very_fast' configuration 7 for module 'CDN_DP_region_10_0'.
          Optimizations applied to 'very_fast' configuration:
            rewriting(0), factoring(0), sharing(0), cmultcse(0), downsizing(0), speculation(0)
Info    : Implementing datapath configurations. [DPOPT-3]
        : Implementing datapath configurations for 'CDN_DP_region_8_1'
CSAGen Prep Share:0 Re-Write:0 Speculation: 0
MaxCSA: Successfully built Maximal CSA Expression Expr35
      Timing csa_tree_50421...
      Timing csa_tree_50428...
      Timing gt_unsigned_rtlopto_model_50467...
      Timing geq_unsigned_2036_rtlopto_model_50468...
      Timing lt_unsigned_2033_rtlopto_model_50469...
      Timing lt_unsigned_2030_rtlopto_model_50470...
      Timing gt_unsigned_rtlopto_model_50475...
      Timing geq_unsigned_2036_rtlopto_model_50476...
      Timing lt_unsigned_2033_rtlopto_model_50477...
      Timing lt_unsigned_2030_rtlopto_model_50478...
      Timing gt_unsigned_rtlopto_model_50483...
      Timing geq_unsigned_2036_rtlopto_model_50484...
      Timing lt_unsigned_2033_rtlopto_model_50485...
      Timing lt_unsigned_2030_rtlopto_model_50486...
      Timing gt_unsigned_rtlopto_model_50491...
      Timing geq_unsigned_2036_rtlopto_model_50492...
      Timing lt_unsigned_2033_rtlopto_model_50493...
      Timing lt_unsigned_2030_rtlopto_model_50494...
      Timing gt_unsigned_rtlopto_model_50499...
      Timing geq_unsigned_2036_rtlopto_model_50500...
      Timing lt_unsigned_2033_rtlopto_model_50501...
      Timing lt_unsigned_2030_rtlopto_model_50502...
      Timing gt_unsigned_rtlopto_model_50507...
      Timing geq_unsigned_2036_rtlopto_model_50508...
      Timing lt_unsigned_2033_rtlopto_model_50509...
      Timing lt_unsigned_2030_rtlopto_model_50510...
CDN_DP_region_8_1 level = 0 loads = 0 drivers = 0
CDN_DP_region_8_1_c0 in picosoc: area: 1073632455 ,dp = 4 mux = 0 sg = slow         worst_clk_period: -4592024818112686007544091371623043813004152832110781083474987530434548819765321140516579626654680392906110065126800729164270879694187219469955113378228855615075034128434092163310164542077600748578610244716643515416258676369934689095608681774610783372403276652660868448931282944.0000 
    wns: 0  norm_wns:  0.0000 
    fail_endp: 0 
    tns:  0  tns_per_endp:  0.0000   norm_tns_per_endp:  0.0000 
    tns_sense_max:  0.0000  tns_sense_avg:  0.0000   tns_sense_num: 0
 skipped
CDN_DP_region_8_1_c1 in picosoc: area: 769169520 ,dp = 4 mux = 0 sg = fast         worst_clk_period: 0.0000 
    wns: 0  norm_wns:  0.0000 
    fail_endp: 0 
    tns:  0  tns_per_endp:  0.0000   norm_tns_per_endp:  0.0000 
    tns_sense_max:  0.0000  tns_sense_avg:  0.0000   tns_sense_num: 0
 is current best
CDN_DP_region_8_1_c2 in picosoc: area: 769169520 ,dp = 4 mux = 0 sg = very_slow    worst_clk_period: 0.0000 
    wns: 0  norm_wns:  0.0000 
    fail_endp: 0 
    tns:  0  tns_per_endp:  0.0000   norm_tns_per_endp:  0.0000 
    tns_sense_max:  0.0000  tns_sense_avg:  0.0000   tns_sense_num: 0
 is current best
CDN_DP_region_8_1_c3 in picosoc: area: 769169520 ,dp = 4 mux = 0 sg = very_fast    worst_clk_period: 0.0000 
    wns: 0  norm_wns:  0.0000 
    fail_endp: 0 
    tns:  0  tns_per_endp:  0.0000   norm_tns_per_endp:  0.0000 
    tns_sense_max:  0.0000  tns_sense_avg:  0.0000   tns_sense_num: 0
 is current best
CDN_DP_region_8_1_c4 in picosoc: area: 769169520 ,dp = 4 mux = 0 sg = very_fast    worst_clk_period: 0.0000 
    wns: 0  norm_wns:  0.0000 
    fail_endp: 0 
    tns:  0  tns_per_endp:  0.0000   norm_tns_per_endp:  0.0000 
    tns_sense_max:  0.0000  tns_sense_avg:  0.0000   tns_sense_num: 0
 is current best
CDN_DP_region_8_1_c5 in picosoc: area: 769169520 ,dp = 4 mux = 0 sg = very_fast    worst_clk_period: 0.0000 
    wns: 0  norm_wns:  0.0000 
    fail_endp: 0 
    tns:  0  tns_per_endp:  0.0000   norm_tns_per_endp:  0.0000 
    tns_sense_max:  0.0000  tns_sense_avg:  0.0000   tns_sense_num: 0
 is current best
CDN_DP_region_8_1_c6 in picosoc: area: 769169520 ,dp = 4 mux = 0 sg = very_fast    worst_clk_period: 0.0000 
    wns: 0  norm_wns:  0.0000 
    fail_endp: 0 
    tns:  0  tns_per_endp:  0.0000   norm_tns_per_endp:  0.0000 
    tns_sense_max:  0.0000  tns_sense_avg:  0.0000   tns_sense_num: 0
 is current best
CDN_DP_region_8_1_c7 in picosoc: area: 1506290310 ,dp = 3 mux = 0 sg = very_fast    worst_clk_period: 0.0000 
    wns: 0  norm_wns:  0.0000 
    fail_endp: 0 
    tns:  0  tns_per_endp:  0.0000   norm_tns_per_endp:  0.0000 
    tns_sense_max:  0.0000  tns_sense_avg:  0.0000   tns_sense_num: 0

Best config: CDN_DP_region_8_1_c6 in picosoc: area: 769169520 ,dp = 4 mux = 0 sg = very_fast    worst_clk_period: 0.0000 
    wns: 0  norm_wns:  0.0000 
    fail_endp: 0 
    tns:  0  tns_per_endp:  0.0000   norm_tns_per_endp:  0.0000 
    tns_sense_max:  0.0000  tns_sense_avg:  0.0000   tns_sense_num: 0
  Smallest config area : 769169520.  Fastest config wns;  0
##>+----------------------------------------------------------------------------------------------------------------------------------------------------------------+
##>Summary table of configs (Best config is CDN_DP_region_8_1_c6)
##>+----------------------------------------------------------------------------------------------------------------------------------------------------------------+
##>                     0                  1                  2                  3                  4                  5                  6                  7            
##>+----------------------------------------------------------------------------------------------------------------------------------------------------------------+
##>           Area       1073632455          769169520          769169520          769169520          769169520          769169520          769169520         1506290310  
##>            WNS        +13011.90          +13034.60          +13034.60          +13034.60          +13034.60          +13034.60          +13034.60          +12985.20  
##>            TNS                0                  0                  0                  0                  0                  0                  0                  0  
##>    Num Rewrite                0                  0                  0                  0                  0                  0                  0                  0  
##>     Num Factor                0                  0                  0                  0                  0                  0                  0                  0  
##>      Num Share                0                  0                  0                  0                  0                  0                  0                  0  
##>   Num CmultCse                0                  0                  0                  0                  0                  0                  0                  0  
##>   Num Downsize                0                  0                  0                  0                  0                  0                  0                  0  
##>  Num Speculate                0                  0                  0                  0                  0                  0                  0                  0  
##>     Runtime(s)                0                  0                  0                  0                  0                  0                  0                  1  
+----------------------------------------------------------------------------------------------------------------------------------------------------------------+
##>
##>
##>+------------------------------------------------------------------------------------------------------------------------------------------------------------+
##>Optimization Step DEBUG Table for config CDN_DP_region_8_1_c6
##>
##>                          Step                        Area   ( % Chg)        WNS (Change)        TNS (Change)          Runtime (s)        Comment                   
##>+------------------------------------------------------------------------------------------------------------------------------------------------------------+
##>createMaxCarrySave              START             1073632455 (      )    107387194.30 (        )             0 (        )              
##> datapath_rewrite_one_def       START             1073632455 ( +0.00)    107387194.30 (   +0.00)             0 (       0)              
##>  fast_cse_elim                 START             1073632455 ( +0.00)    107387194.30 (   +0.00)             0 (       0)              
##>                                  END             1073632455 ( +0.00)    107387194.30 (   +0.00)             0 (       0)           0  
##>  fast_cse_elim                 START             1073632455 ( +0.00)    107387194.30 (   +0.00)             0 (       0)              
##>                                  END             1073632455 ( +0.00)    107387194.30 (   +0.00)             0 (       0)           0  
##>                                  END             1073632455 ( +0.00)    107387194.30 (   +0.00)             0 (       0)           0  
##> dpopt_share_one_def            START             1073632455 ( +0.00)    107387194.30 (   +0.00)             0 (       0)              
##>                                  END             1073632455 ( +0.00)    107387194.30 (   +0.00)             0 (       0)           0  
##> csa_opto                       START             1073632455 ( +0.00)    214748364.70 (+107361170.40)             0 (       0)              
##>                                  END             1073632455 ( +0.00)    214748364.70 (   +0.00)             0 (       0)           0  
##>                                  END             1073632455 ( +0.00)    214748364.70 (+107361170.40)             0 (       0)           0  
##>canonicalize_by_names           START             1073632455 ( +0.00)    214748364.70 (   +0.00)             0 (       0)              
##>                                  END             1073632455 ( +0.00)    214748364.70 (   +0.00)             0 (       0)           0  
##>datapath_rewrite_post_csa_one_  START             1073632455 ( +0.00)    214748364.70 (   +0.00)             0 (       0)              
##>                                  END             1073632455 ( +0.00)    214748364.70 (   +0.00)             0 (       0)           0  
##>datapath_csa_factoring_one_gde  START             1073632455 ( +0.00)    214748364.70 (   +0.00)             0 (       0)              
##>                                  END             1073632455 ( +0.00)    214748364.70 (   +0.00)             0 (       0)           0  
##>dpopt_share_one_def             START             1073632455 ( +0.00)    214748364.70 (   +0.00)             0 (       0)              
##>                                  END             1073632455 ( +0.00)    214748364.70 (   +0.00)             0 (       0)           0  
##>datapath_rewrite_post_share     START             1073632455 ( +0.00)    214748364.70 (   +0.00)             0 (       0)              
##>                                  END             1073632455 ( +0.00)    214748364.70 (   +0.00)             0 (       0)           0  
##>dp_combine_const_mult_with_com  START             1073632455 ( +0.00)    214748364.70 (   +0.00)             0 (       0)              
##>                                  END             1073632455 ( +0.00)    214748364.70 (   +0.00)             0 (       0)           0  
##>dp_operator_level_decompositio  START             1073632455 ( +0.00)    214748364.70 (   +0.00)             0 (       0)              
##>                                  END             1073632455 ( +0.00)    214748364.70 (   +0.00)             0 (       0)           0  
##>selective_flatten_dp_config     START             1073632455 ( +0.00)    214748364.70 (   +0.00)             0 (       0)              
##>                                  END             1073632455 ( +0.00)    214748364.70 (   +0.00)             0 (       0)           0  
##>createMaxCarrySave              START             1073632455 ( +0.00)    214748364.70 (   +0.00)             0 (       0)              
##> datapath_rewrite_one_def       START             1073632455 ( +0.00)    214748364.70 (   +0.00)             0 (       0)              
##>  fast_cse_elim                 START             1073632455 ( +0.00)    214748364.70 (   +0.00)             0 (       0)              
##>                                  END             1073632455 ( +0.00)    214748364.70 (   +0.00)             0 (       0)           0  
##>  fast_cse_elim                 START             1073632455 ( +0.00)    214748364.70 (   +0.00)             0 (       0)              
##>                                  END             1073632455 ( +0.00)    214748364.70 (   +0.00)             0 (       0)           0  
##>                                  END             1073632455 ( +0.00)    214748364.70 (   +0.00)             0 (       0)           0  
##> dpopt_share_one_def            START             1073632455 ( +0.00)    214748364.70 (   +0.00)             0 (       0)              
##>                                  END             1073632455 ( +0.00)    214748364.70 (   +0.00)             0 (       0)           0  
##> csa_opto                       START             1073632455 ( +0.00)    214748364.70 (   +0.00)             0 (       0)              
##>                                  END             1073632455 ( +0.00)    214748364.70 (   +0.00)             0 (       0)           0  
##>                                  END             1073632455 ( +0.00)    214748364.70 (   +0.00)             0 (       0)           0  
##>context_based_simplify          START             1073632455 ( +0.00)    214748364.70 (   +0.00)             0 (       0)              
##>                                  END              769169520 (-28.36)    214748364.70 (   +0.00)             0 (       0)           0  
##>group_csa_final_adder_dp        START              769169520 ( +0.00)    214748364.70 (   +0.00)             0 (       0)              
##>                                  END              769169520 ( +0.00)    214748364.70 (   +0.00)             0 (       0)           0  
##>dpopt_flatten_critical_muxes_i  START              769169520 ( +0.00)    214748364.70 (   +0.00)             0 (       0)              
##>                                  END              769169520 ( +0.00)    214748364.70 (   +0.00)             0 (       0)           0  
##>create_score                    START              769169520 ( +0.00)    13034.60 (-214735330.10)             0 (       0)              
##>                                  END              769169520 ( +0.00)    13034.60 (   +0.00)             0 (       0)           0  
##>+------------------------------------------------------------------------------------------------------------------------------------------------------------+
Committed config: CDN_DP_region_8_1_c6
Info    : Done implementing datapath configurations. [DPOPT-4]
        : Selected 'very_fast' configuration 6 for module 'CDN_DP_region_8_1'.
          Optimizations applied to 'very_fast' configuration:
            rewriting(0), factoring(0), sharing(0), cmultcse(0), downsizing(0), speculation(0)
Info    : Implementing datapath configurations. [DPOPT-3]
        : Implementing datapath configurations for 'CDN_DP_region_5_1'
CSAGen Prep Share:0 Re-Write:0 Speculation: 0
MaxCSA: Successfully built Maximal CSA Expression Expr36
      Timing decrement_unsigned_49431_50520...
      Timing decrement_unsigned_49431_50526...
      Timing decrement_unsigned_49431_50532...
      Timing decrement_unsigned_49431_50538...
      Timing decrement_unsigned_49431_50544...
      Timing decrement_unsigned_49431_50550...
      Timing decrement_unsigned_49431_50556...
CDN_DP_region_5_1 level = 4 loads = 0 drivers = 1 is driven by : CDN_DP_region_5_0 
CDN_DP_region_5_1_c0 in picorv32_ENABLE_COUNTERS1_BARREL_SHIFTER1_COMPRESSED_ISA1_ENABLE_MUL1_ENABLE_FAST_MUL0_ENABLE_DIV1_ENABLE_IRQ1_ENABLE_IRQ_QREGS0_PROGADDR_RESET1048576_PROGADDR_IRQ0_STACKADDR1024: area: 181609470 ,dp = 1 mux = 1 sg = slow         worst_clk_period: 0.0000 
    wns: 0  norm_wns:  0.0000 
    fail_endp: 0 
    tns:  0  tns_per_endp:  0.0000   norm_tns_per_endp:  0.0000 
    tns_sense_max:  0.0000  tns_sense_avg:  0.0000   tns_sense_num: 0
 skipped
CDN_DP_region_5_1_c1 in picorv32_ENABLE_COUNTERS1_BARREL_SHIFTER1_COMPRESSED_ISA1_ENABLE_MUL1_ENABLE_FAST_MUL0_ENABLE_DIV1_ENABLE_IRQ1_ENABLE_IRQ_QREGS0_PROGADDR_RESET1048576_PROGADDR_IRQ0_STACKADDR1024: area: 165585105 ,dp = 1 mux = 1 sg = fast         worst_clk_period: 0.0000 
    wns: 0  norm_wns:  0.0000 
    fail_endp: 0 
    tns:  0  tns_per_endp:  0.0000   norm_tns_per_endp:  0.0000 
    tns_sense_max:  0.0000  tns_sense_avg:  0.0000   tns_sense_num: 0
 is current best
CDN_DP_region_5_1_c2 in picorv32_ENABLE_COUNTERS1_BARREL_SHIFTER1_COMPRESSED_ISA1_ENABLE_MUL1_ENABLE_FAST_MUL0_ENABLE_DIV1_ENABLE_IRQ1_ENABLE_IRQ_QREGS0_PROGADDR_RESET1048576_PROGADDR_IRQ0_STACKADDR1024: area: 165585105 ,dp = 1 mux = 1 sg = very_slow    worst_clk_period: 0.0000 
    wns: 0  norm_wns:  0.0000 
    fail_endp: 0 
    tns:  0  tns_per_endp:  0.0000   norm_tns_per_endp:  0.0000 
    tns_sense_max:  0.0000  tns_sense_avg:  0.0000   tns_sense_num: 0
 is current best
CDN_DP_region_5_1_c3 in picorv32_ENABLE_COUNTERS1_BARREL_SHIFTER1_COMPRESSED_ISA1_ENABLE_MUL1_ENABLE_FAST_MUL0_ENABLE_DIV1_ENABLE_IRQ1_ENABLE_IRQ_QREGS0_PROGADDR_RESET1048576_PROGADDR_IRQ0_STACKADDR1024: area: 165585105 ,dp = 1 mux = 1 sg = very_fast    worst_clk_period: 0.0000 
    wns: 0  norm_wns:  0.0000 
    fail_endp: 0 
    tns:  0  tns_per_endp:  0.0000   norm_tns_per_endp:  0.0000 
    tns_sense_max:  0.0000  tns_sense_avg:  0.0000   tns_sense_num: 0
 is current best
CDN_DP_region_5_1_c4 in picorv32_ENABLE_COUNTERS1_BARREL_SHIFTER1_COMPRESSED_ISA1_ENABLE_MUL1_ENABLE_FAST_MUL0_ENABLE_DIV1_ENABLE_IRQ1_ENABLE_IRQ_QREGS0_PROGADDR_RESET1048576_PROGADDR_IRQ0_STACKADDR1024: area: 165585105 ,dp = 1 mux = 1 sg = very_fast    worst_clk_period: 0.0000 
    wns: 0  norm_wns:  0.0000 
    fail_endp: 0 
    tns:  0  tns_per_endp:  0.0000   norm_tns_per_endp:  0.0000 
    tns_sense_max:  0.0000  tns_sense_avg:  0.0000   tns_sense_num: 0
 is current best
CDN_DP_region_5_1_c5 in picorv32_ENABLE_COUNTERS1_BARREL_SHIFTER1_COMPRESSED_ISA1_ENABLE_MUL1_ENABLE_FAST_MUL0_ENABLE_DIV1_ENABLE_IRQ1_ENABLE_IRQ_QREGS0_PROGADDR_RESET1048576_PROGADDR_IRQ0_STACKADDR1024: area: 165585105 ,dp = 1 mux = 1 sg = very_fast    worst_clk_period: 0.0000 
    wns: 0  norm_wns:  0.0000 
    fail_endp: 0 
    tns:  0  tns_per_endp:  0.0000   norm_tns_per_endp:  0.0000 
    tns_sense_max:  0.0000  tns_sense_avg:  0.0000   tns_sense_num: 0
 is current best
CDN_DP_region_5_1_c6 in picorv32_ENABLE_COUNTERS1_BARREL_SHIFTER1_COMPRESSED_ISA1_ENABLE_MUL1_ENABLE_FAST_MUL0_ENABLE_DIV1_ENABLE_IRQ1_ENABLE_IRQ_QREGS0_PROGADDR_RESET1048576_PROGADDR_IRQ0_STACKADDR1024: area: 165585105 ,dp = 1 mux = 1 sg = very_fast    worst_clk_period: 0.0000 
    wns: 0  norm_wns:  0.0000 
    fail_endp: 0 
    tns:  0  tns_per_endp:  0.0000   norm_tns_per_endp:  0.0000 
    tns_sense_max:  0.0000  tns_sense_avg:  0.0000   tns_sense_num: 0
 is current best
CDN_DP_region_5_1_c7 in picorv32_ENABLE_COUNTERS1_BARREL_SHIFTER1_COMPRESSED_ISA1_ENABLE_MUL1_ENABLE_FAST_MUL0_ENABLE_DIV1_ENABLE_IRQ1_ENABLE_IRQ_QREGS0_PROGADDR_RESET1048576_PROGADDR_IRQ0_STACKADDR1024: area: 165585105 ,dp = 1 mux = 1 sg = very_fast    worst_clk_period: 0.0000 
    wns: 0  norm_wns:  0.0000 
    fail_endp: 0 
    tns:  0  tns_per_endp:  0.0000   norm_tns_per_endp:  0.0000 
    tns_sense_max:  0.0000  tns_sense_avg:  0.0000   tns_sense_num: 0
 is current best
Best config: CDN_DP_region_5_1_c7 in picorv32_ENABLE_COUNTERS1_BARREL_SHIFTER1_COMPRESSED_ISA1_ENABLE_MUL1_ENABLE_FAST_MUL0_ENABLE_DIV1_ENABLE_IRQ1_ENABLE_IRQ_QREGS0_PROGADDR_RESET1048576_PROGADDR_IRQ0_STACKADDR1024: area: 165585105 ,dp = 1 mux = 1 sg = very_fast    worst_clk_period: 0.0000 
    wns: 0  norm_wns:  0.0000 
    fail_endp: 0 
    tns:  0  tns_per_endp:  0.0000   norm_tns_per_endp:  0.0000 
    tns_sense_max:  0.0000  tns_sense_avg:  0.0000   tns_sense_num: 0
  Smallest config area : 165585105.  Fastest config wns;  0
##>+----------------------------------------------------------------------------------------------------------------------------------------------------------------+
##>Summary table of configs (Best config is CDN_DP_region_5_1_c7)
##>+----------------------------------------------------------------------------------------------------------------------------------------------------------------+
##>                     0                  1                  2                  3                  4                  5                  6                  7            
##>+----------------------------------------------------------------------------------------------------------------------------------------------------------------+
##>           Area        181609470          165585105          165585105          165585105          165585105          165585105          165585105          165585105  
##>            WNS        +15199.50          +15199.50          +15199.50          +15199.50          +15199.50          +15199.50          +15199.50          +15199.50  
##>            TNS                0                  0                  0                  0                  0                  0                  0                  0  
##>    Num Rewrite                0                  0                  0                  0                  0                  0                  0                  0  
##>     Num Factor                0                  0                  0                  0                  0                  0                  0                  0  
##>      Num Share                0                  0                  0                  0                  0                  0                  0                  0  
##>   Num CmultCse                0                  0                  0                  0                  0                  0                  0                  0  
##>   Num Downsize                0                  0                  0                  0                  0                  0                  0                  0  
##>  Num Speculate                0                  0                  0                  0                  0                  0                  0                  0  
##>     Runtime(s)                0                  0                  0                  0                  0                  0                  0                  0  
+----------------------------------------------------------------------------------------------------------------------------------------------------------------+
##>
##>
##>+------------------------------------------------------------------------------------------------------------------------------------------------------------+
##>Optimization Step DEBUG Table for config CDN_DP_region_5_1_c7
##>
##>                          Step                        Area   ( % Chg)        WNS (Change)        TNS (Change)          Runtime (s)        Comment                   
##>+------------------------------------------------------------------------------------------------------------------------------------------------------------+
##>EquationExtraction              START              181609470 (      )    15199.50 (        )             0 (        )              
##> rewrite                        START              309804390 (+70.59)    15162.20 (  -37.30)             0 (       0)              (a,ar) Expr36_from --> Expr36_to
##>                                  END              421974945 (+36.21)    15162.20 (   +0.00)             0 (       0)           0  
##>                                  END              181609470 ( +0.00)    15199.50 (   +0.00)             0 (       0)           0  
##>createMaxCarrySave              START              181609470 ( +0.00)    15199.50 (   +0.00)             0 (       0)              
##> datapath_rewrite_one_def       START              181609470 ( +0.00)    15199.50 (   +0.00)             0 (       0)              
##>                                  END              181609470 ( +0.00)    15199.50 (   +0.00)             0 (       0)           0  
##> csa_opto                       START              181609470 ( +0.00)    15199.50 (   +0.00)             0 (       0)              
##>                                  END              202975290 (+11.76)    15199.50 (   +0.00)             0 (       0)           0  
##>                                  END              202975290 (+11.76)    15199.50 (   +0.00)             0 (       0)           0  
##>canonicalize_by_names           START              202975290 ( +0.00)    15199.50 (   +0.00)             0 (       0)              
##>                                  END              202975290 ( +0.00)    15199.50 (   +0.00)             0 (       0)           0  
##>datapath_rewrite_post_csa_one_  START              202975290 ( +0.00)    15199.50 (   +0.00)             0 (       0)              
##>                                  END              202975290 ( +0.00)    15199.50 (   +0.00)             0 (       0)           0  
##>datapath_csa_factoring_one_gde  START              202975290 ( +0.00)    15199.50 (   +0.00)             0 (       0)              
##>                                  END              202975290 ( +0.00)    15199.50 (   +0.00)             0 (       0)           0  
##>dpopt_share_one_def             START              202975290 ( +0.00)    15199.50 (   +0.00)             0 (       0)              
##>                                  END              202975290 ( +0.00)    15199.50 (   +0.00)             0 (       0)           0  
##>datapath_rewrite_post_share     START              202975290 ( +0.00)    15199.50 (   +0.00)             0 (       0)              
##>                                  END              202975290 ( +0.00)    15199.50 (   +0.00)             0 (       0)           0  
##>dp_combine_const_mult_with_com  START              202975290 ( +0.00)    15199.50 (   +0.00)             0 (       0)              
##>                                  END              202975290 ( +0.00)    15199.50 (   +0.00)             0 (       0)           0  
##>dp_operator_level_decompositio  START              202975290 ( +0.00)    15199.50 (   +0.00)             0 (       0)              
##>                                  END              202975290 ( +0.00)    15199.50 (   +0.00)             0 (       0)           0  
##>selective_flatten_dp_config     START              202975290 ( +0.00)    15199.50 (   +0.00)             0 (       0)              
##>                                  END              202975290 ( +0.00)    15199.50 (   +0.00)             0 (       0)           0  
##>createMaxCarrySave              START              202975290 ( +0.00)    15199.50 (   +0.00)             0 (       0)              
##> datapath_rewrite_one_def       START              202975290 ( +0.00)    15199.50 (   +0.00)             0 (       0)              
##>  fast_cse_elim                 START              202975290 ( +0.00)    15199.50 (   +0.00)             0 (       0)              
##>                                  END              202975290 ( +0.00)    15199.50 (   +0.00)             0 (       0)           0  
##>  fast_cse_elim                 START              202975290 ( +0.00)    15199.50 (   +0.00)             0 (       0)              
##>                                  END              202975290 ( +0.00)    15199.50 (   +0.00)             0 (       0)           0  
##>                                  END              202975290 ( +0.00)    15199.50 (   +0.00)             0 (       0)           0  
##> csa_opto                       START              202975290 ( +0.00)    15199.50 (   +0.00)             0 (       0)              
##>                                  END              202975290 ( +0.00)    15199.50 (   +0.00)             0 (       0)           0  
##>                                  END              202975290 ( +0.00)    15199.50 (   +0.00)             0 (       0)           0  
##>context_based_simplify          START              176268015 (-13.16)    15199.50 (   +0.00)             0 (       0)              
##>                                  END              165585105 ( -6.06)    15199.50 (   +0.00)             0 (       0)           0  
##>group_csa_final_adder_dp        START              165585105 ( +0.00)    15199.50 (   +0.00)             0 (       0)              
##>                                  END              165585105 ( +0.00)    15199.50 (   +0.00)             0 (       0)           0  
##>dpopt_flatten_critical_muxes_i  START              165585105 ( +0.00)    15199.50 (   +0.00)             0 (       0)              
##>                                  END              165585105 ( +0.00)    15199.50 (   +0.00)             0 (       0)           0  
##>create_score                    START              165585105 ( +0.00)    15199.50 (   +0.00)             0 (       0)              
##>                                  END              165585105 ( +0.00)    15199.50 (   +0.00)             0 (       0)           0  
##>+------------------------------------------------------------------------------------------------------------------------------------------------------------+
Committed config: CDN_DP_region_5_1_c7
Info    : Done implementing datapath configurations. [DPOPT-4]
        : Selected 'very_fast' configuration 7 for module 'CDN_DP_region_5_1'.
          Optimizations applied to 'very_fast' configuration:
            rewriting(0), factoring(0), sharing(0), cmultcse(0), downsizing(0), speculation(0)
Info    : Done optimizing datapath logic. [DPOPT-2]
        : Done optimizing datapath logic in 'et4351'.
      Removing temporary intermediate hierarchies under et4351
Number of big hc bmuxes after = 4
Starting logic reduction [v1.0] (stage: post_rtlopt, startdef: et4351, recur: true)
Completed logic reduction (accepts: 0, rejects: 0, runtime: 0.004s)
Starting mux data reorder optimization [v1.0] (stage: post_rtlopt, startdef: et4351, recur: true)
Completed mux data reorder optimization (accepts: 0, rejects: 0, runtime: 0.055s)
Starting mux speculation [v1.0] (stage: post_muxopt, startdef: et4351, recur: true)
Starting speculation optimization
Completed speculation optimization (accepts:0)
Completed mux speculation (accepts: 0, rejects: 0, runtime: 3.046s)
==================================
Stage : to_generic 
==================================
  =================
   Message Summary
  =================
--------------------------------------------------------------------------------------------------------------------------------------------------
|     Id      |  Sev   |Count |                                                  Message Text                                                    |
--------------------------------------------------------------------------------------------------------------------------------------------------
| CDFG-250    |Info    |    4 |Processing multi-dimensional arrays.                                                                              |
| CDFG-372    |Info    |  550 |Bitwidth mismatch in assignment.                                                                                  |
|             |        |      |Review and make sure the mismatch is unintentional. Genus can possibly issue bitwidth mismatch warning for        |
|             |        |      | explicit assignments present in RTL as-well-as for implicit assignments inferred by the tool. For example, in    |
|             |        |      | case of enum declaration without value, the tool will implicitly assign value to the enum variables. It also     |
|             |        |      | issues the warning for any bitwidth mismatch that appears in this implicit assignment.                           |
| CDFG-373    |Info    |   20 |Sign mismatch in assignment.                                                                                      |
| CDFG-472    |Warning |    3 |Unreachable statements for case item.                                                                             |
| CDFG-480    |Warning |    2 |Ignored redundant case item.                                                                                      |
|             |        |      |When multiple case item expressions match the case condition, only the statements associated with the first       |
|             |        |      | matching item are considered.                                                                                    |
| CDFG-500    |Info    |    6 |Unused module input port.                                                                                         |
|             |        |      |(In port definition within the module, the input port is not used in any assignment statements or conditional exp |
|             |        |      | ressions for decision statements.                                                                                |
| CDFG-508    |Warning |   39 |Removing unused register.                                                                                         |
|             |        |      |Genus removes the flip-flop or latch inferred for an unused signal or variable. To preserve the flip-flop or      |
|             |        |      | latch, set the hdl_preserve_unused_registers attribute to true or use a pragma in the RTL.                       |
| CDFG-738    |Info    |  187 |Common subexpression eliminated.                                                                                  |
| CDFG-739    |Info    |  187 |Common subexpression kept.                                                                                        |
| CDFG-769    |Info    |    7 |Identified sum-of-products logic to be optimized during syn_generic.                                              |
| CDFG-771    |Info    |    5 |Replaced logic with a constant value.                                                                             |
| CDFG-773    |Info    |    1 |Skip related conditional write and read sequence.                                                                 |
| CHNM-102    |Info    |16027 |Changed names successfully.                                                                                       |
| CHNM-108    |Warning |    1 |Port names affected by change_names do not automatically get updated in written out SV wrapper module.            |
|             |        |      |If user is setting write_sv_port_wrapper = true then the port names affected by usage of change_name need to be   |
|             |        |      | updated manually in the written out SV wrapper module.                                                           |
| CHNM-110    |Warning |    4 |Failed to change names.                                                                                           |
|             |        |      |Add 'set_attribute ui_respects_preserve false' (legacy_ui) or 'set_db ui_respects_preserve false'(common_ui)      |
|             |        |      | to allow name changes on preserved objects.                                                                      |
| CWD-19      |Info    | 4200 |An implementation was inferred.                                                                                   |
| DPOPT-1     |Info    |    1 |Optimizing datapath logic.                                                                                        |
| DPOPT-2     |Info    |    1 |Done optimizing datapath logic.                                                                                   |
| DPOPT-3     |Info    |   14 |Implementing datapath configurations.                                                                             |
| DPOPT-4     |Info    |   14 |Done implementing datapath configurations.                                                                        |
| DPOPT-6     |Info    |    1 |Pre-processed datapath logic.                                                                                     |
| DPOPT-10    |Info    |   36 |Optimized a mux chain.                                                                                            |
| ELAB-1      |Info    |    1 |Elaborating Design.                                                                                               |
| ELAB-2      |Info    |   12 |Elaborating Subdesign.                                                                                            |
| ELAB-3      |Info    |    1 |Done Elaborating Design.                                                                                          |
| ELABUTL-132 |Info    |   13 |Unused instance port.                                                                                             |
|             |        |      |Please check the reported scenario of unconnected instance port to ensure that it matches the design intent.      |
| GB-6        |Info    |   12 |A datapath component has been ungrouped.                                                                          |
| GLO-12      |Info    |   59 |Replacing a flip-flop with a logic constant 0.                                                                    |
|             |        |      |To prevent this optimization, set the 'optimize_constant_0_flops' root attribute to 'false' or                    |
|             |        |      | 'optimize_constant_0_seq' instance attribute to 'false'. You can also see the complete list of deleted           |
|             |        |      | sequential with command 'report sequential -deleted' (on Reason 'constant0').                                    |
| GLO-13      |Info    |    1 |Replacing a flip-flop with a logic constant 1.                                                                    |
|             |        |      |To prevent this optimization, set the 'optimize_constant_1_flops' root attribute to 'false' or                    |
|             |        |      | 'optimize_constant_1_seq' instance attribute to 'false'.                                                         |
| GLO-32      |Info    |    2 |Deleting sequential instances not driving any primary outputs.                                                    |
|             |        |      |Optimizations such as constant propagation or redundancy removal could change the connections so an instance does |
|             |        |      | not drive any primary outputs anymore. To see the list of deleted sequential, set the 'information_level'        |
|             |        |      | attribute to 2 or above. If the message is truncated set the message attribute 'truncate' to false to see the    |
|             |        |      | complete list.                                                                                                   |
| GLO-34      |Info    |    3 |Deleting instances not driving any primary outputs.                                                               |
|             |        |      |Optimizations such as constant propagation or redundancy removal could change the connections so a hierarchical   |
|             |        |      | instance does not drive any primary outputs anymore. To see the list of deleted hierarchical instances, set the  |
|             |        |      | 'information_level' attribute to 2 or above. If the message is truncated set the message attribute 'truncate' to |
|             |        |      | false to see the complete list. To prevent this optimization, set the 'delete_unloaded_insts' root/subdesign     |
|             |        |      | attribute to 'false' or 'preserve' instance attribute to 'true'.                                                 |
| GLO-40      |Info    |    6 |Combinational hierarchical blocks with identical inputs have been merged.                                         |
|             |        |      |This optimization usually reduces design area. To prevent merging of combinational hierarchical blocks, set the   |
|             |        |      | 'merge_combinational_hier_instances' root attribute to 'false' or the 'merge_combinational_hier_instance'        |
|             |        |      | instance attribute to 'false'.                                                                                   |
| GLO-42      |Info    |   33 |Equivalent sequential instances have been merged.                                                                 |
|             |        |      |To prevent merging of sequential instances, set the 'optimize_merge_flops' and 'optimize_merge_latches' root      |
|             |        |      | attributes to 'false' or the 'optimize_merge_seq' instance attribute to 'false'.                                 |
| GLO-46      |Info    |    1 |Combinational hierarchical instances are merged.                                                                  |
| LBR-9       |Warning |    2 |Library cell has no output pins defined.                                                                          |
|             |        |      |Add the missing output pin(s)                                                                                     |
|             |        |      | , then reload the library. Else the library cell will be marked as timing model i.e. unusable. Timing_model      |
|             |        |      | means that the cell does not have any defined function. If there is no output pin, Genus will mark library cell  |
|             |        |      | as unusable i.e. the attribute 'usable' will be marked to 'false' on the libcell. Therefore, the cell is not     |
|             |        |      | used for mapping and it will not be picked up from the library for synthesis. If you query the attribute         |
|             |        |      | 'unusable_reason' on the libcell; result will be: 'Library cell has no output pins.'Note: The message LBR-9 is   |
|             |        |      | only for the logical pins and not for the power_ground pins. Genus will depend upon the output function defined  |
|             |        |      | in the pin group (output pin) of the cell, to use it for mapping. The pg_pin will not have any function defined. |
| LBR-38      |Warning |    1 |Libraries have inconsistent nominal operating conditions. In the Liberty library, there are attributes called     |
|             |        |      | nom_voltage, nom_process and nom_temperature. Genus reports the message, if the respective values of the 2 given |
|             |        |      | .libs differ.                                                                                                    |
|             |        |      |This is a common source of delay calculation confusion and should be avoided.                                     |
| LBR-40      |Info    |    3 |An unsupported construct was detected in this library.                                                            |
|             |        |      |Check to see if this construct is really needed for synthesis. Many liberty constructs are not actually required. |
| LBR-41      |Info    | 1395 |An output library pin lacks a function attribute.                                                                 |
|             |        |      |If the remainder of this library cell's semantic checks are successful, it will be considered as a timing-model   |
|             |        |      | (because one of its outputs does not have a valid function.                                                      |
| LBR-155     |Info    |  792 |Mismatch in unateness between 'timing_sense' attribute and the function.                                          |
|             |        |      |The 'timing_sense' attribute will be respected.                                                                   |
| LBR-161     |Info    |    1 |Setting the maximum print count of this message to 10 if information_level is less than 9.                        |
| LBR-162     |Info    |  124 |Both 'pos_unate' and 'neg_unate' timing_sense arcs have been processed.                                           |
|             |        |      |Setting the 'timing_sense' to non_unate.                                                                          |
| LBR-412     |Info    |    2 |Created nominal operating condition.                                                                              |
|             |        |      |The nominal operating condition is represented, either by the nominal PVT values specified in the library source  |
|             |        |      | (via nom_process,nom_voltage and nom_temperature respectively), or by the default PVT values (1.0,1.0,1.0).      |
| LBR-511     |Warning |    3 |An attribute is used before it is defined.                                                                        |
| LBR-518     |Info    |    1 |Missing a function attribute in the output pin definition.                                                        |
| LBR-525     |Warning |   35 |Missing clock pin in the sequential cell.                                                                         |
|             |        |      |Sequential timing checks, such as 'setup_rising' or 'hold_rising', on flop and latch cells require a clock pin.   |
|             |        |      | Verify that the 'clock' attribute of the clock pin is set to 'true' or that the clock pin has a 'clocked_on'     |
|             |        |      | attribute.                                                                                                       |
| LBR-526     |Warning |   35 |Missing sequential block in the sequential cell.                                                                  |
| LBR-714     |Warning |    1 |Inconsistency detected among the units specified in the timing libraries being used.                              |
|             |        |      |Default system time/capacitance unit will be used.                                                                |
| PHYS-129    |Info    |  119 |Via with no resistance will have a value of '0.0' assigned for resistance value.                                  |
|             |        |      |If this is the expected behavior, this message can be ignored.                                                    |
| PHYS-752    |Info    |    1 |Partition Based Synthesis execution skipped.                                                                      |
| PHYS-2381   |Warning | 3299 |Multiple ports are found on a pin without MUSTJOINALLPORTS in the pin property in the LEF file.                   |
|             |        |      |This means that only one port would be connected, which may not be the expected behavior. Should consider adding  |
|             |        |      | MUSTJOINALLPORTS property.                                                                                       |
| RTLOPT-30   |Info    |   38 |Accepted resource sharing opportunity.                                                                            |
| RTLOPT-40   |Info    |   34 |Transformed datapath macro.                                                                                       |
| RTLOPT-54   |Warning |  117 |Use of 'parallel_case' pragma may hinder datapath resource sharing.                                               |
| SDC-202     |Error   |    5 |Could not interpret SDC command.                                                                                  |
|             |        |      |The 'read_sdc' command encountered a problem while trying to evaluate an SDC command. This SDC command will be    |
|             |        |      | added to the Tcl variable $::dc::sdc_failed_commands.                                                            |
| SDC-204     |Error   |    2 |Invalid SDC command option combination.                                                                           |
|             |        |      |This option is not valid for the indicated SDC command. Check the SDC command and contact Cadence customer        |
|             |        |      | support if you believe this option combination should be supported.                                              |
| SDC-208     |Warning |    4 |Could not find requested search value.                                                                            |
|             |        |      |Use get_* commands to find the objects along with a wild card entry in the name of the object to check if the     |
|             |        |      | object is existing with different naming style.                                                                  |
| SDC-209     |Warning |    1 |One or more commands failed when these constraints were applied.                                                  |
|             |        |      |You can examine the failed commands or save them to a file by querying the Tcl variable                           |
|             |        |      | $::dc::sdc_failed_commands.                                                                                      |
| SYNTH-1     |Info    |    1 |Synthesizing.                                                                                                     |
| TIM-1000    |Info    |    1 |Multimode clock gating check is disabled.                                                                         |
| TUI-32      |Warning |    2 |This attribute will be obsolete in a next major release.                                                          |
--------------------------------------------------------------------------------------------------------------------------------------------------
Info : Installing 2-D Early Global router...
Info : Early Global router engine is using 4 threads.
Info : 2-D Early Global router installation complete.
Info : Installing 3-D Early Global router...
Info : 3-D Early Global router installation complete.
Current PLE settings:

Aspect ratio        : 1.000
Shrink factor       : 1.000
Scale of res/length : 1.000
Scale of cap/length : 1.000
Net derating factor : 1.000
Thermal factor      : 1.000
Via Resistance      : 0.000 ohm (from default)
Site size           : 1.910 um (from lef [tech+cell])

                                   Capacitance  
  Layer                             / Length         Data source:
Name        Direction Utilization  (pF/micron)       lef_library
------------------------------------------------
Metal1          H         0.00        0.000412  
Metal2          V         1.00        0.000416  
Metal3          H         1.00        0.000416  
Metal4          V         1.00        0.000416  
Metal5          H         1.00        0.000416  
Metal6          V         1.00        0.000416  
Metal7          H         1.00        0.000416  
Metal8          V         1.00        0.000416  

                                    Resistance   
  Layer                              / Length         Data source:
Name        Direction Utilization  (ohm/micron)       lef_library
-------------------------------------------------
Metal1          H         0.00         1.226667  
Metal2          V         1.00         0.755000  
Metal3          H         1.00         0.755000  
Metal4          V         1.00         0.755000  
Metal5          H         1.00         0.755000  
Metal6          V         1.00         0.755000  
Metal7          H         1.00         0.755000  
Metal8          V         1.00         0.267500  

                                        Area     
  Layer                               / Length        Data source:
Name        Direction Utilization     (micron)        lef_library
-------------------------------------------------
Metal1          H         0.00         0.060000  
Metal2          V         1.00         0.080000  
Metal3          H         1.00         0.080000  
Metal4          V         1.00         0.080000  
Metal5          H         1.00         0.080000  
Metal6          V         1.00         0.080000  
Metal7          H         1.00         0.080000  
Metal8          V         1.00         0.080000  

Mapper: Libraries have:
	domain _default_: 324 combo usable cells and 68 sequential usable cells
      Mapping 'et4351'...
        Preparing the circuit
          Pruning unused logic
Info    : Attempting to launch a super-threading server. [ST-120]
        : Attempting to Launch server 1 of 4.
        : The tool is entering super-threading mode and is launching a CPU server process.  This is enabled by the root attribute 'super_thread_servers' or 'auto_super_thread'.
            : The server is process '245726' on this host.
Info    : Connection established with super-threading server. [ST-110]
        : The server 'localhost_1_0' is process '245726' on this host.
        : The tool is entering super-threading mode and has established a connection with a CPU server process.  This is enabled by the root attributes 'super_thread_servers' or 'auto_super_thread'.
Info    : Super thread servers are launched successfully. [ST-128]
        : 4 out of 4 super thread servers are launched. Minimum 1 active super thread server is required.
                  Library loading done successfully on server 'localhost_1_0'.
Info    : Connection established with super-threading server. [ST-110]
        : The server 'localhost_1_1' is forked process '246702' on this host.
Info    : Connection established with super-threading server. [ST-110]
        : The server 'localhost_1_2' is forked process '246709' on this host.
Info    : Connection established with super-threading server. [ST-110]
        : The server 'localhost_1_3' is forked process '246711' on this host.
Info    : Super thread servers are launched successfully. [ST-128]
        : 4 out of 4 super thread servers are launched. Minimum 1 active super thread server is required.
Multi-threaded constant propagation [1|0] ...
Info    : Replacing the synchronous part of an always feeding back flip-flop with a logic constant. [GLO-45]
        : The instance is 'accel/fft/base_reg_0_'. The constant is '0'.
        : To prevent this optimization, set 'optimize_constant_feedback_seqs' root attribute to 'false'. The instance attribute 'optimize_constant_feedback_seq' controls this optimization. 
Info    : Replacing the synchronous part of an always feeding back flip-flop with a logic constant. [GLO-45]
        : The instance is 'soc/spimemio/rd_addr_reg_0_'. The constant is '0'.
Info    : Replacing the synchronous part of an always feeding back flip-flop with a logic constant. [GLO-45]
        : The instance is 'soc/spimemio/rd_addr_reg_1_'. The constant is '0'.
Info    : Equivalent sequential instances have been merged. [GLO-42]
        : Instances 'rd_addr_reg_0_' and 'rd_addr_reg_1_' in 'spimemio' have been merged.
Info    : Deleting sequential instances not driving any primary outputs. [GLO-32]
        : Deleting 1 sequential instance. 
Following instance is deleted as they do not drive any primary output:
'soc/spimemio/rd_addr_reg_1_'.
        Rebuilding component 'csa_tree_eq_92_44_group_15110' based on context...
        Rebuilding component 'csa_tree_eq_93_42_group_15112' based on context...
        Rebuilding component 'csa_tree_minus_287_47_Y_sub_295_46_group_21' based on context...
        Rebuilding component 'csa_tree_sub_279_40_Y_minus_286_46_Y_sub_293_39_group_19' based on context...
Info    : Replacing a flip-flop with a logic constant 0. [GLO-12]
        : The instance is 'accel/fft/base_reg_0_'.
Info    : Replacing a flip-flop with a logic constant 0. [GLO-12]
        : The instance is 'soc/spimemio/rd_addr_reg_0_'.
Info    : Deleting sequential instances not driving any primary outputs. [GLO-32]
        : Deleting 2 sequential instances. 
Following instances are deleted as they do not drive any primary output:
'accel/fft/base_reg_0_', 'soc/spimemio/rd_addr_reg_0_'.
          Analyzing hierarchical boundaries
          Aggressive hierarchical optimization: disabled
          Propagating constants
        Done preparing the circuit
          Structuring (delay-based) et4351...
          Done structuring (delay-based) et4351
Multi-threaded Virtual Mapping    (4 threads per ST process, 4 of 64 CPUs usable)
          Structuring (delay-based) logic partition in spimemio_xfer...
          Done structuring (delay-based) logic partition in spimemio_xfer
        Mapping logic partition in spimemio_xfer...
          Structuring (delay-based) logic partition in spimemio...
          Done structuring (delay-based) logic partition in spimemio
        Mapping logic partition in spimemio...
          Structuring (delay-based) lt_unsigned_2033_rtlopto_model_50509...
          Done structuring (delay-based) lt_unsigned_2033_rtlopto_model_50509
        Mapping component lt_unsigned_2033_rtlopto_model_50509...
          Structuring (delay-based) geq_unsigned_2036_rtlopto_model_50508...
          Done structuring (delay-based) geq_unsigned_2036_rtlopto_model_50508
        Mapping component geq_unsigned_2036_rtlopto_model_50508...
          Structuring (delay-based) logic partition in spimemio_xfer...
          Done structuring (delay-based) logic partition in spimemio_xfer
        Mapping logic partition in spimemio_xfer...
          Structuring (delay-based) gt_unsigned_rtlopto_model_50507...
          Done structuring (delay-based) gt_unsigned_rtlopto_model_50507
        Mapping component gt_unsigned_rtlopto_model_50507...
          Structuring (delay-based) logic partition in picosoc...
          Done structuring (delay-based) logic partition in picosoc
        Mapping logic partition in picosoc...
          Structuring (delay-based) logic partition in picorv32_pcpi_mul...
          Done structuring (delay-based) logic partition in picorv32_pcpi_mul
        Mapping logic partition in picorv32_pcpi_mul...
          Structuring (delay-based) logic partition in picorv32_pcpi_mul...
          Done structuring (delay-based) logic partition in picorv32_pcpi_mul
        Mapping logic partition in picorv32_pcpi_mul...
          Structuring (delay-based) logic partition in picorv32_pcpi_mul...
          Done structuring (delay-based) logic partition in picorv32_pcpi_mul
        Mapping logic partition in picorv32_pcpi_mul...
          Structuring (delay-based) logic partition in picorv32_pcpi_mul...
          Done structuring (delay-based) logic partition in picorv32_pcpi_mul
        Mapping logic partition in picorv32_pcpi_mul...
          Structuring (delay-based) logic partition in picorv32_pcpi_mul...
          Done structuring (delay-based) logic partition in picorv32_pcpi_mul
        Mapping logic partition in picorv32_pcpi_mul...
          Structuring (delay-based) logic partition in picorv32_pcpi_mul...
          Done structuring (delay-based) logic partition in picorv32_pcpi_mul
        Mapping logic partition in picorv32_pcpi_mul...
          Structuring (delay-based) logic partition in picorv32_pcpi_mul...
          Done structuring (delay-based) logic partition in picorv32_pcpi_mul
        Mapping logic partition in picorv32_pcpi_mul...
          Structuring (delay-based) logic partition in picorv32_pcpi_mul...
          Done structuring (delay-based) logic partition in picorv32_pcpi_mul
        Mapping logic partition in picorv32_pcpi_mul...
          Structuring (delay-based) logic partition in picorv32_pcpi_mul...
          Done structuring (delay-based) logic partition in picorv32_pcpi_mul
        Mapping logic partition in picorv32_pcpi_mul...
          Structuring (delay-based) logic partition in picorv32_pcpi_mul...
          Done structuring (delay-based) logic partition in picorv32_pcpi_mul
        Mapping logic partition in picorv32_pcpi_mul...
          Structuring (delay-based) logic partition in picorv32_pcpi_mul...
          Done structuring (delay-based) logic partition in picorv32_pcpi_mul
        Mapping logic partition in picorv32_pcpi_mul...
          Structuring (delay-based) logic partition in picorv32_pcpi_mul...
          Done structuring (delay-based) logic partition in picorv32_pcpi_mul
        Mapping logic partition in picorv32_pcpi_mul...
          Structuring (delay-based) logic partition in picorv32_pcpi_mul...
          Done structuring (delay-based) logic partition in picorv32_pcpi_mul
        Mapping logic partition in picorv32_pcpi_mul...
          Structuring (delay-based) logic partition in picorv32_pcpi_mul...
          Done structuring (delay-based) logic partition in picorv32_pcpi_mul
        Mapping logic partition in picorv32_pcpi_mul...
          Structuring (delay-based) logic partition in picorv32_pcpi_mul...
          Done structuring (delay-based) logic partition in picorv32_pcpi_mul
        Mapping logic partition in picorv32_pcpi_mul...
          Structuring (delay-based) logic partition in picorv32_pcpi_mul...
          Done structuring (delay-based) logic partition in picorv32_pcpi_mul
        Mapping logic partition in picorv32_pcpi_mul...
        Rebalancing component 'csa_tree_add_255_48'...
          Structuring (delay-based) csa_tree_12232...
          Done structuring (delay-based) csa_tree_12232
        Mapping component csa_tree_12232...
          Structuring (delay-based) add_unsigned_carry_48617...
          Done structuring (delay-based) add_unsigned_carry_48617
        Mapping component add_unsigned_carry_48617...
          Structuring (delay-based) sub_unsigned_2056...
          Done structuring (delay-based) sub_unsigned_2056
        Mapping component sub_unsigned_2056...
          Structuring (delay-based) add_unsigned_2097...
          Done structuring (delay-based) add_unsigned_2097
        Mapping component add_unsigned_2097...
          Structuring (delay-based) decrement_unsigned_49423_50373...
          Done structuring (delay-based) decrement_unsigned_49423_50373
        Mapping component decrement_unsigned_49423_50373...
          Structuring (delay-based) logic partition in picorv32_ENABLE_COUNTERS1_BARREL_SHIFTER1_COMPRESSED_ISA1_ENABLE_MUL1_ENABLE_FAST_MUL0_ENABLE_DIV1_ENABLE_IRQ1_ENABLE_IRQ_QREGS0_PROGADDR_RESET1048576_PROGADDR_IRQ0_STACKADDR1024...
          Done structuring (delay-based) logic partition in picorv32_ENABLE_COUNTERS1_BARREL_SHIFTER1_COMPRESSED_ISA1_ENABLE_MUL1_ENABLE_FAST_MUL0_ENABLE_DIV1_ENABLE_IRQ1_ENABLE_IRQ_QREGS0_PROGADDR_RESET1048576_PROGADDR_IRQ0_STACKADDR1024
        Mapping logic partition in picorv32_ENABLE_COUNTERS1_BARREL_SHIFTER1_COMPRESSED_ISA1_ENABLE_MUL1_ENABLE_FAST_MUL0_ENABLE_DIV1_ENABLE_IRQ1_ENABLE_IRQ_QREGS0_PROGADDR_RESET1048576_PROGADDR_IRQ0_STACKADDR1024...
          Structuring (delay-based) sub_unsigned_2054...
          Done structuring (delay-based) sub_unsigned_2054
        Mapping component sub_unsigned_2054...
          Structuring (delay-based) logic partition in picorv32_ENABLE_COUNTERS1_BARREL_SHIFTER1_COMPRESSED_ISA1_ENABLE_MUL1_ENABLE_FAST_MUL0_ENABLE_DIV1_ENABLE_IRQ1_ENABLE_IRQ_QREGS0_PROGADDR_RESET1048576_PROGADDR_IRQ0_STACKADDR1024...
          Done structuring (delay-based) logic partition in picorv32_ENABLE_COUNTERS1_BARREL_SHIFTER1_COMPRESSED_ISA1_ENABLE_MUL1_ENABLE_FAST_MUL0_ENABLE_DIV1_ENABLE_IRQ1_ENABLE_IRQ_QREGS0_PROGADDR_RESET1048576_PROGADDR_IRQ0_STACKADDR1024
        Mapping logic partition in picorv32_ENABLE_COUNTERS1_BARREL_SHIFTER1_COMPRESSED_ISA1_ENABLE_MUL1_ENABLE_FAST_MUL0_ENABLE_DIV1_ENABLE_IRQ1_ENABLE_IRQ_QREGS0_PROGADDR_RESET1048576_PROGADDR_IRQ0_STACKADDR1024...
          Structuring (delay-based) logic partition in picosoc...
          Done structuring (delay-based) logic partition in picosoc
        Mapping logic partition in picosoc...
          Structuring (delay-based) logic partition in picorv32_pcpi_div...
          Done structuring (delay-based) logic partition in picorv32_pcpi_div
        Mapping logic partition in picorv32_pcpi_div...
          Structuring (delay-based) logic partition in picorv32_pcpi_div...
          Done structuring (delay-based) logic partition in picorv32_pcpi_div
        Mapping logic partition in picorv32_pcpi_div...
          Structuring (delay-based) decrement_unsigned_48501_49015...
          Done structuring (delay-based) decrement_unsigned_48501_49015
        Mapping component decrement_unsigned_48501_49015...
          Structuring (delay-based) leq_unsigned_2019_rtlopto_model_48284...
          Done structuring (delay-based) leq_unsigned_2019_rtlopto_model_48284
        Mapping component leq_unsigned_2019_rtlopto_model_48284...
          Structuring (delay-based) add_unsigned_carry_48575...
          Done structuring (delay-based) add_unsigned_carry_48575
        Mapping component add_unsigned_carry_48575...
          Structuring (delay-based) decrement_unsigned_49423_50373_2305...
          Done structuring (delay-based) decrement_unsigned_49423_50373_2305
        Mapping component decrement_unsigned_49423_50373_2305...
        Rebalancing component 'csa_tree_eq_93_42_groupi'...
        Rebalancing component 'csa_tree_eq_92_44_groupi'...
        Distributing super-thread jobs: cb_part_7092 mrg_mux_ctl addsub_unsigned_288 sub_unsigned_114_1 add_unsigned_252_7_2404 add_unsigned_carry_15062 arith_shift_right_vlog_signed_1107_rtlopto_model_179 shift_left_vlog_unsigned_462 csa_tree_eq_93_42_group_15112 increment_unsigned_478_1764 cb_part_7050 csa_tree_eq_92_44_group_15110 leq_unsigned_rtlopto_model_49354 add_unsigned_2082 lt_unsigned_rtlopto_model_1766 gt_unsigned_2_rtlopto_model_49612 lt_signed_rtlopto_model_1765 gt_unsigned_2042_rtlopto_model_49611 add_unsigned_carry_15060 sub_unsigned_2093 add_unsigned_2052
          Sending 'cb_part_7092' to server 'localhost_1_3'...
            Sent 'cb_part_7092' to server 'localhost_1_3'.
          Sending 'mrg_mux_ctl' to server 'localhost_1_2'...
            Sent 'mrg_mux_ctl' to server 'localhost_1_2'.
          Sending 'addsub_unsigned_288' to server 'localhost_1_0'...
            Sent 'addsub_unsigned_288' to server 'localhost_1_0'.
          Sending 'sub_unsigned_114_1' to server 'localhost_1_1'...
            Sent 'sub_unsigned_114_1' to server 'localhost_1_1'.
          Received 'sub_unsigned_114_1' from server 'localhost_1_1'. (1174 ms elapsed)
          Sending 'add_unsigned_252_7_2404' to server 'localhost_1_1'...
            Sent 'add_unsigned_252_7_2404' to server 'localhost_1_1'.
          Received 'mrg_mux_ctl' from server 'localhost_1_2'. (1434 ms elapsed)
          Sending 'add_unsigned_carry_15062' to server 'localhost_1_2'...
            Sent 'add_unsigned_carry_15062' to server 'localhost_1_2'.
          Received 'addsub_unsigned_288' from server 'localhost_1_0'. (1424 ms elapsed)
          Sending 'arith_shift_right_vlog_signed_1107_rtlopto_model_179' to server 'localhost_1_0'...
            Sent 'arith_shift_right_vlog_signed_1107_rtlopto_model_179' to server 'localhost_1_0'.
          Received 'add_unsigned_252_7_2404' from server 'localhost_1_1'. (1036 ms elapsed)
          Sending 'shift_left_vlog_unsigned_462' to server 'localhost_1_1'...
            Sent 'shift_left_vlog_unsigned_462' to server 'localhost_1_1'.
          Received 'cb_part_7092' from server 'localhost_1_3'. (2362 ms elapsed)
          Sending 'csa_tree_eq_93_42_group_15112' to server 'localhost_1_3'...
            Sent 'csa_tree_eq_93_42_group_15112' to server 'localhost_1_3'.
          Received 'shift_left_vlog_unsigned_462' from server 'localhost_1_1'. (256 ms elapsed)
          Sending 'increment_unsigned_478_1764' to server 'localhost_1_1'...
            Sent 'increment_unsigned_478_1764' to server 'localhost_1_1'.
          Received 'add_unsigned_carry_15062' from server 'localhost_1_2'. (1251 ms elapsed)
          Sending 'cb_part_7050' to server 'localhost_1_2'...
            Sent 'cb_part_7050' to server 'localhost_1_2'.
          Received 'arith_shift_right_vlog_signed_1107_rtlopto_model_179' from server 'localhost_1_0'. (440 ms elapsed)
          Sending 'csa_tree_eq_92_44_group_15110' to server 'localhost_1_0'...
            Sent 'csa_tree_eq_92_44_group_15110' to server 'localhost_1_0'.
          Received 'cb_part_7050' from server 'localhost_1_2'. (223 ms elapsed)
          Sending 'leq_unsigned_rtlopto_model_49354' to server 'localhost_1_2'...
            Sent 'leq_unsigned_rtlopto_model_49354' to server 'localhost_1_2'.
          Received 'csa_tree_eq_92_44_group_15110' from server 'localhost_1_0'. (270 ms elapsed)
          Sending 'add_unsigned_2082' to server 'localhost_1_0'...
            Sent 'add_unsigned_2082' to server 'localhost_1_0'.
          Received 'leq_unsigned_rtlopto_model_49354' from server 'localhost_1_2'. (890 ms elapsed)
          Sending 'lt_unsigned_rtlopto_model_1766' to server 'localhost_1_2'...
            Sent 'lt_unsigned_rtlopto_model_1766' to server 'localhost_1_2'.
          Received 'csa_tree_eq_93_42_group_15112' from server 'localhost_1_3'. (1502 ms elapsed)
          Sending 'gt_unsigned_2_rtlopto_model_49612' to server 'localhost_1_3'...
            Sent 'gt_unsigned_2_rtlopto_model_49612' to server 'localhost_1_3'.
          Received 'gt_unsigned_2_rtlopto_model_49612' from server 'localhost_1_3'. (150 ms elapsed)
          Sending 'lt_signed_rtlopto_model_1765' to server 'localhost_1_3'...
            Sent 'lt_signed_rtlopto_model_1765' to server 'localhost_1_3'.
          Received 'increment_unsigned_478_1764' from server 'localhost_1_1'. (1567 ms elapsed)
          Sending 'gt_unsigned_2042_rtlopto_model_49611' to server 'localhost_1_1'...
            Sent 'gt_unsigned_2042_rtlopto_model_49611' to server 'localhost_1_1'.
          Received 'lt_signed_rtlopto_model_1765' from server 'localhost_1_3'. (187 ms elapsed)
          Sending 'add_unsigned_carry_15060' to server 'localhost_1_3'...
            Sent 'add_unsigned_carry_15060' to server 'localhost_1_3'.
          Received 'gt_unsigned_2042_rtlopto_model_49611' from server 'localhost_1_1'. (205 ms elapsed)
          Sending 'sub_unsigned_2093' to server 'localhost_1_1'...
            Sent 'sub_unsigned_2093' to server 'localhost_1_1'.
          Received 'add_unsigned_2082' from server 'localhost_1_0'. (607 ms elapsed)
          Sending 'add_unsigned_2052' to server 'localhost_1_0'...
            Sent 'add_unsigned_2052' to server 'localhost_1_0'.
          Received 'add_unsigned_2052' from server 'localhost_1_0'. (165 ms elapsed)
          Received 'add_unsigned_carry_15060' from server 'localhost_1_3'. (595 ms elapsed)
          Received 'lt_unsigned_rtlopto_model_1766' from server 'localhost_1_2'. (952 ms elapsed)
          Received 'sub_unsigned_2093' from server 'localhost_1_1'. (599 ms elapsed)
          Structuring (delay-based) decrement_unsigned_15055_48280...
          Done structuring (delay-based) decrement_unsigned_15055_48280
        Mapping component decrement_unsigned_15055_48280...
          Structuring (delay-based) increment_unsigned_49432_49614...
          Done structuring (delay-based) increment_unsigned_49432_49614
        Mapping component increment_unsigned_49432_49614...
          Structuring (delay-based) decrement_unsigned_49431_49610...
          Done structuring (delay-based) decrement_unsigned_49431_49610
        Mapping component decrement_unsigned_49431_49610...
          Structuring (delay-based) logic partition in picosoc...
          Done structuring (delay-based) logic partition in picosoc
        Mapping logic partition in picosoc...
          Structuring (delay-based) sub_unsigned_2007...
          Done structuring (delay-based) sub_unsigned_2007
        Mapping component sub_unsigned_2007...
          Structuring (delay-based) increment_unsigned_49461_49613...
          Done structuring (delay-based) increment_unsigned_49461_49613
        Mapping component increment_unsigned_49461_49613...
          Structuring (delay-based) geq_unsigned_2013_rtlopto_model_50107...
          Done structuring (delay-based) geq_unsigned_2013_rtlopto_model_50107
        Mapping component geq_unsigned_2013_rtlopto_model_50107...
          Structuring (delay-based) cb_part_7092...
          Done structuring (delay-based) cb_part_7092
        Mapping component cb_part_7092...
          Structuring (delay-based) mrg_mux_ctl...
          Done structuring (delay-based) mrg_mux_ctl
        Mapping component mrg_mux_ctl...
          Structuring (delay-based) addsub_unsigned_288...
          Done structuring (delay-based) addsub_unsigned_288
        Mapping component addsub_unsigned_288...
          Structuring (delay-based) sub_unsigned_114_1...
          Done structuring (delay-based) sub_unsigned_114_1
        Mapping component sub_unsigned_114_1...
          Structuring (delay-based) add_unsigned_252_7_2404...
          Done structuring (delay-based) add_unsigned_252_7_2404
        Mapping component add_unsigned_252_7_2404...
          Structuring (delay-based) add_unsigned_carry_15062...
          Done structuring (delay-based) add_unsigned_carry_15062
        Mapping component add_unsigned_carry_15062...
          Structuring (delay-based) arith_shift_right_vlog_signed_1107_rtlopto_model_179...
          Done structuring (delay-based) arith_shift_right_vlog_signed_1107_rtlopto_model_179
        Mapping component arith_shift_right_vlog_signed_1107_rtlopto_model_179...
          Structuring (delay-based) shift_left_vlog_unsigned_462...
          Done structuring (delay-based) shift_left_vlog_unsigned_462
        Mapping component shift_left_vlog_unsigned_462...
          Structuring (delay-based) csa_tree_eq_93_42_group_15112...
          Done structuring (delay-based) csa_tree_eq_93_42_group_15112
        Mapping component csa_tree_eq_93_42_group_15112...
          Structuring (delay-based) increment_unsigned_478_1764...
          Done structuring (delay-based) increment_unsigned_478_1764
        Mapping component increment_unsigned_478_1764...
          Structuring (delay-based) cb_part_7050...
          Done structuring (delay-based) cb_part_7050
        Mapping component cb_part_7050...
          Structuring (delay-based) csa_tree_eq_92_44_group_15110...
          Done structuring (delay-based) csa_tree_eq_92_44_group_15110
        Mapping component csa_tree_eq_92_44_group_15110...
          Structuring (delay-based) leq_unsigned_rtlopto_model_49354...
          Done structuring (delay-based) leq_unsigned_rtlopto_model_49354
        Mapping component leq_unsigned_rtlopto_model_49354...
          Structuring (delay-based) add_unsigned_2082...
          Done structuring (delay-based) add_unsigned_2082
        Mapping component add_unsigned_2082...
          Structuring (delay-based) lt_unsigned_rtlopto_model_1766...
          Done structuring (delay-based) lt_unsigned_rtlopto_model_1766
        Mapping component lt_unsigned_rtlopto_model_1766...
          Structuring (delay-based) gt_unsigned_2_rtlopto_model_49612...
          Done structuring (delay-based) gt_unsigned_2_rtlopto_model_49612
        Mapping component gt_unsigned_2_rtlopto_model_49612...
          Structuring (delay-based) lt_signed_rtlopto_model_1765...
          Done structuring (delay-based) lt_signed_rtlopto_model_1765
        Mapping component lt_signed_rtlopto_model_1765...
          Structuring (delay-based) gt_unsigned_2042_rtlopto_model_49611...
          Done structuring (delay-based) gt_unsigned_2042_rtlopto_model_49611
        Mapping component gt_unsigned_2042_rtlopto_model_49611...
          Structuring (delay-based) add_unsigned_carry_15060...
          Done structuring (delay-based) add_unsigned_carry_15060
        Mapping component add_unsigned_carry_15060...
          Structuring (delay-based) sub_unsigned_2093...
          Done structuring (delay-based) sub_unsigned_2093
        Mapping component sub_unsigned_2093...
          Structuring (delay-based) add_unsigned_2052...
          Done structuring (delay-based) add_unsigned_2052
        Mapping component add_unsigned_2052...
        Rebalancing component 'WALLACE_CSA_DUMMY_OP_groupi'...
          Structuring (delay-based) WALLACE_CSA_DUMMY_OP_group_48297...
          Done structuring (delay-based) WALLACE_CSA_DUMMY_OP_group_48297
        Mapping component WALLACE_CSA_DUMMY_OP_group_48297...
          Structuring (delay-based) logic partition in accelerator_fft_LOG_MAX_N32_MEM_WIDTH32_ADDR_WIDTH6...
          Done structuring (delay-based) logic partition in accelerator_fft_LOG_MAX_N32_MEM_WIDTH32_ADDR_WIDTH6
        Mapping logic partition in accelerator_fft_LOG_MAX_N32_MEM_WIDTH32_ADDR_WIDTH6...
          Structuring (delay-based) logic partition in accelerator...
          Done structuring (delay-based) logic partition in accelerator
        Mapping logic partition in accelerator...
        Distributing super-thread jobs: csa_tree_add_296_46_group_27 csa_tree_add_280_40_Y_add_294_39_group_29 cb_part_7059 csa_tree_45930 csa_tree_45930_2327 cb_seq_7014 cb_part_7104 cb_part_7052 cb_part_7057 cb_oseq_7021
          Sending 'csa_tree_add_296_46_group_27' to server 'localhost_1_3'...
            Sent 'csa_tree_add_296_46_group_27' to server 'localhost_1_3'.
          Sending 'csa_tree_add_280_40_Y_add_294_39_group_29' to server 'localhost_1_2'...
            Sent 'csa_tree_add_280_40_Y_add_294_39_group_29' to server 'localhost_1_2'.
          Sending 'cb_part_7059' to server 'localhost_1_0'...
            Sent 'cb_part_7059' to server 'localhost_1_0'.
          Sending 'csa_tree_45930' to server 'localhost_1_1'...
            Sent 'csa_tree_45930' to server 'localhost_1_1'.
          Received 'csa_tree_45930' from server 'localhost_1_1'. (3979 ms elapsed)
          Sending 'csa_tree_45930_2327' to server 'localhost_1_1'...
            Sent 'csa_tree_45930_2327' to server 'localhost_1_1'.
          Received 'cb_part_7059' from server 'localhost_1_0'. (6291 ms elapsed)
          Sending 'cb_seq_7014' to server 'localhost_1_0'...
            Sent 'cb_seq_7014' to server 'localhost_1_0'.
          Received 'csa_tree_add_296_46_group_27' from server 'localhost_1_3'. (7608 ms elapsed)
          Sending 'cb_part_7104' to server 'localhost_1_3'...
            Sent 'cb_part_7104' to server 'localhost_1_3'.
          Received 'csa_tree_add_280_40_Y_add_294_39_group_29' from server 'localhost_1_2'. (7927 ms elapsed)
          Sending 'cb_part_7052' to server 'localhost_1_2'...
            Sent 'cb_part_7052' to server 'localhost_1_2'.
          Received 'cb_seq_7014' from server 'localhost_1_0'. (1349 ms elapsed)
          Sending 'cb_part_7057' to server 'localhost_1_0'...
            Sent 'cb_part_7057' to server 'localhost_1_0'.
          Received 'cb_part_7052' from server 'localhost_1_2'. (504 ms elapsed)
          Sending 'cb_oseq_7021' to server 'localhost_1_2'...
            Sent 'cb_oseq_7021' to server 'localhost_1_2'.
          Received 'cb_part_7104' from server 'localhost_1_3'. (1499 ms elapsed)
          Received 'cb_oseq_7021' from server 'localhost_1_2'. (678 ms elapsed)
          Received 'cb_part_7057' from server 'localhost_1_0'. (1116 ms elapsed)
          Received 'csa_tree_45930_2327' from server 'localhost_1_1'. (5418 ms elapsed)
          Structuring (delay-based) logic partition in accelerator_fft_LOG_MAX_N32_MEM_WIDTH32_ADDR_WIDTH6...
          Done structuring (delay-based) logic partition in accelerator_fft_LOG_MAX_N32_MEM_WIDTH32_ADDR_WIDTH6
        Mapping logic partition in accelerator_fft_LOG_MAX_N32_MEM_WIDTH32_ADDR_WIDTH6...
          Structuring (delay-based) lt_unsigned_2010_rtlopto_model_50108...
          Done structuring (delay-based) lt_unsigned_2010_rtlopto_model_50108
        Mapping component lt_unsigned_2010_rtlopto_model_50108...
          Structuring (delay-based) increment_unsigned_15058_48283...
          Done structuring (delay-based) increment_unsigned_15058_48283
        Mapping component increment_unsigned_15058_48283...
          Structuring (delay-based) csa_tree_add_296_46_group_27...
          Done structuring (delay-based) csa_tree_add_296_46_group_27
        Mapping component csa_tree_add_296_46_group_27...
          Structuring (delay-based) csa_tree_add_280_40_Y_add_294_39_group_29...
          Done structuring (delay-based) csa_tree_add_280_40_Y_add_294_39_group_29
        Mapping component csa_tree_add_280_40_Y_add_294_39_group_29...
          Structuring (delay-based) cb_part_7059...
          Done structuring (delay-based) cb_part_7059
        Mapping component cb_part_7059...
          Structuring (delay-based) csa_tree_45930...
          Done structuring (delay-based) csa_tree_45930
        Mapping component csa_tree_45930...
          Structuring (delay-based) csa_tree_45930_2327...
          Done structuring (delay-based) csa_tree_45930_2327
        Mapping component csa_tree_45930_2327...
          Structuring (delay-based) cb_seq_7014...
          Done structuring (delay-based) cb_seq_7014
        Mapping component cb_seq_7014...
          Structuring (delay-based) cb_part_7104...
          Done structuring (delay-based) cb_part_7104
        Mapping component cb_part_7104...
          Structuring (delay-based) cb_part_7052...
          Done structuring (delay-based) cb_part_7052
        Mapping component cb_part_7052...
          Structuring (delay-based) cb_part_7057...
          Done structuring (delay-based) cb_part_7057
        Mapping component cb_part_7057...
          Structuring (delay-based) cb_oseq_7021...
          Done structuring (delay-based) cb_oseq_7021
        Mapping component cb_oseq_7021...
          Structuring (delay-based) logic partition in DPOPT_INTERNAL_INST_2697...
          Done structuring (delay-based) logic partition in DPOPT_INTERNAL_INST_2697
        Mapping logic partition in DPOPT_INTERNAL_INST_2697...
          Structuring (delay-based) logic partition in DPOPT_INTERNAL_INST_2701...
          Done structuring (delay-based) logic partition in DPOPT_INTERNAL_INST_2701
        Mapping logic partition in DPOPT_INTERNAL_INST_2701...
          Structuring (delay-based) logic partition in DPOPT_INTERNAL_INST_2700...
          Done structuring (delay-based) logic partition in DPOPT_INTERNAL_INST_2700
        Mapping logic partition in DPOPT_INTERNAL_INST_2700...
          Structuring (delay-based) logic partition in DPOPT_INTERNAL_INST_2699...
          Done structuring (delay-based) logic partition in DPOPT_INTERNAL_INST_2699
        Mapping logic partition in DPOPT_INTERNAL_INST_2699...
          Structuring (delay-based) logic partition in DPOPT_INTERNAL_INST_2702...
          Done structuring (delay-based) logic partition in DPOPT_INTERNAL_INST_2702
        Mapping logic partition in DPOPT_INTERNAL_INST_2702...
          Structuring (delay-based) logic partition in DPOPT_INTERNAL_INST_2698...
          Done structuring (delay-based) logic partition in DPOPT_INTERNAL_INST_2698
        Mapping logic partition in DPOPT_INTERNAL_INST_2698...
          Structuring (delay-based) logic partition in DPOPT_INTERNAL_INST...
          Done structuring (delay-based) logic partition in DPOPT_INTERNAL_INST
        Mapping logic partition in DPOPT_INTERNAL_INST...
          Structuring (delay-based) logic partition in DPOPT_INTERNAL_INST_2696...
          Done structuring (delay-based) logic partition in DPOPT_INTERNAL_INST_2696
        Mapping logic partition in DPOPT_INTERNAL_INST_2696...
        Rebalancing component 'csa_tree_sub_279_40_Y_minus_286_46_Y_sub_293_39_groupi'...
        Rebalancing component 'csa_tree_minus_287_47_Y_sub_295_46_groupi'...
        Distributing super-thread jobs: cb_part_7044 csa_tree_minus_287_47_Y_sub_295_46_group_21 csa_tree_sub_279_40_Y_minus_286_46_Y_sub_293_39_group_19 cb_seq_7016 cb_seq_7020 cb_seq_7024
          Sending 'cb_part_7044' to server 'localhost_1_3'...
            Sent 'cb_part_7044' to server 'localhost_1_3'.
          Sending 'csa_tree_minus_287_47_Y_sub_295_46_group_21' to server 'localhost_1_2'...
            Sent 'csa_tree_minus_287_47_Y_sub_295_46_group_21' to server 'localhost_1_2'.
          Sending 'csa_tree_sub_279_40_Y_minus_286_46_Y_sub_293_39_group_19' to server 'localhost_1_0'...
            Sent 'csa_tree_sub_279_40_Y_minus_286_46_Y_sub_293_39_group_19' to server 'localhost_1_0'.
          Sending 'cb_seq_7016' to server 'localhost_1_1'...
            Sent 'cb_seq_7016' to server 'localhost_1_1'.
          Received 'cb_seq_7016' from server 'localhost_1_1'. (481 ms elapsed)
          Sending 'cb_seq_7020' to server 'localhost_1_1'...
            Sent 'cb_seq_7020' to server 'localhost_1_1'.
          Received 'csa_tree_minus_287_47_Y_sub_295_46_group_21' from server 'localhost_1_2'. (912 ms elapsed)
          Sending 'cb_seq_7024' to server 'localhost_1_2'...
            Sent 'cb_seq_7024' to server 'localhost_1_2'.
          Received 'csa_tree_sub_279_40_Y_minus_286_46_Y_sub_293_39_group_19' from server 'localhost_1_0'. (998 ms elapsed)
          Received 'cb_seq_7020' from server 'localhost_1_1'. (638 ms elapsed)
          Received 'cb_part_7044' from server 'localhost_1_3'. (1477 ms elapsed)
          Received 'cb_seq_7024' from server 'localhost_1_2'. (661 ms elapsed)
          Structuring (delay-based) decrement_unsigned_479_1759...
          Done structuring (delay-based) decrement_unsigned_479_1759
        Mapping component decrement_unsigned_479_1759...
          Structuring (delay-based) decrement_unsigned_766_1758...
          Done structuring (delay-based) decrement_unsigned_766_1758
        Mapping component decrement_unsigned_766_1758...
          Structuring (delay-based) geq_unsigned_2070_rtlopto_model_1762...
          Done structuring (delay-based) geq_unsigned_2070_rtlopto_model_1762
        Mapping component geq_unsigned_2070_rtlopto_model_1762...
          Structuring (delay-based) lt_unsigned_2030_rtlopto_model_50510...
          Done structuring (delay-based) lt_unsigned_2030_rtlopto_model_50510
        Mapping component lt_unsigned_2030_rtlopto_model_50510...
          Structuring (delay-based) sub_unsigned_2060...
          Done structuring (delay-based) sub_unsigned_2060
        Mapping component sub_unsigned_2060...
          Structuring (delay-based) decrement_unsigned_49431_50520...
          Done structuring (delay-based) decrement_unsigned_49431_50520
        Mapping component decrement_unsigned_49431_50520...
          Structuring (delay-based) gt_unsigned_1260_rtlopto_model_48282...
          Done structuring (delay-based) gt_unsigned_1260_rtlopto_model_48282
        Mapping component gt_unsigned_1260_rtlopto_model_48282...
          Structuring (delay-based) cb_part_7044...
          Done structuring (delay-based) cb_part_7044
        Mapping component cb_part_7044...
          Structuring (delay-based) csa_tree_minus_287_47_Y_sub_295_46_group_21...
          Done structuring (delay-based) csa_tree_minus_287_47_Y_sub_295_46_group_21
        Mapping component csa_tree_minus_287_47_Y_sub_295_46_group_21...
          Structuring (delay-based) csa_tree_sub_279_40_Y_minus_286_46_Y_sub_293_39_group_19...
          Done structuring (delay-based) csa_tree_sub_279_40_Y_minus_286_46_Y_sub_293_39_group_19
        Mapping component csa_tree_sub_279_40_Y_minus_286_46_Y_sub_293_39_group_19...
          Structuring (delay-based) cb_seq_7016...
          Done structuring (delay-based) cb_seq_7016
        Mapping component cb_seq_7016...
          Structuring (delay-based) cb_seq_7020...
          Done structuring (delay-based) cb_seq_7020
        Mapping component cb_seq_7020...
          Structuring (delay-based) cb_seq_7024...
          Done structuring (delay-based) cb_seq_7024
        Mapping component cb_seq_7024...
          Structuring (delay-based) logic partition in picosoc...
          Done structuring (delay-based) logic partition in picosoc
        Mapping logic partition in picosoc...
          Structuring (delay-based) logic partition in picorv32_ENABLE_COUNTERS1_BARREL_SHIFTER1_COMPRESSED_ISA1_ENABLE_MUL1_ENABLE_FAST_MUL0_ENABLE_DIV1_ENABLE_IRQ1_ENABLE_IRQ_QREGS0_PROGADDR_RESET1048576_PROGADDR_IRQ0_STACKADDR1024...
          Done structuring (delay-based) logic partition in picorv32_ENABLE_COUNTERS1_BARREL_SHIFTER1_COMPRESSED_ISA1_ENABLE_MUL1_ENABLE_FAST_MUL0_ENABLE_DIV1_ENABLE_IRQ1_ENABLE_IRQ_QREGS0_PROGADDR_RESET1048576_PROGADDR_IRQ0_STACKADDR1024
        Mapping logic partition in picorv32_ENABLE_COUNTERS1_BARREL_SHIFTER1_COMPRESSED_ISA1_ENABLE_MUL1_ENABLE_FAST_MUL0_ENABLE_DIV1_ENABLE_IRQ1_ENABLE_IRQ_QREGS0_PROGADDR_RESET1048576_PROGADDR_IRQ0_STACKADDR1024...
          Structuring (delay-based) increment_unsigned_234_1763...
          Done structuring (delay-based) increment_unsigned_234_1763
        Mapping component increment_unsigned_234_1763...
        Distributing super-thread jobs: cb_part_7100 cb_part_7058 cb_part_7060 cb_seq_7012
          Sending 'cb_part_7100' to server 'localhost_1_3'...
            Sent 'cb_part_7100' to server 'localhost_1_3'.
          Sending 'cb_part_7058' to server 'localhost_1_2'...
            Sent 'cb_part_7058' to server 'localhost_1_2'.
          Sending 'cb_part_7060' to server 'localhost_1_0'...
            Sent 'cb_part_7060' to server 'localhost_1_0'.
          Sending 'cb_seq_7012' to server 'localhost_1_1'...
            Sent 'cb_seq_7012' to server 'localhost_1_1'.
          Received 'cb_seq_7012' from server 'localhost_1_1'. (412 ms elapsed)
          Received 'cb_part_7060' from server 'localhost_1_0'. (745 ms elapsed)
          Received 'cb_part_7058' from server 'localhost_1_2'. (1337 ms elapsed)
          Received 'cb_part_7100' from server 'localhost_1_3'. (6928 ms elapsed)
          Structuring (delay-based) cb_part_7100...
          Done structuring (delay-based) cb_part_7100
        Mapping component cb_part_7100...
          Structuring (delay-based) cb_part_7058...
          Done structuring (delay-based) cb_part_7058
        Mapping component cb_part_7058...
          Structuring (delay-based) cb_part_7060...
          Done structuring (delay-based) cb_part_7060
        Mapping component cb_part_7060...
          Structuring (delay-based) cb_seq_7012...
          Done structuring (delay-based) cb_seq_7012
        Mapping component cb_seq_7012...
        Distributing super-thread jobs: cb_seq_7010 sub_signed_4 add_signed_4 add_unsigned_252_7
          Sending 'cb_seq_7010' to server 'localhost_1_3'...
            Sent 'cb_seq_7010' to server 'localhost_1_3'.
          Sending 'sub_signed_4' to server 'localhost_1_2'...
            Sent 'sub_signed_4' to server 'localhost_1_2'.
          Sending 'add_signed_4' to server 'localhost_1_0'...
            Sent 'add_signed_4' to server 'localhost_1_0'.
          Sending 'add_unsigned_252_7' to server 'localhost_1_1'...
            Sent 'add_unsigned_252_7' to server 'localhost_1_1'.
          Received 'add_unsigned_252_7' from server 'localhost_1_1'. (290 ms elapsed)
          Received 'add_signed_4' from server 'localhost_1_0'. (456 ms elapsed)
          Received 'sub_signed_4' from server 'localhost_1_2'. (850 ms elapsed)
          Received 'cb_seq_7010' from server 'localhost_1_3'. (6744 ms elapsed)
          Structuring (delay-based) cb_seq_7010...
          Done structuring (delay-based) cb_seq_7010
        Mapping component cb_seq_7010...
          Structuring (delay-based) sub_signed_4...
          Done structuring (delay-based) sub_signed_4
        Mapping component sub_signed_4...
          Structuring (delay-based) add_signed_4...
          Done structuring (delay-based) add_signed_4
        Mapping component add_signed_4...
          Structuring (delay-based) add_unsigned_252_7...
          Done structuring (delay-based) add_unsigned_252_7
        Mapping component add_unsigned_252_7...
          Structuring (delay-based) logic partition in accelerator_fft_LOG_MAX_N32_MEM_WIDTH32_ADDR_WIDTH6...
          Done structuring (delay-based) logic partition in accelerator_fft_LOG_MAX_N32_MEM_WIDTH32_ADDR_WIDTH6
        Mapping logic partition in accelerator_fft_LOG_MAX_N32_MEM_WIDTH32_ADDR_WIDTH6...
          Structuring (delay-based) logic partition in accelerator_fft_LOG_MAX_N32_MEM_WIDTH32_ADDR_WIDTH6...
          Done structuring (delay-based) logic partition in accelerator_fft_LOG_MAX_N32_MEM_WIDTH32_ADDR_WIDTH6
        Mapping logic partition in accelerator_fft_LOG_MAX_N32_MEM_WIDTH32_ADDR_WIDTH6...
          Structuring (delay-based) logic partition in accelerator_fft_LOG_MAX_N32_MEM_WIDTH32_ADDR_WIDTH6...
          Done structuring (delay-based) logic partition in accelerator_fft_LOG_MAX_N32_MEM_WIDTH32_ADDR_WIDTH6
        Mapping logic partition in accelerator_fft_LOG_MAX_N32_MEM_WIDTH32_ADDR_WIDTH6...
          Structuring (delay-based) logic partition in accelerator_fft_LOG_MAX_N32_MEM_WIDTH32_ADDR_WIDTH6...
          Done structuring (delay-based) logic partition in accelerator_fft_LOG_MAX_N32_MEM_WIDTH32_ADDR_WIDTH6
        Mapping logic partition in accelerator_fft_LOG_MAX_N32_MEM_WIDTH32_ADDR_WIDTH6...
        Distributing super-thread jobs: cb_seq_7018 cb_seq
          Sending 'cb_seq_7018' to server 'localhost_1_3'...
            Sent 'cb_seq_7018' to server 'localhost_1_3'.
          Sending 'cb_seq' to server 'localhost_1_2'...
            Sent 'cb_seq' to server 'localhost_1_2'.
          Received 'cb_seq' from server 'localhost_1_2'. (1235 ms elapsed)
          Received 'cb_seq_7018' from server 'localhost_1_3'. (2654 ms elapsed)
          Structuring (delay-based) logic partition in spimemio_xfer...
          Done structuring (delay-based) logic partition in spimemio_xfer
        Mapping logic partition in spimemio_xfer...
          Structuring (delay-based) logic partition in et4351...
          Done structuring (delay-based) logic partition in et4351
        Mapping logic partition in et4351...
          Structuring (delay-based) logic partition in picosoc...
          Done structuring (delay-based) logic partition in picosoc
        Mapping logic partition in picosoc...
          Structuring (delay-based) cb_seq_7018...
          Done structuring (delay-based) cb_seq_7018
        Mapping component cb_seq_7018...
          Structuring (delay-based) cb_seq...
          Done structuring (delay-based) cb_seq
        Mapping component cb_seq...
==================================
Stage : first_condense 
==================================
  =================
   Message Summary
  =================
--------------------------------------------------------------------------------------------------------------------------------------------------
|   Id   |Sev  |Count |                                                      Message Text                                                        |
--------------------------------------------------------------------------------------------------------------------------------------------------
| GLO-12 |Info |    2 |Replacing a flip-flop with a logic constant 0.                                                                            |
|        |     |      |To prevent this optimization, set the 'optimize_constant_0_flops' root attribute to 'false' or 'optimize_constant_0_seq'  |
|        |     |      | instance attribute to 'false'. You can also see the complete list of deleted sequential with command 'report sequential  |
|        |     |      | -deleted' (on Reason 'constant0').                                                                                       |
| GLO-32 |Info |    2 |Deleting sequential instances not driving any primary outputs.                                                            |
|        |     |      |Optimizations such as constant propagation or redundancy removal could change the connections so an instance does not     |
|        |     |      | drive any primary outputs anymore. To see the list of deleted sequential, set the 'information_level' attribute to 2 or  |
|        |     |      | above. If the message is truncated set the message attribute 'truncate' to false to see the complete list.               |
| GLO-42 |Info |    1 |Equivalent sequential instances have been merged.                                                                         |
|        |     |      |To prevent merging of sequential instances, set the 'optimize_merge_flops' and 'optimize_merge_latches' root attributes   |
|        |     |      | to 'false' or the 'optimize_merge_seq' instance attribute to 'false'.                                                    |
| GLO-45 |Info |    3 |Replacing the synchronous part of an always feeding back flip-flop with a logic constant.                                 |
|        |     |      |To prevent this optimization, set 'optimize_constant_feedback_seqs' root attribute to 'false'. The instance attribute     |
|        |     |      | 'optimize_constant_feedback_seq' controls this optimization.                                                             |
| ST-110 |Info |    4 |Connection established with super-threading server.                                                                       |
|        |     |      |The tool is entering super-threading mode and has established a connection with a CPU server process.  This is enabled by |
|        |     |      | the root attributes 'super_thread_servers' or 'auto_super_thread'.                                                       |
| ST-120 |Info |    1 |Attempting to launch a super-threading server.                                                                            |
|        |     |      |The tool is entering super-threading mode and is launching a CPU server process.  This is enabled by the root attribute   |
|        |     |      | 'super_thread_servers' or 'auto_super_thread'.                                                                           |
| ST-128 |Info |    2 |Super thread servers are launched successfully.                                                                           |
--------------------------------------------------------------------------------------------------------------------------------------------------
 
Global mapping target info
==========================
Cost Group 'flash_clk' target slack:    82 ps
Target path end-point (Port: et4351/flash_io1)

          Pin                       Type          Fanout Load Arrival   
                                                         (fF)   (ps)    
------------------------------------------------------------------------
(clock clk)               <<<  launch                           24000 F 
soc
  spimemio
    cb_seqi
      xfer_io1_90_reg/clk                                               
      xfer_io1_90_reg/q   (u)  unmapped_d_flop         1  1.2           
    cb_seqi/mux_167_24_g1509_data2 
    cb_parti/cb_seqi_mux_167_24_g1509_data2 
      g3370/in_1                                                        
      g3370/z             (u)  unmapped_complex2       1  1.1           
      g3371/in_2                                                        
      g3371/z             (u)  unmapped_nand3          1  1.2           
    cb_parti/flash_io1_do 
  spimemio/flash_io1_do 
soc/flash_io1_do 
flash_bufs_1_/soc_o 
  g1/in_0                                                               
  g1/z                    (u)  unmapped_bufif1         4 57.5           
flash_bufs_1_/io 
flash_io1                 <<<  interconnect                             
                               out port                                 
(et4351.sdc_line_70_5_1)       ext delay                                
- - - - - - - - - - - - - - - - - - - - - - - - - - - - - - - - - - - - 
(clock flash_clk)              capture                          32000 R 
                               uncertainty                              
------------------------------------------------------------------------
Cost Group   : 'flash_clk' (path_group 'flash_clk')
Start-point  : soc/spimemio/cb_seqi/xfer_io1_90_reg/clk
End-point    : flash_io1

(u) : Net has unmapped pin(s).

The global mapper estimates a slack for this path of 1893ps.
 
Cost Group 'clk' target slack:   471 ps
Target path end-point (Pin: soc/cpu/mem_rdata_q_reg_27_/d)

            Pin                         Type          Fanout Load Arrival   
                                                             (fF)   (ps)    
----------------------------------------------------------------------------
(clock flash_clk)             <<<  launch                               0 R 
(et4351.sdc_line_68_3_1)           ext delay                                
flash_io3                     (u)  inout port              2 56.1           
flash_bufs_3_/io 
flash_bufs_3_/soc_i 
soc/flash_io3_di 
  cb_parti752/flash_io3_di 
    g891/in_1                                                               
    g891/z                    (u)  unmapped_complex2       1  1.2           
    g894/in_3                                                               
    g894/z                    (u)  unmapped_nand6          2  2.2           
  cb_parti752/cpu_mem_rdata[3] 
  cpu/mem_rdata[3] 
    cb_parti42133/mem_rdata[3] 
      g56492/in_0                                                           
      g56492/z                (u)  unmapped_nand2          1  1.2           
      g56493/in_1                                                           
      g56493/z                (u)  unmapped_nand2          2  2.2           
      g55245/in_1                                                           
      g55245/z                (u)  unmapped_complex2       1  1.2           
      g55248/in_0                                                           
      g55248/z                (u)  unmapped_nand3         15 16.5           
      g53222/in_2                                                           
      g53222/z                (u)  unmapped_or3            1  1.1           
      g53031/in_1                                                           
      g53031/z                (u)  unmapped_or2            5  5.5           
      g50307/in_1                                                           
      g50307/z                (u)  unmapped_complex3       7  7.7           
      g49650/in_1                                                           
      g49650/z                (u)  unmapped_complex2       2  2.4           
      g49391/in_0                                                           
      g49391/z                (u)  unmapped_nand2          1  1.1           
      g49248/in_0                                                           
      g49248/z                (u)  unmapped_complex2       1  1.2           
      g48938/in_4                                                           
      g48938/z                (u)  unmapped_complex5       1  1.1           
      g47964/in_0                                                           
      g47964/z                (u)  unmapped_complex2       2  2.4           
      g47478/in_2                                                           
      g47478/z                (u)  unmapped_complex4       1  1.1           
      g47080/in_0                                                           
      g47080/z                (u)  unmapped_complex2       1  1.2           
      g47081/in_1                                                           
      g47081/z                (u)  unmapped_nand2         17 18.7           
      g47033/in_2                                                           
      g47033/z                (u)  unmapped_complex3      10 12.0           
      g47002/in_2                                                           
      g47002/z                (u)  unmapped_or3            3  3.6           
      g46969/in_0                                                           
      g46969/z                (u)  unmapped_nand2          4  4.4           
      g46938/in_1                                                           
      g46938/z                (u)  unmapped_complex5       1  1.1           
      g46865/in_0                                                           
      g46865/z                (u)  unmapped_complex3       1  1.1           
      g46835/in_1                                                           
      g46835/z                (u)  unmapped_complex2       1  1.1           
      g46840/in_1                                                           
      g46840/z                (u)  unmapped_nand6          1  1.2           
    cb_parti42133/cb_seqi_g16086_g37420_z 
    cb_seqi/g16086_g37420_z 
      mem_rdata_q_reg_27_/d   <<<  unmapped_d_flop                          
      mem_rdata_q_reg_27_/clk      setup                                    
- - - - - - - - - - - - - - - - - - - - - - - - - - - - - - - - - - - - - - 
(clock clk)                        capture                          16000 R 
                                   uncertainty                              
----------------------------------------------------------------------------
Cost Group   : 'clk' (path_group 'clk')
Start-point  : flash_io3
End-point    : soc/cpu/cb_seqi/mem_rdata_q_reg_27_/d

(u) : Net has unmapped pin(s).

The global mapper estimates a slack for this path of 5652ps.
 
Info    : Deleting sequential instances not driving any primary outputs. [GLO-32]
        : Deleting 32 sequential instances. 
Following instances are deleted as they do not drive any primary output:
'soc/cpu/cpuregs_reg_0__0_', 'soc/cpu/cpuregs_reg_0__1_', 
'soc/cpu/cpuregs_reg_0__2_', 'soc/cpu/cpuregs_reg_0__3_', 
'soc/cpu/cpuregs_reg_0__4_', 'soc/cpu/cpuregs_reg_0__5_', 
'soc/cpu/cpuregs_reg_0__6_', 'soc/cpu/cpuregs_reg_0__7_', 
'soc/cpu/cpuregs_reg_0__8_', 'soc/cpu/cpuregs_reg_0__9_', 
'soc/cpu/cpuregs_reg_0__10_', 'soc/cpu/cpuregs_reg_0__11_', 
'soc/cpu/cpuregs_reg_0__12_', 'soc/cpu/cpuregs_reg_0__13_', 
'soc/cpu/cpuregs_reg_0__14_', 'soc/cpu/cpuregs_reg_0__15_', 
'soc/cpu/cpuregs_reg_0__16_', 'soc/cpu/cpuregs_reg_0__17_', 
'soc/cpu/cpuregs_reg_0__18_', 'soc/cpu/cpuregs_reg_0__19_', 
'soc/cpu/cpuregs_reg_0__20_', 'soc/cpu/cpuregs_reg_0__21_', 
'soc/cpu/cpuregs_reg_0__22_', 'soc/cpu/cpuregs_reg_0__23_', 
'soc/cpu/cpuregs_reg_0__24_', 'soc/cpu/cpuregs_reg_0__25_', 
'soc/cpu/cpuregs_reg_0__26_', 'soc/cpu/cpuregs_reg_0__27_', 
'soc/cpu/cpuregs_reg_0__28_', 'soc/cpu/cpuregs_reg_0__29_', 
'soc/cpu/cpuregs_reg_0__30_', 'soc/cpu/cpuregs_reg_0__31_'.
        ------------------------------------------------------------
                            Super-Thread Summary
          time in super-thread mode               : 84.61 sec
          foreground process active time          : 48.23 sec
          background processes total active time  : 80.48 sec
          approximate speedup                     : 1.52X
           * reported times are wall-clock (elapsed time),
             not CPU time
        ------------------------------------------------------------

+-----------+-----------------------+-----+----------------------+---------------------------+
|   Host    |        Machine        | CPU | Physical Memory (MB) | Peak Physical Memory (MB) |
+-----------+-----------------------+-----+----------------------+---------------------------+
| localhost | et4351.ewi.tudelft.nl |  4  |        1550.1        |          1556.8           |
+-----------+-----------------------+-----+----------------------+---------------------------+

+---------------+----------------------+---------------------------+
|    Server     | Physical Memory (MB) | Peak Physical Memory (MB) |
+---------------+----------------------+---------------------------+
| localhost_1_0 |      462.5 [1]       |         466.3 [1]         |
| localhost_1_2 |      103.6 [2]       |          [2] [3]          |
| localhost_1_1 |       94.2 [2]       |          [2] [3]          |
| localhost_1_3 |      148.0 [2]       |          [2] [3]          |
+---------------+----------------------+---------------------------+
[1] Memory of child processes is included.
[2] Memory is included in parent localhost_1_0.
[3] Peak physical memory is not available for forked background servers.

Info    : Using '6' number of super-threading servers using the attribute 'super_thread_servers' could have
          saved '3' more seconds during global map.
Info    : A super-threading server has been shut down normally. [ST-112]
        : The server 'localhost_1_3' was forked process '246711' on this host.
        : A super-threaded optimization is complete and a CPU server was successfully shut down.
Info    : A super-threading server has been shut down normally. [ST-112]
        : The server 'localhost_1_2' was forked process '246709' on this host.
Info    : A super-threading server has been shut down normally. [ST-112]
        : The server 'localhost_1_1' was forked process '246702' on this host.

State Retention Synthesis Status
================================

Category                        Flops   Percentage
--------------------------------------------------
Total instances                  7225        100.0
Excluded from State Retention    7225        100.0
    - Will not convert           7225        100.0
      - Preserved                   0          0.0
      - Power intent excluded    7225        100.0
    - Could not convert             0          0.0
      - Scan type                   0          0.0
      - No suitable cell            0          0.0
State Retention instances           0          0.0
--------------------------------------------------


+-----------+-----------------------+-----+----------------------+---------------------------+
|   Host    |        Machine        | CPU | Physical Memory (MB) | Peak Physical Memory (MB) |
+-----------+-----------------------+-----+----------------------+---------------------------+
| localhost | et4351.ewi.tudelft.nl |  1  |        1398.6        |          1556.8           |
+-----------+-----------------------+-----+----------------------+---------------------------+

+---------------+----------------------+---------------------------+
|    Server     | Physical Memory (MB) | Peak Physical Memory (MB) |
+---------------+----------------------+---------------------------+
| localhost_1_0 |        310.3         |           466.3           |
+---------------+----------------------+---------------------------+

Info    : Using '2' number of super-threading servers using the attribute 'super_thread_servers' could have
          saved '35' more seconds during global map.
Info    : Using '3' number of super-threading servers using the attribute 'super_thread_servers' could have
          saved '45' more seconds during global map.
Info    : Using '4' number of super-threading servers using the attribute 'super_thread_servers' could have
          saved '50' more seconds during global map.
Info    : Using '6' number of super-threading servers using the attribute 'super_thread_servers' could have
          saved '53' more seconds during global map.
Info : Installing 2-D Early Global router...
Info : Early Global router engine is using 4 threads.
Info : 2-D Early Global router installation complete.
Info : Installing 3-D Early Global router...
Info : 3-D Early Global router installation complete.
PBS_Generic_Opt-Post - Elapsed_Time 430, CPU_Time 415.73118
stamp 'PBS_Generic_Opt-Post' being created for table 'pbs_debug'

  Total Time (Wall) |  Stage Time (Wall)  |   % (Wall)   |    Date - Time     |  Memory   | Stage
--------------------+---------------------+--------------+--------------------+-----------+----------------------
 00:00:27(00:00:37) |  00:00:00(00:00:00) |   0.0(  0.0) |   14:54:52 (Apr07) |  415.4 MB | PBS_Generic-Start
--------------------+---------------------+--------------+--------------------+-----------+----------------------
 00:07:22(00:07:47) |  00:06:55(00:07:10) | 100.0(100.0) |   15:02:02 (Apr07) |   1.40 GB | PBS_Generic_Opt-Post
--------------------+---------------------+--------------+--------------------+-----------+----------------------
Number of threads: 4 * 1   (id: pbs_debug, time_info v1.57)
Info: (*N*) indicates data that was populated from previously saved time_info database
Info: CPU time includes time of parent + longest thread
        Computing net loads.
PBS_Generic-Postgen HBO Optimizations - Elapsed_Time 1, CPU_Time 2.0
stamp 'PBS_Generic-Postgen HBO Optimizations' being created for table 'pbs_debug'

  Total Time (Wall) |  Stage Time (Wall)  |   % (Wall)   |    Date - Time     |  Memory   | Stage
--------------------+---------------------+--------------+--------------------+-----------+----------------------
 00:00:27(00:00:37) |  00:00:00(00:00:00) |   0.0(  0.0) |   14:54:52 (Apr07) |  415.4 MB | PBS_Generic-Start
--------------------+---------------------+--------------+--------------------+-----------+----------------------
 00:07:22(00:07:47) |  00:06:55(00:07:10) |  99.5( 99.8) |   15:02:02 (Apr07) |   1.40 GB | PBS_Generic_Opt-Post
--------------------+---------------------+--------------+--------------------+-----------+----------------------
 00:07:24(00:07:48) |  00:00:02(00:00:01) |   0.5(  0.2) |   15:02:03 (Apr07) |   1.40 GB | PBS_Generic-Postgen HBO Optimizations
--------------------+---------------------+--------------+--------------------+-----------+----------------------
Number of threads: 4 * 1   (id: pbs_debug, time_info v1.57)
Info: (*N*) indicates data that was populated from previously saved time_info database
Info: CPU time includes time of parent + longest thread
##>=================== Cadence Confidential (Generic-Logical) ===================
##>=================== Cadence Confidential (Generic-Logical) ===================
##>Main Thread Summary:
##>----------------------------------------------------------------------------------------
##>STEP                           Elapsed       WNS       TNS     Insts      Area    Memory
##>----------------------------------------------------------------------------------------
##>G:Initial                            3         -         -     67928    299132       415
##>G:Setup                              0         -         -         -         -         -
##>G:Launch ST                          0         -         -         -         -         -
##>G:Design Partition                   0         -         -         -         -         -
##>G:Create Partition Netlists          0         -         -         -         -         -
##>G:Init Power                         0         -         -         -         -         -
##>G:Budgeting                          0         -         -         -         -         -
##>G:Derenv-DB                          0         -         -         -         -         -
##>G:Debug Outputs                      0         -         -         -         -         -
##>G:ST loading                         0         -         -         -         -         -
##>G:Distributed                        0         -         -         -         -         -
##>G:Timer                              0         -         -         -         -         -
##>G:Assembly                           0         -         -         -         -         -
##>G:DFT                                0         -         -         -         -         -
##>G:Const Prop                         1         -         -     71563    286634      1398
##>G:Misc                             429
##>----------------------------------------------------------------------------------------
##>Total Elapsed                      433
##>========================================================================================
Info    : Done synthesizing. [SYNTH-2]
        : Done synthesizing 'et4351' to generic gates.
        Computing net loads.
Info : Installing 2-D Early Global router...
Info : Early Global router engine is using 4 threads.
Info : 2-D Early Global router installation complete.
Info : Installing 3-D Early Global router...
Info : 3-D Early Global router installation complete.
===========================================
The RUNTIME after GENERIC is 434.000000 secs
and the MEMORY_USAGE after GENERIC is 1782.18 MB
===========================================
Creating directory ./reports/elb
        Computing net loads.
        Tracing clock networks.
        Levelizing the circuit.
        Computing delays.
        Computing arrivals and requireds.

Sourcing './scripts/synth_map.tcl' (Tue Apr 07 15:02:08 CEST 2026)...


 ##################################
 #                                #
 #    COMPILATION                 #
 #                                #
 ##################################


  Setting attribute of root '/': 'syn_map_effort' = high
##Generic Timing Info for library domain: _default_ typical gate delay: 63.5 ps std_slew: 8.9 ps std_load: 1.2 fF
Current PLE settings:

Aspect ratio        : 1.000
Shrink factor       : 1.000
Scale of res/length : 1.000
Scale of cap/length : 1.000
Net derating factor : 1.000
Thermal factor      : 1.000
Via Resistance      : 0.000 ohm (from default)
Site size           : 1.910 um (from lef [tech+cell])

                                   Capacitance  
  Layer                             / Length         Data source:
Name        Direction Utilization  (pF/micron)       lef_library
------------------------------------------------
Metal1          H         0.00        0.000412  
Metal2          V         1.00        0.000416  
Metal3          H         1.00        0.000416  
Metal4          V         1.00        0.000416  
Metal5          H         1.00        0.000416  
Metal6          V         1.00        0.000416  
Metal7          H         1.00        0.000416  
Metal8          V         1.00        0.000416  

                                    Resistance   
  Layer                              / Length         Data source:
Name        Direction Utilization  (ohm/micron)       lef_library
-------------------------------------------------
Metal1          H         0.00         1.226667  
Metal2          V         1.00         0.755000  
Metal3          H         1.00         0.755000  
Metal4          V         1.00         0.755000  
Metal5          H         1.00         0.755000  
Metal6          V         1.00         0.755000  
Metal7          H         1.00         0.755000  
Metal8          V         1.00         0.267500  

                                        Area     
  Layer                               / Length        Data source:
Name        Direction Utilization     (micron)        lef_library
-------------------------------------------------
Metal1          H         0.00         0.060000  
Metal2          V         1.00         0.080000  
Metal3          H         1.00         0.080000  
Metal4          V         1.00         0.080000  
Metal5          H         1.00         0.080000  
Metal6          V         1.00         0.080000  
Metal7          H         1.00         0.080000  
Metal8          V         1.00         0.080000  

Info    : Mapping. [SYNTH-4]
        : Mapping 'et4351' using 'high' effort.
Mapper: Libraries have:
	domain _default_: 324 combo usable cells and 68 sequential usable cells
Configuring mapper costing (none)
TNS Restructuring config: no_value at stage: map applied.
PBS_TechMap-Start - Elapsed_Time 0, CPU_Time 0.0
stamp 'PBS_TechMap-Start' being created for table 'pbs_debug'

  Total Time (Wall) |  Stage Time (Wall)  |   % (Wall)   |    Date - Time     |  Memory   | Stage
--------------------+---------------------+--------------+--------------------+-----------+----------------------
 00:00:27(00:00:37) |  00:00:00(00:00:00) |   0.0(  0.0) |   14:54:52 (Apr07) |  415.4 MB | PBS_Generic-Start
--------------------+---------------------+--------------+--------------------+-----------+----------------------
 00:07:22(00:07:47) |  00:06:55(00:07:10) |  98.0( 98.2) |   15:02:02 (Apr07) |   1.40 GB | PBS_Generic_Opt-Post
--------------------+---------------------+--------------+--------------------+-----------+----------------------
 00:07:24(00:07:48) |  00:00:02(00:00:01) |   0.5(  0.2) |   15:02:03 (Apr07) |   1.40 GB | PBS_Generic-Postgen HBO Optimizations
--------------------+---------------------+--------------+--------------------+-----------+----------------------
 00:07:31(00:07:55) |  00:00:06(00:00:07) |   1.5(  1.6) |   15:02:10 (Apr07) |   1.40 GB | PBS_TechMap-Start
--------------------+---------------------+--------------+--------------------+-----------+----------------------
Number of threads: 4 * 1   (id: pbs_debug, time_info v1.57)
Info: (*N*) indicates data that was populated from previously saved time_info database
Info: CPU time includes time of parent + longest thread
        Computing net loads.
PBS_TechMap-Premap HBO Optimizations - Elapsed_Time 1, CPU_Time 2.0
stamp 'PBS_TechMap-Premap HBO Optimizations' being created for table 'pbs_debug'

  Total Time (Wall) |  Stage Time (Wall)  |   % (Wall)   |    Date - Time     |  Memory   | Stage
--------------------+---------------------+--------------+--------------------+-----------+----------------------
 00:00:27(00:00:37) |  00:00:00(00:00:00) |   0.0(  0.0) |   14:54:52 (Apr07) |  415.4 MB | PBS_Generic-Start
--------------------+---------------------+--------------+--------------------+-----------+----------------------
 00:07:22(00:07:47) |  00:06:55(00:07:10) |  97.6( 97.9) |   15:02:02 (Apr07) |   1.40 GB | PBS_Generic_Opt-Post
--------------------+---------------------+--------------+--------------------+-----------+----------------------
 00:07:24(00:07:48) |  00:00:02(00:00:01) |   0.5(  0.2) |   15:02:03 (Apr07) |   1.40 GB | PBS_Generic-Postgen HBO Optimizations
--------------------+---------------------+--------------+--------------------+-----------+----------------------
 00:07:31(00:07:55) |  00:00:06(00:00:07) |   1.5(  1.6) |   15:02:10 (Apr07) |   1.40 GB | PBS_TechMap-Start
--------------------+---------------------+--------------+--------------------+-----------+----------------------
 00:07:33(00:07:56) |  00:00:02(00:00:01) |   0.5(  0.2) |   15:02:11 (Apr07) |   1.40 GB | PBS_TechMap-Premap HBO Optimizations
--------------------+---------------------+--------------+--------------------+-----------+----------------------
Number of threads: 4 * 1   (id: pbs_debug, time_info v1.57)
Info: (*N*) indicates data that was populated from previously saved time_info database
Info: CPU time includes time of parent + longest thread
Info    : Partition Based Synthesis execution skipped. [PHYS-752]
        : Design size is less than the partition size '100000' for distributed mapping optimization to kick in.
Current PLE settings:

Aspect ratio        : 1.000
Shrink factor       : 1.000
Scale of res/length : 1.000
Scale of cap/length : 1.000
Net derating factor : 1.000
Thermal factor      : 1.000
Via Resistance      : 0.000 ohm (from default)
Site size           : 1.910 um (from lef [tech+cell])

                                   Capacitance  
  Layer                             / Length         Data source:
Name        Direction Utilization  (pF/micron)       lef_library
------------------------------------------------
Metal1          H         0.00        0.000412  
Metal2          V         1.00        0.000416  
Metal3          H         1.00        0.000416  
Metal4          V         1.00        0.000416  
Metal5          H         1.00        0.000416  
Metal6          V         1.00        0.000416  
Metal7          H         1.00        0.000416  
Metal8          V         1.00        0.000416  

                                    Resistance   
  Layer                              / Length         Data source:
Name        Direction Utilization  (ohm/micron)       lef_library
-------------------------------------------------
Metal1          H         0.00         1.226667  
Metal2          V         1.00         0.755000  
Metal3          H         1.00         0.755000  
Metal4          V         1.00         0.755000  
Metal5          H         1.00         0.755000  
Metal6          V         1.00         0.755000  
Metal7          H         1.00         0.755000  
Metal8          V         1.00         0.267500  

                                        Area     
  Layer                               / Length        Data source:
Name        Direction Utilization     (micron)        lef_library
-------------------------------------------------
Metal1          H         0.00         0.060000  
Metal2          V         1.00         0.080000  
Metal3          H         1.00         0.080000  
Metal4          V         1.00         0.080000  
Metal5          H         1.00         0.080000  
Metal6          V         1.00         0.080000  
Metal7          H         1.00         0.080000  
Metal8          V         1.00         0.080000  

Mapper: Libraries have:
	domain _default_: 324 combo usable cells and 68 sequential usable cells
      Mapping 'et4351'...
        Preparing the circuit
          Pruning unused logic
Updating ST server settings
Info    : Connection established with super-threading server. [ST-110]
        : The server 'localhost_1_4' is forked process '249370' on this host.
Info    : Connection established with super-threading server. [ST-110]
        : The server 'localhost_1_5' is forked process '249372' on this host.
Info    : Connection established with super-threading server. [ST-110]
        : The server 'localhost_1_6' is forked process '249374' on this host.
Info    : Super thread servers are launched successfully. [ST-128]
        : 4 out of 4 super thread servers are launched. Minimum 1 active super thread server is required.
          Analyzing hierarchical boundaries
          Aggressive hierarchical optimization: disabled
          Propagating constants
        Done preparing the circuit
          Structuring (delay-based) et4351...
          Done structuring (delay-based) et4351
Multi-threaded Virtual Mapping    (4 threads per ST process, 4 of 64 CPUs usable)
          Structuring (delay-based) logic partition in spimemio_xfer...
          Done structuring (delay-based) logic partition in spimemio_xfer
        Mapping logic partition in spimemio_xfer...
          Structuring (delay-based) sub_unsigned_2056...
          Done structuring (delay-based) sub_unsigned_2056
        Mapping component sub_unsigned_2056...
          Structuring (delay-based) decrement_unsigned_49423_50373_2305...
          Done structuring (delay-based) decrement_unsigned_49423_50373_2305
        Mapping component decrement_unsigned_49423_50373_2305...
          Structuring (delay-based) sub_unsigned_2054...
          Done structuring (delay-based) sub_unsigned_2054
        Mapping component sub_unsigned_2054...
          Structuring (delay-based) lt_unsigned_2033_rtlopto_model_50509...
          Done structuring (delay-based) lt_unsigned_2033_rtlopto_model_50509
        Mapping component lt_unsigned_2033_rtlopto_model_50509...
          Structuring (delay-based) geq_unsigned_2036_rtlopto_model_50508...
          Done structuring (delay-based) geq_unsigned_2036_rtlopto_model_50508
        Mapping component geq_unsigned_2036_rtlopto_model_50508...
          Structuring (delay-based) logic partition in spimemio_xfer...
          Done structuring (delay-based) logic partition in spimemio_xfer
        Mapping logic partition in spimemio_xfer...
          Structuring (delay-based) logic partition in picosoc...
          Done structuring (delay-based) logic partition in picosoc
        Mapping logic partition in picosoc...
          Structuring (delay-based) logic partition in spimemio...
          Done structuring (delay-based) logic partition in spimemio
        Mapping logic partition in spimemio...
          Structuring (delay-based) logic partition in picorv32_pcpi_div...
          Done structuring (delay-based) logic partition in picorv32_pcpi_div
        Mapping logic partition in picorv32_pcpi_div...
          Structuring (delay-based) decrement_unsigned_49423_50373...
          Done structuring (delay-based) decrement_unsigned_49423_50373
        Mapping component decrement_unsigned_49423_50373...
          Structuring (delay-based) logic partition in picorv32_ENABLE_COUNTERS1_BARREL_SHIFTER1_COMPRESSED_ISA1_ENABLE_MUL1_ENABLE_FAST_MUL0_ENABLE_DIV1_ENABLE_IRQ1_ENABLE_IRQ_QREGS0_PROGADDR_RESET1048576_PROGADDR_IRQ0_STACKADDR1024...
          Done structuring (delay-based) logic partition in picorv32_ENABLE_COUNTERS1_BARREL_SHIFTER1_COMPRESSED_ISA1_ENABLE_MUL1_ENABLE_FAST_MUL0_ENABLE_DIV1_ENABLE_IRQ1_ENABLE_IRQ_QREGS0_PROGADDR_RESET1048576_PROGADDR_IRQ0_STACKADDR1024
        Mapping logic partition in picorv32_ENABLE_COUNTERS1_BARREL_SHIFTER1_COMPRESSED_ISA1_ENABLE_MUL1_ENABLE_FAST_MUL0_ENABLE_DIV1_ENABLE_IRQ1_ENABLE_IRQ_QREGS0_PROGADDR_RESET1048576_PROGADDR_IRQ0_STACKADDR1024...
          Structuring (delay-based) leq_unsigned_2019_rtlopto_model_48284...
          Done structuring (delay-based) leq_unsigned_2019_rtlopto_model_48284
        Mapping component leq_unsigned_2019_rtlopto_model_48284...
        Distributing super-thread jobs: cb_oseq mrg_mux_ctl arith_shift_right_vlog_signed_1107_rtlopto_model_179 shift_left_vlog_unsigned_462 csa_tree_eq_93_42_group_15112 add_unsigned_252_7_2404 add_unsigned_carry_15062 cb_seq_7139 increment_unsigned_478_1764 csa_tree_eq_92_44_group_15110 leq_unsigned_rtlopto_model_49354 add_unsigned_2082 increment_unsigned_49461_49613 sub_unsigned_2093 sub_unsigned_2093_2407 add_unsigned_carry_15060
          Sending 'cb_oseq' to server 'localhost_1_5'...
            Sent 'cb_oseq' to server 'localhost_1_5'.
          Sending 'mrg_mux_ctl' to server 'localhost_1_6'...
            Sent 'mrg_mux_ctl' to server 'localhost_1_6'.
          Sending 'arith_shift_right_vlog_signed_1107_rtlopto_model_179' to server 'localhost_1_0'...
            Sent 'arith_shift_right_vlog_signed_1107_rtlopto_model_179' to server 'localhost_1_0'.
          Sending 'shift_left_vlog_unsigned_462' to server 'localhost_1_4'...
            Sent 'shift_left_vlog_unsigned_462' to server 'localhost_1_4'.
          Received 'arith_shift_right_vlog_signed_1107_rtlopto_model_179' from server 'localhost_1_0'. (772 ms elapsed)
          Sending 'csa_tree_eq_93_42_group_15112' to server 'localhost_1_0'...
            Sent 'csa_tree_eq_93_42_group_15112' to server 'localhost_1_0'.
          Received 'shift_left_vlog_unsigned_462' from server 'localhost_1_4'. (772 ms elapsed)
          Sending 'add_unsigned_252_7_2404' to server 'localhost_1_4'...
            Sent 'add_unsigned_252_7_2404' to server 'localhost_1_4'.
          Received 'mrg_mux_ctl' from server 'localhost_1_6'. (930 ms elapsed)
          Sending 'add_unsigned_carry_15062' to server 'localhost_1_6'...
            Sent 'add_unsigned_carry_15062' to server 'localhost_1_6'.
          Received 'cb_oseq' from server 'localhost_1_5'. (1037 ms elapsed)
          Sending 'cb_seq_7139' to server 'localhost_1_5'...
            Sent 'cb_seq_7139' to server 'localhost_1_5'.
          Received 'add_unsigned_252_7_2404' from server 'localhost_1_4'. (325 ms elapsed)
          Sending 'increment_unsigned_478_1764' to server 'localhost_1_4'...
            Sent 'increment_unsigned_478_1764' to server 'localhost_1_4'.
          Received 'add_unsigned_carry_15062' from server 'localhost_1_6'. (302 ms elapsed)
          Sending 'csa_tree_eq_92_44_group_15110' to server 'localhost_1_6'...
            Sent 'csa_tree_eq_92_44_group_15110' to server 'localhost_1_6'.
          Received 'increment_unsigned_478_1764' from server 'localhost_1_4'. (220 ms elapsed)
          Sending 'leq_unsigned_rtlopto_model_49354' to server 'localhost_1_4'...
            Sent 'leq_unsigned_rtlopto_model_49354' to server 'localhost_1_4'.
          Received 'cb_seq_7139' from server 'localhost_1_5'. (605 ms elapsed)
          Sending 'add_unsigned_2082' to server 'localhost_1_5'...
            Sent 'add_unsigned_2082' to server 'localhost_1_5'.
          Received 'leq_unsigned_rtlopto_model_49354' from server 'localhost_1_4'. (182 ms elapsed)
          Sending 'increment_unsigned_49461_49613' to server 'localhost_1_4'...
            Sent 'increment_unsigned_49461_49613' to server 'localhost_1_4'.
          Received 'csa_tree_eq_93_42_group_15112' from server 'localhost_1_0'. (779 ms elapsed)
          Sending 'sub_unsigned_2093' to server 'localhost_1_0'...
            Sent 'sub_unsigned_2093' to server 'localhost_1_0'.
          Received 'add_unsigned_2082' from server 'localhost_1_5'. (162 ms elapsed)
          Sending 'sub_unsigned_2093_2407' to server 'localhost_1_5'...
            Sent 'sub_unsigned_2093_2407' to server 'localhost_1_5'.
          Received 'sub_unsigned_2093' from server 'localhost_1_0'. (148 ms elapsed)
          Sending 'add_unsigned_carry_15060' to server 'localhost_1_0'...
            Sent 'add_unsigned_carry_15060' to server 'localhost_1_0'.
          Received 'sub_unsigned_2093_2407' from server 'localhost_1_5'. (150 ms elapsed)
          Received 'add_unsigned_carry_15060' from server 'localhost_1_0'. (156 ms elapsed)
          Received 'csa_tree_eq_92_44_group_15110' from server 'localhost_1_6'. (964 ms elapsed)
          Received 'increment_unsigned_49461_49613' from server 'localhost_1_4'. (973 ms elapsed)
          Structuring (delay-based) decrement_unsigned_48501_49015...
          Done structuring (delay-based) decrement_unsigned_48501_49015
        Mapping component decrement_unsigned_48501_49015...
          Structuring (delay-based) csa_tree_12232...
          Done structuring (delay-based) csa_tree_12232
        Mapping component csa_tree_12232...
          Structuring (delay-based) cb_oseq...
          Done structuring (delay-based) cb_oseq
        Mapping component cb_oseq...
          Structuring (delay-based) mrg_mux_ctl...
          Done structuring (delay-based) mrg_mux_ctl
        Mapping component mrg_mux_ctl...
          Structuring (delay-based) arith_shift_right_vlog_signed_1107_rtlopto_model_179...
          Done structuring (delay-based) arith_shift_right_vlog_signed_1107_rtlopto_model_179
        Mapping component arith_shift_right_vlog_signed_1107_rtlopto_model_179...
          Structuring (delay-based) shift_left_vlog_unsigned_462...
          Done structuring (delay-based) shift_left_vlog_unsigned_462
        Mapping component shift_left_vlog_unsigned_462...
          Structuring (delay-based) csa_tree_eq_93_42_group_15112...
          Done structuring (delay-based) csa_tree_eq_93_42_group_15112
        Mapping component csa_tree_eq_93_42_group_15112...
          Structuring (delay-based) add_unsigned_252_7_2404...
          Done structuring (delay-based) add_unsigned_252_7_2404
        Mapping component add_unsigned_252_7_2404...
          Structuring (delay-based) add_unsigned_carry_15062...
          Done structuring (delay-based) add_unsigned_carry_15062
        Mapping component add_unsigned_carry_15062...
          Structuring (delay-based) cb_seq_7139...
          Done structuring (delay-based) cb_seq_7139
        Mapping component cb_seq_7139...
          Structuring (delay-based) increment_unsigned_478_1764...
          Done structuring (delay-based) increment_unsigned_478_1764
        Mapping component increment_unsigned_478_1764...
          Structuring (delay-based) csa_tree_eq_92_44_group_15110...
          Done structuring (delay-based) csa_tree_eq_92_44_group_15110
        Mapping component csa_tree_eq_92_44_group_15110...
          Structuring (delay-based) leq_unsigned_rtlopto_model_49354...
          Done structuring (delay-based) leq_unsigned_rtlopto_model_49354
        Mapping component leq_unsigned_rtlopto_model_49354...
          Structuring (delay-based) add_unsigned_2082...
          Done structuring (delay-based) add_unsigned_2082
        Mapping component add_unsigned_2082...
          Structuring (delay-based) increment_unsigned_49461_49613...
          Done structuring (delay-based) increment_unsigned_49461_49613
        Mapping component increment_unsigned_49461_49613...
          Structuring (delay-based) sub_unsigned_2093...
          Done structuring (delay-based) sub_unsigned_2093
        Mapping component sub_unsigned_2093...
          Structuring (delay-based) sub_unsigned_2093_2407...
          Done structuring (delay-based) sub_unsigned_2093_2407
        Mapping component sub_unsigned_2093_2407...
          Structuring (delay-based) add_unsigned_carry_15060...
          Done structuring (delay-based) add_unsigned_carry_15060
        Mapping component add_unsigned_carry_15060...
          Structuring (delay-based) add_unsigned_carry_48617...
          Done structuring (delay-based) add_unsigned_carry_48617
        Mapping component add_unsigned_carry_48617...
          Structuring (delay-based) add_unsigned_carry_48575...
          Done structuring (delay-based) add_unsigned_carry_48575
        Mapping component add_unsigned_carry_48575...
          Structuring (delay-based) add_unsigned_2097...
          Done structuring (delay-based) add_unsigned_2097
        Mapping component add_unsigned_2097...
        Distributing super-thread jobs: csa_tree_add_296_46_group_27 csa_tree_add_280_40_Y_add_294_39_group_29 csa_tree_45930_2327 csa_tree_45930 csa_tree_45930_2326 csa_tree_45930_2328 cb_part_7170 cb_seq_7131 cb_seq_7154
          Sending 'csa_tree_add_296_46_group_27' to server 'localhost_1_5'...
            Sent 'csa_tree_add_296_46_group_27' to server 'localhost_1_5'.
          Sending 'csa_tree_add_280_40_Y_add_294_39_group_29' to server 'localhost_1_6'...
            Sent 'csa_tree_add_280_40_Y_add_294_39_group_29' to server 'localhost_1_6'.
          Sending 'csa_tree_45930_2327' to server 'localhost_1_0'...
            Sent 'csa_tree_45930_2327' to server 'localhost_1_0'.
          Sending 'csa_tree_45930' to server 'localhost_1_4'...
            Sent 'csa_tree_45930' to server 'localhost_1_4'.
          Received 'csa_tree_add_296_46_group_27' from server 'localhost_1_5'. (5485 ms elapsed)
          Sending 'csa_tree_45930_2326' to server 'localhost_1_5'...
            Sent 'csa_tree_45930_2326' to server 'localhost_1_5'.
          Received 'csa_tree_add_280_40_Y_add_294_39_group_29' from server 'localhost_1_6'. (5681 ms elapsed)
          Sending 'csa_tree_45930_2328' to server 'localhost_1_6'...
            Sent 'csa_tree_45930_2328' to server 'localhost_1_6'.
          Received 'csa_tree_45930' from server 'localhost_1_4'. (5197 ms elapsed)
          Sending 'cb_part_7170' to server 'localhost_1_4'...
            Sent 'cb_part_7170' to server 'localhost_1_4'.
          Received 'cb_part_7170' from server 'localhost_1_4'. (390 ms elapsed)
          Sending 'cb_seq_7131' to server 'localhost_1_4'...
            Sent 'cb_seq_7131' to server 'localhost_1_4'.
          Received 'csa_tree_45930_2328' from server 'localhost_1_6'. (3090 ms elapsed)
          Sending 'cb_seq_7154' to server 'localhost_1_6'...
            Sent 'cb_seq_7154' to server 'localhost_1_6'.
          Received 'csa_tree_45930_2327' from server 'localhost_1_0'. (8501 ms elapsed)
          Received 'csa_tree_45930_2326' from server 'localhost_1_5'. (4413 ms elapsed)
          Received 'cb_seq_7154' from server 'localhost_1_6'. (598 ms elapsed)
          Received 'cb_seq_7131' from server 'localhost_1_4'. (3419 ms elapsed)
          Structuring (delay-based) logic partition in accelerator_fft_LOG_MAX_N32_MEM_WIDTH32_ADDR_WIDTH6...
          Done structuring (delay-based) logic partition in accelerator_fft_LOG_MAX_N32_MEM_WIDTH32_ADDR_WIDTH6
        Mapping logic partition in accelerator_fft_LOG_MAX_N32_MEM_WIDTH32_ADDR_WIDTH6...
          Structuring (delay-based) logic partition in accelerator_fft_LOG_MAX_N32_MEM_WIDTH32_ADDR_WIDTH6...
          Done structuring (delay-based) logic partition in accelerator_fft_LOG_MAX_N32_MEM_WIDTH32_ADDR_WIDTH6
        Mapping logic partition in accelerator_fft_LOG_MAX_N32_MEM_WIDTH32_ADDR_WIDTH6...
          Structuring (delay-based) csa_tree_add_296_46_group_27...
          Done structuring (delay-based) csa_tree_add_296_46_group_27
        Mapping component csa_tree_add_296_46_group_27...
          Structuring (delay-based) csa_tree_add_280_40_Y_add_294_39_group_29...
          Done structuring (delay-based) csa_tree_add_280_40_Y_add_294_39_group_29
        Mapping component csa_tree_add_280_40_Y_add_294_39_group_29...
          Structuring (delay-based) csa_tree_45930_2327...
          Done structuring (delay-based) csa_tree_45930_2327
        Mapping component csa_tree_45930_2327...
          Structuring (delay-based) csa_tree_45930...
          Done structuring (delay-based) csa_tree_45930
        Mapping component csa_tree_45930...
          Structuring (delay-based) csa_tree_45930_2326...
          Done structuring (delay-based) csa_tree_45930_2326
        Mapping component csa_tree_45930_2326...
          Structuring (delay-based) csa_tree_45930_2328...
          Done structuring (delay-based) csa_tree_45930_2328
        Mapping component csa_tree_45930_2328...
          Structuring (delay-based) cb_part_7170...
          Done structuring (delay-based) cb_part_7170
        Mapping component cb_part_7170...
          Structuring (delay-based) cb_seq_7131...
          Done structuring (delay-based) cb_seq_7131
        Mapping component cb_seq_7131...
          Structuring (delay-based) cb_seq_7154...
          Done structuring (delay-based) cb_seq_7154
        Mapping component cb_seq_7154...
          Structuring (delay-based) logic partition in DPOPT_INTERNAL_INST_2697...
          Done structuring (delay-based) logic partition in DPOPT_INTERNAL_INST_2697
        Mapping logic partition in DPOPT_INTERNAL_INST_2697...
          Structuring (delay-based) logic partition in DPOPT_INTERNAL_INST_2698...
          Done structuring (delay-based) logic partition in DPOPT_INTERNAL_INST_2698
        Mapping logic partition in DPOPT_INTERNAL_INST_2698...
          Structuring (delay-based) logic partition in DPOPT_INTERNAL_INST...
          Done structuring (delay-based) logic partition in DPOPT_INTERNAL_INST
        Mapping logic partition in DPOPT_INTERNAL_INST...
          Structuring (delay-based) logic partition in DPOPT_INTERNAL_INST_2702...
          Done structuring (delay-based) logic partition in DPOPT_INTERNAL_INST_2702
        Mapping logic partition in DPOPT_INTERNAL_INST_2702...
          Structuring (delay-based) logic partition in DPOPT_INTERNAL_INST_2701...
          Done structuring (delay-based) logic partition in DPOPT_INTERNAL_INST_2701
        Mapping logic partition in DPOPT_INTERNAL_INST_2701...
          Structuring (delay-based) logic partition in DPOPT_INTERNAL_INST_2696...
          Done structuring (delay-based) logic partition in DPOPT_INTERNAL_INST_2696
        Mapping logic partition in DPOPT_INTERNAL_INST_2696...
          Structuring (delay-based) logic partition in DPOPT_INTERNAL_INST_2700...
          Done structuring (delay-based) logic partition in DPOPT_INTERNAL_INST_2700
        Mapping logic partition in DPOPT_INTERNAL_INST_2700...
          Structuring (delay-based) logic partition in DPOPT_INTERNAL_INST_2699...
          Done structuring (delay-based) logic partition in DPOPT_INTERNAL_INST_2699
        Mapping logic partition in DPOPT_INTERNAL_INST_2699...
        Distributing super-thread jobs: csa_tree_sub_279_40_Y_minus_286_46_Y_sub_293_39_group_19 csa_tree_minus_287_47_Y_sub_295_46_group_21 sub_unsigned_114_1
          Sending 'csa_tree_sub_279_40_Y_minus_286_46_Y_sub_293_39_group_19' to server 'localhost_1_5'...
            Sent 'csa_tree_sub_279_40_Y_minus_286_46_Y_sub_293_39_group_19' to server 'localhost_1_5'.
          Sending 'csa_tree_minus_287_47_Y_sub_295_46_group_21' to server 'localhost_1_6'...
            Sent 'csa_tree_minus_287_47_Y_sub_295_46_group_21' to server 'localhost_1_6'.
          Sending 'sub_unsigned_114_1' to server 'localhost_1_0'...
            Sent 'sub_unsigned_114_1' to server 'localhost_1_0'.
          Received 'csa_tree_sub_279_40_Y_minus_286_46_Y_sub_293_39_group_19' from server 'localhost_1_5'. (573 ms elapsed)
          Received 'csa_tree_minus_287_47_Y_sub_295_46_group_21' from server 'localhost_1_6'. (678 ms elapsed)
          Received 'sub_unsigned_114_1' from server 'localhost_1_0'. (1018 ms elapsed)
          Structuring (delay-based) decrement_unsigned_15055_48280...
          Done structuring (delay-based) decrement_unsigned_15055_48280
        Mapping component decrement_unsigned_15055_48280...
          Structuring (delay-based) WALLACE_CSA_DUMMY_OP_group_48297...
          Done structuring (delay-based) WALLACE_CSA_DUMMY_OP_group_48297
        Mapping component WALLACE_CSA_DUMMY_OP_group_48297...
          Structuring (delay-based) gt_unsigned_rtlopto_model_50507...
          Done structuring (delay-based) gt_unsigned_rtlopto_model_50507
        Mapping component gt_unsigned_rtlopto_model_50507...
          Structuring (delay-based) csa_tree_sub_279_40_Y_minus_286_46_Y_sub_293_39_group_19...
          Done structuring (delay-based) csa_tree_sub_279_40_Y_minus_286_46_Y_sub_293_39_group_19
        Mapping component csa_tree_sub_279_40_Y_minus_286_46_Y_sub_293_39_group_19...
          Structuring (delay-based) csa_tree_minus_287_47_Y_sub_295_46_group_21...
          Done structuring (delay-based) csa_tree_minus_287_47_Y_sub_295_46_group_21
        Mapping component csa_tree_minus_287_47_Y_sub_295_46_group_21...
          Structuring (delay-based) sub_unsigned_114_1...
          Done structuring (delay-based) sub_unsigned_114_1
        Mapping component sub_unsigned_114_1...
        Distributing super-thread jobs: cb_seq_7133 cb_part_7153
          Sending 'cb_seq_7133' to server 'localhost_1_5'...
            Sent 'cb_seq_7133' to server 'localhost_1_5'.
          Sending 'cb_part_7153' to server 'localhost_1_6'...
            Sent 'cb_part_7153' to server 'localhost_1_6'.
          Received 'cb_seq_7133' from server 'localhost_1_5'. (719 ms elapsed)
          Received 'cb_part_7153' from server 'localhost_1_6'. (667 ms elapsed)
          Structuring (delay-based) increment_unsigned_15058_48283...
          Done structuring (delay-based) increment_unsigned_15058_48283
        Mapping component increment_unsigned_15058_48283...
          Structuring (delay-based) logic partition in picosoc...
          Done structuring (delay-based) logic partition in picosoc
        Mapping logic partition in picosoc...
          Structuring (delay-based) sub_unsigned_2007...
          Done structuring (delay-based) sub_unsigned_2007
        Mapping component sub_unsigned_2007...
          Structuring (delay-based) geq_unsigned_2013_rtlopto_model_50107...
          Done structuring (delay-based) geq_unsigned_2013_rtlopto_model_50107
        Mapping component geq_unsigned_2013_rtlopto_model_50107...
          Structuring (delay-based) cb_seq_7133...
          Done structuring (delay-based) cb_seq_7133
        Mapping component cb_seq_7133...
          Structuring (delay-based) cb_part_7153...
          Done structuring (delay-based) cb_part_7153
        Mapping component cb_part_7153...
          Structuring (delay-based) logic partition in accelerator...
          Done structuring (delay-based) logic partition in accelerator
        Mapping logic partition in accelerator...
        Distributing super-thread jobs: cb_oseq_7128 add_signed_4 add_signed_4_2310 sub_signed_4 sub_signed_4_2311
          Sending 'cb_oseq_7128' to server 'localhost_1_5'...
            Sent 'cb_oseq_7128' to server 'localhost_1_5'.
          Sending 'add_signed_4' to server 'localhost_1_6'...
            Sent 'add_signed_4' to server 'localhost_1_6'.
          Sending 'add_signed_4_2310' to server 'localhost_1_0'...
            Sent 'add_signed_4_2310' to server 'localhost_1_0'.
          Sending 'sub_signed_4' to server 'localhost_1_4'...
            Sent 'sub_signed_4' to server 'localhost_1_4'.
          Received 'add_signed_4' from server 'localhost_1_6'. (286 ms elapsed)
          Sending 'sub_signed_4_2311' to server 'localhost_1_6'...
            Sent 'sub_signed_4_2311' to server 'localhost_1_6'.
          Received 'add_signed_4_2310' from server 'localhost_1_0'. (318 ms elapsed)
          Received 'sub_signed_4_2311' from server 'localhost_1_6'. (1266 ms elapsed)
          Received 'sub_signed_4' from server 'localhost_1_4'. (1492 ms elapsed)
          Received 'cb_oseq_7128' from server 'localhost_1_5'. (3546 ms elapsed)
          Structuring (delay-based) gt_unsigned_1260_rtlopto_model_48282...
          Done structuring (delay-based) gt_unsigned_1260_rtlopto_model_48282
        Mapping component gt_unsigned_1260_rtlopto_model_48282...
          Structuring (delay-based) lt_unsigned_2010_rtlopto_model_50108...
          Done structuring (delay-based) lt_unsigned_2010_rtlopto_model_50108
        Mapping component lt_unsigned_2010_rtlopto_model_50108...
          Structuring (delay-based) cb_oseq_7128...
          Done structuring (delay-based) cb_oseq_7128
        Mapping component cb_oseq_7128...
          Structuring (delay-based) add_signed_4...
          Done structuring (delay-based) add_signed_4
        Mapping component add_signed_4...
          Structuring (delay-based) add_signed_4_2310...
          Done structuring (delay-based) add_signed_4_2310
        Mapping component add_signed_4_2310...
          Structuring (delay-based) sub_signed_4...
          Done structuring (delay-based) sub_signed_4
        Mapping component sub_signed_4...
          Structuring (delay-based) sub_signed_4_2311...
          Done structuring (delay-based) sub_signed_4_2311
        Mapping component sub_signed_4_2311...
        Distributing super-thread jobs: cb_seq cb_part_7166
          Sending 'cb_seq' to server 'localhost_1_5'...
            Sent 'cb_seq' to server 'localhost_1_5'.
          Sending 'cb_part_7166' to server 'localhost_1_6'...
            Sent 'cb_part_7166' to server 'localhost_1_6'.
          Received 'cb_part_7166' from server 'localhost_1_6'. (256 ms elapsed)
          Received 'cb_seq' from server 'localhost_1_5'. (1721 ms elapsed)
          Structuring (delay-based) logic partition in simpleuart...
          Done structuring (delay-based) logic partition in simpleuart
        Mapping logic partition in simpleuart...
          Structuring (delay-based) cb_seq...
          Done structuring (delay-based) cb_seq
        Mapping component cb_seq...
          Structuring (delay-based) cb_part_7166...
          Done structuring (delay-based) cb_part_7166
        Mapping component cb_part_7166...
        Distributing super-thread jobs: cb_seq_7127 cb_seq_7129 cb_part_7164
          Sending 'cb_seq_7127' to server 'localhost_1_5'...
            Sent 'cb_seq_7127' to server 'localhost_1_5'.
          Sending 'cb_seq_7129' to server 'localhost_1_6'...
            Sent 'cb_seq_7129' to server 'localhost_1_6'.
          Sending 'cb_part_7164' to server 'localhost_1_0'...
            Sent 'cb_part_7164' to server 'localhost_1_0'.
          Received 'cb_part_7164' from server 'localhost_1_0'. (258 ms elapsed)
          Received 'cb_seq_7129' from server 'localhost_1_6'. (657 ms elapsed)
          Received 'cb_seq_7127' from server 'localhost_1_5'. (7479 ms elapsed)
          Structuring (delay-based) add_unsigned_2052...
          Done structuring (delay-based) add_unsigned_2052
        Mapping component add_unsigned_2052...
          Structuring (delay-based) increment_unsigned_49432_49614...
          Done structuring (delay-based) increment_unsigned_49432_49614
        Mapping component increment_unsigned_49432_49614...
          Structuring (delay-based) gt_unsigned_2_rtlopto_model_49612...
          Done structuring (delay-based) gt_unsigned_2_rtlopto_model_49612
        Mapping component gt_unsigned_2_rtlopto_model_49612...
          Structuring (delay-based) gt_unsigned_2042_rtlopto_model_49611...
          Done structuring (delay-based) gt_unsigned_2042_rtlopto_model_49611
        Mapping component gt_unsigned_2042_rtlopto_model_49611...
          Structuring (delay-based) lt_unsigned_2030_rtlopto_model_50510...
          Done structuring (delay-based) lt_unsigned_2030_rtlopto_model_50510
        Mapping component lt_unsigned_2030_rtlopto_model_50510...
          Structuring (delay-based) decrement_unsigned_49431_49610...
          Done structuring (delay-based) decrement_unsigned_49431_49610
        Mapping component decrement_unsigned_49431_49610...
          Structuring (delay-based) cb_seq_7127...
          Done structuring (delay-based) cb_seq_7127
        Mapping component cb_seq_7127...
          Structuring (delay-based) cb_seq_7129...
          Done structuring (delay-based) cb_seq_7129
        Mapping component cb_seq_7129...
          Structuring (delay-based) cb_part_7164...
          Done structuring (delay-based) cb_part_7164
        Mapping component cb_part_7164...
          Structuring (delay-based) logic partition in picosoc...
          Done structuring (delay-based) logic partition in picosoc
        Mapping logic partition in picosoc...
          Structuring (delay-based) logic partition in picorv32_ENABLE_COUNTERS1_BARREL_SHIFTER1_COMPRESSED_ISA1_ENABLE_MUL1_ENABLE_FAST_MUL0_ENABLE_DIV1_ENABLE_IRQ1_ENABLE_IRQ_QREGS0_PROGADDR_RESET1048576_PROGADDR_IRQ0_STACKADDR1024...
          Done structuring (delay-based) logic partition in picorv32_ENABLE_COUNTERS1_BARREL_SHIFTER1_COMPRESSED_ISA1_ENABLE_MUL1_ENABLE_FAST_MUL0_ENABLE_DIV1_ENABLE_IRQ1_ENABLE_IRQ_QREGS0_PROGADDR_RESET1048576_PROGADDR_IRQ0_STACKADDR1024
        Mapping logic partition in picorv32_ENABLE_COUNTERS1_BARREL_SHIFTER1_COMPRESSED_ISA1_ENABLE_MUL1_ENABLE_FAST_MUL0_ENABLE_DIV1_ENABLE_IRQ1_ENABLE_IRQ_QREGS0_PROGADDR_RESET1048576_PROGADDR_IRQ0_STACKADDR1024...
        Distributing super-thread jobs: cb_seq_7141 cb_seq_7137 addsub_unsigned_288
          Sending 'cb_seq_7141' to server 'localhost_1_5'...
            Sent 'cb_seq_7141' to server 'localhost_1_5'.
          Sending 'cb_seq_7137' to server 'localhost_1_6'...
            Sent 'cb_seq_7137' to server 'localhost_1_6'.
          Sending 'addsub_unsigned_288' to server 'localhost_1_0'...
            Sent 'addsub_unsigned_288' to server 'localhost_1_0'.
          Received 'addsub_unsigned_288' from server 'localhost_1_0'. (473 ms elapsed)
          Received 'cb_seq_7137' from server 'localhost_1_6'. (547 ms elapsed)
          Received 'cb_seq_7141' from server 'localhost_1_5'. (597 ms elapsed)
          Structuring (delay-based) cb_seq_7141...
          Done structuring (delay-based) cb_seq_7141
        Mapping component cb_seq_7141...
          Structuring (delay-based) cb_seq_7137...
          Done structuring (delay-based) cb_seq_7137
        Mapping component cb_seq_7137...
          Structuring (delay-based) addsub_unsigned_288...
          Done structuring (delay-based) addsub_unsigned_288
        Mapping component addsub_unsigned_288...
        Distributing super-thread jobs: cb_part_7168
          Sending 'cb_part_7168' to server 'localhost_1_5'...
            Sent 'cb_part_7168' to server 'localhost_1_5'.
          Received 'cb_part_7168' from server 'localhost_1_5'. (503 ms elapsed)
          Structuring (delay-based) cb_part_7168...
          Done structuring (delay-based) cb_part_7168
        Mapping component cb_part_7168...
        Distributing super-thread jobs: add_unsigned_252_7 increment_unsigned_234_1763
          Sending 'add_unsigned_252_7' to server 'localhost_1_5'...
            Sent 'add_unsigned_252_7' to server 'localhost_1_5'.
          Sending 'increment_unsigned_234_1763' to server 'localhost_1_6'...
            Sent 'increment_unsigned_234_1763' to server 'localhost_1_6'.
          Received 'increment_unsigned_234_1763' from server 'localhost_1_6'. (174 ms elapsed)
          Received 'add_unsigned_252_7' from server 'localhost_1_5'. (243 ms elapsed)
          Structuring (delay-based) geq_unsigned_2070_rtlopto_model_1762...
          Done structuring (delay-based) geq_unsigned_2070_rtlopto_model_1762
        Mapping component geq_unsigned_2070_rtlopto_model_1762...
          Structuring (delay-based) decrement_unsigned_49431_50520...
          Done structuring (delay-based) decrement_unsigned_49431_50520
        Mapping component decrement_unsigned_49431_50520...
          Structuring (delay-based) decrement_unsigned_479_1759...
          Done structuring (delay-based) decrement_unsigned_479_1759
        Mapping component decrement_unsigned_479_1759...
          Structuring (delay-based) lt_unsigned_rtlopto_model_1766...
          Done structuring (delay-based) lt_unsigned_rtlopto_model_1766
        Mapping component lt_unsigned_rtlopto_model_1766...
          Structuring (delay-based) decrement_unsigned_766_1758...
          Done structuring (delay-based) decrement_unsigned_766_1758
        Mapping component decrement_unsigned_766_1758...
          Structuring (delay-based) sub_unsigned_2060...
          Done structuring (delay-based) sub_unsigned_2060
        Mapping component sub_unsigned_2060...
          Structuring (delay-based) lt_signed_rtlopto_model_1765...
          Done structuring (delay-based) lt_signed_rtlopto_model_1765
        Mapping component lt_signed_rtlopto_model_1765...
          Structuring (delay-based) add_unsigned_252_7...
          Done structuring (delay-based) add_unsigned_252_7
        Mapping component add_unsigned_252_7...
          Structuring (delay-based) increment_unsigned_234_1763...
          Done structuring (delay-based) increment_unsigned_234_1763
        Mapping component increment_unsigned_234_1763...
        Distributing super-thread jobs: cb_seq_7135
          Sending 'cb_seq_7135' to server 'localhost_1_5'...
            Sent 'cb_seq_7135' to server 'localhost_1_5'.
          Received 'cb_seq_7135' from server 'localhost_1_5'. (7307 ms elapsed)
          Structuring (delay-based) logic partition in picosoc...
          Done structuring (delay-based) logic partition in picosoc
        Mapping logic partition in picosoc...
          Structuring (delay-based) cb_seq_7135...
          Done structuring (delay-based) cb_seq_7135
        Mapping component cb_seq_7135...
 
Global mapping target info
==========================
Cost Group 'flash_clk' target slack:    82 ps
Target path end-point (Port: et4351/flash_io1)

          Pin                       Type          Fanout Load Arrival   
                                                         (fF)   (ps)    
------------------------------------------------------------------------
(clock clk)               <<<  launch                           24000 F 
soc
  spimemio
    cb_oseqi
      xfer_io1_90_reg/clk                                               
      xfer_io1_90_reg/q   (u)  unmapped_d_flop         1  1.2           
      g3370/in_1                                                        
      g3370/z             (u)  unmapped_complex2       1  1.1           
      g4134/in_2                                                        
      g4134/z             (u)  unmapped_nand3          1  1.2           
    cb_oseqi/flash_io1_do 
  spimemio/flash_io1_do 
soc/flash_io1_do 
flash_bufs_1_/soc_o 
  g1/in_0                                                               
  g1/z                    (u)  unmapped_bufif1         4 57.5           
flash_bufs_1_/io 
flash_io1                 <<<  interconnect                             
                               out port                                 
(et4351.sdc_line_70_5_1)       ext delay                                
- - - - - - - - - - - - - - - - - - - - - - - - - - - - - - - - - - - - 
(clock flash_clk)              capture                          32000 R 
                               uncertainty                              
------------------------------------------------------------------------
Cost Group   : 'flash_clk' (path_group 'flash_clk')
Start-point  : soc/spimemio/cb_oseqi/xfer_io1_90_reg/clk
End-point    : flash_io1

(u) : Net has unmapped pin(s).

The global mapper estimates a slack for this path of 2528ps.
 
Cost Group 'clk' target slack:   471 ps
Target path end-point (Pin: soc/cpu/mem_rdata_q_reg_27_/d)

            Pin                         Type          Fanout Load Arrival   
                                                             (fF)   (ps)    
----------------------------------------------------------------------------
(clock flash_clk)             <<<  launch                               0 R 
(et4351.sdc_line_68_3_1)           ext delay                                
flash_io3                     (u)  inout port              2 56.1           
flash_bufs_3_/io 
flash_bufs_3_/soc_i 
soc/flash_io3_di 
  cb_parti1323/flash_io3_di 
    g891/in_1                                                               
    g891/z                    (u)  unmapped_complex2       1  1.2           
    g1340/in_3                                                              
    g1340/z                   (u)  unmapped_nand6          2  2.2           
  cb_parti1323/cpu_mem_rdata[3] 
  cpu/mem_rdata[3] 
    cb_seqi/mem_rdata[3] 
      g56492/in_0                                                           
      g56492/z                (u)  unmapped_nand2          1  1.2           
      g56493/in_1                                                           
      g56493/z                (u)  unmapped_nand2          2  2.2           
      g55245/in_0                                                           
      g55245/z                (u)  unmapped_complex2       1  1.2           
      g58767/in_0                                                           
      g58767/z                (u)  unmapped_nand3         15 16.5           
      g58523/in_2                                                           
      g58523/z                (u)  unmapped_or3            1  1.1           
      g53031/in_1                                                           
      g53031/z                (u)  unmapped_or2            5  5.5           
      g58324/in_0                                                           
      g58324/z                (u)  unmapped_complex3       7  7.7           
      g49650/in_1                                                           
      g49650/z                (u)  unmapped_complex2       2  2.4           
      g49391/in_0                                                           
      g49391/z                (u)  unmapped_nand2          1  1.1           
      g49248/in_0                                                           
      g49248/z                (u)  unmapped_complex2       1  1.2           
      g58061/in_0                                                           
      g58061/z                (u)  unmapped_complex5       1  1.1           
      g47964/in_0                                                           
      g47964/z                (u)  unmapped_complex2       2  2.4           
      g58038/in_0                                                           
      g58038/z                (u)  unmapped_complex4       1  1.1           
      g47080/in_0                                                           
      g47080/z                (u)  unmapped_complex2       1  1.2           
      g47081/in_1                                                           
      g47081/z                (u)  unmapped_nand2         17 18.7           
      g58019/in_0                                                           
      g58019/z                (u)  unmapped_complex3      10 12.0           
      g58002/in_2                                                           
      g58002/z                (u)  unmapped_or3            3  3.6           
      g46969/in_0                                                           
      g46969/z                (u)  unmapped_nand2          4  4.4           
      g57981/in_0                                                           
      g57981/z                (u)  unmapped_complex5       1  1.1           
      g57959/in_0                                                           
      g57959/z                (u)  unmapped_complex3       1  1.1           
      g46835/in_0                                                           
      g46835/z                (u)  unmapped_complex2       1  1.1           
      g57945/in_1                                                           
      g57945/z                (u)  unmapped_nand6          1  1.2           
      mem_rdata_q_reg_27_/d   <<<  unmapped_d_flop                          
      mem_rdata_q_reg_27_/clk      setup                                    
- - - - - - - - - - - - - - - - - - - - - - - - - - - - - - - - - - - - - - 
(clock clk)                        capture                          16000 R 
                                   uncertainty                              
----------------------------------------------------------------------------
Cost Group   : 'clk' (path_group 'clk')
Start-point  : flash_io3
End-point    : soc/cpu/cb_seqi/mem_rdata_q_reg_27_/d

(u) : Net has unmapped pin(s).

The global mapper estimates a slack for this path of 5569ps.
 
Multi-threaded Technology Mapping (4 threads per ST process, 4 of 64 CPUs usable)
        Distributing super-thread jobs: cb_seq_7135
          Sending 'cb_seq_7135' to server 'localhost_1_5'...
            Sent 'cb_seq_7135' to server 'localhost_1_5'.
          Received 'cb_seq_7135' from server 'localhost_1_5'. (28116 ms elapsed)
          Restructuring (delay-based) logic partition in picosoc...
          Done restructuring (delay-based) logic partition in picosoc
        Optimizing logic partition in picosoc...
          Restructuring (delay-based) cb_seq_7135...
          Done restructuring (delay-based) cb_seq_7135
        Optimizing component cb_seq_7135...
        Distributing super-thread jobs: add_unsigned_252_7 increment_unsigned_234_1763
          Sending 'add_unsigned_252_7' to server 'localhost_1_5'...
            Sent 'add_unsigned_252_7' to server 'localhost_1_5'.
          Sending 'increment_unsigned_234_1763' to server 'localhost_1_6'...
            Sent 'increment_unsigned_234_1763' to server 'localhost_1_6'.
          Received 'increment_unsigned_234_1763' from server 'localhost_1_6'. (1517 ms elapsed)
          Received 'add_unsigned_252_7' from server 'localhost_1_5'. (2015 ms elapsed)
          Restructuring (delay-based) decrement_unsigned_479_1759...
          Done restructuring (delay-based) decrement_unsigned_479_1759
        Optimizing component decrement_unsigned_479_1759...
        Early Area Reclamation for decrement_unsigned_479_1759 'very_fast' (slack=13873, area=12)...
          Restructuring (delay-based) decrement_unsigned...
          Done restructuring (delay-based) decrement_unsigned
        Optimizing component decrement_unsigned...
          Restructuring (delay-based) decrement_unsigned_766_1758...
          Done restructuring (delay-based) decrement_unsigned_766_1758
        Optimizing component decrement_unsigned_766_1758...
        Early Area Reclamation for decrement_unsigned_766_1758 'very_fast' (slack=10806, area=144)...
          Restructuring (delay-based) decrement_unsigned...
          Done restructuring (delay-based) decrement_unsigned
        Optimizing component decrement_unsigned...
          Restructuring (delay-based) decrement_unsigned_49431_50520...
          Done restructuring (delay-based) decrement_unsigned_49431_50520
        Optimizing component decrement_unsigned_49431_50520...
        Early Area Reclamation for decrement_unsigned_49431_50520 'very_fast' (slack=14042, area=9)...
          Restructuring (delay-based) decrement_unsigned...
          Done restructuring (delay-based) decrement_unsigned
        Optimizing component decrement_unsigned...
          Restructuring (delay-based) sub_unsigned_2060...
          Done restructuring (delay-based) sub_unsigned_2060
        Optimizing component sub_unsigned_2060...
        Early Area Reclamation for sub_unsigned_2060 'very_fast' (slack=14008, area=6)...
          Restructuring (delay-based) sub_unsigned...
          Done restructuring (delay-based) sub_unsigned
        Optimizing component sub_unsigned...
          Restructuring (delay-based) sub_unsigned...
          Done restructuring (delay-based) sub_unsigned
        Optimizing component sub_unsigned...
          Restructuring (delay-based) lt_unsigned_rtlopto_model_1766...
          Done restructuring (delay-based) lt_unsigned_rtlopto_model_1766
        Optimizing component lt_unsigned_rtlopto_model_1766...
        Early Area Reclamation for lt_unsigned_rtlopto_model_1766 'very_fast' (slack=11826, area=167)...
          Restructuring (delay-based) lt_unsigned...
          Done restructuring (delay-based) lt_unsigned
        Optimizing component lt_unsigned...
          Restructuring (delay-based) lt_signed_rtlopto_model_1765...
          Done restructuring (delay-based) lt_signed_rtlopto_model_1765
        Optimizing component lt_signed_rtlopto_model_1765...
        Early Area Reclamation for lt_signed_rtlopto_model_1765 'very_fast' (slack=11810, area=167)...
          Restructuring (delay-based) lt_signed...
          Done restructuring (delay-based) lt_signed
        Optimizing component lt_signed...
          Restructuring (delay-based) lt_signed...
          Done restructuring (delay-based) lt_signed
        Optimizing component lt_signed...
          Restructuring (delay-based) geq_unsigned_2070_rtlopto_model_1762...
          Done restructuring (delay-based) geq_unsigned_2070_rtlopto_model_1762
        Optimizing component geq_unsigned_2070_rtlopto_model_1762...
        Early Area Reclamation for geq_unsigned_2070_rtlopto_model_1762 'very_fast' (slack=13624, area=2)...
          Restructuring (delay-based) geq_unsigned...
          Done restructuring (delay-based) geq_unsigned
        Optimizing component geq_unsigned...
          Restructuring (delay-based) geq_unsigned...
          Done restructuring (delay-based) geq_unsigned
        Optimizing component geq_unsigned...
          Restructuring (delay-based) add_unsigned_252_7...
          Done restructuring (delay-based) add_unsigned_252_7
        Optimizing component add_unsigned_252_7...
        Early Area Reclamation for add_unsigned_252_7 'very_fast' (slack=10470, area=157)...
          Restructuring (delay-based) add_unsigned...
          Done restructuring (delay-based) add_unsigned
        Optimizing component add_unsigned...
          Restructuring (delay-based) add_unsigned...
          Done restructuring (delay-based) add_unsigned
        Optimizing component add_unsigned...
          Restructuring (delay-based) increment_unsigned_234_1763...
          Done restructuring (delay-based) increment_unsigned_234_1763
        Optimizing component increment_unsigned_234_1763...
        Early Area Reclamation for increment_unsigned_234_1763 'very_fast' (slack=11292, area=112)...
          Restructuring (delay-based) increment_unsigned...
          Done restructuring (delay-based) increment_unsigned
        Optimizing component increment_unsigned...
          Restructuring (delay-based) increment_unsigned...
          Done restructuring (delay-based) increment_unsigned
        Optimizing component increment_unsigned...
        Distributing super-thread jobs: cb_part_7168
          Sending 'cb_part_7168' to server 'localhost_1_5'...
            Sent 'cb_part_7168' to server 'localhost_1_5'.
          Received 'cb_part_7168' from server 'localhost_1_5'. (1940 ms elapsed)
          Restructuring (delay-based) cb_part_7168...
          Done restructuring (delay-based) cb_part_7168
        Optimizing component cb_part_7168...
        Distributing super-thread jobs: cb_seq_7141 cb_seq_7137
          Sending 'cb_seq_7141' to server 'localhost_1_5'...
            Sent 'cb_seq_7141' to server 'localhost_1_5'.
          Sending 'cb_seq_7137' to server 'localhost_1_6'...
            Sent 'cb_seq_7137' to server 'localhost_1_6'.
          Received 'cb_seq_7137' from server 'localhost_1_6'. (1202 ms elapsed)
          Received 'cb_seq_7141' from server 'localhost_1_5'. (2033 ms elapsed)
          Restructuring (delay-based) cb_seq_7141...
          Done restructuring (delay-based) cb_seq_7141
        Optimizing component cb_seq_7141...
          Restructuring (delay-based) cb_seq_7137...
          Done restructuring (delay-based) cb_seq_7137
        Optimizing component cb_seq_7137...
        Distributing super-thread jobs: addsub_unsigned_288
          Sending 'addsub_unsigned_288' to server 'localhost_1_5'...
            Sent 'addsub_unsigned_288' to server 'localhost_1_5'.
          Received 'addsub_unsigned_288' from server 'localhost_1_5'. (2552 ms elapsed)
          Restructuring (delay-based) addsub_unsigned_288...
          Done restructuring (delay-based) addsub_unsigned_288
        Optimizing component addsub_unsigned_288...
        Early Area Reclamation for addsub_unsigned_288 'very_fast' (slack=10656, area=244)...
          Restructuring (delay-based) addsub_unsigned...
          Done restructuring (delay-based) addsub_unsigned
        Optimizing component addsub_unsigned...
          Restructuring (delay-based) addsub_unsigned...
          Done restructuring (delay-based) addsub_unsigned
        Optimizing component addsub_unsigned...
          Restructuring (delay-based) logic partition in picorv32_ENABLE_COUNTERS1_BARREL_SHIFTER1_COMPRESSED_ISA1_ENABLE_MUL1_ENABLE_FAST_MUL0_ENABLE_DIV1_ENABLE_IRQ1_ENABLE_IRQ_QREGS0_PROGADDR_RESET1048576_PROGADDR_IRQ0_STACKADDR1024...
          Done restructuring (delay-based) logic partition in picorv32_ENABLE_COUNTERS1_BARREL_SHIFTER1_COMPRESSED_ISA1_ENABLE_MUL1_ENABLE_FAST_MUL0_ENABLE_DIV1_ENABLE_IRQ1_ENABLE_IRQ_QREGS0_PROGADDR_RESET1048576_PROGADDR_IRQ0_STACKADDR1024
        Optimizing logic partition in picorv32_ENABLE_COUNTERS1_BARREL_SHIFTER1_COMPRESSED_ISA1_ENABLE_MUL1_ENABLE_FAST_MUL0_ENABLE_DIV1_ENABLE_IRQ1_ENABLE_IRQ_QREGS0_PROGADDR_RESET1048576_PROGADDR_IRQ0_STACKADDR1024...
          Restructuring (delay-based) logic partition in picosoc...
          Done restructuring (delay-based) logic partition in picosoc
        Optimizing logic partition in picosoc...
        Distributing super-thread jobs: cb_seq_7127 cb_seq_7129
          Sending 'cb_seq_7127' to server 'localhost_1_5'...
            Sent 'cb_seq_7127' to server 'localhost_1_5'.
          Sending 'cb_seq_7129' to server 'localhost_1_6'...
            Sent 'cb_seq_7129' to server 'localhost_1_6'.
          Received 'cb_seq_7129' from server 'localhost_1_6'. (2549 ms elapsed)
          Received 'cb_seq_7127' from server 'localhost_1_5'. (18548 ms elapsed)
          Restructuring (delay-based) cb_seq_7127...
          Done restructuring (delay-based) cb_seq_7127
        Optimizing component cb_seq_7127...
          Restructuring (delay-based) cb_seq_7129...
          Done restructuring (delay-based) cb_seq_7129
        Optimizing component cb_seq_7129...
        Distributing super-thread jobs: cb_part_7164
          Sending 'cb_part_7164' to server 'localhost_1_5'...
            Sent 'cb_part_7164' to server 'localhost_1_5'.
          Received 'cb_part_7164' from server 'localhost_1_5'. (937 ms elapsed)
          Restructuring (delay-based) increment_unsigned_49432_49614...
          Done restructuring (delay-based) increment_unsigned_49432_49614
        Optimizing component increment_unsigned_49432_49614...
        Early Area Reclamation for increment_unsigned_49432_49614 'very_fast' (slack=14169, area=10)...
          Restructuring (delay-based) increment_unsigned...
          Done restructuring (delay-based) increment_unsigned
        Optimizing component increment_unsigned...
          Restructuring (delay-based) increment_unsigned...
          Done restructuring (delay-based) increment_unsigned
        Optimizing component increment_unsigned...
          Restructuring (delay-based) add_unsigned_2052...
          Done restructuring (delay-based) add_unsigned_2052
        Optimizing component add_unsigned_2052...
        Early Area Reclamation for add_unsigned_2052 'very_fast' (slack=11663, area=79)...
          Restructuring (delay-based) add_unsigned...
          Done restructuring (delay-based) add_unsigned
        Optimizing component add_unsigned...
          Restructuring (delay-based) add_unsigned...
          Done restructuring (delay-based) add_unsigned
        Optimizing component add_unsigned...
          Restructuring (delay-based) gt_unsigned_2_rtlopto_model_49612...
          Done restructuring (delay-based) gt_unsigned_2_rtlopto_model_49612
        Optimizing component gt_unsigned_2_rtlopto_model_49612...
        Early Area Reclamation for gt_unsigned_2_rtlopto_model_49612 'very_fast' (slack=11848, area=167)...
          Restructuring (delay-based) gt_unsigned...
          Done restructuring (delay-based) gt_unsigned
        Optimizing component gt_unsigned...
          Restructuring (delay-based) gt_unsigned_2042_rtlopto_model_49611...
          Done restructuring (delay-based) gt_unsigned_2042_rtlopto_model_49611
        Optimizing component gt_unsigned_2042_rtlopto_model_49611...
        Early Area Reclamation for gt_unsigned_2042_rtlopto_model_49611 'very_fast' (slack=11986, area=158)...
          Restructuring (delay-based) gt_unsigned...
          Done restructuring (delay-based) gt_unsigned
        Optimizing component gt_unsigned...
          Restructuring (delay-based) decrement_unsigned_49431_49610...
          Done restructuring (delay-based) decrement_unsigned_49431_49610
        Optimizing component decrement_unsigned_49431_49610...
        Early Area Reclamation for decrement_unsigned_49431_49610 'very_fast' (slack=14112, area=9)...
          Restructuring (delay-based) decrement_unsigned...
          Done restructuring (delay-based) decrement_unsigned
        Optimizing component decrement_unsigned...
          Restructuring (delay-based) lt_unsigned_2030_rtlopto_model_50510...
          Done restructuring (delay-based) lt_unsigned_2030_rtlopto_model_50510
        Optimizing component lt_unsigned_2030_rtlopto_model_50510...
        Early Area Reclamation for lt_unsigned_2030_rtlopto_model_50510 'very_fast' (slack=13755, area=14)...
          Restructuring (delay-based) lt_unsigned...
          Done restructuring (delay-based) lt_unsigned
        Optimizing component lt_unsigned...
          Restructuring (delay-based) lt_unsigned...
          Done restructuring (delay-based) lt_unsigned
        Optimizing component lt_unsigned...
          Restructuring (delay-based) gt_unsigned_2_rtlopto_model_49612_2279...
          Done restructuring (delay-based) gt_unsigned_2_rtlopto_model_49612_2279
        Optimizing component gt_unsigned_2_rtlopto_model_49612_2279...
        Early Area Reclamation for gt_unsigned_2_rtlopto_model_49612_2279 'very_fast' (slack=12026, area=164)...
          Restructuring (delay-based) gt_unsigned...
          Done restructuring (delay-based) gt_unsigned
        Optimizing component gt_unsigned...
          Restructuring (delay-based) cb_part_7164...
          Done restructuring (delay-based) cb_part_7164
        Optimizing component cb_part_7164...
        Distributing super-thread jobs: cb_seq
          Sending 'cb_seq' to server 'localhost_1_5'...
            Sent 'cb_seq' to server 'localhost_1_5'.
          Received 'cb_seq' from server 'localhost_1_5'. (6448 ms elapsed)
          Restructuring (delay-based) cb_seq...
          Done restructuring (delay-based) cb_seq
        Optimizing component cb_seq...
        Distributing super-thread jobs: cb_part_7166
          Sending 'cb_part_7166' to server 'localhost_1_5'...
            Sent 'cb_part_7166' to server 'localhost_1_5'.
          Received 'cb_part_7166' from server 'localhost_1_5'. (857 ms elapsed)
          Restructuring (delay-based) logic partition in simpleuart...
          Done restructuring (delay-based) logic partition in simpleuart
        Optimizing logic partition in simpleuart...
          Restructuring (delay-based) cb_part_7166...
          Done restructuring (delay-based) cb_part_7166
        Optimizing component cb_part_7166...
        Distributing super-thread jobs: cb_oseq_7128 add_signed_4_2310 add_signed_4 sub_signed_4 sub_signed_4_2311
          Sending 'cb_oseq_7128' to server 'localhost_1_5'...
            Sent 'cb_oseq_7128' to server 'localhost_1_5'.
          Sending 'add_signed_4_2310' to server 'localhost_1_6'...
            Sent 'add_signed_4_2310' to server 'localhost_1_6'.
          Sending 'add_signed_4' to server 'localhost_1_0'...
            Sent 'add_signed_4' to server 'localhost_1_0'.
          Sending 'sub_signed_4' to server 'localhost_1_4'...
            Sent 'sub_signed_4' to server 'localhost_1_4'.
          Received 'add_signed_4_2310' from server 'localhost_1_6'. (2062 ms elapsed)
          Sending 'sub_signed_4_2311' to server 'localhost_1_6'...
            Sent 'sub_signed_4_2311' to server 'localhost_1_6'.
          Received 'add_signed_4' from server 'localhost_1_0'. (2923 ms elapsed)
          Received 'sub_signed_4' from server 'localhost_1_4'. (3535 ms elapsed)
          Received 'sub_signed_4_2311' from server 'localhost_1_6'. (3282 ms elapsed)
          Received 'cb_oseq_7128' from server 'localhost_1_5'. (11265 ms elapsed)
          Restructuring (delay-based) lt_unsigned_2010_rtlopto_model_50108...
          Done restructuring (delay-based) lt_unsigned_2010_rtlopto_model_50108
        Optimizing component lt_unsigned_2010_rtlopto_model_50108...
        Early Area Reclamation for lt_unsigned_2010_rtlopto_model_50108 'very_fast' (slack=9119, area=12)...
          Restructuring (delay-based) lt_unsigned...
          Done restructuring (delay-based) lt_unsigned
        Optimizing component lt_unsigned...
          Restructuring (delay-based) lt_unsigned...
          Done restructuring (delay-based) lt_unsigned
        Optimizing component lt_unsigned...
          Restructuring (delay-based) gt_unsigned_1260_rtlopto_model_48282...
          Done restructuring (delay-based) gt_unsigned_1260_rtlopto_model_48282
        Optimizing component gt_unsigned_1260_rtlopto_model_48282...
        Early Area Reclamation for gt_unsigned_1260_rtlopto_model_48282 'very_fast' (slack=13368, area=20)...
          Restructuring (delay-based) gt_unsigned...
          Done restructuring (delay-based) gt_unsigned
        Optimizing component gt_unsigned...
          Restructuring (delay-based) gt_unsigned...
          Done restructuring (delay-based) gt_unsigned
        Optimizing component gt_unsigned...
          Restructuring (delay-based) cb_oseq_7128...
          Done restructuring (delay-based) cb_oseq_7128
        Optimizing component cb_oseq_7128...
          Restructuring (delay-based) add_signed_4_2310...
          Done restructuring (delay-based) add_signed_4_2310
        Optimizing component add_signed_4_2310...
        Early Area Reclamation for add_signed_4_2310 'very_fast' (slack=9121, area=162)...
          Restructuring (delay-based) add_signed...
          Done restructuring (delay-based) add_signed
        Optimizing component add_signed...
          Restructuring (delay-based) add_signed...
          Done restructuring (delay-based) add_signed
        Optimizing component add_signed...
          Restructuring (delay-based) add_signed_4...
          Done restructuring (delay-based) add_signed_4
        Optimizing component add_signed_4...
        Early Area Reclamation for add_signed_4 'very_fast' (slack=9203, area=162)...
          Restructuring (delay-based) add_signed...
          Done restructuring (delay-based) add_signed
        Optimizing component add_signed...
          Restructuring (delay-based) add_signed...
          Done restructuring (delay-based) add_signed
        Optimizing component add_signed...
          Restructuring (delay-based) sub_signed_4...
          Done restructuring (delay-based) sub_signed_4
        Optimizing component sub_signed_4...
        Early Area Reclamation for sub_signed_4 'very_fast' (slack=9198, area=205)...
          Restructuring (delay-based) sub_signed...
          Done restructuring (delay-based) sub_signed
        Optimizing component sub_signed...
          Restructuring (delay-based) sub_signed...
          Done restructuring (delay-based) sub_signed
        Optimizing component sub_signed...
          Restructuring (delay-based) sub_signed_4_2311...
          Done restructuring (delay-based) sub_signed_4_2311
        Optimizing component sub_signed_4_2311...
        Early Area Reclamation for sub_signed_4_2311 'very_fast' (slack=9113, area=205)...
          Restructuring (delay-based) sub_signed...
          Done restructuring (delay-based) sub_signed
        Optimizing component sub_signed...
          Restructuring (delay-based) sub_signed...
          Done restructuring (delay-based) sub_signed
        Optimizing component sub_signed...
          Restructuring (delay-based) logic partition in accelerator...
          Done restructuring (delay-based) logic partition in accelerator
        Optimizing logic partition in accelerator...
        Distributing super-thread jobs: cb_seq_7133
          Sending 'cb_seq_7133' to server 'localhost_1_5'...
            Sent 'cb_seq_7133' to server 'localhost_1_5'.
          Received 'cb_seq_7133' from server 'localhost_1_5'. (2573 ms elapsed)
          Restructuring (delay-based) cb_seq_7133...
          Done restructuring (delay-based) cb_seq_7133
        Optimizing component cb_seq_7133...
        Distributing super-thread jobs: cb_part_7153
          Sending 'cb_part_7153' to server 'localhost_1_5'...
            Sent 'cb_part_7153' to server 'localhost_1_5'.
          Received 'cb_part_7153' from server 'localhost_1_5'. (2162 ms elapsed)
          Restructuring (delay-based) logic partition in picosoc...
          Done restructuring (delay-based) logic partition in picosoc
        Optimizing logic partition in picosoc...
          Restructuring (delay-based) sub_unsigned_2007...
          Done restructuring (delay-based) sub_unsigned_2007
        Optimizing component sub_unsigned_2007...
        Early Area Reclamation for sub_unsigned_2007 'very_fast' (slack=9060, area=12)...
          Restructuring (delay-based) sub_unsigned...
          Done restructuring (delay-based) sub_unsigned
        Optimizing component sub_unsigned...
          Restructuring (delay-based) geq_unsigned_2013_rtlopto_model_50107...
          Done restructuring (delay-based) geq_unsigned_2013_rtlopto_model_50107
        Optimizing component geq_unsigned_2013_rtlopto_model_50107...
        Early Area Reclamation for geq_unsigned_2013_rtlopto_model_50107 'very_fast' (slack=8577, area=12)...
          Restructuring (delay-based) geq_unsigned...
          Done restructuring (delay-based) geq_unsigned
        Optimizing component geq_unsigned...
          Restructuring (delay-based) geq_unsigned...
          Done restructuring (delay-based) geq_unsigned
        Optimizing component geq_unsigned...
          Restructuring (delay-based) increment_unsigned_15058_48283...
          Done restructuring (delay-based) increment_unsigned_15058_48283
        Optimizing component increment_unsigned_15058_48283...
        Early Area Reclamation for increment_unsigned_15058_48283 'very_fast' (slack=13381, area=14)...
          Restructuring (delay-based) increment_unsigned...
          Done restructuring (delay-based) increment_unsigned
        Optimizing component increment_unsigned...
          Restructuring (delay-based) increment_unsigned...
          Done restructuring (delay-based) increment_unsigned
        Optimizing component increment_unsigned...
          Restructuring (delay-based) cb_part_7153...
          Done restructuring (delay-based) cb_part_7153
        Optimizing component cb_part_7153...
        Distributing super-thread jobs: csa_tree_sub_279_40_Y_minus_286_46_Y_sub_293_39_group_19 csa_tree_minus_287_47_Y_sub_295_46_group_21 sub_unsigned_114_1
          Sending 'csa_tree_sub_279_40_Y_minus_286_46_Y_sub_293_39_group_19' to server 'localhost_1_5'...
            Sent 'csa_tree_sub_279_40_Y_minus_286_46_Y_sub_293_39_group_19' to server 'localhost_1_5'.
          Sending 'csa_tree_minus_287_47_Y_sub_295_46_group_21' to server 'localhost_1_6'...
            Sent 'csa_tree_minus_287_47_Y_sub_295_46_group_21' to server 'localhost_1_6'.
          Sending 'sub_unsigned_114_1' to server 'localhost_1_0'...
            Sent 'sub_unsigned_114_1' to server 'localhost_1_0'.
          Received 'sub_unsigned_114_1' from server 'localhost_1_0'. (2760 ms elapsed)
          Received 'csa_tree_minus_287_47_Y_sub_295_46_group_21' from server 'localhost_1_6'. (6305 ms elapsed)
          Received 'csa_tree_sub_279_40_Y_minus_286_46_Y_sub_293_39_group_19' from server 'localhost_1_5'. (6625 ms elapsed)
          Restructuring (delay-based) decrement_unsigned_15055_48280...
          Done restructuring (delay-based) decrement_unsigned_15055_48280
        Optimizing component decrement_unsigned_15055_48280...
        Early Area Reclamation for decrement_unsigned_15055_48280 'very_fast' (slack=8929, area=17)...
          Restructuring (delay-based) decrement_unsigned...
          Done restructuring (delay-based) decrement_unsigned
        Optimizing component decrement_unsigned...
          Restructuring (delay-based) WALLACE_CSA_DUMMY_OP_group_48297...
          Done restructuring (delay-based) WALLACE_CSA_DUMMY_OP_group_48297
        Optimizing component WALLACE_CSA_DUMMY_OP_group_48297...
        Pre-mapped Exploration for WALLACE_CSA_DUMMY_OP_group_48297 'very_fast' (slack=8429, area=56)...
          Restructuring (delay-based) WALLACE_CSA_DUMMY_OP_group...
          Done restructuring (delay-based) WALLACE_CSA_DUMMY_OP_group
        Optimizing component WALLACE_CSA_DUMMY_OP_group...
        Early Area Reclamation for WALLACE_CSA_DUMMY_OP_group_48297 'very_fast' (slack=8429, area=56)...
          Restructuring (delay-based) WALLACE_CSA_DUMMY_OP_group...
          Done restructuring (delay-based) WALLACE_CSA_DUMMY_OP_group
        Optimizing component WALLACE_CSA_DUMMY_OP_group...
          Restructuring (delay-based) WALLACE_CSA_DUMMY_OP_group...
          Done restructuring (delay-based) WALLACE_CSA_DUMMY_OP_group
        Optimizing component WALLACE_CSA_DUMMY_OP_group...
          Restructuring (delay-based) gt_unsigned_rtlopto_model_50507...
          Done restructuring (delay-based) gt_unsigned_rtlopto_model_50507
        Optimizing component gt_unsigned_rtlopto_model_50507...
        Early Area Reclamation for gt_unsigned_rtlopto_model_50507 'very_fast' (slack=8518, area=4)...
          Restructuring (delay-based) gt_unsigned...
          Done restructuring (delay-based) gt_unsigned
        Optimizing component gt_unsigned...
          Restructuring (delay-based) gt_unsigned...
          Done restructuring (delay-based) gt_unsigned
        Optimizing component gt_unsigned...
          Restructuring (delay-based) csa_tree_sub_279_40_Y_minus_286_46_Y_sub_293_39_group_19...
          Done restructuring (delay-based) csa_tree_sub_279_40_Y_minus_286_46_Y_sub_293_39_group_19
        Optimizing component csa_tree_sub_279_40_Y_minus_286_46_Y_sub_293_39_group_19...
        Pre-mapped Exploration for csa_tree_sub_279_40_Y_minus_286_46_Y_sub_293_39_group_19 'very_fast' (slack=8192, area=565)...
          Restructuring (delay-based) csa_tree_sub_279_40_Y_minus_286_46_Y_sub_293_39_group...
          Done restructuring (delay-based) csa_tree_sub_279_40_Y_minus_286_46_Y_sub_293_39_group
        Optimizing component csa_tree_sub_279_40_Y_minus_286_46_Y_sub_293_39_group...
        Early Area Reclamation for csa_tree_sub_279_40_Y_minus_286_46_Y_sub_293_39_group_19 'very_fast' (slack=8192, area=565)...
          Restructuring (delay-based) csa_tree_sub_279_40_Y_minus_286_46_Y_sub_293_39_group...
          Done restructuring (delay-based) csa_tree_sub_279_40_Y_minus_286_46_Y_sub_293_39_group
        Optimizing component csa_tree_sub_279_40_Y_minus_286_46_Y_sub_293_39_group...
          Restructuring (delay-based) csa_tree_sub_279_40_Y_minus_286_46_Y_sub_293_39_group...
          Done restructuring (delay-based) csa_tree_sub_279_40_Y_minus_286_46_Y_sub_293_39_group
        Optimizing component csa_tree_sub_279_40_Y_minus_286_46_Y_sub_293_39_group...
          Restructuring (delay-based) csa_tree_minus_287_47_Y_sub_295_46_group_21...
          Done restructuring (delay-based) csa_tree_minus_287_47_Y_sub_295_46_group_21
        Optimizing component csa_tree_minus_287_47_Y_sub_295_46_group_21...
        Pre-mapped Exploration for csa_tree_minus_287_47_Y_sub_295_46_group_21 'very_fast' (slack=9641, area=568)...
          Restructuring (delay-based) csa_tree_minus_287_47_Y_sub_295_46_group...
          Done restructuring (delay-based) csa_tree_minus_287_47_Y_sub_295_46_group
        Optimizing component csa_tree_minus_287_47_Y_sub_295_46_group...
        Early Area Reclamation for csa_tree_minus_287_47_Y_sub_295_46_group_21 'very_fast' (slack=9641, area=568)...
          Restructuring (delay-based) csa_tree_minus_287_47_Y_sub_295_46_group...
          Done restructuring (delay-based) csa_tree_minus_287_47_Y_sub_295_46_group
        Optimizing component csa_tree_minus_287_47_Y_sub_295_46_group...
          Restructuring (delay-based) csa_tree_minus_287_47_Y_sub_295_46_group...
          Done restructuring (delay-based) csa_tree_minus_287_47_Y_sub_295_46_group
        Optimizing component csa_tree_minus_287_47_Y_sub_295_46_group...
          Restructuring (delay-based) sub_unsigned_114_1...
          Done restructuring (delay-based) sub_unsigned_114_1
        Optimizing component sub_unsigned_114_1...
        Early Area Reclamation for sub_unsigned_114_1 'very_fast' (slack=10897, area=205)...
          Restructuring (delay-based) sub_unsigned...
          Done restructuring (delay-based) sub_unsigned
        Optimizing component sub_unsigned...
          Restructuring (delay-based) sub_unsigned...
          Done restructuring (delay-based) sub_unsigned
        Optimizing component sub_unsigned...
          Restructuring (delay-based) logic partition in DPOPT_INTERNAL_INST_2698...
          Done restructuring (delay-based) logic partition in DPOPT_INTERNAL_INST_2698
        Optimizing logic partition in DPOPT_INTERNAL_INST_2698...
          Restructuring (delay-based) logic partition in DPOPT_INTERNAL_INST_2702...
          Done restructuring (delay-based) logic partition in DPOPT_INTERNAL_INST_2702
        Optimizing logic partition in DPOPT_INTERNAL_INST_2702...
          Restructuring (delay-based) logic partition in DPOPT_INTERNAL_INST_2697...
          Done restructuring (delay-based) logic partition in DPOPT_INTERNAL_INST_2697
        Optimizing logic partition in DPOPT_INTERNAL_INST_2697...
          Restructuring (delay-based) logic partition in DPOPT_INTERNAL_INST_2701...
          Done restructuring (delay-based) logic partition in DPOPT_INTERNAL_INST_2701
        Optimizing logic partition in DPOPT_INTERNAL_INST_2701...
          Restructuring (delay-based) logic partition in DPOPT_INTERNAL_INST_2696...
          Done restructuring (delay-based) logic partition in DPOPT_INTERNAL_INST_2696
        Optimizing logic partition in DPOPT_INTERNAL_INST_2696...
          Restructuring (delay-based) logic partition in DPOPT_INTERNAL_INST_2700...
          Done restructuring (delay-based) logic partition in DPOPT_INTERNAL_INST_2700
        Optimizing logic partition in DPOPT_INTERNAL_INST_2700...
          Restructuring (delay-based) logic partition in DPOPT_INTERNAL_INST...
          Done restructuring (delay-based) logic partition in DPOPT_INTERNAL_INST
        Optimizing logic partition in DPOPT_INTERNAL_INST...
          Restructuring (delay-based) logic partition in DPOPT_INTERNAL_INST_2699...
          Done restructuring (delay-based) logic partition in DPOPT_INTERNAL_INST_2699
        Optimizing logic partition in DPOPT_INTERNAL_INST_2699...
        Distributing super-thread jobs: cb_seq_7131 cb_seq_7154
          Sending 'cb_seq_7131' to server 'localhost_1_5'...
            Sent 'cb_seq_7131' to server 'localhost_1_5'.
          Sending 'cb_seq_7154' to server 'localhost_1_6'...
            Sent 'cb_seq_7154' to server 'localhost_1_6'.
          Received 'cb_seq_7131' from server 'localhost_1_5'. (459 ms elapsed)
          Restructuring (delay-based) cb_seq_7131...
          Done restructuring (delay-based) cb_seq_7131
        Optimizing component cb_seq_7131...
          Received 'cb_seq_7154' from server 'localhost_1_6'. (879 ms elapsed)
          Restructuring (delay-based) cb_seq_7154...
          Done restructuring (delay-based) cb_seq_7154
        Optimizing component cb_seq_7154...
        Distributing super-thread jobs: csa_tree_add_296_46_group_27 csa_tree_add_280_40_Y_add_294_39_group_29 csa_tree_45930_2326 csa_tree_45930_2327 csa_tree_45930 csa_tree_45930_2328 cb_part_7170
          Sending 'csa_tree_add_296_46_group_27' to server 'localhost_1_5'...
            Sent 'csa_tree_add_296_46_group_27' to server 'localhost_1_5'.
          Sending 'csa_tree_add_280_40_Y_add_294_39_group_29' to server 'localhost_1_6'...
            Sent 'csa_tree_add_280_40_Y_add_294_39_group_29' to server 'localhost_1_6'.
          Sending 'csa_tree_45930_2326' to server 'localhost_1_0'...
            Sent 'csa_tree_45930_2326' to server 'localhost_1_0'.
          Sending 'csa_tree_45930_2327' to server 'localhost_1_4'...
            Sent 'csa_tree_45930_2327' to server 'localhost_1_4'.
          Received 'csa_tree_45930_2327' from server 'localhost_1_4'. (9248 ms elapsed)
          Sending 'csa_tree_45930' to server 'localhost_1_4'...
            Sent 'csa_tree_45930' to server 'localhost_1_4'.
          Received 'csa_tree_45930_2326' from server 'localhost_1_0'. (10455 ms elapsed)
          Sending 'csa_tree_45930_2328' to server 'localhost_1_0'...
            Sent 'csa_tree_45930_2328' to server 'localhost_1_0'.
          Received 'csa_tree_45930' from server 'localhost_1_4'. (8799 ms elapsed)
          Sending 'cb_part_7170' to server 'localhost_1_4'...
            Sent 'cb_part_7170' to server 'localhost_1_4'.
          Received 'csa_tree_45930_2328' from server 'localhost_1_0'. (8902 ms elapsed)
          Received 'cb_part_7170' from server 'localhost_1_4'. (2688 ms elapsed)
          Received 'csa_tree_add_280_40_Y_add_294_39_group_29' from server 'localhost_1_6'. (67966 ms elapsed)
          Received 'csa_tree_add_296_46_group_27' from server 'localhost_1_5'. (70190 ms elapsed)
          Restructuring (delay-based) logic partition in accelerator_fft_LOG_MAX_N32_MEM_WIDTH32_ADDR_WIDTH6...
          Done restructuring (delay-based) logic partition in accelerator_fft_LOG_MAX_N32_MEM_WIDTH32_ADDR_WIDTH6
        Optimizing logic partition in accelerator_fft_LOG_MAX_N32_MEM_WIDTH32_ADDR_WIDTH6...
          Restructuring (delay-based) logic partition in accelerator_fft_LOG_MAX_N32_MEM_WIDTH32_ADDR_WIDTH6...
          Done restructuring (delay-based) logic partition in accelerator_fft_LOG_MAX_N32_MEM_WIDTH32_ADDR_WIDTH6
        Optimizing logic partition in accelerator_fft_LOG_MAX_N32_MEM_WIDTH32_ADDR_WIDTH6...
          Restructuring (delay-based) csa_tree_add_296_46_group_27...
          Done restructuring (delay-based) csa_tree_add_296_46_group_27
        Optimizing component csa_tree_add_296_46_group_27...
        Pre-mapped Exploration for csa_tree_add_296_46_group_27 'very_fast' (slack=9779, area=5500)...
          Restructuring (delay-based) csa_tree_add_296_46_group...
          Done restructuring (delay-based) csa_tree_add_296_46_group
        Optimizing component csa_tree_add_296_46_group...
          Restructuring (delay-based) csa_tree_add_296_46_group...
          Done restructuring (delay-based) csa_tree_add_296_46_group
        Optimizing component csa_tree_add_296_46_group...
        Early Area Reclamation for csa_tree_add_296_46_group_27 'very_fast' (slack=9467, area=5381)...
          Restructuring (delay-based) csa_tree_add_296_46_group...
          Done restructuring (delay-based) csa_tree_add_296_46_group
        Optimizing component csa_tree_add_296_46_group...
          Restructuring (delay-based) csa_tree_add_296_46_group...
          Done restructuring (delay-based) csa_tree_add_296_46_group
        Optimizing component csa_tree_add_296_46_group...
          Restructuring (delay-based) csa_tree_add_296_46_group...
          Done restructuring (delay-based) csa_tree_add_296_46_group
        Optimizing component csa_tree_add_296_46_group...
          Restructuring (delay-based) csa_tree_add_296_46_group...
          Done restructuring (delay-based) csa_tree_add_296_46_group
        Optimizing component csa_tree_add_296_46_group...
          Restructuring (delay-based) csa_tree_add_280_40_Y_add_294_39_group_29...
          Done restructuring (delay-based) csa_tree_add_280_40_Y_add_294_39_group_29
        Optimizing component csa_tree_add_280_40_Y_add_294_39_group_29...
        Pre-mapped Exploration for csa_tree_add_280_40_Y_add_294_39_group_29 'very_fast' (slack=7953, area=5511)...
          Restructuring (delay-based) csa_tree_add_280_40_Y_add_294_39_group...
          Done restructuring (delay-based) csa_tree_add_280_40_Y_add_294_39_group
        Optimizing component csa_tree_add_280_40_Y_add_294_39_group...
          Restructuring (delay-based) csa_tree_add_280_40_Y_add_294_39_group...
          Done restructuring (delay-based) csa_tree_add_280_40_Y_add_294_39_group
        Optimizing component csa_tree_add_280_40_Y_add_294_39_group...
        Early Area Reclamation for csa_tree_add_280_40_Y_add_294_39_group_29 'very_fast' (slack=7658, area=5379)...
          Restructuring (delay-based) csa_tree_add_280_40_Y_add_294_39_group...
          Done restructuring (delay-based) csa_tree_add_280_40_Y_add_294_39_group
        Optimizing component csa_tree_add_280_40_Y_add_294_39_group...
          Restructuring (delay-based) csa_tree_add_280_40_Y_add_294_39_group...
          Done restructuring (delay-based) csa_tree_add_280_40_Y_add_294_39_group
        Optimizing component csa_tree_add_280_40_Y_add_294_39_group...
          Restructuring (delay-based) csa_tree_add_280_40_Y_add_294_39_group...
          Done restructuring (delay-based) csa_tree_add_280_40_Y_add_294_39_group
        Optimizing component csa_tree_add_280_40_Y_add_294_39_group...
          Restructuring (delay-based) csa_tree_add_280_40_Y_add_294_39_group...
          Done restructuring (delay-based) csa_tree_add_280_40_Y_add_294_39_group
        Optimizing component csa_tree_add_280_40_Y_add_294_39_group...
          Restructuring (delay-based) csa_tree_45930_2326...
          Done restructuring (delay-based) csa_tree_45930_2326
        Optimizing component csa_tree_45930_2326...
        Pre-mapped Exploration for csa_tree_45930_2326 'no_value' (slack=9266, area=2686)...
          Restructuring (delay-based) csa_tree_45930_2327...
          Done restructuring (delay-based) csa_tree_45930_2327
        Optimizing component csa_tree_45930_2327...
        Pre-mapped Exploration for csa_tree_45930_2327 'no_value' (slack=9296, area=2686)...
          Restructuring (delay-based) csa_tree_45930...
          Done restructuring (delay-based) csa_tree_45930
        Optimizing component csa_tree_45930...
        Pre-mapped Exploration for csa_tree_45930 'no_value' (slack=7726, area=2684)...
          Restructuring (delay-based) csa_tree_45930_2328...
          Done restructuring (delay-based) csa_tree_45930_2328
        Optimizing component csa_tree_45930_2328...
        Pre-mapped Exploration for csa_tree_45930_2328 'no_value' (slack=7712, area=2690)...
          Restructuring (delay-based) cb_part_7170...
          Done restructuring (delay-based) cb_part_7170
        Optimizing component cb_part_7170...
          Restructuring (delay-based) add_unsigned_carry_48617...
          Done restructuring (delay-based) add_unsigned_carry_48617
        Optimizing component add_unsigned_carry_48617...
        Early Area Reclamation for add_unsigned_carry_48617 'very_fast' (slack=14034, area=20)...
          Restructuring (delay-based) add_unsigned_carry...
          Done restructuring (delay-based) add_unsigned_carry
        Optimizing component add_unsigned_carry...
          Restructuring (delay-based) add_unsigned_carry...
          Done restructuring (delay-based) add_unsigned_carry
        Optimizing component add_unsigned_carry...
          Restructuring (delay-based) add_unsigned_2097...
          Done restructuring (delay-based) add_unsigned_2097
        Optimizing component add_unsigned_2097...
        Early Area Reclamation for add_unsigned_2097 'very_fast' (slack=14021, area=19)...
          Restructuring (delay-based) add_unsigned...
          Done restructuring (delay-based) add_unsigned
        Optimizing component add_unsigned...
          Restructuring (delay-based) add_unsigned...
          Done restructuring (delay-based) add_unsigned
        Optimizing component add_unsigned...
          Restructuring (delay-based) add_unsigned_carry_48575...
          Done restructuring (delay-based) add_unsigned_carry_48575
        Optimizing component add_unsigned_carry_48575...
        Early Area Reclamation for add_unsigned_carry_48575 'very_fast' (slack=13978, area=21)...
          Restructuring (delay-based) add_unsigned_carry...
          Done restructuring (delay-based) add_unsigned_carry
        Optimizing component add_unsigned_carry...
          Restructuring (delay-based) add_unsigned_carry...
          Done restructuring (delay-based) add_unsigned_carry
        Optimizing component add_unsigned_carry...
        Distributing super-thread jobs: cb_seq_7139
          Sending 'cb_seq_7139' to server 'localhost_1_5'...
            Sent 'cb_seq_7139' to server 'localhost_1_5'.
          Received 'cb_seq_7139' from server 'localhost_1_5'. (651 ms elapsed)
          Restructuring (delay-based) cb_seq_7139...
          Done restructuring (delay-based) cb_seq_7139
        Optimizing component cb_seq_7139...
        Distributing super-thread jobs: cb_oseq mrg_mux_ctl arith_shift_right_vlog_signed_1107_rtlopto_model_179 shift_left_vlog_unsigned_462 csa_tree_eq_93_42_group_15112 add_unsigned_252_7_2404 add_unsigned_252_7_2405 add_unsigned_carry_15062 increment_unsigned_478_1764 increment_unsigned_478_1764_2330 csa_tree_eq_92_44_group_15110 leq_unsigned_rtlopto_model_49354 add_unsigned_2082 increment_unsigned_49461_49613 sub_unsigned_2093 sub_unsigned_2093_2407 add_unsigned_carry_15060
          Sending 'cb_oseq' to server 'localhost_1_5'...
            Sent 'cb_oseq' to server 'localhost_1_5'.
          Sending 'mrg_mux_ctl' to server 'localhost_1_6'...
            Sent 'mrg_mux_ctl' to server 'localhost_1_6'.
          Sending 'arith_shift_right_vlog_signed_1107_rtlopto_model_179' to server 'localhost_1_0'...
            Sent 'arith_shift_right_vlog_signed_1107_rtlopto_model_179' to server 'localhost_1_0'.
          Sending 'shift_left_vlog_unsigned_462' to server 'localhost_1_4'...
            Sent 'shift_left_vlog_unsigned_462' to server 'localhost_1_4'.
          Received 'cb_oseq' from server 'localhost_1_5'. (2357 ms elapsed)
          Sending 'csa_tree_eq_93_42_group_15112' to server 'localhost_1_5'...
            Sent 'csa_tree_eq_93_42_group_15112' to server 'localhost_1_5'.
          Received 'mrg_mux_ctl' from server 'localhost_1_6'. (2634 ms elapsed)
          Sending 'add_unsigned_252_7_2404' to server 'localhost_1_6'...
            Sent 'add_unsigned_252_7_2404' to server 'localhost_1_6'.
          Received 'shift_left_vlog_unsigned_462' from server 'localhost_1_4'. (3287 ms elapsed)
          Sending 'add_unsigned_252_7_2405' to server 'localhost_1_4'...
            Sent 'add_unsigned_252_7_2405' to server 'localhost_1_4'.
          Received 'arith_shift_right_vlog_signed_1107_rtlopto_model_179' from server 'localhost_1_0'. (3552 ms elapsed)
          Sending 'add_unsigned_carry_15062' to server 'localhost_1_0'...
            Sent 'add_unsigned_carry_15062' to server 'localhost_1_0'.
          Received 'add_unsigned_252_7_2404' from server 'localhost_1_6'. (1289 ms elapsed)
          Sending 'increment_unsigned_478_1764' to server 'localhost_1_6'...
            Sent 'increment_unsigned_478_1764' to server 'localhost_1_6'.
          Received 'add_unsigned_carry_15062' from server 'localhost_1_0'. (1865 ms elapsed)
          Sending 'increment_unsigned_478_1764_2330' to server 'localhost_1_0'...
            Sent 'increment_unsigned_478_1764_2330' to server 'localhost_1_0'.
          Received 'add_unsigned_252_7_2405' from server 'localhost_1_4'. (2463 ms elapsed)
          Sending 'csa_tree_eq_92_44_group_15110' to server 'localhost_1_4'...
            Sent 'csa_tree_eq_92_44_group_15110' to server 'localhost_1_4'.
          Received 'csa_tree_eq_93_42_group_15112' from server 'localhost_1_5'. (3586 ms elapsed)
          Sending 'leq_unsigned_rtlopto_model_49354' to server 'localhost_1_5'...
            Sent 'leq_unsigned_rtlopto_model_49354' to server 'localhost_1_5'.
          Received 'increment_unsigned_478_1764_2330' from server 'localhost_1_0'. (1605 ms elapsed)
          Sending 'add_unsigned_2082' to server 'localhost_1_0'...
            Sent 'add_unsigned_2082' to server 'localhost_1_0'.
          Received 'csa_tree_eq_92_44_group_15110' from server 'localhost_1_4'. (1432 ms elapsed)
          Sending 'increment_unsigned_49461_49613' to server 'localhost_1_4'...
            Sent 'increment_unsigned_49461_49613' to server 'localhost_1_4'.
          Received 'add_unsigned_2082' from server 'localhost_1_0'. (823 ms elapsed)
          Sending 'sub_unsigned_2093' to server 'localhost_1_0'...
            Sent 'sub_unsigned_2093' to server 'localhost_1_0'.
          Received 'increment_unsigned_49461_49613' from server 'localhost_1_4'. (1035 ms elapsed)
          Sending 'sub_unsigned_2093_2407' to server 'localhost_1_4'...
            Sent 'sub_unsigned_2093_2407' to server 'localhost_1_4'.
          Received 'leq_unsigned_rtlopto_model_49354' from server 'localhost_1_5'. (2454 ms elapsed)
          Sending 'add_unsigned_carry_15060' to server 'localhost_1_5'...
            Sent 'add_unsigned_carry_15060' to server 'localhost_1_5'.
          Received 'increment_unsigned_478_1764' from server 'localhost_1_6'. (4421 ms elapsed)
          Received 'sub_unsigned_2093_2407' from server 'localhost_1_4'. (862 ms elapsed)
          Received 'sub_unsigned_2093' from server 'localhost_1_0'. (1261 ms elapsed)
          Received 'add_unsigned_carry_15060' from server 'localhost_1_5'. (1962 ms elapsed)
          Restructuring (delay-based) csa_tree_12232...
          Done restructuring (delay-based) csa_tree_12232
        Optimizing component csa_tree_12232...
        Pre-mapped Exploration for csa_tree_12232 'no_value' (slack=8396, area=25)...
          Restructuring (delay-based) decrement_unsigned_48501_49015...
          Done restructuring (delay-based) decrement_unsigned_48501_49015
        Optimizing component decrement_unsigned_48501_49015...
        Early Area Reclamation for decrement_unsigned_48501_49015 'very_fast' (slack=13728, area=25)...
          Restructuring (delay-based) decrement_unsigned...
          Done restructuring (delay-based) decrement_unsigned
        Optimizing component decrement_unsigned...
          Restructuring (delay-based) cb_oseq...
          Done restructuring (delay-based) cb_oseq
        Optimizing component cb_oseq...
          Restructuring (delay-based) mrg_mux_ctl...
          Done restructuring (delay-based) mrg_mux_ctl
        Optimizing component mrg_mux_ctl...
          Restructuring (delay-based) arith_shift_right_vlog_signed_1107_rtlopto_model_179...
          Done restructuring (delay-based) arith_shift_right_vlog_signed_1107_rtlopto_model_179
        Optimizing component arith_shift_right_vlog_signed_1107_rtlopto_model_179...
        Pre-mapped Exploration for arith_shift_right_vlog_signed_1107_rtlopto_model_179 'very_fast' (slack=13247, area=545)...
          Restructuring (delay-based) arith_shift_right_vlog_signed...
          Done restructuring (delay-based) arith_shift_right_vlog_signed
        Optimizing component arith_shift_right_vlog_signed...
        Early Area Reclamation for arith_shift_right_vlog_signed_1107_rtlopto_model_179 'very_fast' (slack=13247, area=545)...
          Restructuring (delay-based) arith_shift_right_vlog_signed...
          Done restructuring (delay-based) arith_shift_right_vlog_signed
        Optimizing component arith_shift_right_vlog_signed...
          Restructuring (delay-based) shift_left_vlog_unsigned_462...
          Done restructuring (delay-based) shift_left_vlog_unsigned_462
        Optimizing component shift_left_vlog_unsigned_462...
        Pre-mapped Exploration for shift_left_vlog_unsigned_462 'very_fast' (slack=13617, area=408)...
          Restructuring (delay-based) shift_left_vlog_unsigned...
          Done restructuring (delay-based) shift_left_vlog_unsigned
        Optimizing component shift_left_vlog_unsigned...
        Early Area Reclamation for shift_left_vlog_unsigned_462 'very_fast' (slack=13617, area=408)...
          Restructuring (delay-based) shift_left_vlog_unsigned...
          Done restructuring (delay-based) shift_left_vlog_unsigned
        Optimizing component shift_left_vlog_unsigned...
          Restructuring (delay-based) csa_tree_eq_93_42_group_15112...
          Done restructuring (delay-based) csa_tree_eq_93_42_group_15112
        Optimizing component csa_tree_eq_93_42_group_15112...
        Pre-mapped Exploration for csa_tree_eq_93_42_group_15112 'very_fast' (slack=12309, area=331)...
          Restructuring (delay-based) csa_tree_eq_93_42_group...
          Done restructuring (delay-based) csa_tree_eq_93_42_group
        Optimizing component csa_tree_eq_93_42_group...
          Restructuring (delay-based) add_unsigned_252_7_2404...
          Done restructuring (delay-based) add_unsigned_252_7_2404
        Optimizing component add_unsigned_252_7_2404...
        Early Area Reclamation for add_unsigned_252_7_2404 'very_fast' (slack=10736, area=162)...
          Restructuring (delay-based) add_unsigned...
          Done restructuring (delay-based) add_unsigned
        Optimizing component add_unsigned...
          Restructuring (delay-based) add_unsigned...
          Done restructuring (delay-based) add_unsigned
        Optimizing component add_unsigned...
          Restructuring (delay-based) add_unsigned_252_7_2405...
          Done restructuring (delay-based) add_unsigned_252_7_2405
        Optimizing component add_unsigned_252_7_2405...
        Early Area Reclamation for add_unsigned_252_7_2405 'very_fast' (slack=10882, area=162)...
          Restructuring (delay-based) add_unsigned...
          Done restructuring (delay-based) add_unsigned
        Optimizing component add_unsigned...
          Restructuring (delay-based) add_unsigned...
          Done restructuring (delay-based) add_unsigned
        Optimizing component add_unsigned...
          Restructuring (delay-based) add_unsigned_carry_15062...
          Done restructuring (delay-based) add_unsigned_carry_15062
        Optimizing component add_unsigned_carry_15062...
        Early Area Reclamation for add_unsigned_carry_15062 'very_fast' (slack=11026, area=157)...
          Restructuring (delay-based) add_unsigned_carry...
          Done restructuring (delay-based) add_unsigned_carry
        Optimizing component add_unsigned_carry...
          Restructuring (delay-based) add_unsigned_carry...
          Done restructuring (delay-based) add_unsigned_carry
        Optimizing component add_unsigned_carry...
          Restructuring (delay-based) increment_unsigned_478_1764...
          Done restructuring (delay-based) increment_unsigned_478_1764
        Optimizing component increment_unsigned_478_1764...
        Early Area Reclamation for increment_unsigned_478_1764 'very_fast' (slack=9217, area=236)...
          Restructuring (delay-based) increment_unsigned...
          Done restructuring (delay-based) increment_unsigned
        Optimizing component increment_unsigned...
          Restructuring (delay-based) increment_unsigned...
          Done restructuring (delay-based) increment_unsigned
        Optimizing component increment_unsigned...
          Restructuring (delay-based) increment_unsigned_478_1764_2330...
          Done restructuring (delay-based) increment_unsigned_478_1764_2330
        Optimizing component increment_unsigned_478_1764_2330...
        Early Area Reclamation for increment_unsigned_478_1764_2330 'very_fast' (slack=9415, area=236)...
          Restructuring (delay-based) increment_unsigned...
          Done restructuring (delay-based) increment_unsigned
        Optimizing component increment_unsigned...
          Restructuring (delay-based) increment_unsigned...
          Done restructuring (delay-based) increment_unsigned
        Optimizing component increment_unsigned...
          Restructuring (delay-based) csa_tree_eq_92_44_group_15110...
          Done restructuring (delay-based) csa_tree_eq_92_44_group_15110
        Optimizing component csa_tree_eq_92_44_group_15110...
        Pre-mapped Exploration for csa_tree_eq_92_44_group_15110 'very_fast' (slack=12056, area=245)...
          Restructuring (delay-based) csa_tree_eq_92_44_group...
          Done restructuring (delay-based) csa_tree_eq_92_44_group
        Optimizing component csa_tree_eq_92_44_group...
          Restructuring (delay-based) leq_unsigned_rtlopto_model_49354...
          Done restructuring (delay-based) leq_unsigned_rtlopto_model_49354
        Optimizing component leq_unsigned_rtlopto_model_49354...
        Early Area Reclamation for leq_unsigned_rtlopto_model_49354 'very_fast' (slack=11525, area=181)...
          Restructuring (delay-based) leq_unsigned...
          Done restructuring (delay-based) leq_unsigned
        Optimizing component leq_unsigned...
          Restructuring (delay-based) add_unsigned_2082...
          Done restructuring (delay-based) add_unsigned_2082
        Optimizing component add_unsigned_2082...
        Early Area Reclamation for add_unsigned_2082 'very_fast' (slack=11580, area=118)...
          Restructuring (delay-based) add_unsigned...
          Done restructuring (delay-based) add_unsigned
        Optimizing component add_unsigned...
          Restructuring (delay-based) add_unsigned...
          Done restructuring (delay-based) add_unsigned
        Optimizing component add_unsigned...
          Restructuring (delay-based) increment_unsigned_49461_49613...
          Done restructuring (delay-based) increment_unsigned_49461_49613
        Optimizing component increment_unsigned_49461_49613...
        Early Area Reclamation for increment_unsigned_49461_49613 'very_fast' (slack=11942, area=116)...
          Restructuring (delay-based) increment_unsigned...
          Done restructuring (delay-based) increment_unsigned
        Optimizing component increment_unsigned...
          Restructuring (delay-based) increment_unsigned...
          Done restructuring (delay-based) increment_unsigned
        Optimizing component increment_unsigned...
          Restructuring (delay-based) sub_unsigned_2093...
          Done restructuring (delay-based) sub_unsigned_2093
        Optimizing component sub_unsigned_2093...
        Early Area Reclamation for sub_unsigned_2093 'very_fast' (slack=10422, area=117)...
          Restructuring (delay-based) sub_unsigned...
          Done restructuring (delay-based) sub_unsigned
        Optimizing component sub_unsigned...
          Restructuring (delay-based) sub_unsigned_2093_2407...
          Done restructuring (delay-based) sub_unsigned_2093_2407
        Optimizing component sub_unsigned_2093_2407...
        Early Area Reclamation for sub_unsigned_2093_2407 'very_fast' (slack=10462, area=117)...
          Restructuring (delay-based) sub_unsigned...
          Done restructuring (delay-based) sub_unsigned
        Optimizing component sub_unsigned...
          Restructuring (delay-based) add_unsigned_carry_15060...
          Done restructuring (delay-based) add_unsigned_carry_15060
        Optimizing component add_unsigned_carry_15060...
        Early Area Reclamation for add_unsigned_carry_15060 'very_fast' (slack=11840, area=112)...
          Restructuring (delay-based) add_unsigned_carry...
          Done restructuring (delay-based) add_unsigned_carry
        Optimizing component add_unsigned_carry...
          Restructuring (delay-based) add_unsigned_carry...
          Done restructuring (delay-based) add_unsigned_carry
        Optimizing component add_unsigned_carry...
          Restructuring (delay-based) logic partition in picorv32_ENABLE_COUNTERS1_BARREL_SHIFTER1_COMPRESSED_ISA1_ENABLE_MUL1_ENABLE_FAST_MUL0_ENABLE_DIV1_ENABLE_IRQ1_ENABLE_IRQ_QREGS0_PROGADDR_RESET1048576_PROGADDR_IRQ0_STACKADDR1024...
          Done restructuring (delay-based) logic partition in picorv32_ENABLE_COUNTERS1_BARREL_SHIFTER1_COMPRESSED_ISA1_ENABLE_MUL1_ENABLE_FAST_MUL0_ENABLE_DIV1_ENABLE_IRQ1_ENABLE_IRQ_QREGS0_PROGADDR_RESET1048576_PROGADDR_IRQ0_STACKADDR1024
        Optimizing logic partition in picorv32_ENABLE_COUNTERS1_BARREL_SHIFTER1_COMPRESSED_ISA1_ENABLE_MUL1_ENABLE_FAST_MUL0_ENABLE_DIV1_ENABLE_IRQ1_ENABLE_IRQ_QREGS0_PROGADDR_RESET1048576_PROGADDR_IRQ0_STACKADDR1024...
          Restructuring (delay-based) decrement_unsigned_49423_50373...
          Done restructuring (delay-based) decrement_unsigned_49423_50373
        Optimizing component decrement_unsigned_49423_50373...
        Early Area Reclamation for decrement_unsigned_49423_50373 'very_fast' (slack=13992, area=13)...
          Restructuring (delay-based) decrement_unsigned...
          Done restructuring (delay-based) decrement_unsigned
        Optimizing component decrement_unsigned...
          Restructuring (delay-based) decrement_unsigned...
          Done restructuring (delay-based) decrement_unsigned
        Optimizing component decrement_unsigned...
          Restructuring (delay-based) leq_unsigned_2019_rtlopto_model_48284...
          Done restructuring (delay-based) leq_unsigned_2019_rtlopto_model_48284
        Optimizing component leq_unsigned_2019_rtlopto_model_48284...
        Early Area Reclamation for leq_unsigned_2019_rtlopto_model_48284 'very_fast' (slack=6319, area=21)...
          Restructuring (delay-based) leq_unsigned...
          Done restructuring (delay-based) leq_unsigned
        Optimizing component leq_unsigned...
          Restructuring (delay-based) leq_unsigned...
          Done restructuring (delay-based) leq_unsigned
        Optimizing component leq_unsigned...
          Restructuring (delay-based) logic partition in picorv32_pcpi_div...
          Done restructuring (delay-based) logic partition in picorv32_pcpi_div
        Optimizing logic partition in picorv32_pcpi_div...
          Restructuring (delay-based) logic partition in spimemio...
          Done restructuring (delay-based) logic partition in spimemio
        Optimizing logic partition in spimemio...
          Restructuring (delay-based) logic partition in picosoc...
          Done restructuring (delay-based) logic partition in picosoc
        Optimizing logic partition in picosoc...
          Restructuring (delay-based) logic partition in spimemio_xfer...
          Done restructuring (delay-based) logic partition in spimemio_xfer
        Optimizing logic partition in spimemio_xfer...
          Restructuring (delay-based) sub_unsigned_2054...
          Done restructuring (delay-based) sub_unsigned_2054
        Optimizing component sub_unsigned_2054...
        Early Area Reclamation for sub_unsigned_2054 'very_fast' (slack=12238, area=10)...
          Restructuring (delay-based) sub_unsigned...
          Done restructuring (delay-based) sub_unsigned
        Optimizing component sub_unsigned...
          Restructuring (delay-based) sub_unsigned...
          Done restructuring (delay-based) sub_unsigned
        Optimizing component sub_unsigned...
          Restructuring (delay-based) geq_unsigned_2036_rtlopto_model_50508...
          Done restructuring (delay-based) geq_unsigned_2036_rtlopto_model_50508
        Optimizing component geq_unsigned_2036_rtlopto_model_50508...
        Early Area Reclamation for geq_unsigned_2036_rtlopto_model_50508 'very_fast' (slack=9485, area=14)...
          Restructuring (delay-based) geq_unsigned...
          Done restructuring (delay-based) geq_unsigned
        Optimizing component geq_unsigned...
          Restructuring (delay-based) geq_unsigned...
          Done restructuring (delay-based) geq_unsigned
        Optimizing component geq_unsigned...
          Restructuring (delay-based) sub_unsigned_2056...
          Done restructuring (delay-based) sub_unsigned_2056
        Optimizing component sub_unsigned_2056...
        Early Area Reclamation for sub_unsigned_2056 'very_fast' (slack=12017, area=6)...
          Restructuring (delay-based) sub_unsigned...
          Done restructuring (delay-based) sub_unsigned
        Optimizing component sub_unsigned...
          Restructuring (delay-based) sub_unsigned...
          Done restructuring (delay-based) sub_unsigned
        Optimizing component sub_unsigned...
          Restructuring (delay-based) decrement_unsigned_49423_50373_2305...
          Done restructuring (delay-based) decrement_unsigned_49423_50373_2305
        Optimizing component decrement_unsigned_49423_50373_2305...
        Early Area Reclamation for decrement_unsigned_49423_50373_2305 'very_fast' (slack=12122, area=13)...
          Restructuring (delay-based) decrement_unsigned...
          Done restructuring (delay-based) decrement_unsigned
        Optimizing component decrement_unsigned...
          Restructuring (delay-based) decrement_unsigned...
          Done restructuring (delay-based) decrement_unsigned
        Optimizing component decrement_unsigned...
          Restructuring (delay-based) lt_unsigned_2033_rtlopto_model_50509...
          Done restructuring (delay-based) lt_unsigned_2033_rtlopto_model_50509
        Optimizing component lt_unsigned_2033_rtlopto_model_50509...
        Early Area Reclamation for lt_unsigned_2033_rtlopto_model_50509 'very_fast' (slack=9674, area=4)...
          Restructuring (delay-based) lt_unsigned...
          Done restructuring (delay-based) lt_unsigned
        Optimizing component lt_unsigned...
          Restructuring (delay-based) lt_unsigned...
          Done restructuring (delay-based) lt_unsigned
        Optimizing component lt_unsigned...
          Restructuring (delay-based) logic partition in spimemio_xfer...
          Done restructuring (delay-based) logic partition in spimemio_xfer
        Optimizing logic partition in spimemio_xfer...
 
Global mapping timing result
============================
        Computing net loads.
        Tracing clock networks.
        Levelizing the circuit.
        Computing delays.
        Computing arrivals and requireds.
            Pin                      Type       Fanout Load Slew Delay Arrival   
                                                       (fF) (ps)  (ps)   (ps)    
---------------------------------------------------------------------------------
(clock flash_clk)                 launch                                     0 R 
(et4351.sdc_line_68_2_1)          ext delay                      +9000    9000 F 
flash_io2                         inout port         2 59.6    0    +0    9000 F 
flash_bufs_2_/io 
flash_bufs_2_/soc_i 
soc/flash_io2_di 
  cb_parti1323/flash_io2_di 
    g2850/A1                                                        +0    9000   
    g2850/Y                       AO22X1LVT          1  4.3   54  +126    9126 F 
    g2795/C0                                                        +0    9126   
    g2795/Y                       AOI221X1LVT        1  4.4  166  +115    9240 R 
    g2761/B                                                         +0    9240   
    g2761/Y                       NAND2X1LVT         2  6.3  158  +146    9387 F 
  cb_parti1323/cpu_mem_rdata[2] 
  cpu/mem_rdata[2] 
    cb_seqi/mem_rdata[2] 
      g115757/A1N                                                   +0    9387   
      g115757/Y                   OAI2BB1X1LVT       2  6.9  159  +141    9528 F 
      g115232/A1                                                    +0    9528   
      g115232/Y                   AOI22X1LVT         1  4.2  112  +120    9647 R 
      g114843/B0                                                    +0    9647   
      g114843/Y                   OA21X2LVT          9 24.7  136  +169    9816 R 
      g114684/A                                                     +0    9816   
      g114684/Y                   CLKINVX4LVT        5 13.2   66   +62    9878 F 
      g113666/C                                                     +0    9878   
      g113666/Y                   OR4X1LVT           5 14.4  169  +192   10070 F 
      g113164/C                                                     +0   10070   
      g113164/Y                   OR3X1LVT           4 11.3  131  +162   10233 F 
      g112960/B0                                                    +0   10233   
      g112960/Y                   OAI2BB1X1LVT       1  4.4   71   +80   10313 R 
      g111313/A1                                                    +0   10313   
      g111313/Y                   AOI21X1LVT         1  4.1  111   +94   10407 F 
      g110639/D                                                     +0   10407   
      g110639/Y                   OR4X1LVT           1  4.1   60  +127   10534 F 
      g110530/A1N                                                   +0   10534   
      g110530/Y                   AOI2BB1X1LVT       2  6.3   90   +88   10622 F 
      g110448/C0                                                    +0   10622   
      g110448/Y                   AOI211X1LVT        1  4.2  152  +118   10740 R 
      g110387/A1                                                    +0   10740   
      g110387/Y                   OA21X2LVT         13 34.7  186  +201   10942 R 
      g110334/B                                                     +0   10942   
      g110334/Y                   NOR2X2LVT          7 17.7  134  +120   11062 F 
      g110248/A                                                     +0   11062   
      g110248/Y                   AND2X1LVT          4 11.9  133  +122   11183 F 
      g109953/B0                                                    +0   11183   
      g109953/Y                   OAI31X2LVT         3  9.5  167   +73   11256 R 
      g109659/B0                                                    +0   11256   
      g109659/Y                   OAI2BB1X1LVT       3  8.6  198  +171   11427 F 
      g109462/AN                                                    +0   11427   
      g109462/Y                   NAND4BX1LVT        1  4.3  220  +202   11629 F 
      g109296/D                                                     +0   11629   
      g109296/Y                   NOR4X1LVT          1  4.4  212  +186   11815 R 
      g109214/B1                                                    +0   11815   
      g109214/Y                   AOI222X1LVT        1  4.3  162  +161   11977 F 
      g109203/C0                                                    +0   11977   
      g109203/Y                   OAI221X1LVT        1  4.2  132   +89   12066 R 
      g109193/B                                                     +0   12066   
      g109193/Y                   OR2X1LVT           1  4.2   47   +78   12144 R 
      mem_rdata_q_reg_27_/D  <<<  DFFQX2LVT                         +0   12144   
      mem_rdata_q_reg_27_/CK      setup                        0   +52   12196 R 
- - - - - - - - - - - - - - - - - - - - - - - - - - - - - - - - - - - - - - - - -
(clock clk)                       capture                                16000 R 
                                  uncertainty                     -250   15750 R 
---------------------------------------------------------------------------------
Cost Group   : 'clk' (path_group 'clk')
Timing slack :    3554ps 
Start-point  : flash_io2
End-point    : soc/cpu/cb_seqi/mem_rdata_q_reg_27_/D

          Pin                     Type       Fanout Load Slew Delay Arrival   
                                                    (fF) (ps)  (ps)   (ps)    
------------------------------------------------------------------------------
(clock clk)                    launch                                 24000 F 
soc
  spimemio
    cb_oseqi
      xfer_io1_90_reg/CKN                                   0    +0   24000 F 
      xfer_io1_90_reg/QN       DFFNSRX1LVT        1  4.3   51  +128   24128 F 
      g4637/A0                                                   +0   24128   
      g4637/Y                  OAI21X1LVT         1  4.9  124   +88   24216 R 
    cb_oseqi/flash_io1_do 
  spimemio/flash_io1_do 
soc/flash_io1_do 
flash_bufs_1_/soc_o 
  g1/A                                                           +0   24216   
  g1/Y                         TBUFX4LVT          3 61.4  164  +160   24375 R 
flash_bufs_1_/io 
flash_io1                 <<<  interconnect               164    +0   24376 R 
                               out port                          +0   24376 R 
(et4351.sdc_line_70_5_1)       ext delay                      +5000   29376 R 
- - - - - - - - - - - - - - - - - - - - - - - - - - - - - - - - - - - - - - - 
(clock flash_clk)              capture                                32000 R 
                               uncertainty                     -250   31750 R 
------------------------------------------------------------------------------
Cost Group   : 'flash_clk' (path_group 'flash_clk')
Timing slack :    2374ps 
Start-point  : soc/spimemio/cb_oseqi/xfer_io1_90_reg/CKN
End-point    : flash_io1

 
 
Global mapping status
=====================
                                   Group   
                                  Tot Wrst 
                           Total  Weighted 
Operation                   Area   Slacks  
 global_map               190502        0 

    Cost Group            Target    Slack    Diff.  Constr.
-----------------------------------------------------------
     flash_clk                82     2374              8000     (launch clock period: 16000)
           clk               471     3554             16000     (launch clock period: 32000)

 
Global incremental target info
==============================
Cost Group 'flash_clk' target slack:    53 ps
Target path end-point (Port: et4351/flash_io1)

          Pin                     Type       Fanout Load Arrival   
                                                    (fF)   (ps)    
-------------------------------------------------------------------
(clock clk)               <<<  launch                      24000 F 
soc
  spimemio
    cb_oseqi
      xfer_io1_90_reg/CKN                                          
      xfer_io1_90_reg/QN       DFFNSRX1LVT        1  4.3           
      g4637/A0                                                     
      g4637/Y                  OAI21X1LVT         1  4.9           
    cb_oseqi/flash_io1_do 
  spimemio/flash_io1_do 
soc/flash_io1_do 
flash_bufs_1_/soc_o 
  g1/A                                                             
  g1/Y                         TBUFX4LVT          3 61.4           
flash_bufs_1_/io 
flash_io1                 <<<  interconnect                        
                               out port                            
(et4351.sdc_line_70_5_1)       ext delay                           
- - - - - - - - - - - - - - - - - - - - - - - - - - - - - - - - - -
(clock flash_clk)              capture                     32000 R 
                               uncertainty                         
-------------------------------------------------------------------
Cost Group   : 'flash_clk' (path_group 'flash_clk')
Start-point  : soc/spimemio/cb_oseqi/xfer_io1_90_reg/CKN
End-point    : flash_io1

The global mapper estimates a slack for this path of 2374ps.
 
Cost Group 'clk' target slack:   314 ps
Target path end-point (Pin: soc/cpu/mem_rdata_q_reg_27_/D (DFFQX2LVT/D))

            Pin                      Type       Fanout Load Arrival   
                                                       (fF)   (ps)    
----------------------------------------------------------------------
(clock flash_clk)            <<<  launch                          0 R 
(et4351.sdc_line_68_2_1)          ext delay                           
flash_io2                         inout port         2 59.6           
flash_bufs_2_/io 
flash_bufs_2_/soc_i 
soc/flash_io2_di 
  cb_parti1323/flash_io2_di 
    g2850/A1                                                          
    g2850/Y                       AO22X1LVT          1  4.3           
    g2795/C0                                                          
    g2795/Y                       AOI221X1LVT        1  4.4           
    g2761/B                                                           
    g2761/Y                       NAND2X1LVT         2  6.3           
  cb_parti1323/cpu_mem_rdata[2] 
  cpu/mem_rdata[2] 
    cb_seqi/mem_rdata[2] 
      g115757/A1N                                                     
      g115757/Y                   OAI2BB1X1LVT       2  6.9           
      g115232/A1                                                      
      g115232/Y                   AOI22X1LVT         1  4.2           
      g114843/B0                                                      
      g114843/Y                   OA21X2LVT          9 24.7           
      g114684/A                                                       
      g114684/Y                   CLKINVX4LVT        5 13.2           
      g113666/C                                                       
      g113666/Y                   OR4X1LVT           5 14.4           
      g113164/C                                                       
      g113164/Y                   OR3X1LVT           4 11.3           
      g112960/B0                                                      
      g112960/Y                   OAI2BB1X1LVT       1  4.4           
      g111313/A1                                                      
      g111313/Y                   AOI21X1LVT         1  4.1           
      g110639/D                                                       
      g110639/Y                   OR4X1LVT           1  4.1           
      g110530/A1N                                                     
      g110530/Y                   AOI2BB1X1LVT       2  6.3           
      g110448/C0                                                      
      g110448/Y                   AOI211X1LVT        1  4.2           
      g110387/A1                                                      
      g110387/Y                   OA21X2LVT         13 34.7           
      g110334/B                                                       
      g110334/Y                   NOR2X2LVT          7 17.7           
      g110248/A                                                       
      g110248/Y                   AND2X1LVT          4 11.9           
      g109953/B0                                                      
      g109953/Y                   OAI31X2LVT         3  9.5           
      g109659/B0                                                      
      g109659/Y                   OAI2BB1X1LVT       3  8.6           
      g109462/AN                                                      
      g109462/Y                   NAND4BX1LVT        1  4.3           
      g109296/D                                                       
      g109296/Y                   NOR4X1LVT          1  4.4           
      g109214/B1                                                      
      g109214/Y                   AOI222X1LVT        1  4.3           
      g109203/C0                                                      
      g109203/Y                   OAI221X1LVT        1  4.2           
      g109193/B                                                       
      g109193/Y                   OR2X1LVT           1  4.2           
      mem_rdata_q_reg_27_/D  <<<  DFFQX2LVT                           
      mem_rdata_q_reg_27_/CK      setup                               
- - - - - - - - - - - - - - - - - - - - - - - - - - - - - - - - - - - 
(clock clk)                       capture                     16000 R 
                                  uncertainty                         
----------------------------------------------------------------------
Cost Group   : 'clk' (path_group 'clk')
Start-point  : flash_io2
End-point    : soc/cpu/cb_seqi/mem_rdata_q_reg_27_/D

The global mapper estimates a slack for this path of 3481ps.
 
              Distributing super-thread jobs: cb_seq_7135
                Sending 'cb_seq_7135' to server 'localhost_1_5'...
                  Sent 'cb_seq_7135' to server 'localhost_1_5'.
                Received 'cb_seq_7135' from server 'localhost_1_5'. (8273 ms elapsed)
              Distributing super-thread jobs: cb_seq_7127 cb_seq cb_seq_7129 cb_seq_7141 cb_seq_7137
                Sending 'cb_seq_7127' to server 'localhost_1_5'...
                  Sent 'cb_seq_7127' to server 'localhost_1_5'.
                Sending 'cb_seq' to server 'localhost_1_6'...
                  Sent 'cb_seq' to server 'localhost_1_6'.
                Sending 'cb_seq_7129' to server 'localhost_1_0'...
                  Sent 'cb_seq_7129' to server 'localhost_1_0'.
                Sending 'cb_seq_7141' to server 'localhost_1_4'...
                  Sent 'cb_seq_7141' to server 'localhost_1_4'.
                Received 'cb_seq_7141' from server 'localhost_1_4'. (515 ms elapsed)
                Sending 'cb_seq_7137' to server 'localhost_1_4'...
                  Sent 'cb_seq_7137' to server 'localhost_1_4'.
                Received 'cb_seq_7129' from server 'localhost_1_0'. (652 ms elapsed)
                Received 'cb_seq_7137' from server 'localhost_1_4'. (199 ms elapsed)
                Received 'cb_seq' from server 'localhost_1_6'. (2221 ms elapsed)
                Received 'cb_seq_7127' from server 'localhost_1_5'. (3414 ms elapsed)
              Distributing super-thread jobs: cb_part_7168
                Sending 'cb_part_7168' to server 'localhost_1_5'...
                  Sent 'cb_part_7168' to server 'localhost_1_5'.
                Received 'cb_part_7168' from server 'localhost_1_5'. (449 ms elapsed)
              Distributing super-thread jobs: cb_oseq_7128
                Sending 'cb_oseq_7128' to server 'localhost_1_5'...
                  Sent 'cb_oseq_7128' to server 'localhost_1_5'.
                Received 'cb_oseq_7128' from server 'localhost_1_5'. (2920 ms elapsed)
              Distributing super-thread jobs: cb_part_7153
                Sending 'cb_part_7153' to server 'localhost_1_5'...
                  Sent 'cb_part_7153' to server 'localhost_1_5'.
                Received 'cb_part_7153' from server 'localhost_1_5'. (569 ms elapsed)
              Distributing super-thread jobs: csa_tree_add_296_46_group_27 csa_tree_add_280_40_Y_add_294_39_group_29 csa_tree_45930_2327 csa_tree_45930 csa_tree_45930_2328 csa_tree_45930_2326
                Sending 'csa_tree_add_296_46_group_27' to server 'localhost_1_5'...
                  Sent 'csa_tree_add_296_46_group_27' to server 'localhost_1_5'.
                Sending 'csa_tree_add_280_40_Y_add_294_39_group_29' to server 'localhost_1_6'...
                  Sent 'csa_tree_add_280_40_Y_add_294_39_group_29' to server 'localhost_1_6'.
                Sending 'csa_tree_45930_2327' to server 'localhost_1_0'...
                  Sent 'csa_tree_45930_2327' to server 'localhost_1_0'.
                Sending 'csa_tree_45930' to server 'localhost_1_4'...
                  Sent 'csa_tree_45930' to server 'localhost_1_4'.
                Received 'csa_tree_45930_2327' from server 'localhost_1_0'. (655 ms elapsed)
                Sending 'csa_tree_45930_2328' to server 'localhost_1_0'...
                  Sent 'csa_tree_45930_2328' to server 'localhost_1_0'.
                Received 'csa_tree_45930' from server 'localhost_1_4'. (768 ms elapsed)
                Sending 'csa_tree_45930_2326' to server 'localhost_1_4'...
                  Sent 'csa_tree_45930_2326' to server 'localhost_1_4'.
                Received 'csa_tree_45930_2328' from server 'localhost_1_0'. (616 ms elapsed)
                Received 'csa_tree_45930_2326' from server 'localhost_1_4'. (727 ms elapsed)
                Received 'csa_tree_add_296_46_group_27' from server 'localhost_1_5'. (2061 ms elapsed)
                Received 'csa_tree_add_280_40_Y_add_294_39_group_29' from server 'localhost_1_6'. (2229 ms elapsed)
              Distributing super-thread jobs: cb_seq_7133
                Sending 'cb_seq_7133' to server 'localhost_1_5'...
                  Sent 'cb_seq_7133' to server 'localhost_1_5'.
                Received 'cb_seq_7133' from server 'localhost_1_5'. (778 ms elapsed)
              Distributing super-thread jobs: mrg_mux_ctl cb_oseq
                Sending 'mrg_mux_ctl' to server 'localhost_1_5'...
                  Sent 'mrg_mux_ctl' to server 'localhost_1_5'.
                Sending 'cb_oseq' to server 'localhost_1_6'...
                  Sent 'cb_oseq' to server 'localhost_1_6'.
                Received 'cb_oseq' from server 'localhost_1_6'. (381 ms elapsed)
                Received 'mrg_mux_ctl' from server 'localhost_1_5'. (1882 ms elapsed)
 
Global incremental timing result
================================
        Computing net loads.
        Tracing clock networks.
        Levelizing the circuit.
        Computing delays.
        Computing arrivals and requireds.
            Pin                      Type       Fanout Load Slew Delay Arrival   
                                                       (fF) (ps)  (ps)   (ps)    
---------------------------------------------------------------------------------
(clock flash_clk)                 launch                                     0 R 
(et4351.sdc_line_68_2_1)          ext delay                      +9000    9000 F 
flash_io2                         inout port         2 59.6    0    +0    9000 F 
flash_bufs_2_/io 
flash_bufs_2_/soc_i 
soc/flash_io2_di 
  cb_parti1323/flash_io2_di 
    g2850/A1                                                        +0    9000   
    g2850/Y                       AO22X1LVT          1  4.3   54  +126    9126 F 
    g2795/C0                                                        +0    9126   
    g2795/Y                       AOI221X1LVT        1  4.4  169  +115    9241 R 
    g2761/B                                                         +0    9241   
    g2761/Y                       NAND2X1LVT         2  6.3  158  +148    9388 F 
  cb_parti1323/cpu_mem_rdata[2] 
  cpu/mem_rdata[2] 
    cb_seqi/mem_rdata[2] 
      g115757/A1N                                                   +0    9388   
      g115757/Y                   OAI2BB1X1LVT       2  6.5  151  +136    9524 F 
      g115232/A1                                                    +0    9524   
      g115232/Y                   AOI22X1LVT         1  4.2  123  +117    9641 R 
      g114843/B0                                                    +0    9641   
      g114843/Y                   OA21X1LVT          9 23.2  237  +212    9853 R 
      g114684/A                                                     +0    9853   
      g114684/Y                   INVX1LVT           5 13.2  180  +174   10027 F 
      g113666/C                                                     +0   10027   
      g113666/Y                   OR4X1LVT           5 13.2  157  +213   10241 F 
      g113164/C                                                     +0   10241   
      g113164/Y                   OR3X1LVT           4 11.3  132  +160   10400 F 
      g112960/B0                                                    +0   10400   
      g112960/Y                   OAI2BB1X1LVT       1  4.4   71   +80   10480 R 
      g111313/A1                                                    +0   10480   
      g111313/Y                   AOI21X1LVT         1  4.1  116   +94   10574 F 
      g110639/D                                                     +0   10574   
      g110639/Y                   OR4X1LVT           1  4.1   60  +129   10703 F 
      g110530/A1N                                                   +0   10703   
      g110530/Y                   AOI2BB1X1LVT       2  6.1   88   +87   10790 F 
      g110448/C0                                                    +0   10790   
      g110448/Y                   AOI211XLLVT        1  4.2  240  +171   10961 R 
      g110387/A1                                                    +0   10961   
      g110387/Y                   OA21X2LVT         13 33.2  179  +223   11184 R 
      g110334/B                                                     +0   11184   
      g110334/Y                   NOR2X2LVT          7 17.3  131  +116   11300 F 
      g110248/A                                                     +0   11300   
      g110248/Y                   AND2X1LVT          4 11.5  128  +119   11419 F 
      g109952/B                                                     +0   11419   
      g109952/Y                   NAND2X1LVT         3  9.1  122  +103   11522 R 
      g109666/B0                                                    +0   11522   
      g109666/Y                   OAI2BB1X1LVT       4 10.7  238  +181   11702 F 
      g109647/B                                                     +0   11702   
      g109647/Y                   OR2X1LVT           2  6.3   75  +127   11829 F 
      g109386/AN                                                    +0   11829   
      g109386/Y                   NAND3BXLLVT        1  4.3  278  +192   12022 F 
      g109330/B                                                     +0   12022   
      g109330/Y                   NOR2X1LVT          1  4.4  123  +156   12177 R 
      g109242/A1                                                    +0   12177   
      g109242/Y                   AOI22X1LVT         1  4.3  137  +125   12302 F 
      g109222/C0                                                    +0   12302   
      g109222/Y                   OAI221X1LVT        1  4.2  142   +80   12382 R 
      mem_rdata_q_reg_25_/D  <<<  DFFX1LVT                          +0   12382   
      mem_rdata_q_reg_25_/CK      setup                        0   +76   12459 R 
- - - - - - - - - - - - - - - - - - - - - - - - - - - - - - - - - - - - - - - - -
(clock clk)                       capture                                16000 R 
                                  uncertainty                     -250   15750 R 
---------------------------------------------------------------------------------
Cost Group   : 'clk' (path_group 'clk')
Timing slack :    3291ps 
Start-point  : flash_io2
End-point    : soc/cpu/cb_seqi/mem_rdata_q_reg_25_/D

          Pin                     Type       Fanout Load Slew Delay Arrival   
                                                    (fF) (ps)  (ps)   (ps)    
------------------------------------------------------------------------------
(clock clk)                    launch                                 24000 F 
soc
  spimemio
    cb_oseqi
      xfer_io0_90_reg/CKN                                   0    +0   24000 F 
      xfer_io0_90_reg/QN       DFFNSRX1LVT        1  4.3   51  +128   24128 F 
      g4638/A0                                                   +0   24128   
      g4638/Y                  OAI21X1LVT         1  4.9  136   +88   24216 R 
    cb_oseqi/flash_io0_do 
  spimemio/flash_io0_do 
soc/flash_io0_do 
flash_bufs_0_/soc_o 
  g1/A                                                           +0   24216   
  g1/Y                         TBUFX3LVT          3 59.2  204  +181   24396 R 
flash_bufs_0_/io 
flash_io0                 <<<  interconnect               204    +0   24397 R 
                               out port                          +0   24397 R 
(et4351.sdc_line_70)           ext delay                      +5000   29397 R 
- - - - - - - - - - - - - - - - - - - - - - - - - - - - - - - - - - - - - - - 
(clock flash_clk)              capture                                32000 R 
                               uncertainty                     -250   31750 R 
------------------------------------------------------------------------------
Cost Group   : 'flash_clk' (path_group 'flash_clk')
Timing slack :    2353ps 
Start-point  : soc/spimemio/cb_oseqi/xfer_io0_90_reg/CKN
End-point    : flash_io0

 
==================================
Stage : global_incr_map 
==================================
  =================
   Message Summary
  =================
--------------------------------------------------------------------------------------------------------------------------------------------------
|    Id    |Sev  |Count |                                                     Message Text                                                       |
--------------------------------------------------------------------------------------------------------------------------------------------------
| GB-6     |Info |   17 |A datapath component has been ungrouped.                                                                                |
| GLO-32   |Info |    1 |Deleting sequential instances not driving any primary outputs.                                                          |
|          |     |      |Optimizations such as constant propagation or redundancy removal could change the connections so an instance does not   |
|          |     |      | drive any primary outputs anymore. To see the list of deleted sequential, set the 'information_level' attribute to 2   |
|          |     |      | or above. If the message is truncated set the message attribute 'truncate' to false to see the complete list.          |
| LBR-155  |Info |  264 |Mismatch in unateness between 'timing_sense' attribute and the function.                                                |
|          |     |      |The 'timing_sense' attribute will be respected.                                                                         |
| PA-7     |Info |  174 |Resetting power analysis results.                                                                                       |
|          |     |      |All computed switching activities are removed.                                                                          |
| PHYS-752 |Info |    1 |Partition Based Synthesis execution skipped.                                                                            |
| ST-110   |Info |    3 |Connection established with super-threading server.                                                                     |
|          |     |      |The tool is entering super-threading mode and has established a connection with a CPU server process.  This is enabled  |
|          |     |      | by the root attributes 'super_thread_servers' or 'auto_super_thread'.                                                  |
| ST-112   |Info |    3 |A super-threading server has been shut down normally.                                                                   |
|          |     |      |A super-threaded optimization is complete and a CPU server was successfully shut down.                                  |
| ST-128   |Info |    1 |Super thread servers are launched successfully.                                                                         |
| SYNTH-2  |Info |    1 |Done synthesizing.                                                                                                      |
| SYNTH-4  |Info |    1 |Mapping.                                                                                                                |
--------------------------------------------------------------------------------------------------------------------------------------------------
 
Global incremental optimization status
======================================
                                   Group   
                                  Tot Wrst 
                           Total  Weighted 
Operation                   Area   Slacks  
 global_incr              185221        0 

    Cost Group            Target    Slack    Diff.  Constr.
-----------------------------------------------------------
     flash_clk                53     2353              8000     (launch clock period: 16000)
           clk               314     3291             16000     (launch clock period: 32000)


Scan mapping status report
==========================
    Scan mapping: converting flip-flops that pass TDRC.
    Scan mapping: bypassed.  You have to either 1) set attribute 'dft_scan_map_mode' to 'tdrc_pass' and run 'check_dft_rules' or 2) set attribute 'dft_scan_map_mode' to 'force_all'.

    Scan mapping bypassed because no TDRC data is available: either command 'check_dft_rules' has not been run or TDRC data has been subsequently invalidated.
        ------------------------------------------------------------
                            Super-Thread Summary
          time in super-thread mode               : 307.62 sec
          foreground process active time          : 77.77 sec
          background processes total active time  : 434.67 sec
          approximate speedup                     : 1.67X
           * reported times are wall-clock (elapsed time),
             not CPU time
        ------------------------------------------------------------

+-----------+-----------------------+-----+----------------------+---------------------------+
|   Host    |        Machine        | CPU | Physical Memory (MB) | Peak Physical Memory (MB) |
+-----------+-----------------------+-----+----------------------+---------------------------+
| localhost | et4351.ewi.tudelft.nl |  4  |        1613.8        |          1613.8           |
+-----------+-----------------------+-----+----------------------+---------------------------+

+---------------+----------------------+---------------------------+
|    Server     | Physical Memory (MB) | Peak Physical Memory (MB) |
+---------------+----------------------+---------------------------+
| localhost_1_0 |      525.8 [1]       |         525.8 [1]         |
| localhost_1_6 |      132.4 [2]       |          [2] [3]          |
| localhost_1_5 |      168.9 [2]       |          [2] [3]          |
| localhost_1_4 |      110.3 [2]       |          [2] [3]          |
+---------------+----------------------+---------------------------+
[1] Memory of child processes is included.
[2] Memory is included in parent localhost_1_0.
[3] Peak physical memory is not available for forked background servers.

Info    : A super-threading server has been shut down normally. [ST-112]
        : The server 'localhost_1_5' was forked process '249372' on this host.
Info    : A super-threading server has been shut down normally. [ST-112]
        : The server 'localhost_1_6' was forked process '249374' on this host.
Info    : A super-threading server has been shut down normally. [ST-112]
        : The server 'localhost_1_4' was forked process '249370' on this host.

State Retention Synthesis Status
================================

Category                        Flops   Percentage
--------------------------------------------------
Total instances                  7225        100.0
Excluded from State Retention    7225        100.0
    - Will not convert           7225        100.0
      - Preserved                   0          0.0
      - Power intent excluded    7225        100.0
    - Could not convert             0          0.0
      - Scan type                   0          0.0
      - No suitable cell            0          0.0
State Retention instances           0          0.0
--------------------------------------------------

INFO: skipping constant propagation
PBS_Techmap-Global Mapping - Elapsed_Time 314, CPU_Time 318.73274099999986
stamp 'PBS_Techmap-Global Mapping' being created for table 'pbs_debug'

  Total Time (Wall) |  Stage Time (Wall)  |   % (Wall)   |    Date - Time     |  Memory   | Stage
--------------------+---------------------+--------------+--------------------+-----------+----------------------
 00:00:27(00:00:37) |  00:00:00(00:00:00) |   0.0(  0.0) |   14:54:52 (Apr07) |  415.4 MB | PBS_Generic-Start
--------------------+---------------------+--------------+--------------------+-----------+----------------------
 00:07:22(00:07:47) |  00:06:55(00:07:10) |  55.8( 57.1) |   15:02:02 (Apr07) |   1.40 GB | PBS_Generic_Opt-Post
--------------------+---------------------+--------------+--------------------+-----------+----------------------
 00:07:24(00:07:48) |  00:00:02(00:00:01) |   0.3(  0.1) |   15:02:03 (Apr07) |   1.40 GB | PBS_Generic-Postgen HBO Optimizations
--------------------+---------------------+--------------+--------------------+-----------+----------------------
 00:07:31(00:07:55) |  00:00:06(00:00:07) |   0.8(  0.9) |   15:02:10 (Apr07) |   1.40 GB | PBS_TechMap-Start
--------------------+---------------------+--------------+--------------------+-----------+----------------------
 00:07:33(00:07:56) |  00:00:02(00:00:01) |   0.3(  0.1) |   15:02:11 (Apr07) |   1.40 GB | PBS_TechMap-Premap HBO Optimizations
--------------------+---------------------+--------------+--------------------+-----------+----------------------
 00:12:51(00:13:10) |  00:05:18(00:05:14) |  42.8( 41.7) |   15:07:25 (Apr07) |   1.41 GB | PBS_Techmap-Global Mapping
--------------------+---------------------+--------------+--------------------+-----------+----------------------
Number of threads: 4 * 1   (id: pbs_debug, time_info v1.57)
Info: (*N*) indicates data that was populated from previously saved time_info database
Info: CPU time includes time of parent + longest thread
Warning : Command 'commit_power_intent' cannot proceed as there is no power intent loaded. [CPI-506]
        : Command 'commit_power_intent' requires a valid power_intent to be loaded.
Info    : Wrote formal verification information. [CFM-5]
        : Wrote 'fv/et4351/fv_map.fv.json' for netlist 'fv/et4351/fv_map.v.gz'.
Info    : Wrote dofile. [CFM-1]
        : Dofile is 'fv/et4351/rtl_to_fv_map.do'.
        : Alias mapping flow is enabled.
Info : Installing 2-D Early Global router...
Info : Early Global router engine is using 4 threads.
Info : 2-D Early Global router installation complete.
Info : Installing 3-D Early Global router...
Info : 3-D Early Global router installation complete.
        Computing net loads.
PBS_TechMap-Datapath Postmap Operations - Elapsed_Time 9, CPU_Time 8.613175000000183
stamp 'PBS_TechMap-Datapath Postmap Operations' being created for table 'pbs_debug'

  Total Time (Wall) |  Stage Time (Wall)  |   % (Wall)   |    Date - Time     |  Memory   | Stage
--------------------+---------------------+--------------+--------------------+-----------+----------------------
 00:00:27(00:00:37) |  00:00:00(00:00:00) |   0.0(  0.0) |   14:54:52 (Apr07) |  415.4 MB | PBS_Generic-Start
--------------------+---------------------+--------------+--------------------+-----------+----------------------
 00:07:22(00:07:47) |  00:06:55(00:07:10) |  55.2( 56.4) |   15:02:02 (Apr07) |   1.40 GB | PBS_Generic_Opt-Post
--------------------+---------------------+--------------+--------------------+-----------+----------------------
 00:07:24(00:07:48) |  00:00:02(00:00:01) |   0.3(  0.1) |   15:02:03 (Apr07) |   1.40 GB | PBS_Generic-Postgen HBO Optimizations
--------------------+---------------------+--------------+--------------------+-----------+----------------------
 00:07:31(00:07:55) |  00:00:06(00:00:07) |   0.8(  0.9) |   15:02:10 (Apr07) |   1.40 GB | PBS_TechMap-Start
--------------------+---------------------+--------------+--------------------+-----------+----------------------
 00:07:33(00:07:56) |  00:00:02(00:00:01) |   0.3(  0.1) |   15:02:11 (Apr07) |   1.40 GB | PBS_TechMap-Premap HBO Optimizations
--------------------+---------------------+--------------+--------------------+-----------+----------------------
 00:12:51(00:13:10) |  00:05:18(00:05:14) |  42.3( 41.2) |   15:07:25 (Apr07) |   1.41 GB | PBS_Techmap-Global Mapping
--------------------+---------------------+--------------+--------------------+-----------+----------------------
 00:13:00(00:13:19) |  00:00:08(00:00:09) |   1.1(  1.2) |   15:07:34 (Apr07) |   1.41 GB | PBS_TechMap-Datapath Postmap Operations
--------------------+---------------------+--------------+--------------------+-----------+----------------------
Number of threads: 4 * 1   (id: pbs_debug, time_info v1.57)
Info: (*N*) indicates data that was populated from previously saved time_info database
Info: CPU time includes time of parent + longest thread
PBS_TechMap-Postmap HBO Optimizations - Elapsed_Time 1, CPU_Time 1.466215999999804
stamp 'PBS_TechMap-Postmap HBO Optimizations' being created for table 'pbs_debug'

  Total Time (Wall) |  Stage Time (Wall)  |   % (Wall)   |    Date - Time     |  Memory   | Stage
--------------------+---------------------+--------------+--------------------+-----------+----------------------
 00:00:27(00:00:37) |  00:00:00(00:00:00) |   0.0(  0.0) |   14:54:52 (Apr07) |  415.4 MB | PBS_Generic-Start
--------------------+---------------------+--------------+--------------------+-----------+----------------------
 00:07:22(00:07:47) |  00:06:55(00:07:10) |  55.1( 56.4) |   15:02:02 (Apr07) |   1.40 GB | PBS_Generic_Opt-Post
--------------------+---------------------+--------------+--------------------+-----------+----------------------
 00:07:24(00:07:48) |  00:00:02(00:00:01) |   0.3(  0.1) |   15:02:03 (Apr07) |   1.40 GB | PBS_Generic-Postgen HBO Optimizations
--------------------+---------------------+--------------+--------------------+-----------+----------------------
 00:07:31(00:07:55) |  00:00:06(00:00:07) |   0.8(  0.9) |   15:02:10 (Apr07) |   1.40 GB | PBS_TechMap-Start
--------------------+---------------------+--------------+--------------------+-----------+----------------------
 00:07:33(00:07:56) |  00:00:02(00:00:01) |   0.3(  0.1) |   15:02:11 (Apr07) |   1.40 GB | PBS_TechMap-Premap HBO Optimizations
--------------------+---------------------+--------------+--------------------+-----------+----------------------
 00:12:51(00:13:10) |  00:05:18(00:05:14) |  42.2( 41.2) |   15:07:25 (Apr07) |   1.41 GB | PBS_Techmap-Global Mapping
--------------------+---------------------+--------------+--------------------+-----------+----------------------
 00:13:00(00:13:19) |  00:00:08(00:00:09) |   1.1(  1.2) |   15:07:34 (Apr07) |   1.41 GB | PBS_TechMap-Datapath Postmap Operations
--------------------+---------------------+--------------+--------------------+-----------+----------------------
 00:13:01(00:13:20) |  00:00:01(00:00:01) |   0.2(  0.1) |   15:07:35 (Apr07) |   1.41 GB | PBS_TechMap-Postmap HBO Optimizations
--------------------+---------------------+--------------+--------------------+-----------+----------------------
Number of threads: 4 * 1   (id: pbs_debug, time_info v1.57)
Info: (*N*) indicates data that was populated from previously saved time_info database
Info: CPU time includes time of parent + longest thread
 Doing ConstProp on /designs/et4351 ... 

IOPT-REDREM: Performing redundancy removal: Detected 475 redundant wires. CPU time 1.945 seconds.

PBS_TechMap-Postmap Clock Gating - Elapsed_Time 5, CPU_Time 5.0
stamp 'PBS_TechMap-Postmap Clock Gating' being created for table 'pbs_debug'

  Total Time (Wall) |  Stage Time (Wall)  |   % (Wall)   |    Date - Time     |  Memory   | Stage
--------------------+---------------------+--------------+--------------------+-----------+----------------------
 00:00:27(00:00:37) |  00:00:00(00:00:00) |   0.0(  0.0) |   14:54:52 (Apr07) |  415.4 MB | PBS_Generic-Start
--------------------+---------------------+--------------+--------------------+-----------+----------------------
 00:07:22(00:07:47) |  00:06:55(00:07:10) |  54.7( 56.0) |   15:02:02 (Apr07) |   1.40 GB | PBS_Generic_Opt-Post
--------------------+---------------------+--------------+--------------------+-----------+----------------------
 00:07:24(00:07:48) |  00:00:02(00:00:01) |   0.3(  0.1) |   15:02:03 (Apr07) |   1.40 GB | PBS_Generic-Postgen HBO Optimizations
--------------------+---------------------+--------------+--------------------+-----------+----------------------
 00:07:31(00:07:55) |  00:00:06(00:00:07) |   0.8(  0.9) |   15:02:10 (Apr07) |   1.40 GB | PBS_TechMap-Start
--------------------+---------------------+--------------+--------------------+-----------+----------------------
 00:07:33(00:07:56) |  00:00:02(00:00:01) |   0.3(  0.1) |   15:02:11 (Apr07) |   1.40 GB | PBS_TechMap-Premap HBO Optimizations
--------------------+---------------------+--------------+--------------------+-----------+----------------------
 00:12:51(00:13:10) |  00:05:18(00:05:14) |  41.9( 40.9) |   15:07:25 (Apr07) |   1.41 GB | PBS_Techmap-Global Mapping
--------------------+---------------------+--------------+--------------------+-----------+----------------------
 00:13:00(00:13:19) |  00:00:08(00:00:09) |   1.1(  1.2) |   15:07:34 (Apr07) |   1.41 GB | PBS_TechMap-Datapath Postmap Operations
--------------------+---------------------+--------------+--------------------+-----------+----------------------
 00:13:01(00:13:20) |  00:00:01(00:00:01) |   0.2(  0.1) |   15:07:35 (Apr07) |   1.41 GB | PBS_TechMap-Postmap HBO Optimizations
--------------------+---------------------+--------------+--------------------+-----------+----------------------
 00:13:06(00:13:25) |  00:00:05(00:00:05) |   0.7(  0.7) |   15:07:40 (Apr07) |   1.43 GB | PBS_TechMap-Postmap Clock Gating
--------------------+---------------------+--------------+--------------------+-----------+----------------------
Number of threads: 4 * 1   (id: pbs_debug, time_info v1.57)
Info: (*N*) indicates data that was populated from previously saved time_info database
Info: CPU time includes time of parent + longest thread
-------------------------------------------------------------------------------
 hi_fo_buf                184085        0         0     43660        0

           Trick     Calls     Accepts   Attempts    Time(secs) 
-----------------------------------------------------------
       hi_fo_buf         0  (        0 /        0 )  0.00

 
Incremental optimization status
===============================
                                   Group   
                                  Tot Wrst     Total - - DRC Totals - -
                           Total  Weighted      Neg      Max       Max 
Operation                   Area   Slacks      Slack    Trans      Cap 
 init_delay               184085        0         0     43660        0

           Trick     Calls     Accepts   Attempts    Time(secs) 
-----------------------------------------------------------
       crit_upsz         0  (        0 /        0 )  0.00
    plc_bal_star         0  (        0 /        0 )  0.00
     drc_buftimb         0  (        0 /        0 )  0.00
          plc_st         0  (        0 /        0 )  0.00
    plc_st_fence         0  (        0 /        0 )  0.00
        plc_star         0  (        0 /        0 )  0.00
      plc_laf_st         0  (        0 /        0 )  0.00
 plc_laf_st_fence         0  (        0 /        0 )  0.00
     drc_buftims         0  (        0 /        0 )  0.00
            fopt         0  (        0 /        0 )  0.00
   plc_laf_lo_st         0  (        0 /        0 )  0.00
       plc_lo_st         0  (        0 /        0 )  0.00
        mb_split         0  (        0 /        0 )  0.00

 
Local TNS optimization status
=============================
                                   Group   
                                  Tot Wrst     Total - - DRC Totals - -
                           Total  Weighted      Neg      Max       Max 
Operation                   Area   Slacks      Slack    Trans      Cap 
 init_tns                 184085        0         0     43660        0

           Trick     Calls     Accepts   Attempts    Time(secs) 
-----------------------------------------------------------
    plc_bal_star         0  (        0 /        0 )  0.00
     drc_buftimb         0  (        0 /        0 )  0.00
     drc_buftims         0  (        0 /        0 )  0.00
       crit_upsz         0  (        0 /        0 )  0.00
   plc_laf_lo_st         0  (        0 /        0 )  0.00
       plc_lo_st         0  (        0 /        0 )  0.00
            fopt         0  (        0 /        0 )  0.00
       crit_dnsz         0  (        0 /        0 )  0.00
             dup         0  (        0 /        0 )  0.00
        setup_dn         0  (        0 /        0 )  0.00
        mb_split         0  (        0 /        0 )  0.00

PBS_TechMap-Postmap Cleanup - Elapsed_Time 1, CPU_Time 1.5386990000001788
stamp 'PBS_TechMap-Postmap Cleanup' being created for table 'pbs_debug'

  Total Time (Wall) |  Stage Time (Wall)  |   % (Wall)   |    Date - Time     |  Memory   | Stage
--------------------+---------------------+--------------+--------------------+-----------+----------------------
 00:00:27(00:00:37) |  00:00:00(00:00:00) |   0.0(  0.0) |   14:54:52 (Apr07) |  415.4 MB | PBS_Generic-Start
--------------------+---------------------+--------------+--------------------+-----------+----------------------
 00:07:22(00:07:47) |  00:06:55(00:07:10) |  54.6( 55.9) |   15:02:02 (Apr07) |   1.40 GB | PBS_Generic_Opt-Post
--------------------+---------------------+--------------+--------------------+-----------+----------------------
 00:07:24(00:07:48) |  00:00:02(00:00:01) |   0.3(  0.1) |   15:02:03 (Apr07) |   1.40 GB | PBS_Generic-Postgen HBO Optimizations
--------------------+---------------------+--------------+--------------------+-----------+----------------------
 00:07:31(00:07:55) |  00:00:06(00:00:07) |   0.8(  0.9) |   15:02:10 (Apr07) |   1.40 GB | PBS_TechMap-Start
--------------------+---------------------+--------------+--------------------+-----------+----------------------
 00:07:33(00:07:56) |  00:00:02(00:00:01) |   0.3(  0.1) |   15:02:11 (Apr07) |   1.40 GB | PBS_TechMap-Premap HBO Optimizations
--------------------+---------------------+--------------+--------------------+-----------+----------------------
 00:12:51(00:13:10) |  00:05:18(00:05:14) |  41.9( 40.8) |   15:07:25 (Apr07) |   1.41 GB | PBS_Techmap-Global Mapping
--------------------+---------------------+--------------+--------------------+-----------+----------------------
 00:13:00(00:13:19) |  00:00:08(00:00:09) |   1.1(  1.2) |   15:07:34 (Apr07) |   1.41 GB | PBS_TechMap-Datapath Postmap Operations
--------------------+---------------------+--------------+--------------------+-----------+----------------------
 00:13:01(00:13:20) |  00:00:01(00:00:01) |   0.2(  0.1) |   15:07:35 (Apr07) |   1.41 GB | PBS_TechMap-Postmap HBO Optimizations
--------------------+---------------------+--------------+--------------------+-----------+----------------------
 00:13:06(00:13:25) |  00:00:05(00:00:05) |   0.7(  0.7) |   15:07:40 (Apr07) |   1.43 GB | PBS_TechMap-Postmap Clock Gating
--------------------+---------------------+--------------+--------------------+-----------+----------------------
 00:13:08(00:13:26) |  00:00:01(00:00:01) |   0.2(  0.1) |   15:07:41 (Apr07) |   1.43 GB | PBS_TechMap-Postmap Cleanup
--------------------+---------------------+--------------+--------------------+-----------+----------------------
Number of threads: 4 * 1   (id: pbs_debug, time_info v1.57)
Info: (*N*) indicates data that was populated from previously saved time_info database
Info: CPU time includes time of parent + longest thread
PBS_Techmap-Post_MBCI - Elapsed_Time 1, CPU_Time 0.0
stamp 'PBS_Techmap-Post_MBCI' being created for table 'pbs_debug'

  Total Time (Wall) |  Stage Time (Wall)  |   % (Wall)   |    Date - Time     |  Memory   | Stage
--------------------+---------------------+--------------+--------------------+-----------+----------------------
 00:00:27(00:00:37) |  00:00:00(00:00:00) |   0.0(  0.0) |   14:54:52 (Apr07) |  415.4 MB | PBS_Generic-Start
--------------------+---------------------+--------------+--------------------+-----------+----------------------
 00:07:22(00:07:47) |  00:06:55(00:07:10) |  54.6( 55.8) |   15:02:02 (Apr07) |   1.40 GB | PBS_Generic_Opt-Post
--------------------+---------------------+--------------+--------------------+-----------+----------------------
 00:07:24(00:07:48) |  00:00:02(00:00:01) |   0.3(  0.1) |   15:02:03 (Apr07) |   1.40 GB | PBS_Generic-Postgen HBO Optimizations
--------------------+---------------------+--------------+--------------------+-----------+----------------------
 00:07:31(00:07:55) |  00:00:06(00:00:07) |   0.8(  0.9) |   15:02:10 (Apr07) |   1.40 GB | PBS_TechMap-Start
--------------------+---------------------+--------------+--------------------+-----------+----------------------
 00:07:33(00:07:56) |  00:00:02(00:00:01) |   0.3(  0.1) |   15:02:11 (Apr07) |   1.40 GB | PBS_TechMap-Premap HBO Optimizations
--------------------+---------------------+--------------+--------------------+-----------+----------------------
 00:12:51(00:13:10) |  00:05:18(00:05:14) |  41.9( 40.8) |   15:07:25 (Apr07) |   1.41 GB | PBS_Techmap-Global Mapping
--------------------+---------------------+--------------+--------------------+-----------+----------------------
 00:13:00(00:13:19) |  00:00:08(00:00:09) |   1.1(  1.2) |   15:07:34 (Apr07) |   1.41 GB | PBS_TechMap-Datapath Postmap Operations
--------------------+---------------------+--------------+--------------------+-----------+----------------------
 00:13:01(00:13:20) |  00:00:01(00:00:01) |   0.2(  0.1) |   15:07:35 (Apr07) |   1.41 GB | PBS_TechMap-Postmap HBO Optimizations
--------------------+---------------------+--------------+--------------------+-----------+----------------------
 00:13:06(00:13:25) |  00:00:05(00:00:05) |   0.7(  0.6) |   15:07:40 (Apr07) |   1.43 GB | PBS_TechMap-Postmap Clock Gating
--------------------+---------------------+--------------+--------------------+-----------+----------------------
 00:13:08(00:13:26) |  00:00:01(00:00:01) |   0.2(  0.1) |   15:07:41 (Apr07) |   1.43 GB | PBS_TechMap-Postmap Cleanup
--------------------+---------------------+--------------+--------------------+-----------+----------------------
 00:13:08(00:13:27) |  00:00:00(00:00:01) |   0.0(  0.1) |   15:07:42 (Apr07) |   1.43 GB | PBS_Techmap-Post_MBCI
--------------------+---------------------+--------------+--------------------+-----------+----------------------
Number of threads: 4 * 1   (id: pbs_debug, time_info v1.57)
Info: (*N*) indicates data that was populated from previously saved time_info database
Info: CPU time includes time of parent + longest thread
##>=================== Cadence Confidential (Mapping-Logical) ===================
##>Main Thread Summary:
##>----------------------------------------------------------------------------------------
##>STEP                           Elapsed       WNS       TNS     Insts      Area    Memory
##>----------------------------------------------------------------------------------------
##>M:Initial                            1         -         -     71563    286634      1398
##>M:Pre Cleanup                        0         -         -     71563    286634      1398
##>M:Setup                              0         -         -         -         -         -
##>M:Launch ST                          0         -         -         -         -         -
##>M:Design Partition                   0         -         -         -         -         -
##>M:Create Partition Netlists          0         -         -         -         -         -
##>M:Init Power                         0         -         -         -         -         -
##>M:Budgeting                          0         -         -         -         -         -
##>M:Derenv-DB                          0         -         -         -         -         -
##>M:Debug Outputs                      0         -         -         -         -         -
##>M:ST loading                         0         -         -         -         -         -
##>M:Distributed                        0         -         -         -         -         -
##>M:Timer                              0         -         -         -         -         -
##>M:Assembly                           0         -         -         -         -         -
##>M:DFT                                0         -         -         -         -         -
##>M:DP Operations                      9         -         -     30378    142378      1407
##>M:Const Prop                         0      2353         0     30378    142378      1407
##>M:Cleanup                            1      2353         0     30113    141763      1429
##>M:MBCI                               1         -         -     30113    141763      1429
##>M:Const Gate Removal                 0         -         -         -         -         -
##>M:Misc                             321
##>----------------------------------------------------------------------------------------
##>Total Elapsed                      333
##>========================================================================================

+-----------+-----------------------+-----+----------------------+---------------------------+
|   Host    |        Machine        | CPU | Physical Memory (MB) | Peak Physical Memory (MB) |
+-----------+-----------------------+-----+----------------------+---------------------------+
| localhost | et4351.ewi.tudelft.nl |  1  |        1429.6        |          1613.8           |
+-----------+-----------------------+-----+----------------------+---------------------------+

+---------------+----------------------+---------------------------+
|    Server     | Physical Memory (MB) | Peak Physical Memory (MB) |
+---------------+----------------------+---------------------------+
| localhost_1_0 |        317.0         |           525.8           |
+---------------+----------------------+---------------------------+

Info    : Done mapping. [SYNTH-5]
        : Done mapping 'et4351'.
        Computing net loads.
Info : Installing 2-D Early Global router...
Info : Early Global router engine is using 4 threads.
Info : 2-D Early Global router installation complete.
Info : Installing 3-D Early Global router...
Info : 3-D Early Global router installation complete.
        Computing net loads.
        Tracing clock networks.
        Levelizing the circuit.
        Computing delays.
        Computing arrivals and requireds.
  Setting attribute of root '/': 'syn_opt_effort' = high
Current PLE settings:

Aspect ratio        : 1.000
Shrink factor       : 1.000
Scale of res/length : 1.000
Scale of cap/length : 1.000
Net derating factor : 1.000
Thermal factor      : 1.000
Via Resistance      : 0.000 ohm (from default)
Site size           : 1.910 um (from lef [tech+cell])

                                   Capacitance  
  Layer                             / Length         Data source:
Name        Direction Utilization  (pF/micron)       lef_library
------------------------------------------------
Metal1          H         0.00        0.000412  
Metal2          V         1.00        0.000416  
Metal3          H         1.00        0.000416  
Metal4          V         1.00        0.000416  
Metal5          H         1.00        0.000416  
Metal6          V         1.00        0.000416  
Metal7          H         1.00        0.000416  
Metal8          V         1.00        0.000416  

                                    Resistance   
  Layer                              / Length         Data source:
Name        Direction Utilization  (ohm/micron)       lef_library
-------------------------------------------------
Metal1          H         0.00         1.226667  
Metal2          V         1.00         0.755000  
Metal3          H         1.00         0.755000  
Metal4          V         1.00         0.755000  
Metal5          H         1.00         0.755000  
Metal6          V         1.00         0.755000  
Metal7          H         1.00         0.755000  
Metal8          V         1.00         0.267500  

                                        Area     
  Layer                               / Length        Data source:
Name        Direction Utilization     (micron)        lef_library
-------------------------------------------------
Metal1          H         0.00         0.060000  
Metal2          V         1.00         0.080000  
Metal3          H         1.00         0.080000  
Metal4          V         1.00         0.080000  
Metal5          H         1.00         0.080000  
Metal6          V         1.00         0.080000  
Metal7          H         1.00         0.080000  
Metal8          V         1.00         0.080000  

Info    : Incrementally optimizing. [SYNTH-7]
        : Incrementally optimizing 'et4351' using 'high' effort.
 
Incremental optimization status
===============================
                                   Group   
                                  Tot Wrst     Total - - DRC Totals - -
                           Total  Weighted      Neg      Max       Max 
Operation                   Area   Slacks      Slack    Trans      Cap 
 init_iopt                184085        0         0     43660        0
IOPT-REDREM: Performing redundancy removal: Detected 11 redundant wires. CPU time 1.966 seconds.

-------------------------------------------------------------------------------
 const_prop               184074        0         0      1671        0
 simp_cc_inputs           183925        0         0      1671        0
-------------------------------------------------------------------------------
 hi_fo_buf                183925        0         0      1671        0

           Trick     Calls     Accepts   Attempts    Time(secs) 
-----------------------------------------------------------
       hi_fo_buf         0  (        0 /        0 )  0.00

 
Incremental optimization status
===============================
                                   Group   
                                  Tot Wrst     Total - - DRC Totals - -
                           Total  Weighted      Neg      Max       Max 
Operation                   Area   Slacks      Slack    Trans      Cap 
 init_delay               183925        0         0      1671        0

           Trick     Calls     Accepts   Attempts    Time(secs) 
-----------------------------------------------------------
        crit_msz         0  (        0 /        0 )  0.00
       crit_upsz         0  (        0 /        0 )  0.00
       crit_slew         0  (        0 /        0 )  0.00
        setup_dn         0  (        0 /        0 )  0.00
    plc_bal_star         0  (        0 /        0 )  0.00
     drc_buftimb         0  (        0 /        0 )  0.00
          plc_st         0  (        0 /        0 )  0.00
    plc_st_fence         0  (        0 /        0 )  0.00
        plc_star         0  (        0 /        0 )  0.00
      plc_laf_st         0  (        0 /        0 )  0.00
 plc_laf_st_fence         0  (        0 /        0 )  0.00
     drc_buftims         0  (        0 /        0 )  0.00
   plc_laf_lo_st         0  (        0 /        0 )  0.00
       plc_lo_st         0  (        0 /        0 )  0.00
            fopt         0  (        0 /        0 )  0.00
       crit_swap         0  (        0 /        0 )  0.00
       mux2_swap         0  (        0 /        0 )  0.00
       crit_dnsz         0  (        0 /        0 )  0.00
       load_swap         0  (        0 /        0 )  0.00
            fopt         0  (        0 /        0 )  0.00
        setup_dn         0  (        0 /        0 )  0.00
       load_isol         0  (        0 /        0 )  0.00
       load_isol         0  (        0 /        0 )  0.00
        move_for         0  (        0 /        0 )  0.00
        move_for         0  (        0 /        0 )  0.00
          rem_bi         0  (        0 /        0 )  0.00
         offload         0  (        0 /        0 )  0.00
          rem_bi         0  (        0 /        0 )  0.00
         offload         0  (        0 /        0 )  0.00
           phase         0  (        0 /        0 )  0.00
        in_phase         0  (        0 /        0 )  0.00
       merge_bit         0  (        0 /        0 )  0.00
     merge_idrvr         0  (        0 /        0 )  0.00
     merge_iload         0  (        0 /        0 )  0.00
    merge_idload         0  (        0 /        0 )  0.00
      merge_drvr         0  (        0 /        0 )  0.00
      merge_load         0  (        0 /        0 )  0.00
          decomp         0  (        0 /        0 )  0.00
        p_decomp         0  (        0 /        0 )  0.00
        levelize         0  (        0 /        0 )  0.00
        mb_split         0  (        0 /        0 )  0.00
             dup         0  (        0 /        0 )  0.00
      mux_retime         0  (        0 /        0 )  0.00
         buf2inv         0  (        0 /        0 )  0.00
             exp         0  (        0 /        0 )  0.00
       gate_deco         0  (        0 /        0 )  0.00
       gcomp_tim         0  (        0 /        0 )  0.00
  inv_pair_2_buf         0  (        0 /        0 )  0.00


           Trick     Calls     Accepts   Attempts    Time(secs) 
-----------------------------------------------------------
         crr_220         0  (        0 /        0 )  0.00
        crr_glob         0  (        0 /        0 )  0.00
         crr_320         0  (        0 /        0 )  0.00
        crr_glob         0  (        0 /        0 )  0.00
         crr_330         0  (        0 /        0 )  0.00
        crr_glob         0  (        0 /        0 )  0.00
         crr_230         0  (        0 /        0 )  0.00
        crr_glob         0  (        0 /        0 )  0.00
         crr_130         0  (        0 /        0 )  0.00
        crr_glob         0  (        0 /        0 )  0.00
         crr_420         0  (        0 /        0 )  0.00
        crr_glob         0  (        0 /        0 )  0.00
         crr_310         0  (        0 /        0 )  0.00
        crr_glob         0  (        0 /        0 )  0.00
         crr_200         0  (        0 /        0 )  0.00
        crr_glob         0  (        0 /        0 )  0.00
         crr_300         0  (        0 /        0 )  0.00
        crr_glob         0  (        0 /        0 )  0.00
         crr_400         0  (        0 /        0 )  0.00
        crr_glob         0  (        0 /        0 )  0.00
         crr_410         0  (        0 /        0 )  0.00
        crr_glob         0  (        0 /        0 )  0.00
         crr_500         0  (        0 /        0 )  0.00
        crr_glob         0  (        0 /        0 )  0.00
         crr_120         0  (        0 /        0 )  0.00
        crr_glob         0  (        0 /        0 )  0.00
         crr_111         0  (        0 /        0 )  0.00
        crr_glob         0  (        0 /        0 )  0.00
         crr_210         0  (        0 /        0 )  0.00
        crr_glob         0  (        0 /        0 )  0.00
         crr_110         0  (        0 /        0 )  0.00
        crr_glob         0  (        0 /        0 )  0.00
         crr_101         0  (        0 /        0 )  0.00
        crr_glob         0  (        0 /        0 )  0.00
         crr_201         0  (        0 /        0 )  0.00
        crr_glob         0  (        0 /        0 )  0.00
         crr_211         0  (        0 /        0 )  0.00
        crr_glob         0  (        0 /        0 )  0.00
        crit_msz         0  (        0 /        0 )  0.00
       crit_upsz         0  (        0 /        0 )  0.00
       crit_slew         0  (        0 /        0 )  0.00
        setup_dn         0  (        0 /        0 )  0.00
    plc_bal_star         0  (        0 /        0 )  0.00
     drc_buftimb         0  (        0 /        0 )  0.00
          plc_st         0  (        0 /        0 )  0.00
    plc_st_fence         0  (        0 /        0 )  0.00
        plc_star         0  (        0 /        0 )  0.00
      plc_laf_st         0  (        0 /        0 )  0.00
 plc_laf_st_fence         0  (        0 /        0 )  0.00
     drc_buftims         0  (        0 /        0 )  0.00
       plc_lo_st         0  (        0 /        0 )  0.00
            fopt         0  (        0 /        0 )  0.00
       crit_swap         0  (        0 /        0 )  0.00
       mux2_swap         0  (        0 /        0 )  0.00
       crit_dnsz         0  (        0 /        0 )  0.00
       load_swap         0  (        0 /        0 )  0.00
            fopt         0  (        0 /        0 )  0.00
        setup_dn         0  (        0 /        0 )  0.00
       load_isol         0  (        0 /        0 )  0.00
       load_isol         0  (        0 /        0 )  0.00
        move_for         0  (        0 /        0 )  0.00
        move_for         0  (        0 /        0 )  0.00
          rem_bi         0  (        0 /        0 )  0.00
         offload         0  (        0 /        0 )  0.00
          rem_bi         0  (        0 /        0 )  0.00
         offload         0  (        0 /        0 )  0.00
       merge_bit         0  (        0 /        0 )  0.00
     merge_idrvr         0  (        0 /        0 )  0.00
     merge_iload         0  (        0 /        0 )  0.00
    merge_idload         0  (        0 /        0 )  0.00
      merge_drvr         0  (        0 /        0 )  0.00
      merge_load         0  (        0 /        0 )  0.00
           phase         0  (        0 /        0 )  0.00
          decomp         0  (        0 /        0 )  0.00
        p_decomp         0  (        0 /        0 )  0.00
        levelize         0  (        0 /        0 )  0.00
        mb_split         0  (        0 /        0 )  0.00
        in_phase         0  (        0 /        0 )  0.00
             dup         0  (        0 /        0 )  0.00
      mux_retime         0  (        0 /        0 )  0.00
         buf2inv         0  (        0 /        0 )  0.00
             exp         0  (        0 /        0 )  0.00
       gate_deco         0  (        0 /        0 )  0.00
       gcomp_tim         0  (        0 /        0 )  0.00
  inv_pair_2_buf         0  (        0 /        0 )  0.00
 init_drc                 183925        0         0      1671        0
 incr_max_trans           184081        0         0         0        0

           Trick     Calls     Accepts   Attempts    Time(secs) 
-----------------------------------------------------------
          plc_st        11  (        0 /        0 )  0.00
        plc_star        11  (        0 /        0 )  0.00
        drc_bufs        22  (       11 /       11 )  0.13
        drc_fopt         0  (        0 /        0 )  0.00
        drc_bufb         0  (        0 /        0 )  0.00
      simple_buf         0  (        0 /        0 )  0.00
             dup         0  (        0 /        0 )  0.00
       crit_dnsz         0  (        0 /        0 )  0.00
       crit_upsz         0  (        0 /        0 )  0.00
       crit_slew         0  (        0 /        0 )  0.00


           Trick     Calls     Accepts   Attempts    Time(secs) 
-----------------------------------------------------------
          plc_st         0  (        0 /        0 )  0.00
        plc_star         0  (        0 /        0 )  0.00
      drc_buf_sp         0  (        0 /        0 )  0.00
        drc_bufs         0  (        0 /        0 )  0.00
        drc_fopt         0  (        0 /        0 )  0.00
        drc_bufb         0  (        0 /        0 )  0.00
      simple_buf         0  (        0 /        0 )  0.00
             dup         0  (        0 /        0 )  0.00
       crit_dnsz         0  (        0 /        0 )  0.00
       crit_upsz         0  (        0 /        0 )  0.00


           Trick     Calls     Accepts   Attempts    Time(secs) 
-----------------------------------------------------------
          plc_st         0  (        0 /        0 )  0.00
        plc_star         0  (        0 /        0 )  0.00
      drc_buf_sp         0  (        0 /        0 )  0.00
        drc_bufs         0  (        0 /        0 )  0.00
        drc_fopt         0  (        0 /        0 )  0.00
        drc_bufb         0  (        0 /        0 )  0.00
             dup         0  (        0 /        0 )  0.00
       crit_dnsz         0  (        0 /        0 )  0.00
       crit_upsz         0  (        0 /        0 )  0.00

 init_tns                 184081        0         0         0        0

           Trick     Calls     Accepts   Attempts    Time(secs) 
-----------------------------------------------------------
            fopt         0  (        0 /        0 )  0.00
    plc_bal_star         0  (        0 /        0 )  0.00
     drc_buftimb         0  (        0 /        0 )  0.00
     drc_buftims         0  (        0 /        0 )  0.00
        crit_msz         0  (        0 /        0 )  0.00
       crit_upsz         0  (        0 /        0 )  0.00
   plc_laf_lo_st         0  (        0 /        0 )  0.00
       plc_lo_st         0  (        0 /        0 )  0.00
       crit_swap         0  (        0 /        0 )  0.00
       mux2_swap         0  (        0 /        0 )  0.00
       crit_dnsz         0  (        0 /        0 )  0.00
       load_swap         0  (        0 /        0 )  0.00
            fopt         0  (        0 /        0 )  0.00
        setup_dn         0  (        0 /        0 )  0.00
       load_isol         0  (        0 /        0 )  0.00
       load_isol         0  (        0 /        0 )  0.00
        move_for         0  (        0 /        0 )  0.00
        move_for         0  (        0 /        0 )  0.00
          rem_bi         0  (        0 /        0 )  0.00
         offload         0  (        0 /        0 )  0.00
          rem_bi         0  (        0 /        0 )  0.00
         offload         0  (        0 /        0 )  0.00
       merge_bit         0  (        0 /        0 )  0.00
     merge_idrvr         0  (        0 /        0 )  0.00
     merge_iload         0  (        0 /        0 )  0.00
    merge_idload         0  (        0 /        0 )  0.00
      merge_drvr         0  (        0 /        0 )  0.00
      merge_load         0  (        0 /        0 )  0.00
           phase         0  (        0 /        0 )  0.00
          decomp         0  (        0 /        0 )  0.00
        p_decomp         0  (        0 /        0 )  0.00
        levelize         0  (        0 /        0 )  0.00
        mb_split         0  (        0 /        0 )  0.00
             dup         0  (        0 /        0 )  0.00
      mux_retime         0  (        0 /        0 )  0.00
       crr_local         0  (        0 /        0 )  0.00
         buf2inv         0  (        0 /        0 )  0.00

 init_area                184081        0         0         0        0
 undup                    183978        0         0         0        0
 rem_buf                  183927        0         0         0        0
 rem_inv                  183721        0         0         0        0
 merge_bi                 183482        0         0         0        0
 merge_bi                 183478        0         0         0        0
 rem_inv_qb               183451        0         0         0        0
 seq_res_area             183436        0         0         0        0
 io_phase                 183324        0         0         0        0
 gate_comp                183319        0         0         0        0
 glob_area                183180        0         0         0        0
 area_down                183042        0         0         0        0
 rem_inv                  183041        0         0         0        0

           Trick     Calls     Accepts   Attempts    Time(secs) 
-----------------------------------------------------------
           undup        33  (       31 /       34 )  0.51
         rem_buf        39  (       21 /       21 )  0.48
         rem_inv       131  (       69 /       75 )  1.62
        merge_bi       174  (      157 /      160 )  1.62
      rem_inv_qb       205  (        8 /        8 )  0.91
    seq_res_area       111  (        6 /        7 )  62.81
        io_phase       265  (      112 /      112 )  1.85
       gate_comp       416  (       14 /       14 )  3.17
       gcomp_mog         0  (        0 /        0 )  0.87
       glob_area       103  (       74 /      103 )  4.71
       area_down       696  (      120 /      123 )  9.28
      size_n_buf        11  (        0 /        0 )  0.26
  gate_deco_area         0  (        0 /        0 )  0.07
         rem_buf        18  (        0 /        0 )  0.03
         rem_inv        33  (        1 /        5 )  0.50
        merge_bi        18  (        0 /        2 )  0.29
      rem_inv_qb       113  (        0 /        0 )  0.18

 
Incremental optimization status
===============================
                                   Group   
                                  Tot Wrst     Total - - DRC Totals - -
                           Total  Weighted      Neg      Max       Max 
Operation                   Area   Slacks      Slack    Trans      Cap 
 init_delay               183041        0         0         0        0

           Trick     Calls     Accepts   Attempts    Time(secs) 
-----------------------------------------------------------
         crr_220         0  (        0 /        0 )  0.00
        crr_glob         0  (        0 /        0 )  0.00
         crr_320         0  (        0 /        0 )  0.00
        crr_glob         0  (        0 /        0 )  0.00
         crr_330         0  (        0 /        0 )  0.00
        crr_glob         0  (        0 /        0 )  0.00
         crr_230         0  (        0 /        0 )  0.00
        crr_glob         0  (        0 /        0 )  0.00
         crr_130         0  (        0 /        0 )  0.00
        crr_glob         0  (        0 /        0 )  0.00
         crr_420         0  (        0 /        0 )  0.00
        crr_glob         0  (        0 /        0 )  0.00
         crr_310         0  (        0 /        0 )  0.00
        crr_glob         0  (        0 /        0 )  0.00
         crr_200         0  (        0 /        0 )  0.00
        crr_glob         0  (        0 /        0 )  0.00
         crr_300         0  (        0 /        0 )  0.00
        crr_glob         0  (        0 /        0 )  0.00
         crr_400         0  (        0 /        0 )  0.00
        crr_glob         0  (        0 /        0 )  0.00
         crr_410         0  (        0 /        0 )  0.00
        crr_glob         0  (        0 /        0 )  0.00
         crr_500         0  (        0 /        0 )  0.00
        crr_glob         0  (        0 /        0 )  0.00
         crr_120         0  (        0 /        0 )  0.00
        crr_glob         0  (        0 /        0 )  0.00
         crr_111         0  (        0 /        0 )  0.00
        crr_glob         0  (        0 /        0 )  0.00
         crr_210         0  (        0 /        0 )  0.00
        crr_glob         0  (        0 /        0 )  0.00
         crr_110         0  (        0 /        0 )  0.00
        crr_glob         0  (        0 /        0 )  0.00
         crr_101         0  (        0 /        0 )  0.00
        crr_glob         0  (        0 /        0 )  0.00
         crr_201         0  (        0 /        0 )  0.00
        crr_glob         0  (        0 /        0 )  0.00
         crr_211         0  (        0 /        0 )  0.00
        crr_glob         0  (        0 /        0 )  0.00
        crit_msz         0  (        0 /        0 )  0.00
       crit_upsz         0  (        0 /        0 )  0.00
       crit_slew         0  (        0 /        0 )  0.00
        setup_dn         0  (        0 /        0 )  0.00
    plc_bal_star         0  (        0 /        0 )  0.00
     drc_buftimb         0  (        0 /        0 )  0.00
          plc_st         0  (        0 /        0 )  0.00
    plc_st_fence         0  (        0 /        0 )  0.00
        plc_star         0  (        0 /        0 )  0.00
      plc_laf_st         0  (        0 /        0 )  0.00
 plc_laf_st_fence         0  (        0 /        0 )  0.00
     drc_buftims         0  (        0 /        0 )  0.00
       plc_lo_st         0  (        0 /        0 )  0.00
            fopt         0  (        0 /        0 )  0.00
       crit_swap         0  (        0 /        0 )  0.00
       mux2_swap         0  (        0 /        0 )  0.00
       crit_dnsz         0  (        0 /        0 )  0.00
       load_swap         0  (        0 /        0 )  0.00
            fopt         0  (        0 /        0 )  0.00
        setup_dn         0  (        0 /        0 )  0.00
       load_isol         0  (        0 /        0 )  0.00
       load_isol         0  (        0 /        0 )  0.00
        move_for         0  (        0 /        0 )  0.00
        move_for         0  (        0 /        0 )  0.00
          rem_bi         0  (        0 /        0 )  0.00
         offload         0  (        0 /        0 )  0.00
          rem_bi         0  (        0 /        0 )  0.00
         offload         0  (        0 /        0 )  0.00
       merge_bit         0  (        0 /        0 )  0.00
     merge_idrvr         0  (        0 /        0 )  0.00
     merge_iload         0  (        0 /        0 )  0.00
    merge_idload         0  (        0 /        0 )  0.00
      merge_drvr         0  (        0 /        0 )  0.00
      merge_load         0  (        0 /        0 )  0.00
           phase         0  (        0 /        0 )  0.00
          decomp         0  (        0 /        0 )  0.00
        p_decomp         0  (        0 /        0 )  0.00
        levelize         0  (        0 /        0 )  0.00
        mb_split         0  (        0 /        0 )  0.00
        in_phase         0  (        0 /        0 )  0.00
             dup         0  (        0 /        0 )  0.00
      mux_retime         0  (        0 /        0 )  0.00
         buf2inv         0  (        0 /        0 )  0.00
             exp         0  (        0 /        0 )  0.00
       gate_deco         0  (        0 /        0 )  0.00
       gcomp_tim         0  (        0 /        0 )  0.00
  inv_pair_2_buf         0  (        0 /        0 )  0.00
 init_drc                 183041        0         0         0        0

           Trick     Calls     Accepts   Attempts    Time(secs) 
-----------------------------------------------------------
          plc_st         0  (        0 /        0 )  0.00
        plc_star         0  (        0 /        0 )  0.00
        drc_bufs         0  (        0 /        0 )  0.00
        drc_fopt         0  (        0 /        0 )  0.00
        drc_bufb         0  (        0 /        0 )  0.00
      simple_buf         0  (        0 /        0 )  0.00
             dup         0  (        0 /        0 )  0.00
       crit_dnsz         0  (        0 /        0 )  0.00
       crit_upsz         0  (        0 /        0 )  0.00
       crit_slew         0  (        0 /        0 )  0.00


           Trick     Calls     Accepts   Attempts    Time(secs) 
-----------------------------------------------------------
          plc_st         0  (        0 /        0 )  0.00
        plc_star         0  (        0 /        0 )  0.00
        drc_bufs         0  (        0 /        0 )  0.00
        drc_fopt         0  (        0 /        0 )  0.00
        drc_bufb         0  (        0 /        0 )  0.00
      simple_buf         0  (        0 /        0 )  0.00
             dup         0  (        0 /        0 )  0.00
       crit_dnsz         0  (        0 /        0 )  0.00
       crit_upsz         0  (        0 /        0 )  0.00


           Trick     Calls     Accepts   Attempts    Time(secs) 
-----------------------------------------------------------
          plc_st         0  (        0 /        0 )  0.00
        plc_star         0  (        0 /        0 )  0.00
        drc_bufs         0  (        0 /        0 )  0.00
        drc_fopt         0  (        0 /        0 )  0.00
        drc_bufb         0  (        0 /        0 )  0.00
             dup         0  (        0 /        0 )  0.00
       crit_dnsz         0  (        0 /        0 )  0.00
       crit_upsz         0  (        0 /        0 )  0.00

 init_tns                 183041        0         0         0        0

           Trick     Calls     Accepts   Attempts    Time(secs) 
-----------------------------------------------------------
            fopt         0  (        0 /        0 )  0.00
    plc_bal_star         0  (        0 /        0 )  0.00
     drc_buftimb         0  (        0 /        0 )  0.00
     drc_buftims         0  (        0 /        0 )  0.00
        crit_msz         0  (        0 /        0 )  0.00
       crit_upsz         0  (        0 /        0 )  0.00
   plc_laf_lo_st         0  (        0 /        0 )  0.00
       plc_lo_st         0  (        0 /        0 )  0.00
       crit_swap         0  (        0 /        0 )  0.00
       mux2_swap         0  (        0 /        0 )  0.00
       crit_dnsz         0  (        0 /        0 )  0.00
       load_swap         0  (        0 /        0 )  0.00
            fopt         0  (        0 /        0 )  0.00
        setup_dn         0  (        0 /        0 )  0.00
       load_isol         0  (        0 /        0 )  0.00
       load_isol         0  (        0 /        0 )  0.00
        move_for         0  (        0 /        0 )  0.00
        move_for         0  (        0 /        0 )  0.00
          rem_bi         0  (        0 /        0 )  0.00
         offload         0  (        0 /        0 )  0.00
          rem_bi         0  (        0 /        0 )  0.00
         offload         0  (        0 /        0 )  0.00
       merge_bit         0  (        0 /        0 )  0.00
     merge_idrvr         0  (        0 /        0 )  0.00
     merge_iload         0  (        0 /        0 )  0.00
    merge_idload         0  (        0 /        0 )  0.00
      merge_drvr         0  (        0 /        0 )  0.00
      merge_load         0  (        0 /        0 )  0.00
           phase         0  (        0 /        0 )  0.00
          decomp         0  (        0 /        0 )  0.00
        p_decomp         0  (        0 /        0 )  0.00
        levelize         0  (        0 /        0 )  0.00
        mb_split         0  (        0 /        0 )  0.00
             dup         0  (        0 /        0 )  0.00
      mux_retime         0  (        0 /        0 )  0.00
       crr_local         0  (        0 /        0 )  0.00
         buf2inv         0  (        0 /        0 )  0.00

 init_area                183041        0         0         0        0
 io_phase                 183009        0         0         0        0
 gate_comp                183006        0         0         0        0
 glob_area                182957        0         0         0        0
 area_down                182952        0         0         0        0

           Trick     Calls     Accepts   Attempts    Time(secs) 
-----------------------------------------------------------
           undup         4  (        0 /        3 )  0.13
         rem_buf        18  (        0 /        0 )  0.04
         rem_inv        32  (        0 /        4 )  0.47
        merge_bi        18  (        0 /        2 )  0.26
      rem_inv_qb       113  (        0 /        0 )  0.19
        io_phase       113  (       40 /       40 )  0.92
       gate_comp       398  (        1 /        1 )  3.04
       gcomp_mog         0  (        0 /        0 )  0.85
       glob_area        80  (       28 /       80 )  3.96
       area_down       656  (        7 /       10 )  6.44
      size_n_buf         0  (        0 /        0 )  0.13
  gate_deco_area         0  (        0 /        0 )  0.00

 
Incremental optimization status
===============================
                                   Group   
                                  Tot Wrst     Total - - DRC Totals - -
                           Total  Weighted      Neg      Max       Max 
Operation                   Area   Slacks      Slack    Trans      Cap 
 init_delay               182952        0         0         0        0

           Trick     Calls     Accepts   Attempts    Time(secs) 
-----------------------------------------------------------
        crit_msz         0  (        0 /        0 )  0.00
       crit_upsz         0  (        0 /        0 )  0.00
       crit_slew         0  (        0 /        0 )  0.00
        setup_dn         0  (        0 /        0 )  0.00
    plc_bal_star         0  (        0 /        0 )  0.00
     drc_buftimb         0  (        0 /        0 )  0.00
          plc_st         0  (        0 /        0 )  0.00
    plc_st_fence         0  (        0 /        0 )  0.00
        plc_star         0  (        0 /        0 )  0.00
      plc_laf_st         0  (        0 /        0 )  0.00
 plc_laf_st_fence         0  (        0 /        0 )  0.00
     drc_buftims         0  (        0 /        0 )  0.00
   plc_laf_lo_st         0  (        0 /        0 )  0.00
       plc_lo_st         0  (        0 /        0 )  0.00
            fopt         0  (        0 /        0 )  0.00
       crit_swap         0  (        0 /        0 )  0.00
       mux2_swap         0  (        0 /        0 )  0.00
       crit_dnsz         0  (        0 /        0 )  0.00
       load_swap         0  (        0 /        0 )  0.00
            fopt         0  (        0 /        0 )  0.00
        setup_dn         0  (        0 /        0 )  0.00
       load_isol         0  (        0 /        0 )  0.00
       load_isol         0  (        0 /        0 )  0.00
        move_for         0  (        0 /        0 )  0.00
        move_for         0  (        0 /        0 )  0.00
          rem_bi         0  (        0 /        0 )  0.00
         offload         0  (        0 /        0 )  0.00
          rem_bi         0  (        0 /        0 )  0.00
         offload         0  (        0 /        0 )  0.00
           phase         0  (        0 /        0 )  0.00
        in_phase         0  (        0 /        0 )  0.00
       merge_bit         0  (        0 /        0 )  0.00
     merge_idrvr         0  (        0 /        0 )  0.00
     merge_iload         0  (        0 /        0 )  0.00
    merge_idload         0  (        0 /        0 )  0.00
      merge_drvr         0  (        0 /        0 )  0.00
      merge_load         0  (        0 /        0 )  0.00
          decomp         0  (        0 /        0 )  0.00
        p_decomp         0  (        0 /        0 )  0.00
        levelize         0  (        0 /        0 )  0.00
        mb_split         0  (        0 /        0 )  0.00
             dup         0  (        0 /        0 )  0.00
      mux_retime         0  (        0 /        0 )  0.00
         buf2inv         0  (        0 /        0 )  0.00
             exp         0  (        0 /        0 )  0.00
       gate_deco         0  (        0 /        0 )  0.00
       gcomp_tim         0  (        0 /        0 )  0.00
  inv_pair_2_buf         0  (        0 /        0 )  0.00

 init_drc                 182952        0         0         0        0

           Trick     Calls     Accepts   Attempts    Time(secs) 
-----------------------------------------------------------
          plc_st         0  (        0 /        0 )  0.00
        plc_star         0  (        0 /        0 )  0.00
        drc_bufs         0  (        0 /        0 )  0.00
        drc_fopt         0  (        0 /        0 )  0.00
        drc_bufb         0  (        0 /        0 )  0.00
      simple_buf         0  (        0 /        0 )  0.00
             dup         0  (        0 /        0 )  0.00
       crit_dnsz         0  (        0 /        0 )  0.00
       crit_upsz         0  (        0 /        0 )  0.00
       crit_slew         0  (        0 /        0 )  0.00


           Trick     Calls     Accepts   Attempts    Time(secs) 
-----------------------------------------------------------
          plc_st         0  (        0 /        0 )  0.00
        plc_star         0  (        0 /        0 )  0.00
        drc_bufs         0  (        0 /        0 )  0.00
        drc_fopt         0  (        0 /        0 )  0.00
        drc_bufb         0  (        0 /        0 )  0.00
      simple_buf         0  (        0 /        0 )  0.00
             dup         0  (        0 /        0 )  0.00
       crit_dnsz         0  (        0 /        0 )  0.00
       crit_upsz         0  (        0 /        0 )  0.00


           Trick     Calls     Accepts   Attempts    Time(secs) 
-----------------------------------------------------------
          plc_st         0  (        0 /        0 )  0.00
        plc_star         0  (        0 /        0 )  0.00
        drc_bufs         0  (        0 /        0 )  0.00
        drc_fopt         0  (        0 /        0 )  0.00
        drc_bufb         0  (        0 /        0 )  0.00
             dup         0  (        0 /        0 )  0.00
       crit_dnsz         0  (        0 /        0 )  0.00
       crit_upsz         0  (        0 /        0 )  0.00

==================================
Stage : incr_opt 
==================================
  =================
   Message Summary
  =================
-------------------------------------------------------------------------------------------------------------------
|   Id    |  Sev   |Count |                                     Message Text                                      |
-------------------------------------------------------------------------------------------------------------------
| CFM-1   |Info    |    1 |Wrote dofile.                                                                          |
| CFM-5   |Info    |    1 |Wrote formal verification information.                                                 |
| CPI-506 |Warning |    1 |Command 'commit_power_intent' cannot proceed as there is no power intent loaded.       |
| GB-6    |Info    |    8 |A datapath component has been ungrouped.                                               |
| LBR-155 |Info    |  264 |Mismatch in unateness between 'timing_sense' attribute and the function.               |
|         |        |      |The 'timing_sense' attribute will be respected.                                        |
| PA-7    |Info    |    4 |Resetting power analysis results.                                                      |
|         |        |      |All computed switching activities are removed.                                         |
| ST-112  |Info    |    3 |A super-threading server has been shut down normally.                                  |
|         |        |      |A super-threaded optimization is complete and a CPU server was successfully shut down. |
| SYNTH-5 |Info    |    1 |Done mapping.                                                                          |
| SYNTH-7 |Info    |    1 |Incrementally optimizing.                                                              |
-------------------------------------------------------------------------------------------------------------------
Info    : Done incrementally optimizing. [SYNTH-8]
        : Done incrementally optimizing 'et4351'.
        Computing net loads.
Info : Installing 2-D Early Global router...
Info : Early Global router engine is using 4 threads.
Info : 2-D Early Global router installation complete.
Info : Installing 3-D Early Global router...
Info : 3-D Early Global router installation complete.
        Computing net loads.
        Tracing clock networks.
        Levelizing the circuit.
        Computing delays.
        Computing arrivals and requireds.
Synthesis complete
Runtime & Memory after synthesis
===========================================
The RUNTIME after MAPPED is 730.000000 secs
and the MEMORY_USAGE after MAPPED is 1799.14 MB
===========================================
Creating directory ./reports/map
Sourcing './scripts/synth_exp.tcl' (Tue Apr 07 15:09:55 CEST 2026)...


 ##################################
 #                                #
 #    EXPORT                      #
 #                                #
 ##################################


Creating directory ./reports/struct

Beginning report datapath command
Warning : Failed to change names. [CHNM-110]
        : Cannot change name of preserved instance 'sram_0'.
Warning : Failed to change names. [CHNM-110]
        : Cannot change name of preserved instance 'sram_1'.
Warning : Failed to change names. [CHNM-110]
        : Cannot change name of preserved instance 'sram_2'.
Warning : Failed to change names. [CHNM-110]
        : Cannot change name of preserved instance 'sram_3'.
Warning : Port names affected by change_names do not automatically get updated in written out SV wrapper module. [CHNM-108] [change_names]
        : If user is setting  write_sv_port_wrapper = true then the port names affected by usage of change_name  
    need to be updated manually in the written out SV wrapper module.
(write_design): Writing Innovus content. Constraint interface is: 'mm_viewdef'
Warning : Attribute design_process_node is not set for this design. [PHYS-1011]
        : Missing data.
        : When attribute design_process_node is not set to an appropriate integer value >=5 and <=250, then Innovus will assume its own default value for the design process node. See the Innovus setDesignMode -process <> command for more information about what this setting does.
Exporting design data for 'et4351' to genus_invs_des/genus...
%# Begin write_design (04/07 15:10:03, mem=1799.14M)
Info    : Generating design database. [PHYS-90]
        : Writing netlist: genus_invs_des/genus.v
        : The database contains all the files required to restore the design in the specified application.
UM:   flow.cputime  flow.realtime  timing.setup.tns  timing.setup.wns  snapshot
UM:*                                                                   write_design
Info    : Generating design database. [PHYS-90]
        : Writing Metrics file: genus_invs_des/genus.metrics.json
Info    : Generating design database. [PHYS-90]
        : Writing floorplan: genus_invs_des/genus.def
Info    : Generating design database. [PHYS-90]
        : Writing multi-mode multi-corner file: genus_invs_des/genus.mmmc.tcl
No loop breaker instances found (cdn_loop_breaker).
File genus_invs_des/genus.mmmc.tcl has been written.
Finished SDC export (command execution time mm:ss (real) = 00:01).
Info: file genus_invs_des/genus.default_emulate_constraint_mode.sdc has been written
Info: file genus_invs_des/genus.default_emulate_constraint_mode.sdc has been written
Finished DEF export (command execution time mm:ss (real) = 00:02).
Info    : Generating design database. [PHYS-90]
        : Writing multi-mode timing view file: genus_invs_des/genus.mmode.tcl
Info    : Generating design database. [PHYS-90]
        : Writing Innovus mode: genus_invs_des/genus.mode
Info    : Not a Multi-Mode design. [MM_INVS-66]
        : File with default corner and mode will be created.
        : Default corner and mode will be created.
Finished SDC export (command execution time mm:ss (real) = 00:01).
Info    : File has been generated. [MM_INVS-53]
        : File name is: 'genus_invs_des/genus.mmode.tcl'.
Info    : Generating design database. [PHYS-90]
        : Writing Timing Derate file: genus_invs_des/genus.derate.tcl
Info    : Generating design database. [PHYS-90]
        : Writing NDR and minimum layer data files: 'genus_invs_des/genus.ndr.tcl' and 'genus_invs_des/genus.min_layer'

Number of user defined NDR nets found: 0

Number of NDR nets found: 0
Number of nets with minimum layer assignments: 0

Info    : Generating design database. [PHYS-90]
        : Writing Innovus globals file: genus_invs_des/genus.globals
Info    : Generating design database. [PHYS-90]
        : Writing Innovus setup file: genus_invs_des/genus.invs_setup.tcl
** To load the database source genus_invs_des/genus.invs_setup.tcl in an Innovus session.
Finished exporting design data for 'et4351' (command execution time mm:ss cpu = 00:02, real = 00:05).
.
%# End write_design (04/07 15:10:08, total cpu=09:00:02, real=09:00:05, peak res=1613.80M, current mem=1783.14M)
Finished SDC export (command execution time mm:ss (real) = 00:01).
Warning : Default value for an option has changed in this release. [WSDF-104]
        : Default value for -setuphold has changed from split to merge_always. Specify '-setuphold split' to preserve the behavior of the previous release.
        : Specify the option explicitly.
Warning : Default value for an option has changed in this release. [WSDF-104]
        : Default value for -recrem has changed from split to merge_always. Specify '-recrem split' to preserve the behavior of the previous release.
WARNING: This version of the tool is 1691 days old.
legacy_genus:/> exit
Normal exit.