    Hinst Name                                  Module Name                                                                                                                                                                        Inst Count           Total Area
---------------------------------------------------------------------------------------------------------------------------------------------------------------------------------------------------------------------------------------------------------------
et4351                                                                                                                                                                                                                                  33593           166825.411
 accel                                          accelerator                                                                                                                                                                             15717            64896.210
  accel/RC_CG_HIER_INST0                        RC_CG_MOD                                                                                                                                                                                   2                9.918
  accel/RC_CG_HIER_INST1                        RC_CG_MOD_1                                                                                                                                                                                 2                7.524
  accel/RC_CG_HIER_INST10                       RC_CG_MOD_10                                                                                                                                                                                2                7.524
  accel/RC_CG_HIER_INST11                       RC_CG_MOD_11                                                                                                                                                                                3               15.732
  accel/RC_CG_HIER_INST12                       RC_CG_MOD_12                                                                                                                                                                                3               15.732
  accel/RC_CG_HIER_INST13                       RC_CG_MOD_13                                                                                                                                                                                2                7.524
  accel/RC_CG_HIER_INST14                       RC_CG_MOD_14                                                                                                                                                                                3               15.732
  accel/RC_CG_HIER_INST15                       RC_CG_MOD_15                                                                                                                                                                                3               13.338
  accel/RC_CG_HIER_INST16                       RC_CG_MOD_16                                                                                                                                                                                2                7.524
  accel/RC_CG_HIER_INST2                        RC_CG_MOD_2                                                                                                                                                                                 3               13.338
  accel/RC_CG_HIER_INST3                        RC_CG_MOD_3                                                                                                                                                                                 3               13.338
  accel/RC_CG_HIER_INST4                        RC_CG_MOD_4                                                                                                                                                                                 3               13.338
  accel/RC_CG_HIER_INST5                        RC_CG_MOD_5                                                                                                                                                                                 2                7.524
  accel/RC_CG_HIER_INST6                        RC_CG_MOD_6                                                                                                                                                                                 2                7.524
  accel/RC_CG_HIER_INST7                        RC_CG_MOD_7                                                                                                                                                                                 3               15.732
  accel/RC_CG_HIER_INST8                        RC_CG_MOD_8                                                                                                                                                                                 2                7.524
  accel/RC_CG_HIER_INST9                        RC_CG_MOD_9                                                                                                                                                                                 3               15.732
  accel/fft                                     accelerator_fft_LOG_MAX_N32_MEM_WIDTH32_ADDR_WIDTH6_DATA_WIDTH24                                                                                                                         6515            22704.696
   accel/fft/RC_CG_HIER_INST17                  RC_CG_MOD_17                                                                                                                                                                                2                7.524
   accel/fft/RC_CG_HIER_INST18                  RC_CG_MOD_18                                                                                                                                                                                2                7.524
   accel/fft/RC_CG_HIER_INST19                  RC_CG_MOD_19                                                                                                                                                                                3               20.178
   accel/fft/RC_CG_HIER_INST20                  RC_CG_MOD_20                                                                                                                                                                                2               11.970
   accel/fft/RC_CG_HIER_INST21                  RC_CG_MOD_21                                                                                                                                                                                3               17.784
   accel/fft/RC_CG_HIER_INST22                  RC_CG_MOD_22                                                                                                                                                                                2                9.918
   accel/fft/RC_CG_HIER_INST23                  RC_CG_MOD_23                                                                                                                                                                                3               24.282
  accel/mem                                     accelerator_mem_MEM_DEPTH64                                                                                                                                                              8220            38165.148
   accel/mem/RC_CG_HIER_INST100                 RC_CG_MOD_100                                                                                                                                                                               2                7.866
   accel/mem/RC_CG_HIER_INST101                 RC_CG_MOD_101                                                                                                                                                                               2                7.524
   accel/mem/RC_CG_HIER_INST102                 RC_CG_MOD_102                                                                                                                                                                               2                8.208
   accel/mem/RC_CG_HIER_INST103                 RC_CG_MOD_103                                                                                                                                                                               2                7.524
   accel/mem/RC_CG_HIER_INST104                 RC_CG_MOD_104                                                                                                                                                                               2                7.866
   accel/mem/RC_CG_HIER_INST105                 RC_CG_MOD_105                                                                                                                                                                               2                7.866
   accel/mem/RC_CG_HIER_INST106                 RC_CG_MOD_106                                                                                                                                                                               2                7.866
   accel/mem/RC_CG_HIER_INST107                 RC_CG_MOD_107                                                                                                                                                                               2                7.524
   accel/mem/RC_CG_HIER_INST108                 RC_CG_MOD_108                                                                                                                                                                               2                7.866
   accel/mem/RC_CG_HIER_INST109                 RC_CG_MOD_109                                                                                                                                                                               2                7.866
   accel/mem/RC_CG_HIER_INST110                 RC_CG_MOD_110                                                                                                                                                                               2                7.866
   accel/mem/RC_CG_HIER_INST111                 RC_CG_MOD_111                                                                                                                                                                               2                7.866
   accel/mem/RC_CG_HIER_INST112                 RC_CG_MOD_112                                                                                                                                                                               2                7.866
   accel/mem/RC_CG_HIER_INST113                 RC_CG_MOD_113                                                                                                                                                                               2                7.866
   accel/mem/RC_CG_HIER_INST114                 RC_CG_MOD_114                                                                                                                                                                               2                8.208
   accel/mem/RC_CG_HIER_INST115                 RC_CG_MOD_115                                                                                                                                                                               2                9.576
   accel/mem/RC_CG_HIER_INST116                 RC_CG_MOD_116                                                                                                                                                                               2                7.524
   accel/mem/RC_CG_HIER_INST117                 RC_CG_MOD_117                                                                                                                                                                               2                7.866
   accel/mem/RC_CG_HIER_INST118                 RC_CG_MOD_118                                                                                                                                                                               2                8.208
   accel/mem/RC_CG_HIER_INST119                 RC_CG_MOD_119                                                                                                                                                                               2                7.866
   accel/mem/RC_CG_HIER_INST120                 RC_CG_MOD_120                                                                                                                                                                               2                7.866
   accel/mem/RC_CG_HIER_INST121                 RC_CG_MOD_121                                                                                                                                                                               2                7.866
   accel/mem/RC_CG_HIER_INST122                 RC_CG_MOD_122                                                                                                                                                                               2                7.866
   accel/mem/RC_CG_HIER_INST123                 RC_CG_MOD_123                                                                                                                                                                               2                7.866
   accel/mem/RC_CG_HIER_INST124                 RC_CG_MOD_124                                                                                                                                                                               2                7.866
   accel/mem/RC_CG_HIER_INST125                 RC_CG_MOD_125                                                                                                                                                                               2                8.208
   accel/mem/RC_CG_HIER_INST126                 RC_CG_MOD_126                                                                                                                                                                               2                7.866
   accel/mem/RC_CG_HIER_INST127                 RC_CG_MOD_127                                                                                                                                                                               2                7.524
   accel/mem/RC_CG_HIER_INST128                 RC_CG_MOD_128                                                                                                                                                                               2                8.208
   accel/mem/RC_CG_HIER_INST129                 RC_CG_MOD_129                                                                                                                                                                               2                7.524
   accel/mem/RC_CG_HIER_INST130                 RC_CG_MOD_130                                                                                                                                                                               2                7.866
   accel/mem/RC_CG_HIER_INST131                 RC_CG_MOD_131                                                                                                                                                                               2                7.866
   accel/mem/RC_CG_HIER_INST132                 RC_CG_MOD_132                                                                                                                                                                               2                8.208
   accel/mem/RC_CG_HIER_INST133                 RC_CG_MOD_133                                                                                                                                                                               3               17.100
   accel/mem/RC_CG_HIER_INST134                 RC_CG_MOD_134                                                                                                                                                                               2                7.866
   accel/mem/RC_CG_HIER_INST135                 RC_CG_MOD_135                                                                                                                                                                               2                7.866
   accel/mem/RC_CG_HIER_INST136                 RC_CG_MOD_136                                                                                                                                                                               2                8.208
   accel/mem/RC_CG_HIER_INST137                 RC_CG_MOD_137                                                                                                                                                                               2                7.524
   accel/mem/RC_CG_HIER_INST138                 RC_CG_MOD_138                                                                                                                                                                               2                7.866
   accel/mem/RC_CG_HIER_INST139                 RC_CG_MOD_139                                                                                                                                                                               2                7.866
   accel/mem/RC_CG_HIER_INST140                 RC_CG_MOD_140                                                                                                                                                                               2                7.866
   accel/mem/RC_CG_HIER_INST141                 RC_CG_MOD_141                                                                                                                                                                               2                7.524
   accel/mem/RC_CG_HIER_INST142                 RC_CG_MOD_142                                                                                                                                                                               2                7.866
   accel/mem/RC_CG_HIER_INST143                 RC_CG_MOD_143                                                                                                                                                                               2                8.208
   accel/mem/RC_CG_HIER_INST144                 RC_CG_MOD_144                                                                                                                                                                               2                7.524
   accel/mem/RC_CG_HIER_INST145                 RC_CG_MOD_145                                                                                                                                                                               2                7.866
   accel/mem/RC_CG_HIER_INST146                 RC_CG_MOD_146                                                                                                                                                                               3               16.758
   accel/mem/RC_CG_HIER_INST147                 RC_CG_MOD_147                                                                                                                                                                               2                7.866
   accel/mem/RC_CG_HIER_INST148                 RC_CG_MOD_148                                                                                                                                                                               2                7.866
   accel/mem/RC_CG_HIER_INST149                 RC_CG_MOD_149                                                                                                                                                                               2                7.866
   accel/mem/RC_CG_HIER_INST150                 RC_CG_MOD_150                                                                                                                                                                               2                8.208
   accel/mem/RC_CG_HIER_INST151                 RC_CG_MOD_151                                                                                                                                                                               3               15.732
   accel/mem/RC_CG_HIER_INST152                 RC_CG_MOD_152                                                                                                                                                                               2                7.866
   accel/mem/RC_CG_HIER_INST153                 RC_CG_MOD_153                                                                                                                                                                               2                8.208
   accel/mem/RC_CG_HIER_INST154                 RC_CG_MOD_154                                                                                                                                                                               2                7.866
   accel/mem/RC_CG_HIER_INST155                 RC_CG_MOD_155                                                                                                                                                                               2                7.866
   accel/mem/RC_CG_HIER_INST156                 RC_CG_MOD_156                                                                                                                                                                               2                7.866
   accel/mem/RC_CG_HIER_INST157                 RC_CG_MOD_157                                                                                                                                                                               2                7.866
   accel/mem/RC_CG_HIER_INST158                 RC_CG_MOD_158                                                                                                                                                                               2                7.524
   accel/mem/RC_CG_HIER_INST159                 RC_CG_MOD_159                                                                                                                                                                               2                7.866
   accel/mem/RC_CG_HIER_INST160                 RC_CG_MOD_160                                                                                                                                                                               3               17.100
   accel/mem/RC_CG_HIER_INST161                 RC_CG_MOD_161                                                                                                                                                                               2                7.524
   accel/mem/RC_CG_HIER_INST162                 RC_CG_MOD_162                                                                                                                                                                               2                7.524
   accel/mem/RC_CG_HIER_INST163                 RC_CG_MOD_163                                                                                                                                                                               2                8.208
   accel/mem/RC_CG_HIER_INST164                 RC_CG_MOD_164                                                                                                                                                                               2                8.208
   accel/mem/RC_CG_HIER_INST165                 RC_CG_MOD_165                                                                                                                                                                               2                7.524
   accel/mem/RC_CG_HIER_INST166                 RC_CG_MOD_166                                                                                                                                                                               2                7.866
   accel/mem/RC_CG_HIER_INST167                 RC_CG_MOD_167                                                                                                                                                                               2                7.866
   accel/mem/RC_CG_HIER_INST168                 RC_CG_MOD_168                                                                                                                                                                               2                7.866
   accel/mem/RC_CG_HIER_INST169                 RC_CG_MOD_169                                                                                                                                                                               2                7.524
   accel/mem/RC_CG_HIER_INST170                 RC_CG_MOD_170                                                                                                                                                                               2                7.866
   accel/mem/RC_CG_HIER_INST171                 RC_CG_MOD_171                                                                                                                                                                               2                7.866
   accel/mem/RC_CG_HIER_INST172                 RC_CG_MOD_172                                                                                                                                                                               2                7.866
   accel/mem/RC_CG_HIER_INST173                 RC_CG_MOD_173                                                                                                                                                                               2                7.866
   accel/mem/RC_CG_HIER_INST174                 RC_CG_MOD_174                                                                                                                                                                               2                8.208
   accel/mem/RC_CG_HIER_INST175                 RC_CG_MOD_175                                                                                                                                                                               2                7.524
   accel/mem/RC_CG_HIER_INST176                 RC_CG_MOD_176                                                                                                                                                                               2                7.866
   accel/mem/RC_CG_HIER_INST177                 RC_CG_MOD_177                                                                                                                                                                               2                7.866
   accel/mem/RC_CG_HIER_INST178                 RC_CG_MOD_178                                                                                                                                                                               3               16.416
   accel/mem/RC_CG_HIER_INST179                 RC_CG_MOD_179                                                                                                                                                                               2                7.866
   accel/mem/RC_CG_HIER_INST180                 RC_CG_MOD_180                                                                                                                                                                               2                7.866
   accel/mem/RC_CG_HIER_INST181                 RC_CG_MOD_181                                                                                                                                                                               2                7.866
   accel/mem/RC_CG_HIER_INST182                 RC_CG_MOD_182                                                                                                                                                                               2                7.866
   accel/mem/RC_CG_HIER_INST183                 RC_CG_MOD_183                                                                                                                                                                               2                7.866
   accel/mem/RC_CG_HIER_INST184                 RC_CG_MOD_184                                                                                                                                                                               2                8.208
   accel/mem/RC_CG_HIER_INST185                 RC_CG_MOD_185                                                                                                                                                                               2                8.208
   accel/mem/RC_CG_HIER_INST186                 RC_CG_MOD_186                                                                                                                                                                               3               15.732
   accel/mem/RC_CG_HIER_INST187                 RC_CG_MOD_187                                                                                                                                                                               2                7.866
   accel/mem/RC_CG_HIER_INST188                 RC_CG_MOD_188                                                                                                                                                                               2                7.866
   accel/mem/RC_CG_HIER_INST189                 RC_CG_MOD_189                                                                                                                                                                               2                8.208
   accel/mem/RC_CG_HIER_INST190                 RC_CG_MOD_190                                                                                                                                                                               3               16.758
   accel/mem/RC_CG_HIER_INST191                 RC_CG_MOD_191                                                                                                                                                                               3               16.758
   accel/mem/RC_CG_HIER_INST192                 RC_CG_MOD_192                                                                                                                                                                               2                7.866
   accel/mem/RC_CG_HIER_INST193                 RC_CG_MOD_193                                                                                                                                                                               2                7.524
   accel/mem/RC_CG_HIER_INST194                 RC_CG_MOD_194                                                                                                                                                                               2                7.866
   accel/mem/RC_CG_HIER_INST195                 RC_CG_MOD_195                                                                                                                                                                               2                7.866
   accel/mem/RC_CG_HIER_INST196                 RC_CG_MOD_196                                                                                                                                                                               3               16.758
   accel/mem/RC_CG_HIER_INST197                 RC_CG_MOD_197                                                                                                                                                                               2                7.866
   accel/mem/RC_CG_HIER_INST198                 RC_CG_MOD_198                                                                                                                                                                               2                7.866
   accel/mem/RC_CG_HIER_INST199                 RC_CG_MOD_199                                                                                                                                                                               2                7.524
   accel/mem/RC_CG_HIER_INST200                 RC_CG_MOD_200                                                                                                                                                                               2                7.866
   accel/mem/RC_CG_HIER_INST201                 RC_CG_MOD_201                                                                                                                                                                               2                8.208
   accel/mem/RC_CG_HIER_INST202                 RC_CG_MOD_202                                                                                                                                                                               2                7.524
   accel/mem/RC_CG_HIER_INST203                 RC_CG_MOD_203                                                                                                                                                                               2                7.866
   accel/mem/RC_CG_HIER_INST204                 RC_CG_MOD_204                                                                                                                                                                               2                7.866
   accel/mem/RC_CG_HIER_INST205                 RC_CG_MOD_205                                                                                                                                                                               2                7.524
   accel/mem/RC_CG_HIER_INST206                 RC_CG_MOD_206                                                                                                                                                                               2                7.524
   accel/mem/RC_CG_HIER_INST207                 RC_CG_MOD_207                                                                                                                                                                               2                7.524
   accel/mem/RC_CG_HIER_INST208                 RC_CG_MOD_208                                                                                                                                                                               2                7.866
   accel/mem/RC_CG_HIER_INST209                 RC_CG_MOD_209                                                                                                                                                                               2                8.208
   accel/mem/RC_CG_HIER_INST210                 RC_CG_MOD_210                                                                                                                                                                               2                8.208
   accel/mem/RC_CG_HIER_INST211                 RC_CG_MOD_211                                                                                                                                                                               2                8.208
   accel/mem/RC_CG_HIER_INST212                 RC_CG_MOD_212                                                                                                                                                                               2                7.524
   accel/mem/RC_CG_HIER_INST213                 RC_CG_MOD_213                                                                                                                                                                               2                7.866
   accel/mem/RC_CG_HIER_INST214                 RC_CG_MOD_214                                                                                                                                                                               2                7.866
   accel/mem/RC_CG_HIER_INST215                 RC_CG_MOD_215                                                                                                                                                                               2                8.208
   accel/mem/RC_CG_HIER_INST216                 RC_CG_MOD_216                                                                                                                                                                               2                7.866
   accel/mem/RC_CG_HIER_INST217                 RC_CG_MOD_217                                                                                                                                                                               2                7.866
   accel/mem/RC_CG_HIER_INST218                 RC_CG_MOD_218                                                                                                                                                                               2                7.866
   accel/mem/RC_CG_HIER_INST219                 RC_CG_MOD_219                                                                                                                                                                               2                8.208
   accel/mem/RC_CG_HIER_INST220                 RC_CG_MOD_220                                                                                                                                                                               2                7.866
   accel/mem/RC_CG_HIER_INST221                 RC_CG_MOD_221                                                                                                                                                                               2                7.866
   accel/mem/RC_CG_HIER_INST222                 RC_CG_MOD_222                                                                                                                                                                               2                7.866
   accel/mem/RC_CG_HIER_INST223                 RC_CG_MOD_223                                                                                                                                                                               2                7.866
   accel/mem/RC_CG_HIER_INST224                 RC_CG_MOD_224                                                                                                                                                                               2                7.524
   accel/mem/RC_CG_HIER_INST225                 RC_CG_MOD_225                                                                                                                                                                               2                7.866
   accel/mem/RC_CG_HIER_INST226                 RC_CG_MOD_226                                                                                                                                                                               3               17.100
   accel/mem/RC_CG_HIER_INST227                 RC_CG_MOD_227                                                                                                                                                                               2                7.866
   accel/mem/RC_CG_HIER_INST228                 RC_CG_MOD_228                                                                                                                                                                               2                7.866
   accel/mem/RC_CG_HIER_INST229                 RC_CG_MOD_229                                                                                                                                                                               2                7.524
   accel/mem/RC_CG_HIER_INST230                 RC_CG_MOD_230                                                                                                                                                                               2                8.208
   accel/mem/RC_CG_HIER_INST231                 RC_CG_MOD_231                                                                                                                                                                               2                7.866
   accel/mem/RC_CG_HIER_INST232                 RC_CG_MOD_232                                                                                                                                                                               3               16.758
   accel/mem/RC_CG_HIER_INST233                 RC_CG_MOD_233                                                                                                                                                                               2                7.866
   accel/mem/RC_CG_HIER_INST234                 RC_CG_MOD_234                                                                                                                                                                               2                7.524
   accel/mem/RC_CG_HIER_INST235                 RC_CG_MOD_235                                                                                                                                                                               2                7.866
   accel/mem/RC_CG_HIER_INST236                 RC_CG_MOD_236                                                                                                                                                                               2                7.524
   accel/mem/RC_CG_HIER_INST237                 RC_CG_MOD_237                                                                                                                                                                               3               16.074
   accel/mem/RC_CG_HIER_INST238                 RC_CG_MOD_238                                                                                                                                                                               2                7.866
   accel/mem/RC_CG_HIER_INST239                 RC_CG_MOD_239                                                                                                                                                                               2                7.866
   accel/mem/RC_CG_HIER_INST24                  RC_CG_MOD_24                                                                                                                                                                                3               16.074
   accel/mem/RC_CG_HIER_INST240                 RC_CG_MOD_240                                                                                                                                                                               2                7.866
   accel/mem/RC_CG_HIER_INST241                 RC_CG_MOD_241                                                                                                                                                                               2                7.866
   accel/mem/RC_CG_HIER_INST242                 RC_CG_MOD_242                                                                                                                                                                               2                7.524
   accel/mem/RC_CG_HIER_INST243                 RC_CG_MOD_243                                                                                                                                                                               2                7.866
   accel/mem/RC_CG_HIER_INST244                 RC_CG_MOD_244                                                                                                                                                                               2                7.866
   accel/mem/RC_CG_HIER_INST245                 RC_CG_MOD_245                                                                                                                                                                               2                7.524
   accel/mem/RC_CG_HIER_INST246                 RC_CG_MOD_246                                                                                                                                                                               2                7.866
   accel/mem/RC_CG_HIER_INST247                 RC_CG_MOD_247                                                                                                                                                                               3               16.074
   accel/mem/RC_CG_HIER_INST248                 RC_CG_MOD_248                                                                                                                                                                               2                7.866
   accel/mem/RC_CG_HIER_INST249                 RC_CG_MOD_249                                                                                                                                                                               2                7.866
   accel/mem/RC_CG_HIER_INST25                  RC_CG_MOD_25                                                                                                                                                                                2                7.866
   accel/mem/RC_CG_HIER_INST250                 RC_CG_MOD_250                                                                                                                                                                               2                7.866
   accel/mem/RC_CG_HIER_INST251                 RC_CG_MOD_251                                                                                                                                                                               3               11.286
   accel/mem/RC_CG_HIER_INST252                 RC_CG_MOD_252                                                                                                                                                                               2                7.866
   accel/mem/RC_CG_HIER_INST253                 RC_CG_MOD_253                                                                                                                                                                               2                7.866
   accel/mem/RC_CG_HIER_INST254                 RC_CG_MOD_254                                                                                                                                                                               2                7.866
   accel/mem/RC_CG_HIER_INST255                 RC_CG_MOD_255                                                                                                                                                                               2                7.524
   accel/mem/RC_CG_HIER_INST256                 RC_CG_MOD_256                                                                                                                                                                               2                7.866
   accel/mem/RC_CG_HIER_INST257                 RC_CG_MOD_257                                                                                                                                                                               3               16.758
   accel/mem/RC_CG_HIER_INST258                 RC_CG_MOD_258                                                                                                                                                                               2                7.524
   accel/mem/RC_CG_HIER_INST259                 RC_CG_MOD_259                                                                                                                                                                               3               16.074
   accel/mem/RC_CG_HIER_INST26                  RC_CG_MOD_26                                                                                                                                                                                2                7.524
   accel/mem/RC_CG_HIER_INST260                 RC_CG_MOD_260                                                                                                                                                                               2                7.866
   accel/mem/RC_CG_HIER_INST261                 RC_CG_MOD_261                                                                                                                                                                               2                8.208
   accel/mem/RC_CG_HIER_INST262                 RC_CG_MOD_262                                                                                                                                                                               2                7.866
   accel/mem/RC_CG_HIER_INST263                 RC_CG_MOD_263                                                                                                                                                                               2                7.524
   accel/mem/RC_CG_HIER_INST264                 RC_CG_MOD_264                                                                                                                                                                               2                7.524
   accel/mem/RC_CG_HIER_INST265                 RC_CG_MOD_265                                                                                                                                                                               2                7.866
   accel/mem/RC_CG_HIER_INST266                 RC_CG_MOD_266                                                                                                                                                                               2                7.866
   accel/mem/RC_CG_HIER_INST267                 RC_CG_MOD_267                                                                                                                                                                               2                7.524
   accel/mem/RC_CG_HIER_INST268                 RC_CG_MOD_268                                                                                                                                                                               3               17.100
   accel/mem/RC_CG_HIER_INST269                 RC_CG_MOD_269                                                                                                                                                                               2                7.524
   accel/mem/RC_CG_HIER_INST27                  RC_CG_MOD_27                                                                                                                                                                                2                7.866
   accel/mem/RC_CG_HIER_INST270                 RC_CG_MOD_270                                                                                                                                                                               2                7.524
   accel/mem/RC_CG_HIER_INST271                 RC_CG_MOD_271                                                                                                                                                                               2                7.866
   accel/mem/RC_CG_HIER_INST272                 RC_CG_MOD_272                                                                                                                                                                               2                7.866
   accel/mem/RC_CG_HIER_INST273                 RC_CG_MOD_273                                                                                                                                                                               3               15.732
   accel/mem/RC_CG_HIER_INST274                 RC_CG_MOD_274                                                                                                                                                                               2                7.524
   accel/mem/RC_CG_HIER_INST275                 RC_CG_MOD_275                                                                                                                                                                               2                7.866
   accel/mem/RC_CG_HIER_INST276                 RC_CG_MOD_276                                                                                                                                                                               2                7.866
   accel/mem/RC_CG_HIER_INST277                 RC_CG_MOD_277                                                                                                                                                                               2                7.524
   accel/mem/RC_CG_HIER_INST278                 RC_CG_MOD_278                                                                                                                                                                               2                7.866
   accel/mem/RC_CG_HIER_INST279                 RC_CG_MOD_279                                                                                                                                                                               2                7.524
   accel/mem/RC_CG_HIER_INST28                  RC_CG_MOD_28                                                                                                                                                                                2                7.866
   accel/mem/RC_CG_HIER_INST280                 RC_CG_MOD_280                                                                                                                                                                               3               16.758
   accel/mem/RC_CG_HIER_INST281                 RC_CG_MOD_281                                                                                                                                                                               2                7.866
   accel/mem/RC_CG_HIER_INST282                 RC_CG_MOD_282                                                                                                                                                                               2                7.524
   accel/mem/RC_CG_HIER_INST283                 RC_CG_MOD_283                                                                                                                                                                               2                7.866
   accel/mem/RC_CG_HIER_INST284                 RC_CG_MOD_284                                                                                                                                                                               2                7.866
   accel/mem/RC_CG_HIER_INST285                 RC_CG_MOD_285                                                                                                                                                                               2                7.866
   accel/mem/RC_CG_HIER_INST286                 RC_CG_MOD_286                                                                                                                                                                               2                8.208
   accel/mem/RC_CG_HIER_INST287                 RC_CG_MOD_287                                                                                                                                                                               3               16.074
   accel/mem/RC_CG_HIER_INST288                 RC_CG_MOD_288                                                                                                                                                                               2                8.208
   accel/mem/RC_CG_HIER_INST289                 RC_CG_MOD_289                                                                                                                                                                               2                7.866
   accel/mem/RC_CG_HIER_INST29                  RC_CG_MOD_29                                                                                                                                                                                2                7.866
   accel/mem/RC_CG_HIER_INST290                 RC_CG_MOD_290                                                                                                                                                                               2                7.524
   accel/mem/RC_CG_HIER_INST291                 RC_CG_MOD_291                                                                                                                                                                               2                7.866
   accel/mem/RC_CG_HIER_INST292                 RC_CG_MOD_292                                                                                                                                                                               3               16.758
   accel/mem/RC_CG_HIER_INST293                 RC_CG_MOD_293                                                                                                                                                                               2                7.866
   accel/mem/RC_CG_HIER_INST294                 RC_CG_MOD_294                                                                                                                                                                               2                7.866
   accel/mem/RC_CG_HIER_INST295                 RC_CG_MOD_295                                                                                                                                                                               2                7.866
   accel/mem/RC_CG_HIER_INST296                 RC_CG_MOD_296                                                                                                                                                                               2                7.866
   accel/mem/RC_CG_HIER_INST297                 RC_CG_MOD_297                                                                                                                                                                               2                9.576
   accel/mem/RC_CG_HIER_INST298                 RC_CG_MOD_298                                                                                                                                                                               2                7.866
   accel/mem/RC_CG_HIER_INST299                 RC_CG_MOD_299                                                                                                                                                                               2                7.866
   accel/mem/RC_CG_HIER_INST30                  RC_CG_MOD_30                                                                                                                                                                                2                7.524
   accel/mem/RC_CG_HIER_INST300                 RC_CG_MOD_300                                                                                                                                                                               2                7.866
   accel/mem/RC_CG_HIER_INST301                 RC_CG_MOD_301                                                                                                                                                                               2                7.866
   accel/mem/RC_CG_HIER_INST302                 RC_CG_MOD_302                                                                                                                                                                               2                7.524
   accel/mem/RC_CG_HIER_INST303                 RC_CG_MOD_303                                                                                                                                                                               2                7.866
   accel/mem/RC_CG_HIER_INST304                 RC_CG_MOD_304                                                                                                                                                                               2                7.866
   accel/mem/RC_CG_HIER_INST305                 RC_CG_MOD_305                                                                                                                                                                               2                7.866
   accel/mem/RC_CG_HIER_INST306                 RC_CG_MOD_306                                                                                                                                                                               2                7.866
   accel/mem/RC_CG_HIER_INST307                 RC_CG_MOD_307                                                                                                                                                                               2                8.208
   accel/mem/RC_CG_HIER_INST308                 RC_CG_MOD_308                                                                                                                                                                               2                7.524
   accel/mem/RC_CG_HIER_INST309                 RC_CG_MOD_309                                                                                                                                                                               2                7.866
   accel/mem/RC_CG_HIER_INST31                  RC_CG_MOD_31                                                                                                                                                                                2                8.208
   accel/mem/RC_CG_HIER_INST310                 RC_CG_MOD_310                                                                                                                                                                               2                7.866
   accel/mem/RC_CG_HIER_INST311                 RC_CG_MOD_311                                                                                                                                                                               2                8.208
   accel/mem/RC_CG_HIER_INST312                 RC_CG_MOD_312                                                                                                                                                                               2                7.866
   accel/mem/RC_CG_HIER_INST313                 RC_CG_MOD_313                                                                                                                                                                               2                8.208
   accel/mem/RC_CG_HIER_INST314                 RC_CG_MOD_314                                                                                                                                                                               2                7.866
   accel/mem/RC_CG_HIER_INST315                 RC_CG_MOD_315                                                                                                                                                                               2                7.524
   accel/mem/RC_CG_HIER_INST316                 RC_CG_MOD_316                                                                                                                                                                               2                7.866
   accel/mem/RC_CG_HIER_INST317                 RC_CG_MOD_317                                                                                                                                                                               2                7.866
   accel/mem/RC_CG_HIER_INST318                 RC_CG_MOD_318                                                                                                                                                                               2                8.208
   accel/mem/RC_CG_HIER_INST319                 RC_CG_MOD_319                                                                                                                                                                               2                8.208
   accel/mem/RC_CG_HIER_INST32                  RC_CG_MOD_32                                                                                                                                                                                2                7.866
   accel/mem/RC_CG_HIER_INST320                 RC_CG_MOD_320                                                                                                                                                                               2                7.866
   accel/mem/RC_CG_HIER_INST321                 RC_CG_MOD_321                                                                                                                                                                               2                7.866
   accel/mem/RC_CG_HIER_INST322                 RC_CG_MOD_322                                                                                                                                                                               2                8.208
   accel/mem/RC_CG_HIER_INST323                 RC_CG_MOD_323                                                                                                                                                                               2                7.524
   accel/mem/RC_CG_HIER_INST324                 RC_CG_MOD_324                                                                                                                                                                               2                7.866
   accel/mem/RC_CG_HIER_INST325                 RC_CG_MOD_325                                                                                                                                                                               2                7.524
   accel/mem/RC_CG_HIER_INST326                 RC_CG_MOD_326                                                                                                                                                                               2                7.866
   accel/mem/RC_CG_HIER_INST327                 RC_CG_MOD_327                                                                                                                                                                               2                7.866
   accel/mem/RC_CG_HIER_INST328                 RC_CG_MOD_328                                                                                                                                                                               2                7.524
   accel/mem/RC_CG_HIER_INST329                 RC_CG_MOD_329                                                                                                                                                                               3               16.074
   accel/mem/RC_CG_HIER_INST33                  RC_CG_MOD_33                                                                                                                                                                                2                7.866
   accel/mem/RC_CG_HIER_INST330                 RC_CG_MOD_330                                                                                                                                                                               2                7.866
   accel/mem/RC_CG_HIER_INST331                 RC_CG_MOD_331                                                                                                                                                                               2                7.866
   accel/mem/RC_CG_HIER_INST332                 RC_CG_MOD_332                                                                                                                                                                               3               16.416
   accel/mem/RC_CG_HIER_INST333                 RC_CG_MOD_333                                                                                                                                                                               2                7.866
   accel/mem/RC_CG_HIER_INST334                 RC_CG_MOD_334                                                                                                                                                                               2                7.524
   accel/mem/RC_CG_HIER_INST335                 RC_CG_MOD_335                                                                                                                                                                               2                7.866
   accel/mem/RC_CG_HIER_INST336                 RC_CG_MOD_336                                                                                                                                                                               2                7.866
   accel/mem/RC_CG_HIER_INST337                 RC_CG_MOD_337                                                                                                                                                                               2                7.524
   accel/mem/RC_CG_HIER_INST338                 RC_CG_MOD_338                                                                                                                                                                               2                7.524
   accel/mem/RC_CG_HIER_INST339                 RC_CG_MOD_339                                                                                                                                                                               3               16.416
   accel/mem/RC_CG_HIER_INST34                  RC_CG_MOD_34                                                                                                                                                                                2                7.866
   accel/mem/RC_CG_HIER_INST340                 RC_CG_MOD_340                                                                                                                                                                               2                8.208
   accel/mem/RC_CG_HIER_INST341                 RC_CG_MOD_341                                                                                                                                                                               2                7.866
   accel/mem/RC_CG_HIER_INST342                 RC_CG_MOD_342                                                                                                                                                                               2                7.866
   accel/mem/RC_CG_HIER_INST343                 RC_CG_MOD_343                                                                                                                                                                               2                7.866
   accel/mem/RC_CG_HIER_INST344                 RC_CG_MOD_344                                                                                                                                                                               2                8.208
   accel/mem/RC_CG_HIER_INST345                 RC_CG_MOD_345                                                                                                                                                                               2                8.208
   accel/mem/RC_CG_HIER_INST346                 RC_CG_MOD_346                                                                                                                                                                               2                7.866
   accel/mem/RC_CG_HIER_INST347                 RC_CG_MOD_347                                                                                                                                                                               2                7.524
   accel/mem/RC_CG_HIER_INST348                 RC_CG_MOD_348                                                                                                                                                                               2                7.524
   accel/mem/RC_CG_HIER_INST349                 RC_CG_MOD_349                                                                                                                                                                               2                7.524
   accel/mem/RC_CG_HIER_INST35                  RC_CG_MOD_35                                                                                                                                                                                2                8.208
   accel/mem/RC_CG_HIER_INST350                 RC_CG_MOD_350                                                                                                                                                                               2                7.866
   accel/mem/RC_CG_HIER_INST351                 RC_CG_MOD_351                                                                                                                                                                               3               16.416
   accel/mem/RC_CG_HIER_INST352                 RC_CG_MOD_352                                                                                                                                                                               2                7.524
   accel/mem/RC_CG_HIER_INST353                 RC_CG_MOD_353                                                                                                                                                                               3               17.100
   accel/mem/RC_CG_HIER_INST354                 RC_CG_MOD_354                                                                                                                                                                               2                7.524
   accel/mem/RC_CG_HIER_INST355                 RC_CG_MOD_355                                                                                                                                                                               2                7.866
   accel/mem/RC_CG_HIER_INST356                 RC_CG_MOD_356                                                                                                                                                                               3               16.074
   accel/mem/RC_CG_HIER_INST357                 RC_CG_MOD_357                                                                                                                                                                               2                9.576
   accel/mem/RC_CG_HIER_INST358                 RC_CG_MOD_358                                                                                                                                                                               2                8.208
   accel/mem/RC_CG_HIER_INST359                 RC_CG_MOD_359                                                                                                                                                                               2                8.208
   accel/mem/RC_CG_HIER_INST36                  RC_CG_MOD_36                                                                                                                                                                                2                7.866
   accel/mem/RC_CG_HIER_INST360                 RC_CG_MOD_360                                                                                                                                                                               2                7.866
   accel/mem/RC_CG_HIER_INST361                 RC_CG_MOD_361                                                                                                                                                                               3               16.074
   accel/mem/RC_CG_HIER_INST362                 RC_CG_MOD_362                                                                                                                                                                               2                7.866
   accel/mem/RC_CG_HIER_INST363                 RC_CG_MOD_363                                                                                                                                                                               2                7.866
   accel/mem/RC_CG_HIER_INST364                 RC_CG_MOD_364                                                                                                                                                                               2                7.866
   accel/mem/RC_CG_HIER_INST365                 RC_CG_MOD_365                                                                                                                                                                               2                7.866
   accel/mem/RC_CG_HIER_INST366                 RC_CG_MOD_366                                                                                                                                                                               3               15.732
   accel/mem/RC_CG_HIER_INST367                 RC_CG_MOD_367                                                                                                                                                                               2                8.208
   accel/mem/RC_CG_HIER_INST368                 RC_CG_MOD_368                                                                                                                                                                               2                7.866
   accel/mem/RC_CG_HIER_INST369                 RC_CG_MOD_369                                                                                                                                                                               2                7.866
   accel/mem/RC_CG_HIER_INST37                  RC_CG_MOD_37                                                                                                                                                                                2                7.866
   accel/mem/RC_CG_HIER_INST370                 RC_CG_MOD_370                                                                                                                                                                               2                7.866
   accel/mem/RC_CG_HIER_INST371                 RC_CG_MOD_371                                                                                                                                                                               2                7.524
   accel/mem/RC_CG_HIER_INST372                 RC_CG_MOD_372                                                                                                                                                                               2                7.524
   accel/mem/RC_CG_HIER_INST373                 RC_CG_MOD_373                                                                                                                                                                               2                7.866
   accel/mem/RC_CG_HIER_INST374                 RC_CG_MOD_374                                                                                                                                                                               3               16.074
   accel/mem/RC_CG_HIER_INST375                 RC_CG_MOD_375                                                                                                                                                                               2                7.866
   accel/mem/RC_CG_HIER_INST376                 RC_CG_MOD_376                                                                                                                                                                               2                7.524
   accel/mem/RC_CG_HIER_INST377                 RC_CG_MOD_377                                                                                                                                                                               2                7.866
   accel/mem/RC_CG_HIER_INST378                 RC_CG_MOD_378                                                                                                                                                                               2                7.866
   accel/mem/RC_CG_HIER_INST379                 RC_CG_MOD_379                                                                                                                                                                               3               16.074
   accel/mem/RC_CG_HIER_INST38                  RC_CG_MOD_38                                                                                                                                                                                2                7.524
   accel/mem/RC_CG_HIER_INST380                 RC_CG_MOD_380                                                                                                                                                                               2                7.866
   accel/mem/RC_CG_HIER_INST381                 RC_CG_MOD_381                                                                                                                                                                               2                7.866
   accel/mem/RC_CG_HIER_INST382                 RC_CG_MOD_382                                                                                                                                                                               2                7.524
   accel/mem/RC_CG_HIER_INST383                 RC_CG_MOD_383                                                                                                                                                                               2                7.866
   accel/mem/RC_CG_HIER_INST384                 RC_CG_MOD_384                                                                                                                                                                               3               16.074
   accel/mem/RC_CG_HIER_INST385                 RC_CG_MOD_385                                                                                                                                                                               2                7.866
   accel/mem/RC_CG_HIER_INST386                 RC_CG_MOD_386                                                                                                                                                                               2                7.524
   accel/mem/RC_CG_HIER_INST387                 RC_CG_MOD_387                                                                                                                                                                               2                7.866
   accel/mem/RC_CG_HIER_INST388                 RC_CG_MOD_388                                                                                                                                                                               2                8.208
   accel/mem/RC_CG_HIER_INST389                 RC_CG_MOD_389                                                                                                                                                                               2                7.866
   accel/mem/RC_CG_HIER_INST39                  RC_CG_MOD_39                                                                                                                                                                                2                7.524
   accel/mem/RC_CG_HIER_INST390                 RC_CG_MOD_390                                                                                                                                                                               2                7.866
   accel/mem/RC_CG_HIER_INST391                 RC_CG_MOD_391                                                                                                                                                                               2                7.866
   accel/mem/RC_CG_HIER_INST392                 RC_CG_MOD_392                                                                                                                                                                               2                7.866
   accel/mem/RC_CG_HIER_INST393                 RC_CG_MOD_393                                                                                                                                                                               2                7.866
   accel/mem/RC_CG_HIER_INST394                 RC_CG_MOD_394                                                                                                                                                                               2                7.866
   accel/mem/RC_CG_HIER_INST395                 RC_CG_MOD_395                                                                                                                                                                               2                7.524
   accel/mem/RC_CG_HIER_INST396                 RC_CG_MOD_396                                                                                                                                                                               2                7.866
   accel/mem/RC_CG_HIER_INST397                 RC_CG_MOD_397                                                                                                                                                                               2                7.866
   accel/mem/RC_CG_HIER_INST398                 RC_CG_MOD_398                                                                                                                                                                               2                7.866
   accel/mem/RC_CG_HIER_INST399                 RC_CG_MOD_399                                                                                                                                                                               2                9.576
   accel/mem/RC_CG_HIER_INST40                  RC_CG_MOD_40                                                                                                                                                                                2                7.866
   accel/mem/RC_CG_HIER_INST400                 RC_CG_MOD_400                                                                                                                                                                               2                8.208
   accel/mem/RC_CG_HIER_INST401                 RC_CG_MOD_401                                                                                                                                                                               2                7.524
   accel/mem/RC_CG_HIER_INST402                 RC_CG_MOD_402                                                                                                                                                                               2                7.866
   accel/mem/RC_CG_HIER_INST403                 RC_CG_MOD_403                                                                                                                                                                               2                7.524
   accel/mem/RC_CG_HIER_INST404                 RC_CG_MOD_404                                                                                                                                                                               2                7.866
   accel/mem/RC_CG_HIER_INST405                 RC_CG_MOD_405                                                                                                                                                                               2                8.208
   accel/mem/RC_CG_HIER_INST406                 RC_CG_MOD_406                                                                                                                                                                               2                7.866
   accel/mem/RC_CG_HIER_INST407                 RC_CG_MOD_407                                                                                                                                                                               2                7.866
   accel/mem/RC_CG_HIER_INST41                  RC_CG_MOD_41                                                                                                                                                                                2                7.866
   accel/mem/RC_CG_HIER_INST42                  RC_CG_MOD_42                                                                                                                                                                                3               16.074
   accel/mem/RC_CG_HIER_INST43                  RC_CG_MOD_43                                                                                                                                                                                2                7.866
   accel/mem/RC_CG_HIER_INST44                  RC_CG_MOD_44                                                                                                                                                                                2                7.866
   accel/mem/RC_CG_HIER_INST45                  RC_CG_MOD_45                                                                                                                                                                                2                7.866
   accel/mem/RC_CG_HIER_INST46                  RC_CG_MOD_46                                                                                                                                                                                2                7.866
   accel/mem/RC_CG_HIER_INST47                  RC_CG_MOD_47                                                                                                                                                                                2                7.866
   accel/mem/RC_CG_HIER_INST48                  RC_CG_MOD_48                                                                                                                                                                                2                7.866
   accel/mem/RC_CG_HIER_INST49                  RC_CG_MOD_49                                                                                                                                                                                2                7.866
   accel/mem/RC_CG_HIER_INST50                  RC_CG_MOD_50                                                                                                                                                                                2                7.866
   accel/mem/RC_CG_HIER_INST51                  RC_CG_MOD_51                                                                                                                                                                                2                7.866
   accel/mem/RC_CG_HIER_INST52                  RC_CG_MOD_52                                                                                                                                                                                2                7.524
   accel/mem/RC_CG_HIER_INST53                  RC_CG_MOD_53                                                                                                                                                                                3               16.074
   accel/mem/RC_CG_HIER_INST54                  RC_CG_MOD_54                                                                                                                                                                                2                7.866
   accel/mem/RC_CG_HIER_INST55                  RC_CG_MOD_55                                                                                                                                                                                2                8.208
   accel/mem/RC_CG_HIER_INST56                  RC_CG_MOD_56                                                                                                                                                                                2                7.866
   accel/mem/RC_CG_HIER_INST57                  RC_CG_MOD_57                                                                                                                                                                                2                8.208
   accel/mem/RC_CG_HIER_INST58                  RC_CG_MOD_58                                                                                                                                                                                2                8.208
   accel/mem/RC_CG_HIER_INST59                  RC_CG_MOD_59                                                                                                                                                                                2                7.524
   accel/mem/RC_CG_HIER_INST60                  RC_CG_MOD_60                                                                                                                                                                                2                7.524
   accel/mem/RC_CG_HIER_INST61                  RC_CG_MOD_61                                                                                                                                                                                2                7.524
   accel/mem/RC_CG_HIER_INST62                  RC_CG_MOD_62                                                                                                                                                                                2                7.866
   accel/mem/RC_CG_HIER_INST63                  RC_CG_MOD_63                                                                                                                                                                                2                7.866
   accel/mem/RC_CG_HIER_INST64                  RC_CG_MOD_64                                                                                                                                                                                2                7.866
   accel/mem/RC_CG_HIER_INST65                  RC_CG_MOD_65                                                                                                                                                                                2                8.208
   accel/mem/RC_CG_HIER_INST66                  RC_CG_MOD_66                                                                                                                                                                                2                7.524
   accel/mem/RC_CG_HIER_INST67                  RC_CG_MOD_67                                                                                                                                                                                2                9.576
   accel/mem/RC_CG_HIER_INST68                  RC_CG_MOD_68                                                                                                                                                                                2                7.866
   accel/mem/RC_CG_HIER_INST69                  RC_CG_MOD_69                                                                                                                                                                                2                7.866
   accel/mem/RC_CG_HIER_INST70                  RC_CG_MOD_70                                                                                                                                                                                2                7.866
   accel/mem/RC_CG_HIER_INST71                  RC_CG_MOD_71                                                                                                                                                                                2                8.208
   accel/mem/RC_CG_HIER_INST72                  RC_CG_MOD_72                                                                                                                                                                                2                7.866
   accel/mem/RC_CG_HIER_INST73                  RC_CG_MOD_73                                                                                                                                                                                2                7.866
   accel/mem/RC_CG_HIER_INST74                  RC_CG_MOD_74                                                                                                                                                                                2                7.866
   accel/mem/RC_CG_HIER_INST75                  RC_CG_MOD_75                                                                                                                                                                                2                8.208
   accel/mem/RC_CG_HIER_INST76                  RC_CG_MOD_76                                                                                                                                                                                2                7.524
   accel/mem/RC_CG_HIER_INST77                  RC_CG_MOD_77                                                                                                                                                                                2                7.866
   accel/mem/RC_CG_HIER_INST78                  RC_CG_MOD_78                                                                                                                                                                                2                7.866
   accel/mem/RC_CG_HIER_INST79                  RC_CG_MOD_79                                                                                                                                                                                2                7.866
   accel/mem/RC_CG_HIER_INST80                  RC_CG_MOD_80                                                                                                                                                                                3               15.732
   accel/mem/RC_CG_HIER_INST81                  RC_CG_MOD_81                                                                                                                                                                                2                7.866
   accel/mem/RC_CG_HIER_INST82                  RC_CG_MOD_82                                                                                                                                                                                2                7.866
   accel/mem/RC_CG_HIER_INST83                  RC_CG_MOD_83                                                                                                                                                                                2                7.866
   accel/mem/RC_CG_HIER_INST84                  RC_CG_MOD_84                                                                                                                                                                                2                7.524
   accel/mem/RC_CG_HIER_INST85                  RC_CG_MOD_85                                                                                                                                                                                2                7.866
   accel/mem/RC_CG_HIER_INST86                  RC_CG_MOD_86                                                                                                                                                                                2                7.866
   accel/mem/RC_CG_HIER_INST87                  RC_CG_MOD_87                                                                                                                                                                                3               16.074
   accel/mem/RC_CG_HIER_INST88                  RC_CG_MOD_88                                                                                                                                                                                2                7.866
   accel/mem/RC_CG_HIER_INST89                  RC_CG_MOD_89                                                                                                                                                                                2                7.524
   accel/mem/RC_CG_HIER_INST90                  RC_CG_MOD_90                                                                                                                                                                                2                8.208
   accel/mem/RC_CG_HIER_INST91                  RC_CG_MOD_91                                                                                                                                                                                2                8.208
   accel/mem/RC_CG_HIER_INST92                  RC_CG_MOD_92                                                                                                                                                                                2                8.208
   accel/mem/RC_CG_HIER_INST93                  RC_CG_MOD_93                                                                                                                                                                                3               16.416
   accel/mem/RC_CG_HIER_INST94                  RC_CG_MOD_94                                                                                                                                                                                2                7.866
   accel/mem/RC_CG_HIER_INST95                  RC_CG_MOD_95                                                                                                                                                                                2                7.866
   accel/mem/RC_CG_HIER_INST96                  RC_CG_MOD_96                                                                                                                                                                                2                7.866
   accel/mem/RC_CG_HIER_INST97                  RC_CG_MOD_97                                                                                                                                                                                2                8.208
   accel/mem/RC_CG_HIER_INST98                  RC_CG_MOD_98                                                                                                                                                                                3               16.758
   accel/mem/RC_CG_HIER_INST99                  RC_CG_MOD_99                                                                                                                                                                                2                7.866
 flash_bufs_0_                                  bidir_buf_2074                                                                                                                                                                              3               19.836
 flash_bufs_1_                                  bidir_buf_2075                                                                                                                                                                             14               72.846
 flash_bufs_2_                                  bidir_buf_2076                                                                                                                                                                             13               78.318
 flash_bufs_3_                                  bidir_buf                                                                                                                                                                                   7               29.412
 soc                                            picosoc                                                                                                                                                                                 17787           101508.541
  soc/cpu                                       picorv32_ENABLE_COUNTERS1_BARREL_SHIFTER1_COMPRESSED_ISA1_ENABLE_MUL1_ENABLE_FAST_MUL0_ENABLE_DIV1_ENABLE_IRQ1_ENABLE_IRQ_QREGS0_PROGADDR_RESET1048576_PROGADDR_IRQ0_STACKADDR1024      14889            55243.260
   soc/cpu/RC_CG_HIER_INST408                   RC_CG_MOD_408                                                                                                                                                                               2                7.524
   soc/cpu/RC_CG_HIER_INST409                   RC_CG_MOD_409                                                                                                                                                                               2               16.074
   soc/cpu/RC_CG_HIER_INST410                   RC_CG_MOD_410                                                                                                                                                                               3               12.654
   soc/cpu/RC_CG_HIER_INST411                   RC_CG_MOD_411                                                                                                                                                                               2                8.208
   soc/cpu/RC_CG_HIER_INST412                   RC_CG_MOD_412                                                                                                                                                                               2               14.022
   soc/cpu/RC_CG_HIER_INST413                   RC_CG_MOD_413                                                                                                                                                                               2               11.970
   soc/cpu/RC_CG_HIER_INST414                   RC_CG_MOD_414                                                                                                                                                                               2               14.022
   soc/cpu/RC_CG_HIER_INST415                   RC_CG_MOD_415                                                                                                                                                                               2               14.022
   soc/cpu/RC_CG_HIER_INST416                   RC_CG_MOD_416                                                                                                                                                                               2               14.022
   soc/cpu/RC_CG_HIER_INST417                   RC_CG_MOD_417                                                                                                                                                                               2               14.022
   soc/cpu/RC_CG_HIER_INST418                   RC_CG_MOD_418                                                                                                                                                                               2               14.022
   soc/cpu/RC_CG_HIER_INST419                   RC_CG_MOD_419                                                                                                                                                                               2               11.970
   soc/cpu/RC_CG_HIER_INST420                   RC_CG_MOD_420                                                                                                                                                                               2                9.918
   soc/cpu/RC_CG_HIER_INST421                   RC_CG_MOD_421                                                                                                                                                                               2               11.970
   soc/cpu/RC_CG_HIER_INST422                   RC_CG_MOD_422                                                                                                                                                                               2               11.970
   soc/cpu/RC_CG_HIER_INST423                   RC_CG_MOD_423                                                                                                                                                                               3               22.914
   soc/cpu/RC_CG_HIER_INST424                   RC_CG_MOD_424                                                                                                                                                                               2               11.970
   soc/cpu/RC_CG_HIER_INST425                   RC_CG_MOD_425                                                                                                                                                                               3               13.680
   soc/cpu/RC_CG_HIER_INST426                   RC_CG_MOD_426                                                                                                                                                                               2               14.022
   soc/cpu/RC_CG_HIER_INST427                   RC_CG_MOD_427                                                                                                                                                                               2               14.022
   soc/cpu/RC_CG_HIER_INST428                   RC_CG_MOD_428                                                                                                                                                                               2               11.970
   soc/cpu/RC_CG_HIER_INST429                   RC_CG_MOD_429                                                                                                                                                                               2               11.970
   soc/cpu/RC_CG_HIER_INST430                   RC_CG_MOD_430                                                                                                                                                                               4               22.572
   soc/cpu/RC_CG_HIER_INST431                   RC_CG_MOD_431                                                                                                                                                                               2                9.918
   soc/cpu/RC_CG_HIER_INST432                   RC_CG_MOD_432                                                                                                                                                                               2               14.022
   soc/cpu/RC_CG_HIER_INST433                   RC_CG_MOD_433                                                                                                                                                                               2               14.022
   soc/cpu/RC_CG_HIER_INST434                   RC_CG_MOD_434                                                                                                                                                                               2               11.970
   soc/cpu/RC_CG_HIER_INST435                   RC_CG_MOD_435                                                                                                                                                                               2               14.022
   soc/cpu/RC_CG_HIER_INST436                   RC_CG_MOD_436                                                                                                                                                                               3               22.230
   soc/cpu/RC_CG_HIER_INST437                   RC_CG_MOD_437                                                                                                                                                                               2               14.022
   soc/cpu/RC_CG_HIER_INST438                   RC_CG_MOD_438                                                                                                                                                                               2               14.022
   soc/cpu/RC_CG_HIER_INST439                   RC_CG_MOD_439                                                                                                                                                                               2               14.022
   soc/cpu/RC_CG_HIER_INST440                   RC_CG_MOD_440                                                                                                                                                                               2               14.022
   soc/cpu/RC_CG_HIER_INST441                   RC_CG_MOD_441                                                                                                                                                                               2               14.022
   soc/cpu/RC_CG_HIER_INST442                   RC_CG_MOD_442                                                                                                                                                                               2               14.022
   soc/cpu/RC_CG_HIER_INST443                   RC_CG_MOD_443                                                                                                                                                                               2               14.022
   soc/cpu/RC_CG_HIER_INST444                   RC_CG_MOD_444                                                                                                                                                                               3               22.914
   soc/cpu/RC_CG_HIER_INST445                   RC_CG_MOD_445                                                                                                                                                                               2               14.022
   soc/cpu/RC_CG_HIER_INST446                   RC_CG_MOD_446                                                                                                                                                                               2                9.918
   soc/cpu/RC_CG_HIER_INST447                   RC_CG_MOD_447                                                                                                                                                                               2               16.074
   soc/cpu/RC_CG_HIER_INST448                   RC_CG_MOD_448                                                                                                                                                                               2                8.208
   soc/cpu/RC_CG_HIER_INST449                   RC_CG_MOD_449                                                                                                                                                                               4               18.468
   soc/cpu/RC_CG_HIER_INST450                   RC_CG_MOD_450                                                                                                                                                                               3               17.100
   soc/cpu/RC_CG_HIER_INST451                   RC_CG_MOD_451                                                                                                                                                                               3               16.074
   soc/cpu/RC_CG_HIER_INST452                   RC_CG_MOD_452                                                                                                                                                                               2               14.022
   soc/cpu/RC_CG_HIER_INST453                   RC_CG_MOD_453                                                                                                                                                                               3               22.230
   soc/cpu/RC_CG_HIER_INST454                   RC_CG_MOD_454                                                                                                                                                                               3               15.732
   soc/cpu/RC_CG_HIER_INST455                   RC_CG_MOD_455                                                                                                                                                                               2               14.022
   soc/cpu/RC_CG_HIER_INST456                   RC_CG_MOD_456                                                                                                                                                                               2                7.524
   soc/cpu/RC_CG_HIER_INST457                   RC_CG_MOD_457                                                                                                                                                                               2                7.524
   soc/cpu/RC_CG_HIER_INST458                   RC_CG_MOD_458                                                                                                                                                                               3               15.732
   soc/cpu/RC_CG_HIER_INST459                   RC_CG_MOD_459                                                                                                                                                                               3               16.416
   soc/cpu/RC_CG_HIER_INST460                   RC_CG_MOD_460                                                                                                                                                                               2                7.524
   soc/cpu/RC_CG_HIER_INST461                   RC_CG_MOD_461                                                                                                                                                                               2                7.524
   soc/cpu/RC_CG_HIER_INST463                   RC_CG_MOD_463                                                                                                                                                                               3               13.338
   soc/cpu/genblk1.pcpi_mul                     picorv32_pcpi_mul                                                                                                                                                                        2032             9279.486
    soc/cpu/genblk1.pcpi_mul/RC_CG_HIER_INST464 RC_CG_MOD_464                                                                                                                                                                               2               14.022
    soc/cpu/genblk1.pcpi_mul/RC_CG_HIER_INST465 RC_CG_MOD_465                                                                                                                                                                               2                7.524
    soc/cpu/genblk1.pcpi_mul/RC_CG_HIER_INST466 RC_CG_MOD_466                                                                                                                                                                               2                7.524
    soc/cpu/genblk1.pcpi_mul/RC_CG_HIER_INST467 RC_CG_MOD_467                                                                                                                                                                               2                7.524
    soc/cpu/genblk1.pcpi_mul/RC_CG_HIER_INST468 RC_CG_MOD_468                                                                                                                                                                               2                7.524
    soc/cpu/genblk1.pcpi_mul/RC_CG_HIER_INST469 RC_CG_MOD_469                                                                                                                                                                               2                7.524
    soc/cpu/genblk1.pcpi_mul/RC_CG_HIER_INST470 RC_CG_MOD_470                                                                                                                                                                               3               15.732
    soc/cpu/genblk1.pcpi_mul/RC_CG_HIER_INST471 RC_CG_MOD_471                                                                                                                                                                               2                7.524
    soc/cpu/genblk1.pcpi_mul/RC_CG_HIER_INST472 RC_CG_MOD_472                                                                                                                                                                               2                7.524
    soc/cpu/genblk1.pcpi_mul/RC_CG_HIER_INST473 RC_CG_MOD_473                                                                                                                                                                               2                7.524
    soc/cpu/genblk1.pcpi_mul/RC_CG_HIER_INST474 RC_CG_MOD_474                                                                                                                                                                               2                7.524
    soc/cpu/genblk1.pcpi_mul/RC_CG_HIER_INST475 RC_CG_MOD_475                                                                                                                                                                               2                7.524
    soc/cpu/genblk1.pcpi_mul/RC_CG_HIER_INST476 RC_CG_MOD_476                                                                                                                                                                               3               11.286
    soc/cpu/genblk1.pcpi_mul/RC_CG_HIER_INST477 RC_CG_MOD_477                                                                                                                                                                               2                7.524
    soc/cpu/genblk1.pcpi_mul/RC_CG_HIER_INST478 RC_CG_MOD_478                                                                                                                                                                               2                7.524
    soc/cpu/genblk1.pcpi_mul/RC_CG_HIER_INST479 RC_CG_MOD_479                                                                                                                                                                               2                7.524
    soc/cpu/genblk1.pcpi_mul/RC_CG_HIER_INST480 RC_CG_MOD_480                                                                                                                                                                               3               11.286
   soc/cpu/genblk2.pcpi_div                     picorv32_pcpi_div                                                                                                                                                                        1684             7284.258
    soc/cpu/genblk2.pcpi_div/RC_CG_HIER_INST481 RC_CG_MOD_481                                                                                                                                                                               2                7.524
    soc/cpu/genblk2.pcpi_div/RC_CG_HIER_INST482 RC_CG_MOD_482                                                                                                                                                                               5               27.702
    soc/cpu/genblk2.pcpi_div/RC_CG_HIER_INST483 RC_CG_MOD_483                                                                                                                                                                               2                7.524
  soc/memory                                    picosoc_mem_WORDS256                                                                                                                                                                       20            34569.223
  soc/simpleuart                                simpleuart                                                                                                                                                                                969             4454.550
   soc/simpleuart/RC_CG_DECLONE_HIER_INST       RC_CG_MOD_484                                                                                                                                                                               2                7.866
   soc/simpleuart/RC_CG_HIER_INST485            RC_CG_MOD_485                                                                                                                                                                               3               15.732
   soc/simpleuart/RC_CG_HIER_INST486            RC_CG_MOD_486                                                                                                                                                                               2                7.524
   soc/simpleuart/RC_CG_HIER_INST487            RC_CG_MOD_487                                                                                                                                                                               2                7.524
   soc/simpleuart/RC_CG_HIER_INST488            RC_CG_MOD_488                                                                                                                                                                               2                7.524
   soc/simpleuart/RC_CG_HIER_INST489            RC_CG_MOD_489                                                                                                                                                                               2                7.524
   soc/simpleuart/RC_CG_HIER_INST490            RC_CG_MOD_490                                                                                                                                                                               2                7.524
   soc/simpleuart/RC_CG_HIER_INST491            RC_CG_MOD_491                                                                                                                                                                               3               15.732
  soc/spimemio                                  spimemio                                                                                                                                                                                 1255             5225.418
   soc/spimemio/RC_CG_HIER_INST493              RC_CG_MOD_493                                                                                                                                                                               2               14.022
   soc/spimemio/RC_CG_HIER_INST494              RC_CG_MOD_494                                                                                                                                                                               4               21.546
   soc/spimemio/RC_CG_HIER_INST495              RC_CG_MOD_495                                                                                                                                                                               7               26.676
   soc/spimemio/RC_CG_HIER_INST496              RC_CG_MOD_496                                                                                                                                                                               6               27.018
   soc/spimemio/RC_CG_HIER_INST497              RC_CG_MOD_497                                                                                                                                                                               2                7.524
   soc/spimemio/RC_CG_HIER_INST498              RC_CG_MOD_498                                                                                                                                                                               2                7.524
   soc/spimemio/RC_CG_HIER_INST499              RC_CG_MOD_499                                                                                                                                                                               2                7.524
   soc/spimemio/RC_CG_HIER_INST500              RC_CG_MOD_500                                                                                                                                                                               3               17.100
   soc/spimemio/RC_CG_HIER_INST501              RC_CG_MOD_501                                                                                                                                                                               3               15.732
   soc/spimemio/RC_CG_HIER_INST502              RC_CG_MOD_502                                                                                                                                                                               3               15.732
   soc/spimemio/xfer                            spimemio_xfer                                                                                                                                                                             414             1648.782
    soc/spimemio/xfer/RC_CG_HIER_INST503        RC_CG_MOD_503                                                                                                                                                                               2                7.524
    soc/spimemio/xfer/RC_CG_HIER_INST504        RC_CG_MOD_504                                                                                                                                                                               2                7.866
    soc/spimemio/xfer/RC_CG_HIER_INST505        RC_CG_MOD_505                                                                                                                                                                               2                7.524
    soc/spimemio/xfer/RC_CG_HIER_INST506        RC_CG_MOD_506                                                                                                                                                                               2                7.524
    soc/spimemio/xfer/RC_CG_HIER_INST507        RC_CG_MOD_507                                                                                                                                                                               2                7.524
