###############################################################
#  Generated by:      Cadence Innovus 21.11-s130_1
#  OS:                Linux x86_64(Host ID et4351.ewi.tudelft.nl)
#  Generated on:      Mon Apr  6 14:43:11 2026
#  Design:            et4351
#  Command:           report_ccopt_skew_groups -file clockReports/skew_groups.rpt
###############################################################

Skew Group Structure:
=====================

----------------------------------------------------------------------------------------------------
Skew Group                                       Sources    Constrained Sinks    Unconstrained Sinks
----------------------------------------------------------------------------------------------------
_clock_gen_clk_config_clk_reg/constraint_mode       1                2                    0
_clock_gen_clk_config_en_reg/constraint_mode        1               34                    0
_clock_gen_clk_flash_clk_reg/constraint_mode        1               15                    0
clk/constraint_mode                                 1             5968                   17
----------------------------------------------------------------------------------------------------

Skew Group Summary:
===================

-----------------------------------------------------------------------------------------------------------------------------------------------------------------------------------------------------
Timing Corner            Skew Group                                       ID Target    Min ID    Max ID    Avg ID    Std.Dev. ID    Skew Target Type    Skew Target    Skew     Skew window occupancy
-----------------------------------------------------------------------------------------------------------------------------------------------------------------------------------------------------
delay_max:setup.early    _clock_gen_clk_config_clk_reg/constraint_mode        -        0.579     0.583     0.581        0.003       ignored                  -         0.004              -
                         _clock_gen_clk_config_en_reg/constraint_mode         -        0.284     0.592     0.450        0.050       ignored                  -         0.308              -
                         _clock_gen_clk_flash_clk_reg/constraint_mode         -        0.371     0.505     0.481        0.035       ignored                  -         0.133              -
                         clk/constraint_mode                                  -        0.532     0.917     0.660        0.067       ignored                  -         0.386              -
delay_max:setup.late     _clock_gen_clk_config_clk_reg/constraint_mode    none         0.580     0.583     0.582        0.003       auto computed        0.102         0.004    100% {0.580, 0.583}
                         _clock_gen_clk_config_en_reg/constraint_mode     none         0.284     0.593     0.451        0.050       auto computed       *0.102         0.308    88.2% {0.442, 0.544}
                         _clock_gen_clk_flash_clk_reg/constraint_mode     none         0.372     0.506     0.481        0.035       auto computed       *0.102         0.133    93.3% {0.468, 0.506}
                         clk/constraint_mode                              none         0.532     0.921     0.662        0.067       auto computed       *0.102         0.388    86.7% {0.596, 0.698}
delay_typ:both.early     _clock_gen_clk_config_clk_reg/constraint_mode        -        0.106     0.121     0.114        0.011       ignored                  -         0.015              -
                         _clock_gen_clk_config_en_reg/constraint_mode         -        0.066     0.122     0.097        0.007       ignored                  -         0.056              -
                         _clock_gen_clk_flash_clk_reg/constraint_mode         -        0.076     0.097     0.083        0.007       ignored                  -         0.021              -
                         clk/constraint_mode                                  -        0.094     0.192     0.141        0.015       ignored                  -         0.098              -
delay_typ:both.late      _clock_gen_clk_config_clk_reg/constraint_mode        -        0.107     0.122     0.114        0.011       ignored                  -         0.015              -
                         _clock_gen_clk_config_en_reg/constraint_mode         -        0.067     0.123     0.098        0.007       ignored                  -         0.056              -
                         _clock_gen_clk_flash_clk_reg/constraint_mode         -        0.076     0.098     0.084        0.007       ignored                  -         0.022              -
                         clk/constraint_mode                                  -        0.095     0.194     0.143        0.016       ignored                  -         0.099              -
delay_min:hold.early     _clock_gen_clk_config_clk_reg/constraint_mode        -        0.106     0.121     0.114        0.011       ignored                  -         0.015              -
                         _clock_gen_clk_config_en_reg/constraint_mode         -        0.066     0.122     0.097        0.007       ignored                  -         0.056              -
                         _clock_gen_clk_flash_clk_reg/constraint_mode         -        0.076     0.097     0.083        0.007       ignored                  -         0.021              -
                         clk/constraint_mode                                  -        0.094     0.192     0.141        0.015       ignored                  -         0.098              -
delay_min:hold.late      _clock_gen_clk_config_clk_reg/constraint_mode        -        0.107     0.122     0.114        0.011       ignored                  -         0.015              -
                         _clock_gen_clk_config_en_reg/constraint_mode         -        0.067     0.123     0.098        0.007       ignored                  -         0.056              -
                         _clock_gen_clk_flash_clk_reg/constraint_mode         -        0.076     0.098     0.084        0.007       ignored                  -         0.022              -
                         clk/constraint_mode                                  -        0.095     0.194     0.143        0.016       ignored                  -         0.099              -
-----------------------------------------------------------------------------------------------------------------------------------------------------------------------------------------------------

* - indicates that target was not met.

Skew Group Min/Max path pins:
=============================

--------------------------------------------------------------------------------------------------------------
Timing Corner            Skew Group                                       Min ID    PathID    Max ID    PathID
--------------------------------------------------------------------------------------------------------------
delay_max:setup.early    _clock_gen_clk_config_clk_reg/constraint_mode    0.579        1      0.583        2
-    min soc/spimemio/config_clk_reg/CK
-    max soc/cpu/mem_wdata_reg_4_/CK
                         _clock_gen_clk_config_en_reg/constraint_mode     0.284       13      0.592       14
-    min soc/spimemio/config_en_reg/CK
-    max soc/cpu/mem_wstrb_reg_3_/CK
                         _clock_gen_clk_flash_clk_reg/constraint_mode     0.371       25      0.505       26
-    min soc/spimemio/xfer/flash_clk_reg/CK
-    max soc/spimemio/xfer/dummy_count_reg_3_/CK
                         clk/constraint_mode                              0.532       37      0.917       38
-    min soc/cpu/cpu_state_reg_5_/CK
-    max soc/cpu/decoded_imm_reg_28_/CK
delay_max:setup.late     _clock_gen_clk_config_clk_reg/constraint_mode    0.580        3      0.583        4
-    min soc/spimemio/config_clk_reg/CK
-    max soc/cpu/mem_wdata_reg_4_/CK
                         _clock_gen_clk_config_en_reg/constraint_mode     0.284       15      0.593       16
-    min soc/spimemio/config_en_reg/CK
-    max soc/cpu/mem_wstrb_reg_3_/CK
                         _clock_gen_clk_flash_clk_reg/constraint_mode     0.372       27      0.506       28
-    min soc/spimemio/xfer/flash_clk_reg/CK
-    max soc/spimemio/xfer/dummy_count_reg_3_/CK
                         clk/constraint_mode                              0.532       39      0.921       40
-    min soc/cpu/cpu_state_reg_5_/CK
-    max soc/cpu/decoded_imm_reg_28_/CK
delay_typ:both.early     _clock_gen_clk_config_clk_reg/constraint_mode    0.106        5      0.121        6
-    min soc/spimemio/config_clk_reg/CK
-    max soc/cpu/mem_wdata_reg_4_/CK
                         _clock_gen_clk_config_en_reg/constraint_mode     0.066       17      0.122       18
-    min soc/spimemio/config_en_reg/CK
-    max soc/cpu/mem_wdata_reg_31_/CK
                         _clock_gen_clk_flash_clk_reg/constraint_mode     0.076       29      0.097       30
-    min soc/spimemio/xfer/xfer_qspi_reg/CK
-    max soc/spimemio/xfer_resetn_reg/CK
                         clk/constraint_mode                              0.094       41      0.192       42
-    min soc/cpu/mem_state_reg_1_/CK
-    max soc/cpu/count_cycle_reg_38_/CK
delay_typ:both.late      _clock_gen_clk_config_clk_reg/constraint_mode    0.107        7      0.122        8
-    min soc/spimemio/config_clk_reg/CK
-    max soc/cpu/mem_wdata_reg_4_/CK
                         _clock_gen_clk_config_en_reg/constraint_mode     0.067       19      0.123       20
-    min soc/spimemio/config_en_reg/CK
-    max soc/cpu/mem_wdata_reg_31_/CK
                         _clock_gen_clk_flash_clk_reg/constraint_mode     0.076       31      0.098       32
-    min soc/spimemio/xfer/xfer_qspi_reg/CK
-    max soc/spimemio/xfer_resetn_reg/CK
                         clk/constraint_mode                              0.095       43      0.194       44
-    min soc/cpu/mem_state_reg_1_/CK
-    max soc/cpu/count_cycle_reg_38_/CK
delay_min:hold.early     _clock_gen_clk_config_clk_reg/constraint_mode    0.106        9      0.121       10
-    min soc/spimemio/config_clk_reg/CK
-    max soc/cpu/mem_wdata_reg_4_/CK
                         _clock_gen_clk_config_en_reg/constraint_mode     0.066       21      0.122       22
-    min soc/spimemio/config_en_reg/CK
-    max soc/cpu/mem_wdata_reg_31_/CK
                         _clock_gen_clk_flash_clk_reg/constraint_mode     0.076       33      0.097       34
-    min soc/spimemio/xfer/xfer_qspi_reg/CK
-    max soc/spimemio/xfer_resetn_reg/CK
                         clk/constraint_mode                              0.094       45      0.192       46
-    min soc/cpu/mem_state_reg_1_/CK
-    max soc/cpu/count_cycle_reg_38_/CK
delay_min:hold.late      _clock_gen_clk_config_clk_reg/constraint_mode    0.107       11      0.122       12
-    min soc/spimemio/config_clk_reg/CK
-    max soc/cpu/mem_wdata_reg_4_/CK
                         _clock_gen_clk_config_en_reg/constraint_mode     0.067       23      0.123       24
-    min soc/spimemio/config_en_reg/CK
-    max soc/cpu/mem_wdata_reg_31_/CK
                         _clock_gen_clk_flash_clk_reg/constraint_mode     0.076       35      0.098       36
-    min soc/spimemio/xfer/xfer_qspi_reg/CK
-    max soc/spimemio/xfer_resetn_reg/CK
                         clk/constraint_mode                              0.095       47      0.194       48
-    min soc/cpu/mem_state_reg_1_/CK
-    max soc/cpu/count_cycle_reg_38_/CK
--------------------------------------------------------------------------------------------------------------

Timing for timing corner delay_max:setup.early, min clock_path:
===============================================================

PathID    : 1
Path type : skew group _clock_gen_clk_config_clk_reg/constraint_mode (path 1 of 1)
Start     : clk
End       : soc/spimemio/config_clk_reg/CK
Delay     : 0.579

------------------------------------------------------------------------------------------------------
Name  Lib cell        Event  Incr   Arrival  Slew   Cap    Location           Distance  Fanout  Status
                             (ns)   (ns)     (ns)   (pF)                      (um)              
-- Clockpath trace -----------------------------------------------------------------------------------
clk
-     -               rise   -       0.000   0.004  0.042  (664.800,280.000)  -           6     
CTS_cdb_buf_00153/A
-     CLKBUFX20       rise   0.001   0.001   0.004  -      (626.500,279.585)   38.715   -       
CTS_cdb_buf_00153/Y
-     CLKBUFX20       rise   0.079   0.079   0.032  0.005  (626.010,279.385)    0.690     1     
soc/CTS_cdb_buf_00169/A
-     CLKBUFX20       rise   0.000   0.079   0.032  -      (629.700,235.125)   47.950   -       
soc/CTS_cdb_buf_00169/Y
-     CLKBUFX20       rise   0.108   0.187   0.068  0.039  (629.210,234.925)    0.690     2     
soc/spimemio/RC_CG_HIER_INST499/RC_CGIC_INST/CK
-     TLATNTSCAX2HVT  rise   0.010   0.198   0.071  -      (198.700,356.915)  552.500   -       
soc/spimemio/RC_CG_HIER_INST499/RC_CGIC_INST/ECK
-     TLATNTSCAX2HVT  rise   0.382   0.579   0.064  0.001  (201.360,356.860)    2.715     2     
soc/spimemio/config_clk_reg/CK
-     DFFRHQX1HVT     rise   0.000   0.579   0.064  -      (196.700,358.245)    6.045   -       
------------------------------------------------------------------------------------------------------

Timing for timing corner delay_max:setup.early, max clock_path:
===============================================================

PathID    : 2
Path type : skew group _clock_gen_clk_config_clk_reg/constraint_mode (path 1 of 1)
Start     : clk
End       : soc/cpu/mem_wdata_reg_4_/CK
Delay     : 0.583

---------------------------------------------------------------------------------------------------
Name  Lib cell     Event  Incr   Arrival  Slew   Cap    Location           Distance  Fanout  Status
                          (ns)   (ns)     (ns)   (pF)                      (um)              
-- Clockpath trace --------------------------------------------------------------------------------
clk
-     -            rise   -       0.000   0.004  0.042  (664.800,280.000)  -           6     
CTS_cdb_buf_00153/A
-     CLKBUFX20    rise   0.001   0.001   0.004  -      (626.500,279.585)   38.715   -       
CTS_cdb_buf_00153/Y
-     CLKBUFX20    rise   0.079   0.079   0.032  0.005  (626.010,279.385)    0.690     1     
soc/CTS_cdb_buf_00169/A
-     CLKBUFX20    rise   0.000   0.079   0.032  -      (629.700,235.125)   47.950   -       
soc/CTS_cdb_buf_00169/Y
-     CLKBUFX20    rise   0.108   0.187   0.068  0.039  (629.210,234.925)    0.690     2     
soc/cpu/RC_CG_HIER_INST411/RC_CGIC_INST/CK
-     TLATNTSCAX4  rise   0.010   0.197   0.071  -      (145.300,270.845)  519.830   -       
soc/cpu/RC_CG_HIER_INST411/RC_CGIC_INST/ECK
-     TLATNTSCAX4  rise   0.273   0.471   0.082  0.009  (148.515,270.505)    3.555     3     
soc/cpu/CTS_ccl_a_buf_00019/A
-     CLKBUFX2     rise   0.001   0.471   0.082  -      (174.765,359.725)  115.470   -       
soc/cpu/CTS_ccl_a_buf_00019/Y
-     CLKBUFX2     rise   0.112   0.583   0.021  0.000  (174.410,360.195)    0.825     1     
soc/cpu/mem_wdata_reg_4_/CK
-     DFFQX2       rise   0.000   0.583   0.021  -      (176.370,361.680)    3.445   -       
---------------------------------------------------------------------------------------------------

Timing for timing corner delay_max:setup.late, min clock_path:
==============================================================

PathID    : 3
Path type : skew group _clock_gen_clk_config_clk_reg/constraint_mode (path 1 of 1)
Start     : clk
End       : soc/spimemio/config_clk_reg/CK
Delay     : 0.580

------------------------------------------------------------------------------------------------------
Name  Lib cell        Event  Incr   Arrival  Slew   Cap    Location           Distance  Fanout  Status
                             (ns)   (ns)     (ns)   (pF)                      (um)              
-- Clockpath trace -----------------------------------------------------------------------------------
clk
-     -               rise   -       0.000   0.004  0.042  (664.800,280.000)  -           6     
CTS_cdb_buf_00153/A
-     CLKBUFX20       rise   0.001   0.001   0.004  -      (626.500,279.585)   38.715   -       
CTS_cdb_buf_00153/Y
-     CLKBUFX20       rise   0.079   0.079   0.032  0.005  (626.010,279.385)    0.690     1     
soc/CTS_cdb_buf_00169/A
-     CLKBUFX20       rise   0.000   0.080   0.032  -      (629.700,235.125)   47.950   -       
soc/CTS_cdb_buf_00169/Y
-     CLKBUFX20       rise   0.108   0.188   0.068  0.039  (629.210,234.925)    0.690     2     
soc/spimemio/RC_CG_HIER_INST499/RC_CGIC_INST/CK
-     TLATNTSCAX2HVT  rise   0.010   0.198   0.071  -      (198.700,356.915)  552.500   -       
soc/spimemio/RC_CG_HIER_INST499/RC_CGIC_INST/ECK
-     TLATNTSCAX2HVT  rise   0.382   0.580   0.064  0.001  (201.360,356.860)    2.715     2     
soc/spimemio/config_clk_reg/CK
-     DFFRHQX1HVT     rise   0.000   0.580   0.064  -      (196.700,358.245)    6.045   -       
------------------------------------------------------------------------------------------------------

Timing for timing corner delay_max:setup.late, max clock_path:
==============================================================

PathID    : 4
Path type : skew group _clock_gen_clk_config_clk_reg/constraint_mode (path 1 of 1)
Start     : clk
End       : soc/cpu/mem_wdata_reg_4_/CK
Delay     : 0.583

---------------------------------------------------------------------------------------------------
Name  Lib cell     Event  Incr   Arrival  Slew   Cap    Location           Distance  Fanout  Status
                          (ns)   (ns)     (ns)   (pF)                      (um)              
-- Clockpath trace --------------------------------------------------------------------------------
clk
-     -            rise   -       0.000   0.004  0.042  (664.800,280.000)  -           6     
CTS_cdb_buf_00153/A
-     CLKBUFX20    rise   0.001   0.001   0.004  -      (626.500,279.585)   38.715   -       
CTS_cdb_buf_00153/Y
-     CLKBUFX20    rise   0.079   0.079   0.032  0.005  (626.010,279.385)    0.690     1     
soc/CTS_cdb_buf_00169/A
-     CLKBUFX20    rise   0.000   0.080   0.032  -      (629.700,235.125)   47.950   -       
soc/CTS_cdb_buf_00169/Y
-     CLKBUFX20    rise   0.108   0.188   0.068  0.039  (629.210,234.925)    0.690     2     
soc/cpu/RC_CG_HIER_INST411/RC_CGIC_INST/CK
-     TLATNTSCAX4  rise   0.010   0.198   0.071  -      (145.300,270.845)  519.830   -       
soc/cpu/RC_CG_HIER_INST411/RC_CGIC_INST/ECK
-     TLATNTSCAX4  rise   0.273   0.471   0.082  0.009  (148.515,270.505)    3.555     3     
soc/cpu/CTS_ccl_a_buf_00019/A
-     CLKBUFX2     rise   0.001   0.472   0.082  -      (174.765,359.725)  115.470   -       
soc/cpu/CTS_ccl_a_buf_00019/Y
-     CLKBUFX2     rise   0.112   0.583   0.021  0.000  (174.410,360.195)    0.825     1     
soc/cpu/mem_wdata_reg_4_/CK
-     DFFQX2       rise   0.000   0.583   0.021  -      (176.370,361.680)    3.445   -       
---------------------------------------------------------------------------------------------------

Timing for timing corner delay_typ:both.early, min clock_path:
==============================================================

PathID    : 5
Path type : skew group _clock_gen_clk_config_clk_reg/constraint_mode (path 1 of 1)
Start     : clk
End       : soc/spimemio/config_clk_reg/CK
Delay     : 0.106

------------------------------------------------------------------------------------------------------
Name  Lib cell        Event  Incr   Arrival  Slew   Cap    Location           Distance  Fanout  Status
                             (ns)   (ns)     (ns)   (pF)                      (um)              
-- Clockpath trace -----------------------------------------------------------------------------------
clk
-     -               rise   -       0.000   0.004  0.043  (664.800,280.000)  -           6     
CTS_cdb_buf_00153/A
-     CLKBUFX20       rise   0.001   0.001   0.004  -      (626.500,279.585)   38.715   -       
CTS_cdb_buf_00153/Y
-     CLKBUFX20       rise   0.020   0.021   0.009  0.005  (626.010,279.385)    0.690     1     
soc/CTS_cdb_buf_00169/A
-     CLKBUFX20       rise   0.000   0.021   0.009  -      (629.700,235.125)   47.950   -       
soc/CTS_cdb_buf_00169/Y
-     CLKBUFX20       rise   0.024   0.045   0.017  0.039  (629.210,234.925)    0.690     2     
soc/spimemio/RC_CG_HIER_INST499/RC_CGIC_INST/CK
-     TLATNTSCAX2HVT  rise   0.010   0.055   0.026  -      (198.700,356.915)  552.500   -       
soc/spimemio/RC_CG_HIER_INST499/RC_CGIC_INST/ECK
-     TLATNTSCAX2HVT  rise   0.051   0.106   0.010  0.001  (201.360,356.860)    2.715     2     
soc/spimemio/config_clk_reg/CK
-     DFFRHQX1HVT     rise   0.000   0.106   0.010  -      (196.700,358.245)    6.045   -       
------------------------------------------------------------------------------------------------------

Timing for timing corner delay_typ:both.early, max clock_path:
==============================================================

PathID    : 6
Path type : skew group _clock_gen_clk_config_clk_reg/constraint_mode (path 1 of 1)
Start     : clk
End       : soc/cpu/mem_wdata_reg_4_/CK
Delay     : 0.121

---------------------------------------------------------------------------------------------------
Name  Lib cell     Event  Incr   Arrival  Slew   Cap    Location           Distance  Fanout  Status
                          (ns)   (ns)     (ns)   (pF)                      (um)              
-- Clockpath trace --------------------------------------------------------------------------------
clk
-     -            rise   -       0.000   0.004  0.043  (664.800,280.000)  -           6     
CTS_cdb_buf_00153/A
-     CLKBUFX20    rise   0.001   0.001   0.004  -      (626.500,279.585)   38.715   -       
CTS_cdb_buf_00153/Y
-     CLKBUFX20    rise   0.020   0.021   0.009  0.005  (626.010,279.385)    0.690     1     
soc/CTS_cdb_buf_00169/A
-     CLKBUFX20    rise   0.000   0.021   0.009  -      (629.700,235.125)   47.950   -       
soc/CTS_cdb_buf_00169/Y
-     CLKBUFX20    rise   0.024   0.045   0.017  0.039  (629.210,234.925)    0.690     2     
soc/cpu/RC_CG_HIER_INST411/RC_CGIC_INST/CK
-     TLATNTSCAX4  rise   0.009   0.055   0.026  -      (145.300,270.845)  519.830   -       
soc/cpu/RC_CG_HIER_INST411/RC_CGIC_INST/ECK
-     TLATNTSCAX4  rise   0.049   0.104   0.020  0.010  (148.515,270.505)    3.555     3     
soc/cpu/CTS_ccl_a_buf_00019/A
-     CLKBUFX2     rise   0.001   0.105   0.020  -      (174.765,359.725)  115.470   -       
soc/cpu/CTS_ccl_a_buf_00019/Y
-     CLKBUFX2     rise   0.017   0.121   0.004  0.001  (174.410,360.195)    0.825     1     
soc/cpu/mem_wdata_reg_4_/CK
-     DFFQX2       rise   0.000   0.121   0.004  -      (176.370,361.680)    3.445   -       
---------------------------------------------------------------------------------------------------

Timing for timing corner delay_typ:both.late, min clock_path:
=============================================================

PathID    : 7
Path type : skew group _clock_gen_clk_config_clk_reg/constraint_mode (path 1 of 1)
Start     : clk
End       : soc/spimemio/config_clk_reg/CK
Delay     : 0.107

------------------------------------------------------------------------------------------------------
Name  Lib cell        Event  Incr   Arrival  Slew   Cap    Location           Distance  Fanout  Status
                             (ns)   (ns)     (ns)   (pF)                      (um)              
-- Clockpath trace -----------------------------------------------------------------------------------
clk
-     -               rise   -       0.000   0.004  0.043  (664.800,280.000)  -           6     
CTS_cdb_buf_00153/A
-     CLKBUFX20       rise   0.001   0.001   0.004  -      (626.500,279.585)   38.715   -       
CTS_cdb_buf_00153/Y
-     CLKBUFX20       rise   0.020   0.021   0.009  0.005  (626.010,279.385)    0.690     1     
soc/CTS_cdb_buf_00169/A
-     CLKBUFX20       rise   0.000   0.022   0.009  -      (629.700,235.125)   47.950   -       
soc/CTS_cdb_buf_00169/Y
-     CLKBUFX20       rise   0.024   0.046   0.017  0.039  (629.210,234.925)    0.690     2     
soc/spimemio/RC_CG_HIER_INST499/RC_CGIC_INST/CK
-     TLATNTSCAX2HVT  rise   0.010   0.055   0.026  -      (198.700,356.915)  552.500   -       
soc/spimemio/RC_CG_HIER_INST499/RC_CGIC_INST/ECK
-     TLATNTSCAX2HVT  rise   0.051   0.107   0.011  0.001  (201.360,356.860)    2.715     2     
soc/spimemio/config_clk_reg/CK
-     DFFRHQX1HVT     rise   0.000   0.107   0.011  -      (196.700,358.245)    6.045   -       
------------------------------------------------------------------------------------------------------

Timing for timing corner delay_typ:both.late, max clock_path:
=============================================================

PathID    : 8
Path type : skew group _clock_gen_clk_config_clk_reg/constraint_mode (path 1 of 1)
Start     : clk
End       : soc/cpu/mem_wdata_reg_4_/CK
Delay     : 0.122

---------------------------------------------------------------------------------------------------
Name  Lib cell     Event  Incr   Arrival  Slew   Cap    Location           Distance  Fanout  Status
                          (ns)   (ns)     (ns)   (pF)                      (um)              
-- Clockpath trace --------------------------------------------------------------------------------
clk
-     -            rise   -       0.000   0.004  0.043  (664.800,280.000)  -           6     
CTS_cdb_buf_00153/A
-     CLKBUFX20    rise   0.001   0.001   0.004  -      (626.500,279.585)   38.715   -       
CTS_cdb_buf_00153/Y
-     CLKBUFX20    rise   0.020   0.021   0.009  0.005  (626.010,279.385)    0.690     1     
soc/CTS_cdb_buf_00169/A
-     CLKBUFX20    rise   0.000   0.022   0.009  -      (629.700,235.125)   47.950   -       
soc/CTS_cdb_buf_00169/Y
-     CLKBUFX20    rise   0.024   0.046   0.017  0.039  (629.210,234.925)    0.690     2     
soc/cpu/RC_CG_HIER_INST411/RC_CGIC_INST/CK
-     TLATNTSCAX4  rise   0.009   0.055   0.026  -      (145.300,270.845)  519.830   -       
soc/cpu/RC_CG_HIER_INST411/RC_CGIC_INST/ECK
-     TLATNTSCAX4  rise   0.049   0.104   0.020  0.010  (148.515,270.505)    3.555     3     
soc/cpu/CTS_ccl_a_buf_00019/A
-     CLKBUFX2     rise   0.001   0.105   0.020  -      (174.765,359.725)  115.470   -       
soc/cpu/CTS_ccl_a_buf_00019/Y
-     CLKBUFX2     rise   0.017   0.122   0.004  0.001  (174.410,360.195)    0.825     1     
soc/cpu/mem_wdata_reg_4_/CK
-     DFFQX2       rise   0.000   0.122   0.004  -      (176.370,361.680)    3.445   -       
---------------------------------------------------------------------------------------------------

Timing for timing corner delay_min:hold.early, min clock_path:
==============================================================

PathID    : 9
Path type : skew group _clock_gen_clk_config_clk_reg/constraint_mode (path 1 of 1)
Start     : clk
End       : soc/spimemio/config_clk_reg/CK
Delay     : 0.106

------------------------------------------------------------------------------------------------------
Name  Lib cell        Event  Incr   Arrival  Slew   Cap    Location           Distance  Fanout  Status
                             (ns)   (ns)     (ns)   (pF)                      (um)              
-- Clockpath trace -----------------------------------------------------------------------------------
clk
-     -               rise   -       0.000   0.004  0.043  (664.800,280.000)  -           6     
CTS_cdb_buf_00153/A
-     CLKBUFX20       rise   0.001   0.001   0.004  -      (626.500,279.585)   38.715   -       
CTS_cdb_buf_00153/Y
-     CLKBUFX20       rise   0.020   0.021   0.009  0.005  (626.010,279.385)    0.690     1     
soc/CTS_cdb_buf_00169/A
-     CLKBUFX20       rise   0.000   0.021   0.009  -      (629.700,235.125)   47.950   -       
soc/CTS_cdb_buf_00169/Y
-     CLKBUFX20       rise   0.024   0.045   0.017  0.039  (629.210,234.925)    0.690     2     
soc/spimemio/RC_CG_HIER_INST499/RC_CGIC_INST/CK
-     TLATNTSCAX2HVT  rise   0.010   0.055   0.026  -      (198.700,356.915)  552.500   -       
soc/spimemio/RC_CG_HIER_INST499/RC_CGIC_INST/ECK
-     TLATNTSCAX2HVT  rise   0.051   0.106   0.010  0.001  (201.360,356.860)    2.715     2     
soc/spimemio/config_clk_reg/CK
-     DFFRHQX1HVT     rise   0.000   0.106   0.010  -      (196.700,358.245)    6.045   -       
------------------------------------------------------------------------------------------------------

Timing for timing corner delay_min:hold.early, max clock_path:
==============================================================

PathID    : 10
Path type : skew group _clock_gen_clk_config_clk_reg/constraint_mode (path 1 of 1)
Start     : clk
End       : soc/cpu/mem_wdata_reg_4_/CK
Delay     :  0.121

---------------------------------------------------------------------------------------------------
Name  Lib cell     Event  Incr   Arrival  Slew   Cap    Location           Distance  Fanout  Status
                          (ns)   (ns)     (ns)   (pF)                      (um)              
-- Clockpath trace --------------------------------------------------------------------------------
clk
-     -            rise   -       0.000   0.004  0.043  (664.800,280.000)  -           6     
CTS_cdb_buf_00153/A
-     CLKBUFX20    rise   0.001   0.001   0.004  -      (626.500,279.585)   38.715   -       
CTS_cdb_buf_00153/Y
-     CLKBUFX20    rise   0.020   0.021   0.009  0.005  (626.010,279.385)    0.690     1     
soc/CTS_cdb_buf_00169/A
-     CLKBUFX20    rise   0.000   0.021   0.009  -      (629.700,235.125)   47.950   -       
soc/CTS_cdb_buf_00169/Y
-     CLKBUFX20    rise   0.024   0.045   0.017  0.039  (629.210,234.925)    0.690     2     
soc/cpu/RC_CG_HIER_INST411/RC_CGIC_INST/CK
-     TLATNTSCAX4  rise   0.009   0.055   0.026  -      (145.300,270.845)  519.830   -       
soc/cpu/RC_CG_HIER_INST411/RC_CGIC_INST/ECK
-     TLATNTSCAX4  rise   0.049   0.104   0.020  0.010  (148.515,270.505)    3.555     3     
soc/cpu/CTS_ccl_a_buf_00019/A
-     CLKBUFX2     rise   0.001   0.105   0.020  -      (174.765,359.725)  115.470   -       
soc/cpu/CTS_ccl_a_buf_00019/Y
-     CLKBUFX2     rise   0.017   0.121   0.004  0.001  (174.410,360.195)    0.825     1     
soc/cpu/mem_wdata_reg_4_/CK
-     DFFQX2       rise   0.000   0.121   0.004  -      (176.370,361.680)    3.445   -       
---------------------------------------------------------------------------------------------------

Timing for timing corner delay_min:hold.late, min clock_path:
=============================================================

PathID    : 11
Path type : skew group _clock_gen_clk_config_clk_reg/constraint_mode (path 1 of 1)
Start     : clk
End       : soc/spimemio/config_clk_reg/CK
Delay     :  0.107

------------------------------------------------------------------------------------------------------
Name  Lib cell        Event  Incr   Arrival  Slew   Cap    Location           Distance  Fanout  Status
                             (ns)   (ns)     (ns)   (pF)                      (um)              
-- Clockpath trace -----------------------------------------------------------------------------------
clk
-     -               rise   -       0.000   0.004  0.043  (664.800,280.000)  -           6     
CTS_cdb_buf_00153/A
-     CLKBUFX20       rise   0.001   0.001   0.004  -      (626.500,279.585)   38.715   -       
CTS_cdb_buf_00153/Y
-     CLKBUFX20       rise   0.020   0.021   0.009  0.005  (626.010,279.385)    0.690     1     
soc/CTS_cdb_buf_00169/A
-     CLKBUFX20       rise   0.000   0.022   0.009  -      (629.700,235.125)   47.950   -       
soc/CTS_cdb_buf_00169/Y
-     CLKBUFX20       rise   0.024   0.046   0.017  0.039  (629.210,234.925)    0.690     2     
soc/spimemio/RC_CG_HIER_INST499/RC_CGIC_INST/CK
-     TLATNTSCAX2HVT  rise   0.010   0.055   0.026  -      (198.700,356.915)  552.500   -       
soc/spimemio/RC_CG_HIER_INST499/RC_CGIC_INST/ECK
-     TLATNTSCAX2HVT  rise   0.051   0.107   0.011  0.001  (201.360,356.860)    2.715     2     
soc/spimemio/config_clk_reg/CK
-     DFFRHQX1HVT     rise   0.000   0.107   0.011  -      (196.700,358.245)    6.045   -       
------------------------------------------------------------------------------------------------------

Timing for timing corner delay_min:hold.late, max clock_path:
=============================================================

PathID    : 12
Path type : skew group _clock_gen_clk_config_clk_reg/constraint_mode (path 1 of 1)
Start     : clk
End       : soc/cpu/mem_wdata_reg_4_/CK
Delay     :  0.122

---------------------------------------------------------------------------------------------------
Name  Lib cell     Event  Incr   Arrival  Slew   Cap    Location           Distance  Fanout  Status
                          (ns)   (ns)     (ns)   (pF)                      (um)              
-- Clockpath trace --------------------------------------------------------------------------------
clk
-     -            rise   -       0.000   0.004  0.043  (664.800,280.000)  -           6     
CTS_cdb_buf_00153/A
-     CLKBUFX20    rise   0.001   0.001   0.004  -      (626.500,279.585)   38.715   -       
CTS_cdb_buf_00153/Y
-     CLKBUFX20    rise   0.020   0.021   0.009  0.005  (626.010,279.385)    0.690     1     
soc/CTS_cdb_buf_00169/A
-     CLKBUFX20    rise   0.000   0.022   0.009  -      (629.700,235.125)   47.950   -       
soc/CTS_cdb_buf_00169/Y
-     CLKBUFX20    rise   0.024   0.046   0.017  0.039  (629.210,234.925)    0.690     2     
soc/cpu/RC_CG_HIER_INST411/RC_CGIC_INST/CK
-     TLATNTSCAX4  rise   0.009   0.055   0.026  -      (145.300,270.845)  519.830   -       
soc/cpu/RC_CG_HIER_INST411/RC_CGIC_INST/ECK
-     TLATNTSCAX4  rise   0.049   0.104   0.020  0.010  (148.515,270.505)    3.555     3     
soc/cpu/CTS_ccl_a_buf_00019/A
-     CLKBUFX2     rise   0.001   0.105   0.020  -      (174.765,359.725)  115.470   -       
soc/cpu/CTS_ccl_a_buf_00019/Y
-     CLKBUFX2     rise   0.017   0.122   0.004  0.001  (174.410,360.195)    0.825     1     
soc/cpu/mem_wdata_reg_4_/CK
-     DFFQX2       rise   0.000   0.122   0.004  -      (176.370,361.680)    3.445   -       
---------------------------------------------------------------------------------------------------

Timing for timing corner delay_max:setup.early, min clock_path:
===============================================================

PathID    : 13
Path type : skew group _clock_gen_clk_config_en_reg/constraint_mode (path 1 of 1)
Start     : clk
End       : soc/spimemio/config_en_reg/CK
Delay     :  0.284

-------------------------------------------------------------------------------------------------
Name  Lib cell   Event  Incr   Arrival  Slew   Cap    Location           Distance  Fanout  Status
                        (ns)   (ns)     (ns)   (pF)                      (um)              
-- Clockpath trace ------------------------------------------------------------------------------
clk
-     -          rise   -       0.000   0.004  0.042  (664.800,280.000)  -           6     
soc/CTS_ccd_buf_00049/A
-     CLKBUFX2   rise   0.008   0.008   0.014  -      (144.165,298.165)  538.800   -       
soc/CTS_ccd_buf_00049/Y
-     CLKBUFX2   rise   0.085   0.093   0.036  0.002  (143.810,298.635)    0.825     1     
soc/CTS_cdb_buf_00159/A
-     CLKBUFX3   rise   0.000   0.093   0.036  -      (158.500,289.845)   23.480   -       
soc/CTS_cdb_buf_00159/Y
-     CLKBUFX3   rise   0.089   0.183   0.041  0.004  (158.285,290.430)    0.800     2     
soc/spimemio/CTS_ccl_a_buf_00047/A
-     CLKBUFX3   rise   0.000   0.183   0.041  -      (190.100,277.875)   44.370   -       
soc/spimemio/CTS_ccl_a_buf_00047/Y
-     CLKBUFX3   rise   0.101   0.284   0.057  0.006  (189.885,277.290)    0.800     1     
soc/spimemio/config_en_reg/CK
-     DFFSX4HVT  rise   0.000   0.284   0.057  -      (189.960,372.160)   94.945   -       
-------------------------------------------------------------------------------------------------

Timing for timing corner delay_max:setup.early, max clock_path:
===============================================================

PathID    : 14
Path type : skew group _clock_gen_clk_config_en_reg/constraint_mode (path 1 of 1)
Start     : clk
End       : soc/cpu/mem_wstrb_reg_3_/CK
Delay     :  0.592

------------------------------------------------------------------------------------------------------
Name  Lib cell        Event  Incr   Arrival  Slew   Cap    Location           Distance  Fanout  Status
                             (ns)   (ns)     (ns)   (pF)                      (um)              
-- Clockpath trace -----------------------------------------------------------------------------------
clk
-     -               rise   -       0.000   0.004  0.042  (664.800,280.000)  -           6     
soc/cpu/CTS_ccl_a_buf_00038/A
-     CLKBUFX2        rise   0.008   0.008   0.014  -      (153.965,298.165)  529.000   -       
soc/cpu/CTS_ccl_a_buf_00038/Y
-     CLKBUFX2        rise   0.094   0.101   0.051  0.003  (153.610,298.635)    0.825     2     
soc/cpu/RC_CG_HIER_INST458/RC_CGIC_INST/CK
-     TLATNTSCAX2HVT  rise   0.000   0.101   0.051  -      (153.300,303.145)    4.820   -       
soc/cpu/RC_CG_HIER_INST458/RC_CGIC_INST/ECK
-     TLATNTSCAX2HVT  rise   0.378   0.479   0.079  0.002  (155.960,303.200)    2.715     2     
soc/cpu/CTS_ccl_a_buf_00016/A
-     CLKBUFX2        rise   0.000   0.480   0.079  -      (157.765,322.105)   20.710   -       
soc/cpu/CTS_ccl_a_buf_00016/Y
-     CLKBUFX2        rise   0.113   0.592   0.026  0.001  (157.410,322.575)    0.825     1     
soc/cpu/mem_wstrb_reg_3_/CK
-     DFFQX1          rise   0.000   0.592   0.026  -      (164.300,325.755)   10.070   -       
------------------------------------------------------------------------------------------------------

Timing for timing corner delay_max:setup.late, min clock_path:
==============================================================

PathID    : 15
Path type : skew group _clock_gen_clk_config_en_reg/constraint_mode (path 1 of 1)
Start     : clk
End       : soc/spimemio/config_en_reg/CK
Delay     :  0.284

-------------------------------------------------------------------------------------------------
Name  Lib cell   Event  Incr   Arrival  Slew   Cap    Location           Distance  Fanout  Status
                        (ns)   (ns)     (ns)   (pF)                      (um)              
-- Clockpath trace ------------------------------------------------------------------------------
clk
-     -          rise   -       0.000   0.004  0.042  (664.800,280.000)  -           6     
soc/CTS_ccd_buf_00049/A
-     CLKBUFX2   rise   0.008   0.008   0.014  -      (144.165,298.165)  538.800   -       
soc/CTS_ccd_buf_00049/Y
-     CLKBUFX2   rise   0.085   0.093   0.036  0.002  (143.810,298.635)    0.825     1     
soc/CTS_cdb_buf_00159/A
-     CLKBUFX3   rise   0.000   0.093   0.036  -      (158.500,289.845)   23.480   -       
soc/CTS_cdb_buf_00159/Y
-     CLKBUFX3   rise   0.089   0.183   0.041  0.004  (158.285,290.430)    0.800     2     
soc/spimemio/CTS_ccl_a_buf_00047/A
-     CLKBUFX3   rise   0.000   0.183   0.041  -      (190.100,277.875)   44.370   -       
soc/spimemio/CTS_ccl_a_buf_00047/Y
-     CLKBUFX3   rise   0.101   0.284   0.058  0.006  (189.885,277.290)    0.800     1     
soc/spimemio/config_en_reg/CK
-     DFFSX4HVT  rise   0.001   0.284   0.058  -      (189.960,372.160)   94.945   -       
-------------------------------------------------------------------------------------------------

Timing for timing corner delay_max:setup.late, max clock_path:
==============================================================

PathID    : 16
Path type : skew group _clock_gen_clk_config_en_reg/constraint_mode (path 1 of 1)
Start     : clk
End       : soc/cpu/mem_wstrb_reg_3_/CK
Delay     :  0.593

------------------------------------------------------------------------------------------------------
Name  Lib cell        Event  Incr   Arrival  Slew   Cap    Location           Distance  Fanout  Status
                             (ns)   (ns)     (ns)   (pF)                      (um)              
-- Clockpath trace -----------------------------------------------------------------------------------
clk
-     -               rise   -       0.000   0.004  0.042  (664.800,280.000)  -           6     
soc/cpu/CTS_ccl_a_buf_00038/A
-     CLKBUFX2        rise   0.008   0.008   0.014  -      (153.965,298.165)  529.000   -       
soc/cpu/CTS_ccl_a_buf_00038/Y
-     CLKBUFX2        rise   0.094   0.101   0.051  0.003  (153.610,298.635)    0.825     2     
soc/cpu/RC_CG_HIER_INST458/RC_CGIC_INST/CK
-     TLATNTSCAX2HVT  rise   0.000   0.101   0.051  -      (153.300,303.145)    4.820   -       
soc/cpu/RC_CG_HIER_INST458/RC_CGIC_INST/ECK
-     TLATNTSCAX2HVT  rise   0.378   0.480   0.079  0.002  (155.960,303.200)    2.715     2     
soc/cpu/CTS_ccl_a_buf_00016/A
-     CLKBUFX2        rise   0.000   0.480   0.079  -      (157.765,322.105)   20.710   -       
soc/cpu/CTS_ccl_a_buf_00016/Y
-     CLKBUFX2        rise   0.113   0.593   0.026  0.001  (157.410,322.575)    0.825     1     
soc/cpu/mem_wstrb_reg_3_/CK
-     DFFQX1          rise   0.000   0.593   0.026  -      (164.300,325.755)   10.070   -       
------------------------------------------------------------------------------------------------------

Timing for timing corner delay_typ:both.early, min clock_path:
==============================================================

PathID    : 17
Path type : skew group _clock_gen_clk_config_en_reg/constraint_mode (path 1 of 1)
Start     : clk
End       : soc/spimemio/config_en_reg/CK
Delay     :  0.066

-------------------------------------------------------------------------------------------------
Name  Lib cell   Event  Incr   Arrival  Slew   Cap    Location           Distance  Fanout  Status
                        (ns)   (ns)     (ns)   (pF)                      (um)              
-- Clockpath trace ------------------------------------------------------------------------------
clk
-     -          rise   -       0.000   0.004  0.043  (664.800,280.000)  -           6     
soc/CTS_ccd_buf_00049/A
-     CLKBUFX2   rise   0.008   0.008   0.015  -      (144.165,298.165)  538.800   -       
soc/CTS_ccd_buf_00049/Y
-     CLKBUFX2   rise   0.019   0.026   0.009  0.002  (143.810,298.635)    0.825     1     
soc/CTS_cdb_buf_00159/A
-     CLKBUFX3   rise   0.000   0.026   0.009  -      (158.500,289.845)   23.480   -       
soc/CTS_cdb_buf_00159/Y
-     CLKBUFX3   rise   0.018   0.045   0.010  0.004  (158.285,290.430)    0.800     2     
soc/spimemio/CTS_ccl_a_buf_00047/A
-     CLKBUFX3   rise   0.000   0.045   0.010  -      (190.100,277.875)   44.370   -       
soc/spimemio/CTS_ccl_a_buf_00047/Y
-     CLKBUFX3   rise   0.021   0.066   0.015  0.006  (189.885,277.290)    0.800     1     
soc/spimemio/config_en_reg/CK
-     DFFSX4HVT  rise   0.000   0.066   0.015  -      (189.960,372.160)   94.945   -       
-------------------------------------------------------------------------------------------------

Timing for timing corner delay_typ:both.early, max clock_path:
==============================================================

PathID    : 18
Path type : skew group _clock_gen_clk_config_en_reg/constraint_mode (path 1 of 1)
Start     : clk
End       : soc/cpu/mem_wdata_reg_31_/CK
Delay     :  0.122

---------------------------------------------------------------------------------------------------
Name  Lib cell     Event  Incr   Arrival  Slew   Cap    Location           Distance  Fanout  Status
                          (ns)   (ns)     (ns)   (pF)                      (um)              
-- Clockpath trace --------------------------------------------------------------------------------
clk
-     -            rise   -       0.000   0.004  0.043  (664.800,280.000)  -           6     
CTS_cdb_buf_00153/A
-     CLKBUFX20    rise   0.001   0.001   0.004  -      (626.500,279.585)   38.715   -       
CTS_cdb_buf_00153/Y
-     CLKBUFX20    rise   0.020   0.021   0.009  0.005  (626.010,279.385)    0.690     1     
soc/CTS_cdb_buf_00169/A
-     CLKBUFX20    rise   0.000   0.021   0.009  -      (629.700,235.125)   47.950   -       
soc/CTS_cdb_buf_00169/Y
-     CLKBUFX20    rise   0.024   0.045   0.017  0.039  (629.210,234.925)    0.690     2     
soc/cpu/RC_CG_HIER_INST411/RC_CGIC_INST/CK
-     TLATNTSCAX4  rise   0.009   0.055   0.026  -      (145.300,270.845)  519.830   -       
soc/cpu/RC_CG_HIER_INST411/RC_CGIC_INST/ECK
-     TLATNTSCAX4  rise   0.049   0.104   0.020  0.010  (148.515,270.505)    3.555     3     
soc/cpu/CTS_ccl_a_buf_00020/A
-     CLKBUFX2     rise   0.001   0.105   0.020  -      (178.965,356.305)  116.250   -       
soc/cpu/CTS_ccl_a_buf_00020/Y
-     CLKBUFX2     rise   0.017   0.122   0.005  0.001  (178.610,356.775)    0.825     1     
soc/cpu/mem_wdata_reg_31_/CK
-     DFFQX2       rise   0.000   0.122   0.005  -      (183.170,359.940)    7.725   -       
---------------------------------------------------------------------------------------------------

Timing for timing corner delay_typ:both.late, min clock_path:
=============================================================

PathID    : 19
Path type : skew group _clock_gen_clk_config_en_reg/constraint_mode (path 1 of 1)
Start     : clk
End       : soc/spimemio/config_en_reg/CK
Delay     :  0.067

-------------------------------------------------------------------------------------------------
Name  Lib cell   Event  Incr   Arrival  Slew   Cap    Location           Distance  Fanout  Status
                        (ns)   (ns)     (ns)   (pF)                      (um)              
-- Clockpath trace ------------------------------------------------------------------------------
clk
-     -          rise   -       0.000   0.004  0.043  (664.800,280.000)  -           6     
soc/CTS_ccd_buf_00049/A
-     CLKBUFX2   rise   0.008   0.008   0.015  -      (144.165,298.165)  538.800   -       
soc/CTS_ccd_buf_00049/Y
-     CLKBUFX2   rise   0.019   0.026   0.009  0.002  (143.810,298.635)    0.825     1     
soc/CTS_cdb_buf_00159/A
-     CLKBUFX3   rise   0.000   0.027   0.009  -      (158.500,289.845)   23.480   -       
soc/CTS_cdb_buf_00159/Y
-     CLKBUFX3   rise   0.018   0.045   0.011  0.004  (158.285,290.430)    0.800     2     
soc/spimemio/CTS_ccl_a_buf_00047/A
-     CLKBUFX3   rise   0.000   0.045   0.011  -      (190.100,277.875)   44.370   -       
soc/spimemio/CTS_ccl_a_buf_00047/Y
-     CLKBUFX3   rise   0.021   0.066   0.015  0.006  (189.885,277.290)    0.800     1     
soc/spimemio/config_en_reg/CK
-     DFFSX4HVT  rise   0.001   0.067   0.015  -      (189.960,372.160)   94.945   -       
-------------------------------------------------------------------------------------------------

Timing for timing corner delay_typ:both.late, max clock_path:
=============================================================

PathID    : 20
Path type : skew group _clock_gen_clk_config_en_reg/constraint_mode (path 1 of 1)
Start     : clk
End       : soc/cpu/mem_wdata_reg_31_/CK
Delay     :  0.123

---------------------------------------------------------------------------------------------------
Name  Lib cell     Event  Incr   Arrival  Slew   Cap    Location           Distance  Fanout  Status
                          (ns)   (ns)     (ns)   (pF)                      (um)              
-- Clockpath trace --------------------------------------------------------------------------------
clk
-     -            rise   -       0.000   0.004  0.043  (664.800,280.000)  -           6     
CTS_cdb_buf_00153/A
-     CLKBUFX20    rise   0.001   0.001   0.004  -      (626.500,279.585)   38.715   -       
CTS_cdb_buf_00153/Y
-     CLKBUFX20    rise   0.020   0.021   0.009  0.005  (626.010,279.385)    0.690     1     
soc/CTS_cdb_buf_00169/A
-     CLKBUFX20    rise   0.000   0.022   0.009  -      (629.700,235.125)   47.950   -       
soc/CTS_cdb_buf_00169/Y
-     CLKBUFX20    rise   0.024   0.046   0.017  0.039  (629.210,234.925)    0.690     2     
soc/cpu/RC_CG_HIER_INST411/RC_CGIC_INST/CK
-     TLATNTSCAX4  rise   0.009   0.055   0.026  -      (145.300,270.845)  519.830   -       
soc/cpu/RC_CG_HIER_INST411/RC_CGIC_INST/ECK
-     TLATNTSCAX4  rise   0.049   0.104   0.020  0.010  (148.515,270.505)    3.555     3     
soc/cpu/CTS_ccl_a_buf_00020/A
-     CLKBUFX2     rise   0.001   0.105   0.020  -      (178.965,356.305)  116.250   -       
soc/cpu/CTS_ccl_a_buf_00020/Y
-     CLKBUFX2     rise   0.017   0.123   0.005  0.001  (178.610,356.775)    0.825     1     
soc/cpu/mem_wdata_reg_31_/CK
-     DFFQX2       rise   0.000   0.123   0.005  -      (183.170,359.940)    7.725   -       
---------------------------------------------------------------------------------------------------

Timing for timing corner delay_min:hold.early, min clock_path:
==============================================================

PathID    : 21
Path type : skew group _clock_gen_clk_config_en_reg/constraint_mode (path 1 of 1)
Start     : clk
End       : soc/spimemio/config_en_reg/CK
Delay     :  0.066

-------------------------------------------------------------------------------------------------
Name  Lib cell   Event  Incr   Arrival  Slew   Cap    Location           Distance  Fanout  Status
                        (ns)   (ns)     (ns)   (pF)                      (um)              
-- Clockpath trace ------------------------------------------------------------------------------
clk
-     -          rise   -       0.000   0.004  0.043  (664.800,280.000)  -           6     
soc/CTS_ccd_buf_00049/A
-     CLKBUFX2   rise   0.008   0.008   0.015  -      (144.165,298.165)  538.800   -       
soc/CTS_ccd_buf_00049/Y
-     CLKBUFX2   rise   0.019   0.026   0.009  0.002  (143.810,298.635)    0.825     1     
soc/CTS_cdb_buf_00159/A
-     CLKBUFX3   rise   0.000   0.026   0.009  -      (158.500,289.845)   23.480   -       
soc/CTS_cdb_buf_00159/Y
-     CLKBUFX3   rise   0.018   0.045   0.010  0.004  (158.285,290.430)    0.800     2     
soc/spimemio/CTS_ccl_a_buf_00047/A
-     CLKBUFX3   rise   0.000   0.045   0.010  -      (190.100,277.875)   44.370   -       
soc/spimemio/CTS_ccl_a_buf_00047/Y
-     CLKBUFX3   rise   0.021   0.066   0.015  0.006  (189.885,277.290)    0.800     1     
soc/spimemio/config_en_reg/CK
-     DFFSX4HVT  rise   0.000   0.066   0.015  -      (189.960,372.160)   94.945   -       
-------------------------------------------------------------------------------------------------

Timing for timing corner delay_min:hold.early, max clock_path:
==============================================================

PathID    : 22
Path type : skew group _clock_gen_clk_config_en_reg/constraint_mode (path 1 of 1)
Start     : clk
End       : soc/cpu/mem_wdata_reg_31_/CK
Delay     :  0.122

---------------------------------------------------------------------------------------------------
Name  Lib cell     Event  Incr   Arrival  Slew   Cap    Location           Distance  Fanout  Status
                          (ns)   (ns)     (ns)   (pF)                      (um)              
-- Clockpath trace --------------------------------------------------------------------------------
clk
-     -            rise   -       0.000   0.004  0.043  (664.800,280.000)  -           6     
CTS_cdb_buf_00153/A
-     CLKBUFX20    rise   0.001   0.001   0.004  -      (626.500,279.585)   38.715   -       
CTS_cdb_buf_00153/Y
-     CLKBUFX20    rise   0.020   0.021   0.009  0.005  (626.010,279.385)    0.690     1     
soc/CTS_cdb_buf_00169/A
-     CLKBUFX20    rise   0.000   0.021   0.009  -      (629.700,235.125)   47.950   -       
soc/CTS_cdb_buf_00169/Y
-     CLKBUFX20    rise   0.024   0.045   0.017  0.039  (629.210,234.925)    0.690     2     
soc/cpu/RC_CG_HIER_INST411/RC_CGIC_INST/CK
-     TLATNTSCAX4  rise   0.009   0.055   0.026  -      (145.300,270.845)  519.830   -       
soc/cpu/RC_CG_HIER_INST411/RC_CGIC_INST/ECK
-     TLATNTSCAX4  rise   0.049   0.104   0.020  0.010  (148.515,270.505)    3.555     3     
soc/cpu/CTS_ccl_a_buf_00020/A
-     CLKBUFX2     rise   0.001   0.105   0.020  -      (178.965,356.305)  116.250   -       
soc/cpu/CTS_ccl_a_buf_00020/Y
-     CLKBUFX2     rise   0.017   0.122   0.005  0.001  (178.610,356.775)    0.825     1     
soc/cpu/mem_wdata_reg_31_/CK
-     DFFQX2       rise   0.000   0.122   0.005  -      (183.170,359.940)    7.725   -       
---------------------------------------------------------------------------------------------------

Timing for timing corner delay_min:hold.late, min clock_path:
=============================================================

PathID    : 23
Path type : skew group _clock_gen_clk_config_en_reg/constraint_mode (path 1 of 1)
Start     : clk
End       : soc/spimemio/config_en_reg/CK
Delay     :  0.067

-------------------------------------------------------------------------------------------------
Name  Lib cell   Event  Incr   Arrival  Slew   Cap    Location           Distance  Fanout  Status
                        (ns)   (ns)     (ns)   (pF)                      (um)              
-- Clockpath trace ------------------------------------------------------------------------------
clk
-     -          rise   -       0.000   0.004  0.043  (664.800,280.000)  -           6     
soc/CTS_ccd_buf_00049/A
-     CLKBUFX2   rise   0.008   0.008   0.015  -      (144.165,298.165)  538.800   -       
soc/CTS_ccd_buf_00049/Y
-     CLKBUFX2   rise   0.019   0.026   0.009  0.002  (143.810,298.635)    0.825     1     
soc/CTS_cdb_buf_00159/A
-     CLKBUFX3   rise   0.000   0.027   0.009  -      (158.500,289.845)   23.480   -       
soc/CTS_cdb_buf_00159/Y
-     CLKBUFX3   rise   0.018   0.045   0.011  0.004  (158.285,290.430)    0.800     2     
soc/spimemio/CTS_ccl_a_buf_00047/A
-     CLKBUFX3   rise   0.000   0.045   0.011  -      (190.100,277.875)   44.370   -       
soc/spimemio/CTS_ccl_a_buf_00047/Y
-     CLKBUFX3   rise   0.021   0.066   0.015  0.006  (189.885,277.290)    0.800     1     
soc/spimemio/config_en_reg/CK
-     DFFSX4HVT  rise   0.001   0.067   0.015  -      (189.960,372.160)   94.945   -       
-------------------------------------------------------------------------------------------------

Timing for timing corner delay_min:hold.late, max clock_path:
=============================================================

PathID    : 24
Path type : skew group _clock_gen_clk_config_en_reg/constraint_mode (path 1 of 1)
Start     : clk
End       : soc/cpu/mem_wdata_reg_31_/CK
Delay     :  0.123

---------------------------------------------------------------------------------------------------
Name  Lib cell     Event  Incr   Arrival  Slew   Cap    Location           Distance  Fanout  Status
                          (ns)   (ns)     (ns)   (pF)                      (um)              
-- Clockpath trace --------------------------------------------------------------------------------
clk
-     -            rise   -       0.000   0.004  0.043  (664.800,280.000)  -           6     
CTS_cdb_buf_00153/A
-     CLKBUFX20    rise   0.001   0.001   0.004  -      (626.500,279.585)   38.715   -       
CTS_cdb_buf_00153/Y
-     CLKBUFX20    rise   0.020   0.021   0.009  0.005  (626.010,279.385)    0.690     1     
soc/CTS_cdb_buf_00169/A
-     CLKBUFX20    rise   0.000   0.022   0.009  -      (629.700,235.125)   47.950   -       
soc/CTS_cdb_buf_00169/Y
-     CLKBUFX20    rise   0.024   0.046   0.017  0.039  (629.210,234.925)    0.690     2     
soc/cpu/RC_CG_HIER_INST411/RC_CGIC_INST/CK
-     TLATNTSCAX4  rise   0.009   0.055   0.026  -      (145.300,270.845)  519.830   -       
soc/cpu/RC_CG_HIER_INST411/RC_CGIC_INST/ECK
-     TLATNTSCAX4  rise   0.049   0.104   0.020  0.010  (148.515,270.505)    3.555     3     
soc/cpu/CTS_ccl_a_buf_00020/A
-     CLKBUFX2     rise   0.001   0.105   0.020  -      (178.965,356.305)  116.250   -       
soc/cpu/CTS_ccl_a_buf_00020/Y
-     CLKBUFX2     rise   0.017   0.123   0.005  0.001  (178.610,356.775)    0.825     1     
soc/cpu/mem_wdata_reg_31_/CK
-     DFFQX2       rise   0.000   0.123   0.005  -      (183.170,359.940)    7.725   -       
---------------------------------------------------------------------------------------------------

Timing for timing corner delay_max:setup.early, min clock_path:
===============================================================

PathID    : 25
Path type : skew group _clock_gen_clk_flash_clk_reg/constraint_mode (path 1 of 1)
Start     : clk
End       : soc/spimemio/xfer/flash_clk_reg/CK
Delay     :  0.371

---------------------------------------------------------------------------------------------------
Name  Lib cell     Event  Incr   Arrival  Slew   Cap    Location           Distance  Fanout  Status
                          (ns)   (ns)     (ns)   (pF)                      (um)              
-- Clockpath trace --------------------------------------------------------------------------------
clk
-     -            rise   -       0.000   0.004  0.042  (664.800,280.000)  -           6     
soc/spimemio/CTS_ccl_a_buf_00052/A
-     CLKBUFX2     rise   0.007   0.007   0.014  -      (268.365,327.695)  444.130   -       
soc/spimemio/CTS_ccl_a_buf_00052/Y
-     CLKBUFX2     rise   0.106   0.113   0.073  0.006  (268.010,327.225)    0.825     3     
soc/spimemio/CTS_ccd_buf_00050/A
-     CLKBUFX2     rise   0.000   0.113   0.073  -      (231.165,344.795)   54.415   -       
soc/spimemio/CTS_ccd_buf_00050/Y
-     CLKBUFX2     rise   0.136   0.248   0.073  0.006  (230.810,344.325)    0.825     2     
soc/spimemio/xfer/CTS_ccl_a_buf_00048/A
-     CLKBUFX2     rise   0.000   0.248   0.073  -      (203.365,389.255)   72.375   -       
soc/spimemio/xfer/CTS_ccl_a_buf_00048/Y
-     CLKBUFX2     rise   0.123   0.371   0.050  0.003  (203.010,388.785)    0.825     1     
soc/spimemio/xfer/flash_clk_reg/CK
-     DFFRHQX1HVT  rise   0.000   0.371   0.050  -      (228.300,366.795)   47.280   -       
---------------------------------------------------------------------------------------------------

Timing for timing corner delay_max:setup.early, max clock_path:
===============================================================

PathID    : 26
Path type : skew group _clock_gen_clk_flash_clk_reg/constraint_mode (path 1 of 1)
Start     : clk
End       : soc/spimemio/xfer/dummy_count_reg_0_/CK
Delay     :  0.505

------------------------------------------------------------------------------------------------------
Name  Lib cell        Event  Incr   Arrival  Slew   Cap    Location           Distance  Fanout  Status
                             (ns)   (ns)     (ns)   (pF)                      (um)              
-- Clockpath trace -----------------------------------------------------------------------------------
clk
-     -               rise   -       0.000   0.004  0.042  (664.800,280.000)  -           6     
soc/spimemio/CTS_ccl_a_buf_00052/A
-     CLKBUFX2        rise   0.007   0.007   0.014  -      (268.365,327.695)  444.130   -       
soc/spimemio/CTS_ccl_a_buf_00052/Y
-     CLKBUFX2        rise   0.106   0.113   0.073  0.006  (268.010,327.225)    0.825     3     
soc/spimemio/xfer/RC_CG_HIER_INST506/RC_CGIC_INST/CK
-     TLATNTSCAX2HVT  rise   0.000   0.113   0.073  -      (240.500,361.285)   61.570   -       
soc/spimemio/xfer/RC_CG_HIER_INST506/RC_CGIC_INST/ECK
-     TLATNTSCAX2HVT  rise   0.392   0.505   0.080  0.002  (243.160,361.340)    2.715     4     
soc/spimemio/xfer/dummy_count_reg_0_/CK
-     DFFRX1HVT       rise   0.000   0.505   0.080  -      (236.700,359.955)    7.845   -       
------------------------------------------------------------------------------------------------------

Timing for timing corner delay_max:setup.late, min clock_path:
==============================================================

PathID    : 27
Path type : skew group _clock_gen_clk_flash_clk_reg/constraint_mode (path 1 of 1)
Start     : clk
End       : soc/spimemio/xfer/flash_clk_reg/CK
Delay     :  0.372

---------------------------------------------------------------------------------------------------
Name  Lib cell     Event  Incr   Arrival  Slew   Cap    Location           Distance  Fanout  Status
                          (ns)   (ns)     (ns)   (pF)                      (um)              
-- Clockpath trace --------------------------------------------------------------------------------
clk
-     -            rise   -       0.000   0.004  0.042  (664.800,280.000)  -           6     
soc/spimemio/CTS_ccl_a_buf_00052/A
-     CLKBUFX2     rise   0.007   0.007   0.014  -      (268.365,327.695)  444.130   -       
soc/spimemio/CTS_ccl_a_buf_00052/Y
-     CLKBUFX2     rise   0.106   0.113   0.073  0.006  (268.010,327.225)    0.825     3     
soc/spimemio/CTS_ccd_buf_00050/A
-     CLKBUFX2     rise   0.000   0.113   0.073  -      (231.165,344.795)   54.415   -       
soc/spimemio/CTS_ccd_buf_00050/Y
-     CLKBUFX2     rise   0.136   0.249   0.073  0.006  (230.810,344.325)    0.825     2     
soc/spimemio/xfer/CTS_ccl_a_buf_00048/A
-     CLKBUFX2     rise   0.000   0.249   0.073  -      (203.365,389.255)   72.375   -       
soc/spimemio/xfer/CTS_ccl_a_buf_00048/Y
-     CLKBUFX2     rise   0.123   0.372   0.050  0.003  (203.010,388.785)    0.825     1     
soc/spimemio/xfer/flash_clk_reg/CK
-     DFFRHQX1HVT  rise   0.000   0.372   0.050  -      (228.300,366.795)   47.280   -       
---------------------------------------------------------------------------------------------------

Timing for timing corner delay_max:setup.late, max clock_path:
==============================================================

PathID    : 28
Path type : skew group _clock_gen_clk_flash_clk_reg/constraint_mode (path 1 of 1)
Start     : clk
End       : soc/spimemio/xfer/dummy_count_reg_0_/CK
Delay     :  0.506

------------------------------------------------------------------------------------------------------
Name  Lib cell        Event  Incr   Arrival  Slew   Cap    Location           Distance  Fanout  Status
                             (ns)   (ns)     (ns)   (pF)                      (um)              
-- Clockpath trace -----------------------------------------------------------------------------------
clk
-     -               rise   -       0.000   0.004  0.042  (664.800,280.000)  -           6     
soc/spimemio/CTS_ccl_a_buf_00052/A
-     CLKBUFX2        rise   0.007   0.007   0.014  -      (268.365,327.695)  444.130   -       
soc/spimemio/CTS_ccl_a_buf_00052/Y
-     CLKBUFX2        rise   0.106   0.113   0.073  0.006  (268.010,327.225)    0.825     3     
soc/spimemio/xfer/RC_CG_HIER_INST506/RC_CGIC_INST/CK
-     TLATNTSCAX2HVT  rise   0.000   0.113   0.073  -      (240.500,361.285)   61.570   -       
soc/spimemio/xfer/RC_CG_HIER_INST506/RC_CGIC_INST/ECK
-     TLATNTSCAX2HVT  rise   0.392   0.505   0.081  0.002  (243.160,361.340)    2.715     4     
soc/spimemio/xfer/dummy_count_reg_0_/CK
-     DFFRX1HVT       rise   0.000   0.506   0.081  -      (236.700,359.955)    7.845   -       
------------------------------------------------------------------------------------------------------

Timing for timing corner delay_typ:both.early, min clock_path:
==============================================================

PathID    : 29
Path type : skew group _clock_gen_clk_flash_clk_reg/constraint_mode (path 1 of 1)
Start     : clk
End       : soc/spimemio/xfer/xfer_qspi_reg/CK
Delay     :  0.076

------------------------------------------------------------------------------------------------------
Name  Lib cell        Event  Incr   Arrival  Slew   Cap    Location           Distance  Fanout  Status
                             (ns)   (ns)     (ns)   (pF)                      (um)              
-- Clockpath trace -----------------------------------------------------------------------------------
clk
-     -               rise   -       0.000   0.004  0.043  (664.800,280.000)  -           6     
soc/spimemio/xfer/RC_CG_HIER_INST503/RC_CGIC_INST/CK
-     TLATNTSCAX2HVT  rise   0.008   0.008   0.015  -      (231.900,371.545)  524.445   -       
soc/spimemio/xfer/RC_CG_HIER_INST503/RC_CGIC_INST/ECK
-     TLATNTSCAX2HVT  rise   0.050   0.058   0.011  0.001  (234.560,371.600)    2.715     2     
soc/spimemio/xfer/CTS_ccl_a_buf_00005/A
-     CLKBUFX2        rise   0.000   0.058   0.011  -      (225.765,372.155)    9.350   -       
soc/spimemio/xfer/CTS_ccl_a_buf_00005/Y
-     CLKBUFX2        rise   0.018   0.076   0.008  0.002  (225.410,371.685)    0.825     4     
soc/spimemio/xfer/xfer_qspi_reg/CK
-     DFFRHQX1HVT     rise   0.000   0.076   0.008  -      (221.500,370.215)    5.380   -       
------------------------------------------------------------------------------------------------------

Timing for timing corner delay_typ:both.early, max clock_path:
==============================================================

PathID    : 30
Path type : skew group _clock_gen_clk_flash_clk_reg/constraint_mode (path 1 of 1)
Start     : clk
End       : soc/spimemio/din_valid_reg/CK
Delay     :  0.097

---------------------------------------------------------------------------------------------------
Name  Lib cell     Event  Incr   Arrival  Slew   Cap    Location           Distance  Fanout  Status
                          (ns)   (ns)     (ns)   (pF)                      (um)              
-- Clockpath trace --------------------------------------------------------------------------------
clk
-     -            rise   -       0.000   0.004  0.043  (664.800,280.000)  -           6     
soc/spimemio/CTS_ccl_a_buf_00052/A
-     CLKBUFX2     rise   0.007   0.007   0.015  -      (268.365,327.695)  444.130   -       
soc/spimemio/CTS_ccl_a_buf_00052/Y
-     CLKBUFX2     rise   0.024   0.031   0.019  0.006  (268.010,327.225)    0.825     3     
soc/spimemio/CTS_ccd_buf_00050/A
-     CLKBUFX2     rise   0.000   0.031   0.019  -      (231.165,344.795)   54.415   -       
soc/spimemio/CTS_ccd_buf_00050/Y
-     CLKBUFX2     rise   0.024   0.056   0.018  0.006  (230.810,344.325)    0.825     2     
soc/spimemio/CTS_ccl_a_buf_00003/A
-     DLY1X4       rise   0.000   0.056   0.018  -      (237.645,385.645)   48.155   -       
soc/spimemio/CTS_ccl_a_buf_00003/Y
-     DLY1X4       rise   0.041   0.097   0.007  0.003  (239.105,385.410)    1.695     2     
soc/spimemio/din_valid_reg/CK
-     DFFRHQX1HVT  rise   0.000   0.097   0.007  -      (239.700,385.605)    0.790   -       
---------------------------------------------------------------------------------------------------

Timing for timing corner delay_typ:both.late, min clock_path:
=============================================================

PathID    : 31
Path type : skew group _clock_gen_clk_flash_clk_reg/constraint_mode (path 1 of 1)
Start     : clk
End       : soc/spimemio/xfer/xfer_qspi_reg/CK
Delay     :  0.076

------------------------------------------------------------------------------------------------------
Name  Lib cell        Event  Incr   Arrival  Slew   Cap    Location           Distance  Fanout  Status
                             (ns)   (ns)     (ns)   (pF)                      (um)              
-- Clockpath trace -----------------------------------------------------------------------------------
clk
-     -               rise   -       0.000   0.004  0.043  (664.800,280.000)  -           6     
soc/spimemio/xfer/RC_CG_HIER_INST503/RC_CGIC_INST/CK
-     TLATNTSCAX2HVT  rise   0.008   0.008   0.015  -      (231.900,371.545)  524.445   -       
soc/spimemio/xfer/RC_CG_HIER_INST503/RC_CGIC_INST/ECK
-     TLATNTSCAX2HVT  rise   0.050   0.058   0.011  0.001  (234.560,371.600)    2.715     2     
soc/spimemio/xfer/CTS_ccl_a_buf_00005/A
-     CLKBUFX2        rise   0.000   0.058   0.011  -      (225.765,372.155)    9.350   -       
soc/spimemio/xfer/CTS_ccl_a_buf_00005/Y
-     CLKBUFX2        rise   0.018   0.076   0.008  0.002  (225.410,371.685)    0.825     4     
soc/spimemio/xfer/xfer_qspi_reg/CK
-     DFFRHQX1HVT     rise   0.000   0.076   0.008  -      (221.500,370.215)    5.380   -       
------------------------------------------------------------------------------------------------------

Timing for timing corner delay_typ:both.late, max clock_path:
=============================================================

PathID    : 32
Path type : skew group _clock_gen_clk_flash_clk_reg/constraint_mode (path 1 of 1)
Start     : clk
End       : soc/spimemio/din_valid_reg/CK
Delay     :  0.098

---------------------------------------------------------------------------------------------------
Name  Lib cell     Event  Incr   Arrival  Slew   Cap    Location           Distance  Fanout  Status
                          (ns)   (ns)     (ns)   (pF)                      (um)              
-- Clockpath trace --------------------------------------------------------------------------------
clk
-     -            rise   -       0.000   0.004  0.043  (664.800,280.000)  -           6     
soc/spimemio/CTS_ccl_a_buf_00052/A
-     CLKBUFX2     rise   0.007   0.007   0.015  -      (268.365,327.695)  444.130   -       
soc/spimemio/CTS_ccl_a_buf_00052/Y
-     CLKBUFX2     rise   0.024   0.032   0.019  0.006  (268.010,327.225)    0.825     3     
soc/spimemio/CTS_ccd_buf_00050/A
-     CLKBUFX2     rise   0.000   0.032   0.019  -      (231.165,344.795)   54.415   -       
soc/spimemio/CTS_ccd_buf_00050/Y
-     CLKBUFX2     rise   0.025   0.056   0.019  0.006  (230.810,344.325)    0.825     2     
soc/spimemio/CTS_ccl_a_buf_00003/A
-     DLY1X4       rise   0.000   0.057   0.019  -      (237.645,385.645)   48.155   -       
soc/spimemio/CTS_ccl_a_buf_00003/Y
-     DLY1X4       rise   0.041   0.097   0.007  0.003  (239.105,385.410)    1.695     2     
soc/spimemio/din_valid_reg/CK
-     DFFRHQX1HVT  rise   0.000   0.098   0.007  -      (239.700,385.605)    0.790   -       
---------------------------------------------------------------------------------------------------

Timing for timing corner delay_min:hold.early, min clock_path:
==============================================================

PathID    : 33
Path type : skew group _clock_gen_clk_flash_clk_reg/constraint_mode (path 1 of 1)
Start     : clk
End       : soc/spimemio/xfer/xfer_qspi_reg/CK
Delay     :  0.076

------------------------------------------------------------------------------------------------------
Name  Lib cell        Event  Incr   Arrival  Slew   Cap    Location           Distance  Fanout  Status
                             (ns)   (ns)     (ns)   (pF)                      (um)              
-- Clockpath trace -----------------------------------------------------------------------------------
clk
-     -               rise   -       0.000   0.004  0.043  (664.800,280.000)  -           6     
soc/spimemio/xfer/RC_CG_HIER_INST503/RC_CGIC_INST/CK
-     TLATNTSCAX2HVT  rise   0.008   0.008   0.015  -      (231.900,371.545)  524.445   -       
soc/spimemio/xfer/RC_CG_HIER_INST503/RC_CGIC_INST/ECK
-     TLATNTSCAX2HVT  rise   0.050   0.058   0.011  0.001  (234.560,371.600)    2.715     2     
soc/spimemio/xfer/CTS_ccl_a_buf_00005/A
-     CLKBUFX2        rise   0.000   0.058   0.011  -      (225.765,372.155)    9.350   -       
soc/spimemio/xfer/CTS_ccl_a_buf_00005/Y
-     CLKBUFX2        rise   0.018   0.076   0.008  0.002  (225.410,371.685)    0.825     4     
soc/spimemio/xfer/xfer_qspi_reg/CK
-     DFFRHQX1HVT     rise   0.000   0.076   0.008  -      (221.500,370.215)    5.380   -       
------------------------------------------------------------------------------------------------------

Timing for timing corner delay_min:hold.early, max clock_path:
==============================================================

PathID    : 34
Path type : skew group _clock_gen_clk_flash_clk_reg/constraint_mode (path 1 of 1)
Start     : clk
End       : soc/spimemio/din_valid_reg/CK
Delay     :  0.097

---------------------------------------------------------------------------------------------------
Name  Lib cell     Event  Incr   Arrival  Slew   Cap    Location           Distance  Fanout  Status
                          (ns)   (ns)     (ns)   (pF)                      (um)              
-- Clockpath trace --------------------------------------------------------------------------------
clk
-     -            rise   -       0.000   0.004  0.043  (664.800,280.000)  -           6     
soc/spimemio/CTS_ccl_a_buf_00052/A
-     CLKBUFX2     rise   0.007   0.007   0.015  -      (268.365,327.695)  444.130   -       
soc/spimemio/CTS_ccl_a_buf_00052/Y
-     CLKBUFX2     rise   0.024   0.031   0.019  0.006  (268.010,327.225)    0.825     3     
soc/spimemio/CTS_ccd_buf_00050/A
-     CLKBUFX2     rise   0.000   0.031   0.019  -      (231.165,344.795)   54.415   -       
soc/spimemio/CTS_ccd_buf_00050/Y
-     CLKBUFX2     rise   0.024   0.056   0.018  0.006  (230.810,344.325)    0.825     2     
soc/spimemio/CTS_ccl_a_buf_00003/A
-     DLY1X4       rise   0.000   0.056   0.018  -      (237.645,385.645)   48.155   -       
soc/spimemio/CTS_ccl_a_buf_00003/Y
-     DLY1X4       rise   0.041   0.097   0.007  0.003  (239.105,385.410)    1.695     2     
soc/spimemio/din_valid_reg/CK
-     DFFRHQX1HVT  rise   0.000   0.097   0.007  -      (239.700,385.605)    0.790   -       
---------------------------------------------------------------------------------------------------

Timing for timing corner delay_min:hold.late, min clock_path:
=============================================================

PathID    : 35
Path type : skew group _clock_gen_clk_flash_clk_reg/constraint_mode (path 1 of 1)
Start     : clk
End       : soc/spimemio/xfer/xfer_qspi_reg/CK
Delay     :  0.076

------------------------------------------------------------------------------------------------------
Name  Lib cell        Event  Incr   Arrival  Slew   Cap    Location           Distance  Fanout  Status
                             (ns)   (ns)     (ns)   (pF)                      (um)              
-- Clockpath trace -----------------------------------------------------------------------------------
clk
-     -               rise   -       0.000   0.004  0.043  (664.800,280.000)  -           6     
soc/spimemio/xfer/RC_CG_HIER_INST503/RC_CGIC_INST/CK
-     TLATNTSCAX2HVT  rise   0.008   0.008   0.015  -      (231.900,371.545)  524.445   -       
soc/spimemio/xfer/RC_CG_HIER_INST503/RC_CGIC_INST/ECK
-     TLATNTSCAX2HVT  rise   0.050   0.058   0.011  0.001  (234.560,371.600)    2.715     2     
soc/spimemio/xfer/CTS_ccl_a_buf_00005/A
-     CLKBUFX2        rise   0.000   0.058   0.011  -      (225.765,372.155)    9.350   -       
soc/spimemio/xfer/CTS_ccl_a_buf_00005/Y
-     CLKBUFX2        rise   0.018   0.076   0.008  0.002  (225.410,371.685)    0.825     4     
soc/spimemio/xfer/xfer_qspi_reg/CK
-     DFFRHQX1HVT     rise   0.000   0.076   0.008  -      (221.500,370.215)    5.380   -       
------------------------------------------------------------------------------------------------------

Timing for timing corner delay_min:hold.late, max clock_path:
=============================================================

PathID    : 36
Path type : skew group _clock_gen_clk_flash_clk_reg/constraint_mode (path 1 of 1)
Start     : clk
End       : soc/spimemio/din_valid_reg/CK
Delay     :  0.098

---------------------------------------------------------------------------------------------------
Name  Lib cell     Event  Incr   Arrival  Slew   Cap    Location           Distance  Fanout  Status
                          (ns)   (ns)     (ns)   (pF)                      (um)              
-- Clockpath trace --------------------------------------------------------------------------------
clk
-     -            rise   -       0.000   0.004  0.043  (664.800,280.000)  -           6     
soc/spimemio/CTS_ccl_a_buf_00052/A
-     CLKBUFX2     rise   0.007   0.007   0.015  -      (268.365,327.695)  444.130   -       
soc/spimemio/CTS_ccl_a_buf_00052/Y
-     CLKBUFX2     rise   0.024   0.032   0.019  0.006  (268.010,327.225)    0.825     3     
soc/spimemio/CTS_ccd_buf_00050/A
-     CLKBUFX2     rise   0.000   0.032   0.019  -      (231.165,344.795)   54.415   -       
soc/spimemio/CTS_ccd_buf_00050/Y
-     CLKBUFX2     rise   0.025   0.056   0.019  0.006  (230.810,344.325)    0.825     2     
soc/spimemio/CTS_ccl_a_buf_00003/A
-     DLY1X4       rise   0.000   0.057   0.019  -      (237.645,385.645)   48.155   -       
soc/spimemio/CTS_ccl_a_buf_00003/Y
-     DLY1X4       rise   0.041   0.097   0.007  0.003  (239.105,385.410)    1.695     2     
soc/spimemio/din_valid_reg/CK
-     DFFRHQX1HVT  rise   0.000   0.098   0.007  -      (239.700,385.605)    0.790   -       
---------------------------------------------------------------------------------------------------

Timing for timing corner delay_max:setup.early, min clock_path:
===============================================================

PathID    : 37
Path type : skew group clk/constraint_mode (path 1 of 1)
Start     : clk
End       : soc/cpu/cpu_state_reg_5_/CK
Delay     :  0.532

----------------------------------------------------------------------------------------------------
Name  Lib cell      Event  Incr   Arrival  Slew   Cap    Location           Distance  Fanout  Status
                           (ns)   (ns)     (ns)   (pF)                      (um)              
-- Clockpath trace ---------------------------------------------------------------------------------
clk
-     -             rise   -       0.000   0.004  0.042  (664.800,280.000)  -            6    
CTS_ccd_buf_00045/A
-     CLKBUFX12     rise   0.003   0.003   0.010  -      (480.205,286.445)  191.040   -       
CTS_ccd_buf_00045/Y
-     CLKBUFX12     rise   0.097   0.100   0.065  0.026  (479.780,286.105)    0.765      3    
CTS_ccl_a_buf_00041/A
-     CLKBUFX16     rise   0.003   0.102   0.066  -      (184.700,288.135)  297.110   -       
CTS_ccl_a_buf_00041/Y
-     CLKBUFX16     rise   0.131   0.233   0.077  0.040  (184.225,288.360)    0.700     28    
soc/cpu/RC_CG_HIER_INST453/RC_CGIC_INST/CK
-     TLATNTSCAX16  rise   0.002   0.235   0.077  -      (138.300,254.315)   79.970   -       
soc/cpu/RC_CG_HIER_INST453/RC_CGIC_INST/ECK
-     TLATNTSCAX16  rise   0.297   0.532   0.050  0.003  (144.780,253.385)    7.410      6    
soc/cpu/cpu_state_reg_5_/CK
-     DFFQX2        rise   0.000   0.532   0.050  -      (135.770,245.400)   16.995   -       
----------------------------------------------------------------------------------------------------

Timing for timing corner delay_max:setup.early, max clock_path:
===============================================================

PathID    : 38
Path type : skew group clk/constraint_mode (path 1 of 1)
Start     : clk
End       : soc/cpu/decoded_imm_reg_8_/CK
Delay     :  0.917

---------------------------------------------------------------------------------------------------
Name  Lib cell     Event  Incr   Arrival  Slew   Cap    Location           Distance  Fanout  Status
                          (ns)   (ns)     (ns)   (pF)                      (um)              
-- Clockpath trace --------------------------------------------------------------------------------
clk
-     -            rise   -       0.000   0.004  0.042  (664.800,280.000)  -            6    
CTS_ccd_buf_00045/A
-     CLKBUFX12    rise   0.003   0.003   0.010  -      (480.205,286.445)  191.040   -       
CTS_ccd_buf_00045/Y
-     CLKBUFX12    rise   0.097   0.100   0.065  0.026  (479.780,286.105)    0.765      3    
CTS_ccl_a_buf_00041/A
-     CLKBUFX16    rise   0.003   0.102   0.066  -      (184.700,288.135)  297.110   -       
CTS_ccl_a_buf_00041/Y
-     CLKBUFX16    rise   0.131   0.233   0.077  0.040  (184.225,288.360)    0.700     28    
CTS_cdb_buf_00156/A
-     DLY1X1       rise   0.001   0.234   0.077  -      (185.540,277.790)   11.885   -       
CTS_cdb_buf_00156/Y
-     DLY1X1       rise   0.194   0.428   0.041  0.001  (186.700,278.065)    1.435      1    
CTS_ccl_a_buf_00037/A
-     CLKBUFX12    rise   0.000   0.428   0.041  -      (183.405,277.855)    3.505   -       
CTS_ccl_a_buf_00037/Y
-     CLKBUFX12    rise   0.110   0.538   0.060  0.022  (182.980,278.195)    0.765     11    
soc/cpu/RC_CG_HIER_INST408/RC_CGIC_INST/CK
-     TLATNTSCAX2  rise   0.002   0.539   0.060  -      (130.900,257.735)   72.540   -       
soc/cpu/RC_CG_HIER_INST408/RC_CGIC_INST/ECK
-     TLATNTSCAX2  rise   0.251   0.791   0.055  0.003  (133.560,257.680)    2.715      1    
soc/cpu/CTS_cpc_drv_buf_00392/A
-     CLKBUFX20    rise   0.000   0.791   0.055  -      (140.100,260.775)    9.635   -       
soc/cpu/CTS_cpc_drv_buf_00392/Y
-     CLKBUFX20    rise   0.123   0.914   0.071  0.042  (139.610,260.975)    0.690     69    
soc/cpu/decoded_imm_reg_8_/CK
-     DFFQXL       rise   0.003   0.917   0.071  -      (151.485,204.675)   68.175   -       
---------------------------------------------------------------------------------------------------

Timing for timing corner delay_max:setup.late, min clock_path:
==============================================================

PathID    : 39
Path type : skew group clk/constraint_mode (path 1 of 1)
Start     : clk
End       : soc/cpu/cpu_state_reg_5_/CK
Delay     :  0.532

----------------------------------------------------------------------------------------------------
Name  Lib cell      Event  Incr   Arrival  Slew   Cap    Location           Distance  Fanout  Status
                           (ns)   (ns)     (ns)   (pF)                      (um)              
-- Clockpath trace ---------------------------------------------------------------------------------
clk
-     -             rise   -       0.000   0.004  0.042  (664.800,280.000)  -            6    
CTS_ccd_buf_00045/A
-     CLKBUFX12     rise   0.003   0.003   0.010  -      (480.205,286.445)  191.040   -       
CTS_ccd_buf_00045/Y
-     CLKBUFX12     rise   0.097   0.100   0.066  0.026  (479.780,286.105)    0.765      3    
CTS_ccl_a_buf_00041/A
-     CLKBUFX16     rise   0.003   0.103   0.066  -      (184.700,288.135)  297.110   -       
CTS_ccl_a_buf_00041/Y
-     CLKBUFX16     rise   0.131   0.234   0.077  0.040  (184.225,288.360)    0.700     28    
soc/cpu/RC_CG_HIER_INST453/RC_CGIC_INST/CK
-     TLATNTSCAX16  rise   0.002   0.235   0.077  -      (138.300,254.315)   79.970   -       
soc/cpu/RC_CG_HIER_INST453/RC_CGIC_INST/ECK
-     TLATNTSCAX16  rise   0.297   0.532   0.050  0.003  (144.780,253.385)    7.410      6    
soc/cpu/cpu_state_reg_5_/CK
-     DFFQX2        rise   0.000   0.532   0.050  -      (135.770,245.400)   16.995   -       
----------------------------------------------------------------------------------------------------

Timing for timing corner delay_max:setup.late, max clock_path:
==============================================================

PathID    : 40
Path type : skew group clk/constraint_mode (path 1 of 1)
Start     : clk
End       : soc/cpu/decoded_imm_reg_8_/CK
Delay     :  0.921

---------------------------------------------------------------------------------------------------
Name  Lib cell     Event  Incr   Arrival  Slew   Cap    Location           Distance  Fanout  Status
                          (ns)   (ns)     (ns)   (pF)                      (um)              
-- Clockpath trace --------------------------------------------------------------------------------
clk
-     -            rise   -       0.000   0.004  0.042  (664.800,280.000)  -            6    
CTS_ccd_buf_00045/A
-     CLKBUFX12    rise   0.003   0.003   0.010  -      (480.205,286.445)  191.040   -       
CTS_ccd_buf_00045/Y
-     CLKBUFX12    rise   0.097   0.100   0.066  0.026  (479.780,286.105)    0.765      3    
CTS_ccl_a_buf_00041/A
-     CLKBUFX16    rise   0.003   0.103   0.066  -      (184.700,288.135)  297.110   -       
CTS_ccl_a_buf_00041/Y
-     CLKBUFX16    rise   0.131   0.234   0.077  0.040  (184.225,288.360)    0.700     28    
CTS_cdb_buf_00156/A
-     DLY1X1       rise   0.001   0.235   0.077  -      (185.540,277.790)   11.885   -       
CTS_cdb_buf_00156/Y
-     DLY1X1       rise   0.194   0.429   0.042  0.001  (186.700,278.065)    1.435      1    
CTS_ccl_a_buf_00037/A
-     CLKBUFX12    rise   0.000   0.429   0.042  -      (183.405,277.855)    3.505   -       
CTS_ccl_a_buf_00037/Y
-     CLKBUFX12    rise   0.110   0.539   0.060  0.022  (182.980,278.195)    0.765     11    
soc/cpu/RC_CG_HIER_INST408/RC_CGIC_INST/CK
-     TLATNTSCAX2  rise   0.002   0.540   0.060  -      (130.900,257.735)   72.540   -       
soc/cpu/RC_CG_HIER_INST408/RC_CGIC_INST/ECK
-     TLATNTSCAX2  rise   0.252   0.793   0.057  0.003  (133.560,257.680)    2.715      1    
soc/cpu/CTS_cpc_drv_buf_00392/A
-     CLKBUFX20    rise   0.000   0.793   0.057  -      (140.100,260.775)    9.635   -       
soc/cpu/CTS_cpc_drv_buf_00392/Y
-     CLKBUFX20    rise   0.124   0.917   0.071  0.042  (139.610,260.975)    0.690     69    
soc/cpu/decoded_imm_reg_8_/CK
-     DFFQXL       rise   0.004   0.921   0.071  -      (151.485,204.675)   68.175   -       
---------------------------------------------------------------------------------------------------

Timing for timing corner delay_typ:both.early, min clock_path:
==============================================================

PathID    : 41
Path type : skew group clk/constraint_mode (path 1 of 1)
Start     : clk
End       : soc/cpu/mem_state_reg_1_/CK
Delay     :  0.094

------------------------------------------------------------------------------------------------------
Name  Lib cell        Event  Incr   Arrival  Slew   Cap    Location           Distance  Fanout  Status
                             (ns)   (ns)     (ns)   (pF)                      (um)              
-- Clockpath trace -----------------------------------------------------------------------------------
clk
-     -               rise   -       0.000   0.004  0.043  (664.800,280.000)  -           6     
soc/cpu/CTS_ccl_a_buf_00038/A
-     CLKBUFX2        rise   0.008   0.008   0.015  -      (153.965,298.165)  529.000   -       
soc/cpu/CTS_ccl_a_buf_00038/Y
-     CLKBUFX2        rise   0.021   0.029   0.013  0.004  (153.610,298.635)    0.825     2     
soc/cpu/RC_CG_HIER_INST463/RC_CGIC_INST/CK
-     TLATNTSCAX2HVT  rise   0.000   0.029   0.013  -      (132.300,291.935)   28.010   -       
soc/cpu/RC_CG_HIER_INST463/RC_CGIC_INST/ECK
-     TLATNTSCAX2HVT  rise   0.050   0.078   0.011  0.001  (134.960,291.880)    2.715     2     
soc/cpu/CTS_ccl_a_buf_00015/A
-     CLKBUFX2        rise   0.000   0.078   0.011  -      (131.365,286.655)    8.820   -       
soc/cpu/CTS_ccl_a_buf_00015/Y
-     CLKBUFX2        rise   0.016   0.094   0.005  0.001  (131.010,286.185)    0.825     2     
soc/cpu/mem_state_reg_1_/CK
-     MDFFHQX1HVT     rise   0.000   0.094   0.005  -      (132.165,286.605)    1.575   -       
------------------------------------------------------------------------------------------------------

Timing for timing corner delay_typ:both.early, max clock_path:
==============================================================

PathID    : 42
Path type : skew group clk/constraint_mode (path 1 of 1)
Start     : clk
End       : soc/cpu/genblk1.pcpi_mul/rs2_reg_25_/CK
Delay     :  0.192

--------------------------------------------------------------------------------------------------
Name  Lib cell    Event  Incr   Arrival  Slew   Cap    Location           Distance  Fanout  Status
                         (ns)   (ns)     (ns)   (pF)                      (um)              
-- Clockpath trace -------------------------------------------------------------------------------
clk
-     -           rise   -       0.000   0.004  0.043  (664.800,280.000)  -            6    
CTS_ccd_buf_00045/A
-     CLKBUFX12   rise   0.003   0.003   0.010  -      (480.205,286.445)  191.040   -       
CTS_ccd_buf_00045/Y
-     CLKBUFX12   rise   0.024   0.027   0.018  0.027  (479.780,286.105)    0.765      3    
CTS_ccl_a_buf_00041/A
-     CLKBUFX16   rise   0.003   0.030   0.019  -      (184.700,288.135)  297.110   -       
CTS_ccl_a_buf_00041/Y
-     CLKBUFX16   rise   0.028   0.058   0.022  0.043  (184.225,288.360)    0.700     28    
CTS_cdb_buf_00156/A
-     DLY1X1      rise   0.001   0.059   0.023  -      (185.540,277.790)   11.885   -       
CTS_cdb_buf_00156/Y
-     DLY1X1      rise   0.035   0.094   0.012  0.002  (186.700,278.065)    1.435      1    
CTS_ccl_a_buf_00037/A
-     CLKBUFX12   rise   0.000   0.094   0.012  -      (183.405,277.855)    3.505   -       
CTS_ccl_a_buf_00037/Y
-     CLKBUFX12   rise   0.024   0.118   0.017  0.023  (182.980,278.195)    0.765     11    
CTS_ccl_a_buf_00026/A
-     CLKBUFX8    rise   0.000   0.118   0.017  -      (183.100,281.295)    3.220   -       
CTS_ccl_a_buf_00026/Y
-     CLKBUFX8    rise   0.026   0.144   0.019  0.021  (182.515,281.445)    0.735      3    
soc/cpu/CTS_ccl_a_buf_00010/A
-     CLKBUFX6    rise   0.001   0.146   0.019  -      (233.500,250.705)   81.725   -       
soc/cpu/CTS_ccl_a_buf_00010/Y
-     CLKBUFX6    rise   0.018   0.164   0.009  0.005  (232.950,250.715)    0.560      2    
soc/cpu/CTS_cpc_drv_buf_00396/A
-     CLKBUFX20   rise   0.000   0.164   0.009  -      (239.700,247.095)   10.370   -       
soc/cpu/CTS_cpc_drv_buf_00396/Y
-     CLKBUFX20   rise   0.025   0.189   0.018  0.036  (239.210,247.295)    0.690     48    
soc/cpu/genblk1.pcpi_mul/rs2_reg_25_/CK
-     DFFTRXLHVT  rise   0.004   0.192   0.019  -      (170.900,324.200)  145.215   -       
--------------------------------------------------------------------------------------------------

Timing for timing corner delay_typ:both.late, min clock_path:
=============================================================

PathID    : 43
Path type : skew group clk/constraint_mode (path 1 of 1)
Start     : clk
End       : soc/cpu/mem_state_reg_1_/CK
Delay     :  0.095

------------------------------------------------------------------------------------------------------
Name  Lib cell        Event  Incr   Arrival  Slew   Cap    Location           Distance  Fanout  Status
                             (ns)   (ns)     (ns)   (pF)                      (um)              
-- Clockpath trace -----------------------------------------------------------------------------------
clk
-     -               rise   -       0.000   0.004  0.043  (664.800,280.000)  -           6     
soc/cpu/CTS_ccl_a_buf_00038/A
-     CLKBUFX2        rise   0.008   0.008   0.015  -      (153.965,298.165)  529.000   -       
soc/cpu/CTS_ccl_a_buf_00038/Y
-     CLKBUFX2        rise   0.021   0.029   0.013  0.004  (153.610,298.635)    0.825     2     
soc/cpu/RC_CG_HIER_INST463/RC_CGIC_INST/CK
-     TLATNTSCAX2HVT  rise   0.000   0.029   0.013  -      (132.300,291.935)   28.010   -       
soc/cpu/RC_CG_HIER_INST463/RC_CGIC_INST/ECK
-     TLATNTSCAX2HVT  rise   0.050   0.079   0.011  0.001  (134.960,291.880)    2.715     2     
soc/cpu/CTS_ccl_a_buf_00015/A
-     CLKBUFX2        rise   0.000   0.079   0.011  -      (131.365,286.655)    8.820   -       
soc/cpu/CTS_ccl_a_buf_00015/Y
-     CLKBUFX2        rise   0.016   0.095   0.005  0.001  (131.010,286.185)    0.825     2     
soc/cpu/mem_state_reg_1_/CK
-     MDFFHQX1HVT     rise   0.000   0.095   0.005  -      (132.165,286.605)    1.575   -       
------------------------------------------------------------------------------------------------------

Timing for timing corner delay_typ:both.late, max clock_path:
=============================================================

PathID    : 44
Path type : skew group clk/constraint_mode (path 1 of 1)
Start     : clk
End       : soc/cpu/genblk1.pcpi_mul/rs2_reg_25_/CK
Delay     :  0.194

--------------------------------------------------------------------------------------------------
Name  Lib cell    Event  Incr   Arrival  Slew   Cap    Location           Distance  Fanout  Status
                         (ns)   (ns)     (ns)   (pF)                      (um)              
-- Clockpath trace -------------------------------------------------------------------------------
clk
-     -           rise   -       0.000   0.004  0.043  (664.800,280.000)  -            6    
CTS_ccd_buf_00045/A
-     CLKBUFX12   rise   0.003   0.003   0.010  -      (480.205,286.445)  191.040   -       
CTS_ccd_buf_00045/Y
-     CLKBUFX12   rise   0.024   0.028   0.019  0.027  (479.780,286.105)    0.765      3    
CTS_ccl_a_buf_00041/A
-     CLKBUFX16   rise   0.003   0.031   0.019  -      (184.700,288.135)  297.110   -       
CTS_ccl_a_buf_00041/Y
-     CLKBUFX16   rise   0.028   0.059   0.023  0.043  (184.225,288.360)    0.700     28    
CTS_cdb_buf_00156/A
-     DLY1X1      rise   0.001   0.059   0.023  -      (185.540,277.790)   11.885   -       
CTS_cdb_buf_00156/Y
-     DLY1X1      rise   0.035   0.095   0.012  0.002  (186.700,278.065)    1.435      1    
CTS_ccl_a_buf_00037/A
-     CLKBUFX12   rise   0.000   0.095   0.012  -      (183.405,277.855)    3.505   -       
CTS_ccl_a_buf_00037/Y
-     CLKBUFX12   rise   0.024   0.119   0.017  0.023  (182.980,278.195)    0.765     11    
CTS_ccl_a_buf_00026/A
-     CLKBUFX8    rise   0.000   0.119   0.017  -      (183.100,281.295)    3.220   -       
CTS_ccl_a_buf_00026/Y
-     CLKBUFX8    rise   0.026   0.146   0.020  0.021  (182.515,281.445)    0.735      3    
soc/cpu/CTS_ccl_a_buf_00010/A
-     CLKBUFX6    rise   0.001   0.147   0.020  -      (233.500,250.705)   81.725   -       
soc/cpu/CTS_ccl_a_buf_00010/Y
-     CLKBUFX6    rise   0.019   0.165   0.009  0.005  (232.950,250.715)    0.560      2    
soc/cpu/CTS_cpc_drv_buf_00396/A
-     CLKBUFX20   rise   0.000   0.166   0.009  -      (239.700,247.095)   10.370   -       
soc/cpu/CTS_cpc_drv_buf_00396/Y
-     CLKBUFX20   rise   0.025   0.191   0.018  0.036  (239.210,247.295)    0.690     48    
soc/cpu/genblk1.pcpi_mul/rs2_reg_25_/CK
-     DFFTRXLHVT  rise   0.004   0.194   0.019  -      (170.900,324.200)  145.215   -       
--------------------------------------------------------------------------------------------------

Timing for timing corner delay_min:hold.early, min clock_path:
==============================================================

PathID    : 45
Path type : skew group clk/constraint_mode (path 1 of 1)
Start     : clk
End       : soc/cpu/mem_state_reg_1_/CK
Delay     :  0.094

------------------------------------------------------------------------------------------------------
Name  Lib cell        Event  Incr   Arrival  Slew   Cap    Location           Distance  Fanout  Status
                             (ns)   (ns)     (ns)   (pF)                      (um)              
-- Clockpath trace -----------------------------------------------------------------------------------
clk
-     -               rise   -       0.000   0.004  0.043  (664.800,280.000)  -           6     
soc/cpu/CTS_ccl_a_buf_00038/A
-     CLKBUFX2        rise   0.008   0.008   0.015  -      (153.965,298.165)  529.000   -       
soc/cpu/CTS_ccl_a_buf_00038/Y
-     CLKBUFX2        rise   0.021   0.029   0.013  0.004  (153.610,298.635)    0.825     2     
soc/cpu/RC_CG_HIER_INST463/RC_CGIC_INST/CK
-     TLATNTSCAX2HVT  rise   0.000   0.029   0.013  -      (132.300,291.935)   28.010   -       
soc/cpu/RC_CG_HIER_INST463/RC_CGIC_INST/ECK
-     TLATNTSCAX2HVT  rise   0.050   0.078   0.011  0.001  (134.960,291.880)    2.715     2     
soc/cpu/CTS_ccl_a_buf_00015/A
-     CLKBUFX2        rise   0.000   0.078   0.011  -      (131.365,286.655)    8.820   -       
soc/cpu/CTS_ccl_a_buf_00015/Y
-     CLKBUFX2        rise   0.016   0.094   0.005  0.001  (131.010,286.185)    0.825     2     
soc/cpu/mem_state_reg_1_/CK
-     MDFFHQX1HVT     rise   0.000   0.094   0.005  -      (132.165,286.605)    1.575   -       
------------------------------------------------------------------------------------------------------

Timing for timing corner delay_min:hold.early, max clock_path:
==============================================================

PathID    : 46
Path type : skew group clk/constraint_mode (path 1 of 1)
Start     : clk
End       : soc/cpu/genblk1.pcpi_mul/rs2_reg_25_/CK
Delay     :  0.192

--------------------------------------------------------------------------------------------------
Name  Lib cell    Event  Incr   Arrival  Slew   Cap    Location           Distance  Fanout  Status
                         (ns)   (ns)     (ns)   (pF)                      (um)              
-- Clockpath trace -------------------------------------------------------------------------------
clk
-     -           rise   -       0.000   0.004  0.043  (664.800,280.000)  -            6    
CTS_ccd_buf_00045/A
-     CLKBUFX12   rise   0.003   0.003   0.010  -      (480.205,286.445)  191.040   -       
CTS_ccd_buf_00045/Y
-     CLKBUFX12   rise   0.024   0.027   0.018  0.027  (479.780,286.105)    0.765      3    
CTS_ccl_a_buf_00041/A
-     CLKBUFX16   rise   0.003   0.030   0.019  -      (184.700,288.135)  297.110   -       
CTS_ccl_a_buf_00041/Y
-     CLKBUFX16   rise   0.028   0.058   0.022  0.043  (184.225,288.360)    0.700     28    
CTS_cdb_buf_00156/A
-     DLY1X1      rise   0.001   0.059   0.023  -      (185.540,277.790)   11.885   -       
CTS_cdb_buf_00156/Y
-     DLY1X1      rise   0.035   0.094   0.012  0.002  (186.700,278.065)    1.435      1    
CTS_ccl_a_buf_00037/A
-     CLKBUFX12   rise   0.000   0.094   0.012  -      (183.405,277.855)    3.505   -       
CTS_ccl_a_buf_00037/Y
-     CLKBUFX12   rise   0.024   0.118   0.017  0.023  (182.980,278.195)    0.765     11    
CTS_ccl_a_buf_00026/A
-     CLKBUFX8    rise   0.000   0.118   0.017  -      (183.100,281.295)    3.220   -       
CTS_ccl_a_buf_00026/Y
-     CLKBUFX8    rise   0.026   0.144   0.019  0.021  (182.515,281.445)    0.735      3    
soc/cpu/CTS_ccl_a_buf_00010/A
-     CLKBUFX6    rise   0.001   0.146   0.019  -      (233.500,250.705)   81.725   -       
soc/cpu/CTS_ccl_a_buf_00010/Y
-     CLKBUFX6    rise   0.018   0.164   0.009  0.005  (232.950,250.715)    0.560      2    
soc/cpu/CTS_cpc_drv_buf_00396/A
-     CLKBUFX20   rise   0.000   0.164   0.009  -      (239.700,247.095)   10.370   -       
soc/cpu/CTS_cpc_drv_buf_00396/Y
-     CLKBUFX20   rise   0.025   0.189   0.018  0.036  (239.210,247.295)    0.690     48    
soc/cpu/genblk1.pcpi_mul/rs2_reg_25_/CK
-     DFFTRXLHVT  rise   0.004   0.192   0.019  -      (170.900,324.200)  145.215   -       
--------------------------------------------------------------------------------------------------

Timing for timing corner delay_min:hold.late, min clock_path:
=============================================================

PathID    : 47
Path type : skew group clk/constraint_mode (path 1 of 1)
Start     : clk
End       : soc/cpu/mem_state_reg_1_/CK
Delay     :  0.095

------------------------------------------------------------------------------------------------------
Name  Lib cell        Event  Incr   Arrival  Slew   Cap    Location           Distance  Fanout  Status
                             (ns)   (ns)     (ns)   (pF)                      (um)              
-- Clockpath trace -----------------------------------------------------------------------------------
clk
-     -               rise   -       0.000   0.004  0.043  (664.800,280.000)  -           6     
soc/cpu/CTS_ccl_a_buf_00038/A
-     CLKBUFX2        rise   0.008   0.008   0.015  -      (153.965,298.165)  529.000   -       
soc/cpu/CTS_ccl_a_buf_00038/Y
-     CLKBUFX2        rise   0.021   0.029   0.013  0.004  (153.610,298.635)    0.825     2     
soc/cpu/RC_CG_HIER_INST463/RC_CGIC_INST/CK
-     TLATNTSCAX2HVT  rise   0.000   0.029   0.013  -      (132.300,291.935)   28.010   -       
soc/cpu/RC_CG_HIER_INST463/RC_CGIC_INST/ECK
-     TLATNTSCAX2HVT  rise   0.050   0.079   0.011  0.001  (134.960,291.880)    2.715     2     
soc/cpu/CTS_ccl_a_buf_00015/A
-     CLKBUFX2        rise   0.000   0.079   0.011  -      (131.365,286.655)    8.820   -       
soc/cpu/CTS_ccl_a_buf_00015/Y
-     CLKBUFX2        rise   0.016   0.095   0.005  0.001  (131.010,286.185)    0.825     2     
soc/cpu/mem_state_reg_1_/CK
-     MDFFHQX1HVT     rise   0.000   0.095   0.005  -      (132.165,286.605)    1.575   -       
------------------------------------------------------------------------------------------------------

Timing for timing corner delay_min:hold.late, max clock_path:
=============================================================

PathID    : 48
Path type : skew group clk/constraint_mode (path 1 of 1)
Start     : clk
End       : soc/cpu/genblk1.pcpi_mul/rs2_reg_25_/CK
Delay     :  0.194

--------------------------------------------------------------------------------------------------
Name  Lib cell    Event  Incr   Arrival  Slew   Cap    Location           Distance  Fanout  Status
                         (ns)   (ns)     (ns)   (pF)                      (um)              
-- Clockpath trace -------------------------------------------------------------------------------
clk
-     -           rise   -       0.000   0.004  0.043  (664.800,280.000)  -            6    
CTS_ccd_buf_00045/A
-     CLKBUFX12   rise   0.003   0.003   0.010  -      (480.205,286.445)  191.040   -       
CTS_ccd_buf_00045/Y
-     CLKBUFX12   rise   0.024   0.028   0.019  0.027  (479.780,286.105)    0.765      3    
CTS_ccl_a_buf_00041/A
-     CLKBUFX16   rise   0.003   0.031   0.019  -      (184.700,288.135)  297.110   -       
CTS_ccl_a_buf_00041/Y
-     CLKBUFX16   rise   0.028   0.059   0.023  0.043  (184.225,288.360)    0.700     28    
CTS_cdb_buf_00156/A
-     DLY1X1      rise   0.001   0.059   0.023  -      (185.540,277.790)   11.885   -       
CTS_cdb_buf_00156/Y
-     DLY1X1      rise   0.035   0.095   0.012  0.002  (186.700,278.065)    1.435      1    
CTS_ccl_a_buf_00037/A
-     CLKBUFX12   rise   0.000   0.095   0.012  -      (183.405,277.855)    3.505   -       
CTS_ccl_a_buf_00037/Y
-     CLKBUFX12   rise   0.024   0.119   0.017  0.023  (182.980,278.195)    0.765     11    
CTS_ccl_a_buf_00026/A
-     CLKBUFX8    rise   0.000   0.119   0.017  -      (183.100,281.295)    3.220   -       
CTS_ccl_a_buf_00026/Y
-     CLKBUFX8    rise   0.026   0.146   0.020  0.021  (182.515,281.445)    0.735      3    
soc/cpu/CTS_ccl_a_buf_00010/A
-     CLKBUFX6    rise   0.001   0.147   0.020  -      (233.500,250.705)   81.725   -       
soc/cpu/CTS_ccl_a_buf_00010/Y
-     CLKBUFX6    rise   0.019   0.165   0.009  0.005  (232.950,250.715)    0.560      2    
soc/cpu/CTS_cpc_drv_buf_00396/A
-     CLKBUFX20   rise   0.000   0.166   0.009  -      (239.700,247.095)   10.370   -       
soc/cpu/CTS_cpc_drv_buf_00396/Y
-     CLKBUFX20   rise   0.025   0.191   0.018  0.036  (239.210,247.295)    0.690     48    
soc/cpu/genblk1.pcpi_mul/rs2_reg_25_/CK
-     DFFTRXLHVT  rise   0.004   0.194   0.019  -      (170.900,324.200)  145.215   -       
--------------------------------------------------------------------------------------------------

