============================================================
  Generated by:           Genus(TM) Synthesis Solution 21.10-p002_1
  Generated on:           Apr 06 2026  11:58:50 am
  Module:                 et4351
  Technology libraries:   slow_vdd1v0 1.0
                          saed32sram_ss0p95vn40c 1.0000000
                          physical_cells 
  Operating conditions:   PVT_0P9V_125C 
  Interconnect mode:      global
  Area mode:              physical library
============================================================

                                                         Instantiated/                              
                        Register                            Inferred               Type             
----------------------------------------------------------------------------------------------------
accel/fft/w_im_reg_0_                                    inferred      flip-flop                    
accel/fft/w_im_reg_1_                                    inferred      flip-flop                    
accel/fft/w_im_reg_2_                                    inferred      flip-flop                    
accel/fft/w_im_reg_6_                                    inferred      flip-flop                    
accel/fft/w_im_reg_7_                                    inferred      flip-flop                    
accel/fft/w_im_reg_9_                                    inferred      flip-flop                    
accel/fft/w_im_reg_10_                                   inferred      flip-flop                    
accel/fft/w_im_reg_11_                                   inferred      flip-flop                    
accel/fft/w_im_reg_12_                                   inferred      flip-flop                    
accel/fft/w_im_reg_15_                                   inferred      flip-flop                    
accel/fft/w_im_reg_16_                                   inferred      flip-flop                    
accel/fft/w_im_reg_17_                                   inferred      flip-flop                    
accel/fft/w_im_reg_18_                                   inferred      flip-flop                    
accel/fft/w_im_reg_19_                                   inferred      flip-flop                    
accel/fft/w_im_reg_21_                                   inferred      flip-flop                    
accel/fft/w_re_reg_0_                                    inferred      flip-flop                    
accel/fft/w_re_reg_1_                                    inferred      flip-flop                    
accel/fft/w_re_reg_4_                                    inferred      flip-flop                    
accel/fft/w_re_reg_5_                                    inferred      flip-flop                    
accel/fft/w_re_reg_6_                                    inferred      flip-flop                    
accel/fft/w_re_reg_7_                                    inferred      flip-flop                    
accel/fft/w_re_reg_8_                                    inferred      flip-flop                    
accel/fft/w_re_reg_9_                                    inferred      flip-flop                    
accel/fft/w_re_reg_10_                                   inferred      flip-flop                    
accel/fft/w_re_reg_11_                                   inferred      flip-flop                    
accel/fft/w_re_reg_12_                                   inferred      flip-flop                    
accel/fft/w_re_reg_13_                                   inferred      flip-flop                    
accel/fft/w_re_reg_14_                                   inferred      flip-flop                    
accel/fft/w_re_reg_17_                                   inferred      flip-flop                    
accel/fft/o_im_reg_8_                                    inferred      flip-flop                    
accel/fft/base_reg_1_                                    inferred      flip-flop                    
accel/fft/base_reg_2_                                    inferred      flip-flop                    
accel/fft/base_reg_3_                                    inferred      flip-flop                    
accel/fft/base_reg_4_                                    inferred      flip-flop                    
accel/fft/base_reg_5_                                    inferred      flip-flop                    
accel/fft/base_reg_6_                                    inferred      flip-flop                    
accel/fft/base_reg_7_                                    inferred      flip-flop                    
accel/fft/base_reg_8_                                    inferred      flip-flop                    
accel/fft/base_reg_9_                                    inferred      flip-flop                    
accel/fft/base_reg_10_                                   inferred      flip-flop                    
accel/fft/base_reg_11_                                   inferred      flip-flop                    
accel/fft/base_reg_12_                                   inferred      flip-flop                    
accel/fft/base_reg_13_                                   inferred      flip-flop                    
accel/fft/base_reg_14_                                   inferred      flip-flop                    
accel/fft/base_reg_15_                                   inferred      flip-flop                    
accel/fft/base_reg_16_                                   inferred      flip-flop                    
accel/fft/base_reg_17_                                   inferred      flip-flop                    
accel/fft/base_reg_18_                                   inferred      flip-flop                    
accel/fft/base_reg_19_                                   inferred      flip-flop                    
accel/fft/base_reg_20_                                   inferred      flip-flop                    
accel/fft/base_reg_21_                                   inferred      flip-flop                    
accel/fft/base_reg_22_                                   inferred      flip-flop                    
accel/fft/base_reg_23_                                   inferred      flip-flop                    
accel/fft/base_reg_24_                                   inferred      flip-flop                    
accel/fft/base_reg_25_                                   inferred      flip-flop                    
accel/fft/base_reg_26_                                   inferred      flip-flop                    
accel/fft/base_reg_27_                                   inferred      flip-flop                    
accel/fft/base_reg_28_                                   inferred      flip-flop                    
accel/fft/base_reg_29_                                   inferred      flip-flop                    
accel/fft/base_reg_30_                                   inferred      flip-flop                    
accel/fft/base_reg_31_                                   inferred      flip-flop                    
accel/fft/current_state_reg_0_                           inferred      flip-flop                    
accel/fft/current_state_reg_2_                           inferred      flip-flop                    
accel/fft/e_im_reg_0_                                    inferred      flip-flop                    
accel/fft/e_im_reg_1_                                    inferred      flip-flop                    
accel/fft/e_im_reg_2_                                    inferred      flip-flop                    
accel/fft/e_im_reg_3_                                    inferred      flip-flop                    
accel/fft/e_im_reg_4_                                    inferred      flip-flop                    
accel/fft/e_im_reg_5_                                    inferred      flip-flop                    
accel/fft/e_im_reg_6_                                    inferred      flip-flop                    
accel/fft/e_im_reg_7_                                    inferred      flip-flop                    
accel/fft/e_im_reg_8_                                    inferred      flip-flop                    
accel/fft/e_im_reg_9_                                    inferred      flip-flop                    
accel/fft/e_im_reg_10_                                   inferred      flip-flop                    
accel/fft/e_im_reg_11_                                   inferred      flip-flop                    
accel/fft/e_im_reg_12_                                   inferred      flip-flop                    
accel/fft/e_im_reg_13_                                   inferred      flip-flop                    
accel/fft/e_im_reg_14_                                   inferred      flip-flop                    
accel/fft/e_im_reg_15_                                   inferred      flip-flop                    
accel/fft/e_im_reg_16_                                   inferred      flip-flop                    
accel/fft/e_im_reg_17_                                   inferred      flip-flop                    
accel/fft/e_im_reg_18_                                   inferred      flip-flop                    
accel/fft/e_im_reg_19_                                   inferred      flip-flop                    
accel/fft/e_im_reg_20_                                   inferred      flip-flop                    
accel/fft/e_im_reg_21_                                   inferred      flip-flop                    
accel/fft/e_im_reg_22_                                   inferred      flip-flop                    
accel/fft/e_im_reg_23_                                   inferred      flip-flop                    
accel/fft/e_re_reg_0_                                    inferred      flip-flop                    
accel/fft/e_re_reg_1_                                    inferred      flip-flop                    
accel/fft/e_re_reg_2_                                    inferred      flip-flop                    
accel/fft/e_re_reg_3_                                    inferred      flip-flop                    
accel/fft/e_re_reg_4_                                    inferred      flip-flop                    
accel/fft/e_re_reg_5_                                    inferred      flip-flop                    
accel/fft/e_re_reg_6_                                    inferred      flip-flop                    
accel/fft/e_re_reg_7_                                    inferred      flip-flop                    
accel/fft/e_re_reg_8_                                    inferred      flip-flop                    
accel/fft/e_re_reg_9_                                    inferred      flip-flop                    
accel/fft/e_re_reg_10_                                   inferred      flip-flop                    
accel/fft/e_re_reg_11_                                   inferred      flip-flop                    
accel/fft/e_re_reg_12_                                   inferred      flip-flop                    
accel/fft/e_re_reg_13_                                   inferred      flip-flop                    
accel/fft/e_re_reg_14_                                   inferred      flip-flop                    
accel/fft/e_re_reg_15_                                   inferred      flip-flop                    
accel/fft/e_re_reg_16_                                   inferred      flip-flop                    
accel/fft/e_re_reg_17_                                   inferred      flip-flop                    
accel/fft/e_re_reg_18_                                   inferred      flip-flop                    
accel/fft/e_re_reg_19_                                   inferred      flip-flop                    
accel/fft/e_re_reg_20_                                   inferred      flip-flop                    
accel/fft/e_re_reg_21_                                   inferred      flip-flop                    
accel/fft/e_re_reg_22_                                   inferred      flip-flop                    
accel/fft/e_re_reg_23_                                   inferred      flip-flop                    
accel/fft/half_reg_17_                                   inferred      flip-flop                    
accel/fft/k_reg_0_                                       inferred      flip-flop                    
accel/fft/k_reg_1_                                       inferred      flip-flop                    
accel/fft/k_reg_2_                                       inferred      flip-flop                    
accel/fft/k_reg_3_                                       inferred      flip-flop                    
accel/fft/k_reg_4_                                       inferred      flip-flop                    
accel/fft/k_reg_5_                                       inferred      flip-flop                    
accel/fft/k_reg_6_                                       inferred      flip-flop                    
accel/fft/k_reg_7_                                       inferred      flip-flop                    
accel/fft/k_reg_8_                                       inferred      flip-flop                    
accel/fft/k_reg_9_                                       inferred      flip-flop                    
accel/fft/k_reg_10_                                      inferred      flip-flop                    
accel/fft/k_reg_11_                                      inferred      flip-flop                    
accel/fft/k_reg_12_                                      inferred      flip-flop                    
accel/fft/k_reg_13_                                      inferred      flip-flop                    
accel/fft/k_reg_14_                                      inferred      flip-flop                    
accel/fft/k_reg_15_                                      inferred      flip-flop                    
accel/fft/k_reg_16_                                      inferred      flip-flop                    
accel/fft/k_reg_17_                                      inferred      flip-flop                    
accel/fft/k_reg_18_                                      inferred      flip-flop                    
accel/fft/k_reg_19_                                      inferred      flip-flop                    
accel/fft/k_reg_20_                                      inferred      flip-flop                    
accel/fft/k_reg_21_                                      inferred      flip-flop                    
accel/fft/k_reg_22_                                      inferred      flip-flop                    
accel/fft/k_reg_23_                                      inferred      flip-flop                    
accel/fft/k_reg_24_                                      inferred      flip-flop                    
accel/fft/k_reg_25_                                      inferred      flip-flop                    
accel/fft/k_reg_26_                                      inferred      flip-flop                    
accel/fft/k_reg_27_                                      inferred      flip-flop                    
accel/fft/k_reg_28_                                      inferred      flip-flop                    
accel/fft/k_reg_29_                                      inferred      flip-flop                    
accel/fft/k_reg_30_                                      inferred      flip-flop                    
accel/fft/o_im_reg_0_                                    inferred      flip-flop                    
accel/fft/o_im_reg_1_                                    inferred      flip-flop                    
accel/fft/o_im_reg_2_                                    inferred      flip-flop                    
accel/fft/o_im_reg_3_                                    inferred      flip-flop                    
accel/fft/o_im_reg_4_                                    inferred      flip-flop                    
accel/fft/o_im_reg_5_                                    inferred      flip-flop                    
accel/fft/o_im_reg_6_                                    inferred      flip-flop                    
accel/fft/o_im_reg_7_                                    inferred      flip-flop                    
accel/fft/o_im_reg_9_                                    inferred      flip-flop                    
accel/fft/o_im_reg_10_                                   inferred      flip-flop                    
accel/fft/o_im_reg_11_                                   inferred      flip-flop                    
accel/fft/o_im_reg_12_                                   inferred      flip-flop                    
accel/fft/o_im_reg_13_                                   inferred      flip-flop                    
accel/fft/o_im_reg_14_                                   inferred      flip-flop                    
accel/fft/o_im_reg_15_                                   inferred      flip-flop                    
accel/fft/o_im_reg_16_                                   inferred      flip-flop                    
accel/fft/o_im_reg_17_                                   inferred      flip-flop                    
accel/fft/o_im_reg_18_                                   inferred      flip-flop                    
accel/fft/o_im_reg_19_                                   inferred      flip-flop                    
accel/fft/o_im_reg_20_                                   inferred      flip-flop                    
accel/fft/o_im_reg_21_                                   inferred      flip-flop                    
accel/fft/o_im_reg_22_                                   inferred      flip-flop                    
accel/fft/o_im_reg_23_                                   inferred      flip-flop                    
accel/fft/o_re_reg_0_                                    inferred      flip-flop                    
accel/fft/o_re_reg_1_                                    inferred      flip-flop                    
accel/fft/o_re_reg_2_                                    inferred      flip-flop                    
accel/fft/o_re_reg_3_                                    inferred      flip-flop                    
accel/fft/o_re_reg_4_                                    inferred      flip-flop                    
accel/fft/o_re_reg_5_                                    inferred      flip-flop                    
accel/fft/o_re_reg_6_                                    inferred      flip-flop                    
accel/fft/o_re_reg_7_                                    inferred      flip-flop                    
accel/fft/o_re_reg_8_                                    inferred      flip-flop                    
accel/fft/o_re_reg_9_                                    inferred      flip-flop                    
accel/fft/o_re_reg_10_                                   inferred      flip-flop                    
accel/fft/o_re_reg_11_                                   inferred      flip-flop                    
accel/fft/o_re_reg_12_                                   inferred      flip-flop                    
accel/fft/o_re_reg_13_                                   inferred      flip-flop                    
accel/fft/o_re_reg_14_                                   inferred      flip-flop                    
accel/fft/o_re_reg_15_                                   inferred      flip-flop                    
accel/fft/o_re_reg_16_                                   inferred      flip-flop                    
accel/fft/o_re_reg_17_                                   inferred      flip-flop                    
accel/fft/o_re_reg_18_                                   inferred      flip-flop                    
accel/fft/o_re_reg_19_                                   inferred      flip-flop                    
accel/fft/o_re_reg_20_                                   inferred      flip-flop                    
accel/fft/o_re_reg_21_                                   inferred      flip-flop                    
accel/fft/o_re_reg_22_                                   inferred      flip-flop                    
accel/fft/o_re_reg_23_                                   inferred      flip-flop                    
accel/fft/stage_reg_1_                                   inferred      flip-flop                    
accel/fft/stage_reg_2_                                   inferred      flip-flop                    
accel/fft/stage_reg_3_                                   inferred      flip-flop                    
accel/fft/stage_reg_4_                                   inferred      flip-flop                    
accel/fft/twiddle_prefetch_addr_reg_0_                   inferred      flip-flop                    
accel/fft/twiddle_prefetch_addr_reg_1_                   inferred      flip-flop                    
accel/fft/twiddle_prefetch_addr_reg_2_                   inferred      flip-flop                    
accel/fft/twiddle_prefetch_addr_reg_3_                   inferred      flip-flop                    
accel/fft/twiddle_prefetch_addr_reg_4_                   inferred      flip-flop                    
accel/fft/twiddle_prefetch_addr_reg_5_                   inferred      flip-flop                    
accel/fft/u_im_reg_0_                                    inferred      flip-flop                    
accel/fft/u_im_reg_1_                                    inferred      flip-flop                    
accel/fft/u_im_reg_2_                                    inferred      flip-flop                    
accel/fft/u_im_reg_3_                                    inferred      flip-flop                    
accel/fft/u_im_reg_4_                                    inferred      flip-flop                    
accel/fft/u_im_reg_5_                                    inferred      flip-flop                    
accel/fft/u_im_reg_6_                                    inferred      flip-flop                    
accel/fft/u_im_reg_7_                                    inferred      flip-flop                    
accel/fft/u_im_reg_8_                                    inferred      flip-flop                    
accel/fft/u_im_reg_9_                                    inferred      flip-flop                    
accel/fft/u_im_reg_10_                                   inferred      flip-flop                    
accel/fft/u_im_reg_11_                                   inferred      flip-flop                    
accel/fft/u_im_reg_12_                                   inferred      flip-flop                    
accel/fft/u_im_reg_13_                                   inferred      flip-flop                    
accel/fft/u_im_reg_14_                                   inferred      flip-flop                    
accel/fft/u_im_reg_15_                                   inferred      flip-flop                    
accel/fft/u_im_reg_16_                                   inferred      flip-flop                    
accel/fft/u_im_reg_17_                                   inferred      flip-flop                    
accel/fft/u_im_reg_18_                                   inferred      flip-flop                    
accel/fft/u_im_reg_19_                                   inferred      flip-flop                    
accel/fft/u_im_reg_20_                                   inferred      flip-flop                    
accel/fft/u_im_reg_21_                                   inferred      flip-flop                    
accel/fft/u_im_reg_22_                                   inferred      flip-flop                    
accel/fft/u_re_reg_0_                                    inferred      flip-flop                    
accel/fft/u_re_reg_1_                                    inferred      flip-flop                    
accel/fft/u_re_reg_2_                                    inferred      flip-flop                    
accel/fft/u_re_reg_3_                                    inferred      flip-flop                    
accel/fft/u_re_reg_4_                                    inferred      flip-flop                    
accel/fft/u_re_reg_5_                                    inferred      flip-flop                    
accel/fft/u_re_reg_6_                                    inferred      flip-flop                    
accel/fft/u_re_reg_7_                                    inferred      flip-flop                    
accel/fft/u_re_reg_8_                                    inferred      flip-flop                    
accel/fft/u_re_reg_9_                                    inferred      flip-flop                    
accel/fft/u_re_reg_10_                                   inferred      flip-flop                    
accel/fft/u_re_reg_11_                                   inferred      flip-flop                    
accel/fft/u_re_reg_12_                                   inferred      flip-flop                    
accel/fft/u_re_reg_13_                                   inferred      flip-flop                    
accel/fft/u_re_reg_14_                                   inferred      flip-flop                    
accel/fft/u_re_reg_15_                                   inferred      flip-flop                    
accel/fft/u_re_reg_16_                                   inferred      flip-flop                    
accel/fft/u_re_reg_18_                                   inferred      flip-flop                    
accel/fft/u_re_reg_20_                                   inferred      flip-flop                    
accel/fft/u_re_reg_21_                                   inferred      flip-flop                    
accel/fft/v_im_reg_0_                                    inferred      flip-flop                    
accel/fft/v_im_reg_1_                                    inferred      flip-flop                    
accel/fft/v_im_reg_2_                                    inferred      flip-flop                    
accel/fft/v_im_reg_6_                                    inferred      flip-flop                    
accel/fft/v_im_reg_7_                                    inferred      flip-flop                    
accel/fft/v_im_reg_8_                                    inferred      flip-flop                    
accel/fft/v_im_reg_9_                                    inferred      flip-flop                    
accel/fft/v_im_reg_10_                                   inferred      flip-flop                    
accel/fft/v_im_reg_11_                                   inferred      flip-flop                    
accel/fft/v_im_reg_12_                                   inferred      flip-flop                    
accel/fft/v_im_reg_15_                                   inferred      flip-flop                    
accel/fft/v_im_reg_16_                                   inferred      flip-flop                    
accel/fft/v_im_reg_18_                                   inferred      flip-flop                    
accel/fft/v_im_reg_19_                                   inferred      flip-flop                    
accel/fft/v_im_reg_21_                                   inferred      flip-flop                    
accel/fft/v_im_reg_23_                                   inferred      flip-flop                    
accel/fft/v_re_reg_0_                                    inferred      flip-flop                    
accel/fft/v_re_reg_1_                                    inferred      flip-flop                    
accel/fft/v_re_reg_4_                                    inferred      flip-flop                    
accel/fft/v_re_reg_5_                                    inferred      flip-flop                    
accel/fft/v_re_reg_6_                                    inferred      flip-flop                    
accel/fft/v_re_reg_7_                                    inferred      flip-flop                    
accel/fft/v_re_reg_8_                                    inferred      flip-flop                    
accel/fft/v_re_reg_9_                                    inferred      flip-flop                    
accel/fft/v_re_reg_10_                                   inferred      flip-flop                    
accel/fft/v_re_reg_11_                                   inferred      flip-flop                    
accel/fft/v_re_reg_12_                                   inferred      flip-flop                    
accel/fft/v_re_reg_13_                                   inferred      flip-flop                    
accel/fft/v_re_reg_14_                                   inferred      flip-flop                    
accel/fft/v_re_reg_19_                                   inferred      flip-flop                    
accel/fft/v_re_reg_22_                                   inferred      flip-flop                    
accel/fft/v_re_reg_23_                                   inferred      flip-flop                    
accel/fft/w_im_reg_3_                                    inferred      flip-flop                    
accel/fft/w_im_reg_4_                                    inferred      flip-flop                    
accel/fft/w_im_reg_5_                                    inferred      flip-flop                    
accel/fft/w_im_reg_8_                                    inferred      flip-flop                    
accel/fft/w_im_reg_13_                                   inferred      flip-flop                    
accel/fft/w_im_reg_14_                                   inferred      flip-flop                    
accel/fft/w_im_reg_20_                                   inferred      flip-flop                    
accel/fft/w_im_reg_22_                                   inferred      flip-flop                    
accel/fft/w_im_reg_23_                                   inferred      flip-flop                    
accel/fft/w_re_reg_2_                                    inferred      flip-flop                    
accel/fft/w_re_reg_3_                                    inferred      flip-flop                    
accel/fft/w_re_reg_15_                                   inferred      flip-flop                    
accel/fft/w_re_reg_16_                                   inferred      flip-flop                    
accel/fft/w_re_reg_18_                                   inferred      flip-flop                    
accel/fft/w_re_reg_19_                                   inferred      flip-flop                    
accel/fft/w_re_reg_20_                                   inferred      flip-flop                    
accel/fft/w_re_reg_21_                                   inferred      flip-flop                    
accel/fft/w_re_reg_22_                                   inferred      flip-flop                    
accel/fft/w_re_reg_23_                                   inferred      flip-flop                    
accel/fft/current_state_reg_1_                           inferred      flip-flop                    
accel/fft/fft_finished_reg                               inferred      flip-flop                    
accel/fft/stage_reg_0_                                   inferred      flip-flop                    
accel/fft/half_reg_30_                                   inferred      flip-flop                    
accel/fft/half_reg_5_                                    inferred      flip-flop                    
accel/fft/half_reg_6_                                    inferred      flip-flop                    
accel/fft/half_reg_7_                                    inferred      flip-flop                    
accel/fft/half_reg_28_                                   inferred      flip-flop                    
accel/fft/half_reg_29_                                   inferred      flip-flop                    
accel/fft/half_reg_14_                                   inferred      flip-flop                    
accel/fft/half_reg_8_                                    inferred      flip-flop                    
accel/fft/half_reg_9_                                    inferred      flip-flop                    
accel/fft/half_reg_10_                                   inferred      flip-flop                    
accel/fft/half_reg_11_                                   inferred      flip-flop                    
accel/fft/half_reg_12_                                   inferred      flip-flop                    
accel/fft/half_reg_13_                                   inferred      flip-flop                    
accel/fft/half_reg_1_                                    inferred      flip-flop                    
accel/fft/half_reg_16_                                   inferred      flip-flop                    
accel/fft/half_reg_3_                                    inferred      flip-flop                    
accel/fft/half_reg_18_                                   inferred      flip-flop                    
accel/fft/half_reg_19_                                   inferred      flip-flop                    
accel/fft/half_reg_21_                                   inferred      flip-flop                    
accel/fft/half_reg_15_                                   inferred      flip-flop                    
accel/fft/half_reg_23_                                   inferred      flip-flop                    
accel/fft/half_reg_24_                                   inferred      flip-flop                    
accel/fft/half_reg_4_                                    inferred      flip-flop                    
accel/fft/half_reg_25_                                   inferred      flip-flop                    
accel/fft/half_reg_26_                                   inferred      flip-flop                    
accel/fft/half_reg_27_                                   inferred      flip-flop                    
accel/fft/u_re_reg_17_                                   inferred      flip-flop                    
accel/fft/u_re_reg_19_                                   inferred      flip-flop                    
accel/fft/u_re_reg_22_                                   inferred      flip-flop                    
accel/fft/u_re_reg_23_                                   inferred      flip-flop                    
accel/fft/u_im_reg_23_                                   inferred      flip-flop                    
accel/fft/v_im_reg_5_                                    inferred      flip-flop                    
accel/fft/v_im_reg_4_                                    inferred      flip-flop                    
accel/fft/v_re_reg_20_                                   inferred      flip-flop                    
accel/fft/v_re_reg_21_                                   inferred      flip-flop                    
accel/fft/v_im_reg_3_                                    inferred      flip-flop                    
accel/fft/v_im_reg_13_                                   inferred      flip-flop                    
accel/fft/v_im_reg_14_                                   inferred      flip-flop                    
accel/fft/v_im_reg_17_                                   inferred      flip-flop                    
accel/fft/v_re_reg_15_                                   inferred      flip-flop                    
accel/fft/v_im_reg_22_                                   inferred      flip-flop                    
accel/fft/v_re_reg_2_                                    inferred      flip-flop                    
accel/fft/v_re_reg_3_                                    inferred      flip-flop                    
accel/fft/v_im_reg_20_                                   inferred      flip-flop                    
accel/fft/v_re_reg_16_                                   inferred      flip-flop                    
accel/fft/v_re_reg_17_                                   inferred      flip-flop                    
accel/fft/v_re_reg_18_                                   inferred      flip-flop                    
accel/fft/half_reg_22_                                   inferred      flip-flop                    
accel/fft/half_reg_20_                                   inferred      flip-flop                    
accel/fft/half_reg_0_                                    inferred      flip-flop                    
accel/fft/half_reg_2_                                    inferred      flip-flop                    
accel/mem/mem_b1_reg_0__8_                               inferred      flip-flop                    
accel/mem/mem_b1_reg_1__8_                               inferred      flip-flop                    
accel/mem/mem_b1_reg_2__8_                               inferred      flip-flop                    
accel/mem/mem_b1_reg_3__8_                               inferred      flip-flop                    
accel/mem/mem_b1_reg_4__8_                               inferred      flip-flop                    
accel/mem/mem_b1_reg_5__8_                               inferred      flip-flop                    
accel/mem/mem_b1_reg_6__8_                               inferred      flip-flop                    
accel/mem/mem_b1_reg_7__8_                               inferred      flip-flop                    
accel/mem/mem_b1_reg_9__8_                               inferred      flip-flop                    
accel/mem/mem_b1_reg_10__8_                              inferred      flip-flop                    
accel/mem/mem_b1_reg_11__8_                              inferred      flip-flop                    
accel/mem/mem_b1_reg_12__8_                              inferred      flip-flop                    
accel/mem/mem_b1_reg_13__8_                              inferred      flip-flop                    
accel/mem/mem_b1_reg_14__8_                              inferred      flip-flop                    
accel/mem/mem_b1_reg_15__8_                              inferred      flip-flop                    
accel/mem/mem_b1_reg_16__8_                              inferred      flip-flop                    
accel/mem/mem_b1_reg_17__8_                              inferred      flip-flop                    
accel/mem/mem_b1_reg_18__8_                              inferred      flip-flop                    
accel/mem/mem_b1_reg_19__8_                              inferred      flip-flop                    
accel/mem/mem_b1_reg_20__8_                              inferred      flip-flop                    
accel/mem/mem_b1_reg_21__8_                              inferred      flip-flop                    
accel/mem/mem_b1_reg_22__8_                              inferred      flip-flop                    
accel/mem/mem_b1_reg_23__8_                              inferred      flip-flop                    
accel/mem/mem_b1_reg_24__8_                              inferred      flip-flop                    
accel/mem/mem_b1_reg_25__8_                              inferred      flip-flop                    
accel/mem/mem_b1_reg_26__8_                              inferred      flip-flop                    
accel/mem/mem_b1_reg_27__8_                              inferred      flip-flop                    
accel/mem/mem_b1_reg_28__8_                              inferred      flip-flop                    
accel/mem/mem_b1_reg_29__8_                              inferred      flip-flop                    
accel/mem/mem_b1_reg_30__8_                              inferred      flip-flop                    
accel/mem/mem_b1_reg_31__8_                              inferred      flip-flop                    
accel/mem/mem_b1_reg_32__8_                              inferred      flip-flop                    
accel/mem/mem_b1_reg_33__8_                              inferred      flip-flop                    
accel/mem/mem_b1_reg_34__8_                              inferred      flip-flop                    
accel/mem/mem_b1_reg_35__8_                              inferred      flip-flop                    
accel/mem/mem_b1_reg_37__8_                              inferred      flip-flop                    
accel/mem/mem_b1_reg_38__8_                              inferred      flip-flop                    
accel/mem/mem_b1_reg_39__8_                              inferred      flip-flop                    
accel/mem/mem_b1_reg_40__8_                              inferred      flip-flop                    
accel/mem/mem_b1_reg_41__8_                              inferred      flip-flop                    
accel/mem/mem_b1_reg_42__8_                              inferred      flip-flop                    
accel/mem/mem_b1_reg_43__8_                              inferred      flip-flop                    
accel/mem/mem_b1_reg_44__8_                              inferred      flip-flop                    
accel/mem/mem_b1_reg_45__8_                              inferred      flip-flop                    
accel/mem/mem_b1_reg_46__8_                              inferred      flip-flop                    
accel/mem/mem_b1_reg_47__8_                              inferred      flip-flop                    
accel/mem/mem_b1_reg_48__8_                              inferred      flip-flop                    
accel/mem/mem_b1_reg_49__8_                              inferred      flip-flop                    
accel/mem/mem_b1_reg_50__8_                              inferred      flip-flop                    
accel/mem/mem_b1_reg_51__8_                              inferred      flip-flop                    
accel/mem/mem_b1_reg_52__8_                              inferred      flip-flop                    
accel/mem/mem_b1_reg_53__8_                              inferred      flip-flop                    
accel/mem/mem_b1_reg_54__8_                              inferred      flip-flop                    
accel/mem/mem_b1_reg_55__8_                              inferred      flip-flop                    
accel/mem/mem_b1_reg_56__8_                              inferred      flip-flop                    
accel/mem/mem_b1_reg_57__8_                              inferred      flip-flop                    
accel/mem/mem_b1_reg_58__8_                              inferred      flip-flop                    
accel/mem/mem_b1_reg_59__8_                              inferred      flip-flop                    
accel/mem/mem_b1_reg_60__8_                              inferred      flip-flop                    
accel/mem/mem_b1_reg_61__8_                              inferred      flip-flop                    
accel/mem/mem_b1_reg_62__8_                              inferred      flip-flop                    
accel/mem/mem_b1_reg_63__8_                              inferred      flip-flop                    
accel/mem/mem_b0_reg_0__0_                               inferred      flip-flop                    
accel/mem/mem_b0_reg_0__1_                               inferred      flip-flop                    
accel/mem/mem_b0_reg_0__2_                               inferred      flip-flop                    
accel/mem/mem_b0_reg_0__3_                               inferred      flip-flop                    
accel/mem/mem_b0_reg_0__4_                               inferred      flip-flop                    
accel/mem/mem_b0_reg_0__5_                               inferred      flip-flop                    
accel/mem/mem_b0_reg_0__6_                               inferred      flip-flop                    
accel/mem/mem_b0_reg_0__7_                               inferred      flip-flop                    
accel/mem/mem_b0_reg_0__8_                               inferred      flip-flop                    
accel/mem/mem_b0_reg_0__9_                               inferred      flip-flop                    
accel/mem/mem_b0_reg_0__10_                              inferred      flip-flop                    
accel/mem/mem_b0_reg_0__11_                              inferred      flip-flop                    
accel/mem/mem_b0_reg_0__12_                              inferred      flip-flop                    
accel/mem/mem_b0_reg_0__13_                              inferred      flip-flop                    
accel/mem/mem_b0_reg_0__14_                              inferred      flip-flop                    
accel/mem/mem_b0_reg_0__15_                              inferred      flip-flop                    
accel/mem/mem_b0_reg_0__16_                              inferred      flip-flop                    
accel/mem/mem_b0_reg_0__17_                              inferred      flip-flop                    
accel/mem/mem_b0_reg_0__18_                              inferred      flip-flop                    
accel/mem/mem_b0_reg_0__19_                              inferred      flip-flop                    
accel/mem/mem_b0_reg_0__20_                              inferred      flip-flop                    
accel/mem/mem_b0_reg_0__21_                              inferred      flip-flop                    
accel/mem/mem_b0_reg_0__22_                              inferred      flip-flop                    
accel/mem/mem_b0_reg_0__23_                              inferred      flip-flop                    
accel/mem/mem_b0_reg_1__0_                               inferred      flip-flop                    
accel/mem/mem_b0_reg_1__1_                               inferred      flip-flop                    
accel/mem/mem_b0_reg_1__2_                               inferred      flip-flop                    
accel/mem/mem_b0_reg_1__3_                               inferred      flip-flop                    
accel/mem/mem_b0_reg_1__4_                               inferred      flip-flop                    
accel/mem/mem_b0_reg_1__5_                               inferred      flip-flop                    
accel/mem/mem_b0_reg_1__6_                               inferred      flip-flop                    
accel/mem/mem_b0_reg_1__7_                               inferred      flip-flop                    
accel/mem/mem_b0_reg_1__8_                               inferred      flip-flop                    
accel/mem/mem_b0_reg_1__9_                               inferred      flip-flop                    
accel/mem/mem_b0_reg_1__10_                              inferred      flip-flop                    
accel/mem/mem_b0_reg_1__11_                              inferred      flip-flop                    
accel/mem/mem_b0_reg_1__12_                              inferred      flip-flop                    
accel/mem/mem_b0_reg_1__13_                              inferred      flip-flop                    
accel/mem/mem_b0_reg_1__14_                              inferred      flip-flop                    
accel/mem/mem_b0_reg_1__15_                              inferred      flip-flop                    
accel/mem/mem_b0_reg_1__16_                              inferred      flip-flop                    
accel/mem/mem_b0_reg_1__17_                              inferred      flip-flop                    
accel/mem/mem_b0_reg_1__18_                              inferred      flip-flop                    
accel/mem/mem_b0_reg_1__19_                              inferred      flip-flop                    
accel/mem/mem_b0_reg_1__20_                              inferred      flip-flop                    
accel/mem/mem_b0_reg_1__21_                              inferred      flip-flop                    
accel/mem/mem_b0_reg_1__22_                              inferred      flip-flop                    
accel/mem/mem_b0_reg_1__23_                              inferred      flip-flop                    
accel/mem/mem_b0_reg_2__0_                               inferred      flip-flop                    
accel/mem/mem_b0_reg_2__1_                               inferred      flip-flop                    
accel/mem/mem_b0_reg_2__2_                               inferred      flip-flop                    
accel/mem/mem_b0_reg_2__3_                               inferred      flip-flop                    
accel/mem/mem_b0_reg_2__4_                               inferred      flip-flop                    
accel/mem/mem_b0_reg_2__5_                               inferred      flip-flop                    
accel/mem/mem_b0_reg_2__6_                               inferred      flip-flop                    
accel/mem/mem_b0_reg_2__7_                               inferred      flip-flop                    
accel/mem/mem_b0_reg_2__8_                               inferred      flip-flop                    
accel/mem/mem_b0_reg_2__9_                               inferred      flip-flop                    
accel/mem/mem_b0_reg_2__10_                              inferred      flip-flop                    
accel/mem/mem_b0_reg_2__11_                              inferred      flip-flop                    
accel/mem/mem_b0_reg_2__12_                              inferred      flip-flop                    
accel/mem/mem_b0_reg_2__13_                              inferred      flip-flop                    
accel/mem/mem_b0_reg_2__14_                              inferred      flip-flop                    
accel/mem/mem_b0_reg_2__15_                              inferred      flip-flop                    
accel/mem/mem_b0_reg_2__16_                              inferred      flip-flop                    
accel/mem/mem_b0_reg_2__17_                              inferred      flip-flop                    
accel/mem/mem_b0_reg_2__18_                              inferred      flip-flop                    
accel/mem/mem_b0_reg_2__19_                              inferred      flip-flop                    
accel/mem/mem_b0_reg_2__20_                              inferred      flip-flop                    
accel/mem/mem_b0_reg_2__21_                              inferred      flip-flop                    
accel/mem/mem_b0_reg_2__22_                              inferred      flip-flop                    
accel/mem/mem_b0_reg_2__23_                              inferred      flip-flop                    
accel/mem/mem_b0_reg_3__0_                               inferred      flip-flop                    
accel/mem/mem_b0_reg_3__1_                               inferred      flip-flop                    
accel/mem/mem_b0_reg_3__2_                               inferred      flip-flop                    
accel/mem/mem_b0_reg_3__3_                               inferred      flip-flop                    
accel/mem/mem_b0_reg_3__4_                               inferred      flip-flop                    
accel/mem/mem_b0_reg_3__5_                               inferred      flip-flop                    
accel/mem/mem_b0_reg_3__6_                               inferred      flip-flop                    
accel/mem/mem_b0_reg_3__7_                               inferred      flip-flop                    
accel/mem/mem_b0_reg_3__8_                               inferred      flip-flop                    
accel/mem/mem_b0_reg_3__9_                               inferred      flip-flop                    
accel/mem/mem_b0_reg_3__10_                              inferred      flip-flop                    
accel/mem/mem_b0_reg_3__11_                              inferred      flip-flop                    
accel/mem/mem_b0_reg_3__12_                              inferred      flip-flop                    
accel/mem/mem_b0_reg_3__13_                              inferred      flip-flop                    
accel/mem/mem_b0_reg_3__14_                              inferred      flip-flop                    
accel/mem/mem_b0_reg_3__15_                              inferred      flip-flop                    
accel/mem/mem_b0_reg_3__16_                              inferred      flip-flop                    
accel/mem/mem_b0_reg_3__17_                              inferred      flip-flop                    
accel/mem/mem_b0_reg_3__18_                              inferred      flip-flop                    
accel/mem/mem_b0_reg_3__19_                              inferred      flip-flop                    
accel/mem/mem_b0_reg_3__20_                              inferred      flip-flop                    
accel/mem/mem_b0_reg_3__21_                              inferred      flip-flop                    
accel/mem/mem_b0_reg_3__22_                              inferred      flip-flop                    
accel/mem/mem_b0_reg_3__23_                              inferred      flip-flop                    
accel/mem/mem_b0_reg_4__0_                               inferred      flip-flop                    
accel/mem/mem_b0_reg_4__1_                               inferred      flip-flop                    
accel/mem/mem_b0_reg_4__2_                               inferred      flip-flop                    
accel/mem/mem_b0_reg_4__3_                               inferred      flip-flop                    
accel/mem/mem_b0_reg_4__4_                               inferred      flip-flop                    
accel/mem/mem_b0_reg_4__7_                               inferred      flip-flop                    
accel/mem/mem_b0_reg_4__8_                               inferred      flip-flop                    
accel/mem/mem_b0_reg_4__9_                               inferred      flip-flop                    
accel/mem/mem_b0_reg_4__10_                              inferred      flip-flop                    
accel/mem/mem_b0_reg_4__11_                              inferred      flip-flop                    
accel/mem/mem_b0_reg_4__12_                              inferred      flip-flop                    
accel/mem/mem_b0_reg_4__13_                              inferred      flip-flop                    
accel/mem/mem_b0_reg_4__14_                              inferred      flip-flop                    
accel/mem/mem_b0_reg_4__15_                              inferred      flip-flop                    
accel/mem/mem_b0_reg_4__16_                              inferred      flip-flop                    
accel/mem/mem_b0_reg_4__17_                              inferred      flip-flop                    
accel/mem/mem_b0_reg_4__18_                              inferred      flip-flop                    
accel/mem/mem_b0_reg_4__19_                              inferred      flip-flop                    
accel/mem/mem_b0_reg_4__20_                              inferred      flip-flop                    
accel/mem/mem_b0_reg_4__23_                              inferred      flip-flop                    
accel/mem/mem_b0_reg_5__0_                               inferred      flip-flop                    
accel/mem/mem_b0_reg_5__1_                               inferred      flip-flop                    
accel/mem/mem_b0_reg_5__3_                               inferred      flip-flop                    
accel/mem/mem_b0_reg_5__5_                               inferred      flip-flop                    
accel/mem/mem_b0_reg_5__6_                               inferred      flip-flop                    
accel/mem/mem_b0_reg_5__7_                               inferred      flip-flop                    
accel/mem/mem_b0_reg_5__8_                               inferred      flip-flop                    
accel/mem/mem_b0_reg_5__9_                               inferred      flip-flop                    
accel/mem/mem_b0_reg_5__10_                              inferred      flip-flop                    
accel/mem/mem_b0_reg_5__11_                              inferred      flip-flop                    
accel/mem/mem_b0_reg_5__12_                              inferred      flip-flop                    
accel/mem/mem_b0_reg_5__13_                              inferred      flip-flop                    
accel/mem/mem_b0_reg_5__16_                              inferred      flip-flop                    
accel/mem/mem_b0_reg_5__17_                              inferred      flip-flop                    
accel/mem/mem_b0_reg_5__19_                              inferred      flip-flop                    
accel/mem/mem_b0_reg_5__20_                              inferred      flip-flop                    
accel/mem/mem_b0_reg_5__21_                              inferred      flip-flop                    
accel/mem/mem_b0_reg_5__22_                              inferred      flip-flop                    
accel/mem/mem_b0_reg_5__23_                              inferred      flip-flop                    
accel/mem/mem_b0_reg_6__0_                               inferred      flip-flop                    
accel/mem/mem_b0_reg_6__1_                               inferred      flip-flop                    
accel/mem/mem_b0_reg_6__2_                               inferred      flip-flop                    
accel/mem/mem_b0_reg_6__3_                               inferred      flip-flop                    
accel/mem/mem_b0_reg_6__4_                               inferred      flip-flop                    
accel/mem/mem_b0_reg_6__5_                               inferred      flip-flop                    
accel/mem/mem_b0_reg_6__6_                               inferred      flip-flop                    
accel/mem/mem_b0_reg_6__7_                               inferred      flip-flop                    
accel/mem/mem_b0_reg_6__8_                               inferred      flip-flop                    
accel/mem/mem_b0_reg_6__9_                               inferred      flip-flop                    
accel/mem/mem_b0_reg_6__10_                              inferred      flip-flop                    
accel/mem/mem_b0_reg_6__11_                              inferred      flip-flop                    
accel/mem/mem_b0_reg_6__12_                              inferred      flip-flop                    
accel/mem/mem_b0_reg_6__13_                              inferred      flip-flop                    
accel/mem/mem_b0_reg_6__14_                              inferred      flip-flop                    
accel/mem/mem_b0_reg_6__15_                              inferred      flip-flop                    
accel/mem/mem_b0_reg_6__16_                              inferred      flip-flop                    
accel/mem/mem_b0_reg_6__17_                              inferred      flip-flop                    
accel/mem/mem_b0_reg_6__18_                              inferred      flip-flop                    
accel/mem/mem_b0_reg_6__19_                              inferred      flip-flop                    
accel/mem/mem_b0_reg_6__20_                              inferred      flip-flop                    
accel/mem/mem_b0_reg_6__21_                              inferred      flip-flop                    
accel/mem/mem_b0_reg_6__22_                              inferred      flip-flop                    
accel/mem/mem_b0_reg_6__23_                              inferred      flip-flop                    
accel/mem/mem_b0_reg_7__0_                               inferred      flip-flop                    
accel/mem/mem_b0_reg_7__1_                               inferred      flip-flop                    
accel/mem/mem_b0_reg_7__2_                               inferred      flip-flop                    
accel/mem/mem_b0_reg_7__3_                               inferred      flip-flop                    
accel/mem/mem_b0_reg_7__4_                               inferred      flip-flop                    
accel/mem/mem_b0_reg_7__5_                               inferred      flip-flop                    
accel/mem/mem_b0_reg_7__6_                               inferred      flip-flop                    
accel/mem/mem_b0_reg_7__7_                               inferred      flip-flop                    
accel/mem/mem_b0_reg_7__8_                               inferred      flip-flop                    
accel/mem/mem_b0_reg_7__9_                               inferred      flip-flop                    
accel/mem/mem_b0_reg_7__10_                              inferred      flip-flop                    
accel/mem/mem_b0_reg_7__11_                              inferred      flip-flop                    
accel/mem/mem_b0_reg_7__12_                              inferred      flip-flop                    
accel/mem/mem_b0_reg_7__13_                              inferred      flip-flop                    
accel/mem/mem_b0_reg_7__14_                              inferred      flip-flop                    
accel/mem/mem_b0_reg_7__15_                              inferred      flip-flop                    
accel/mem/mem_b0_reg_7__16_                              inferred      flip-flop                    
accel/mem/mem_b0_reg_7__17_                              inferred      flip-flop                    
accel/mem/mem_b0_reg_7__18_                              inferred      flip-flop                    
accel/mem/mem_b0_reg_7__19_                              inferred      flip-flop                    
accel/mem/mem_b0_reg_7__20_                              inferred      flip-flop                    
accel/mem/mem_b0_reg_7__21_                              inferred      flip-flop                    
accel/mem/mem_b0_reg_7__22_                              inferred      flip-flop                    
accel/mem/mem_b0_reg_7__23_                              inferred      flip-flop                    
accel/mem/mem_b0_reg_8__8_                               inferred      flip-flop                    
accel/mem/mem_b0_reg_8__13_                              inferred      flip-flop                    
accel/mem/mem_b0_reg_8__14_                              inferred      flip-flop                    
accel/mem/mem_b0_reg_8__15_                              inferred      flip-flop                    
accel/mem/mem_b0_reg_8__17_                              inferred      flip-flop                    
accel/mem/mem_b0_reg_8__22_                              inferred      flip-flop                    
accel/mem/mem_b0_reg_9__0_                               inferred      flip-flop                    
accel/mem/mem_b0_reg_9__1_                               inferred      flip-flop                    
accel/mem/mem_b0_reg_9__2_                               inferred      flip-flop                    
accel/mem/mem_b0_reg_9__3_                               inferred      flip-flop                    
accel/mem/mem_b0_reg_9__4_                               inferred      flip-flop                    
accel/mem/mem_b0_reg_9__5_                               inferred      flip-flop                    
accel/mem/mem_b0_reg_9__6_                               inferred      flip-flop                    
accel/mem/mem_b0_reg_9__7_                               inferred      flip-flop                    
accel/mem/mem_b0_reg_9__9_                               inferred      flip-flop                    
accel/mem/mem_b0_reg_9__10_                              inferred      flip-flop                    
accel/mem/mem_b0_reg_9__11_                              inferred      flip-flop                    
accel/mem/mem_b0_reg_9__12_                              inferred      flip-flop                    
accel/mem/mem_b0_reg_9__16_                              inferred      flip-flop                    
accel/mem/mem_b0_reg_9__17_                              inferred      flip-flop                    
accel/mem/mem_b0_reg_9__18_                              inferred      flip-flop                    
accel/mem/mem_b0_reg_9__19_                              inferred      flip-flop                    
accel/mem/mem_b0_reg_9__20_                              inferred      flip-flop                    
accel/mem/mem_b0_reg_9__21_                              inferred      flip-flop                    
accel/mem/mem_b0_reg_9__23_                              inferred      flip-flop                    
accel/mem/mem_b0_reg_10__0_                              inferred      flip-flop                    
accel/mem/mem_b0_reg_10__1_                              inferred      flip-flop                    
accel/mem/mem_b0_reg_10__2_                              inferred      flip-flop                    
accel/mem/mem_b0_reg_10__3_                              inferred      flip-flop                    
accel/mem/mem_b0_reg_10__4_                              inferred      flip-flop                    
accel/mem/mem_b0_reg_10__5_                              inferred      flip-flop                    
accel/mem/mem_b0_reg_10__6_                              inferred      flip-flop                    
accel/mem/mem_b0_reg_10__7_                              inferred      flip-flop                    
accel/mem/mem_b0_reg_10__8_                              inferred      flip-flop                    
accel/mem/mem_b0_reg_10__9_                              inferred      flip-flop                    
accel/mem/mem_b0_reg_10__10_                             inferred      flip-flop                    
accel/mem/mem_b0_reg_10__11_                             inferred      flip-flop                    
accel/mem/mem_b0_reg_10__12_                             inferred      flip-flop                    
accel/mem/mem_b0_reg_10__13_                             inferred      flip-flop                    
accel/mem/mem_b0_reg_10__14_                             inferred      flip-flop                    
accel/mem/mem_b0_reg_10__15_                             inferred      flip-flop                    
accel/mem/mem_b0_reg_10__16_                             inferred      flip-flop                    
accel/mem/mem_b0_reg_10__17_                             inferred      flip-flop                    
accel/mem/mem_b0_reg_10__18_                             inferred      flip-flop                    
accel/mem/mem_b0_reg_10__19_                             inferred      flip-flop                    
accel/mem/mem_b0_reg_10__20_                             inferred      flip-flop                    
accel/mem/mem_b0_reg_10__21_                             inferred      flip-flop                    
accel/mem/mem_b0_reg_10__22_                             inferred      flip-flop                    
accel/mem/mem_b0_reg_10__23_                             inferred      flip-flop                    
accel/mem/mem_b0_reg_11__0_                              inferred      flip-flop                    
accel/mem/mem_b0_reg_11__1_                              inferred      flip-flop                    
accel/mem/mem_b0_reg_11__2_                              inferred      flip-flop                    
accel/mem/mem_b0_reg_11__3_                              inferred      flip-flop                    
accel/mem/mem_b0_reg_11__4_                              inferred      flip-flop                    
accel/mem/mem_b0_reg_11__5_                              inferred      flip-flop                    
accel/mem/mem_b0_reg_11__6_                              inferred      flip-flop                    
accel/mem/mem_b0_reg_11__7_                              inferred      flip-flop                    
accel/mem/mem_b0_reg_11__8_                              inferred      flip-flop                    
accel/mem/mem_b0_reg_11__9_                              inferred      flip-flop                    
accel/mem/mem_b0_reg_11__10_                             inferred      flip-flop                    
accel/mem/mem_b0_reg_11__11_                             inferred      flip-flop                    
accel/mem/mem_b0_reg_11__12_                             inferred      flip-flop                    
accel/mem/mem_b0_reg_11__13_                             inferred      flip-flop                    
accel/mem/mem_b0_reg_11__14_                             inferred      flip-flop                    
accel/mem/mem_b0_reg_11__15_                             inferred      flip-flop                    
accel/mem/mem_b0_reg_11__16_                             inferred      flip-flop                    
accel/mem/mem_b0_reg_11__17_                             inferred      flip-flop                    
accel/mem/mem_b0_reg_11__18_                             inferred      flip-flop                    
accel/mem/mem_b0_reg_11__19_                             inferred      flip-flop                    
accel/mem/mem_b0_reg_11__20_                             inferred      flip-flop                    
accel/mem/mem_b0_reg_11__21_                             inferred      flip-flop                    
accel/mem/mem_b0_reg_11__22_                             inferred      flip-flop                    
accel/mem/mem_b0_reg_11__23_                             inferred      flip-flop                    
accel/mem/mem_b0_reg_12__0_                              inferred      flip-flop                    
accel/mem/mem_b0_reg_12__1_                              inferred      flip-flop                    
accel/mem/mem_b0_reg_12__2_                              inferred      flip-flop                    
accel/mem/mem_b0_reg_12__3_                              inferred      flip-flop                    
accel/mem/mem_b0_reg_12__4_                              inferred      flip-flop                    
accel/mem/mem_b0_reg_12__5_                              inferred      flip-flop                    
accel/mem/mem_b0_reg_12__6_                              inferred      flip-flop                    
accel/mem/mem_b0_reg_12__7_                              inferred      flip-flop                    
accel/mem/mem_b0_reg_12__8_                              inferred      flip-flop                    
accel/mem/mem_b0_reg_12__9_                              inferred      flip-flop                    
accel/mem/mem_b0_reg_12__10_                             inferred      flip-flop                    
accel/mem/mem_b0_reg_12__11_                             inferred      flip-flop                    
accel/mem/mem_b0_reg_12__12_                             inferred      flip-flop                    
accel/mem/mem_b0_reg_12__13_                             inferred      flip-flop                    
accel/mem/mem_b0_reg_12__14_                             inferred      flip-flop                    
accel/mem/mem_b0_reg_12__15_                             inferred      flip-flop                    
accel/mem/mem_b0_reg_12__16_                             inferred      flip-flop                    
accel/mem/mem_b0_reg_12__17_                             inferred      flip-flop                    
accel/mem/mem_b0_reg_12__18_                             inferred      flip-flop                    
accel/mem/mem_b0_reg_12__19_                             inferred      flip-flop                    
accel/mem/mem_b0_reg_12__20_                             inferred      flip-flop                    
accel/mem/mem_b0_reg_12__21_                             inferred      flip-flop                    
accel/mem/mem_b0_reg_12__22_                             inferred      flip-flop                    
accel/mem/mem_b0_reg_12__23_                             inferred      flip-flop                    
accel/mem/mem_b0_reg_13__0_                              inferred      flip-flop                    
accel/mem/mem_b0_reg_13__1_                              inferred      flip-flop                    
accel/mem/mem_b0_reg_13__2_                              inferred      flip-flop                    
accel/mem/mem_b0_reg_13__3_                              inferred      flip-flop                    
accel/mem/mem_b0_reg_13__4_                              inferred      flip-flop                    
accel/mem/mem_b0_reg_13__5_                              inferred      flip-flop                    
accel/mem/mem_b0_reg_13__6_                              inferred      flip-flop                    
accel/mem/mem_b0_reg_13__7_                              inferred      flip-flop                    
accel/mem/mem_b0_reg_13__8_                              inferred      flip-flop                    
accel/mem/mem_b0_reg_13__9_                              inferred      flip-flop                    
accel/mem/mem_b0_reg_13__10_                             inferred      flip-flop                    
accel/mem/mem_b0_reg_13__11_                             inferred      flip-flop                    
accel/mem/mem_b0_reg_13__12_                             inferred      flip-flop                    
accel/mem/mem_b0_reg_13__13_                             inferred      flip-flop                    
accel/mem/mem_b0_reg_13__14_                             inferred      flip-flop                    
accel/mem/mem_b0_reg_13__15_                             inferred      flip-flop                    
accel/mem/mem_b0_reg_13__16_                             inferred      flip-flop                    
accel/mem/mem_b0_reg_13__17_                             inferred      flip-flop                    
accel/mem/mem_b0_reg_13__18_                             inferred      flip-flop                    
accel/mem/mem_b0_reg_13__19_                             inferred      flip-flop                    
accel/mem/mem_b0_reg_13__20_                             inferred      flip-flop                    
accel/mem/mem_b0_reg_13__21_                             inferred      flip-flop                    
accel/mem/mem_b0_reg_13__22_                             inferred      flip-flop                    
accel/mem/mem_b0_reg_13__23_                             inferred      flip-flop                    
accel/mem/mem_b0_reg_14__0_                              inferred      flip-flop                    
accel/mem/mem_b0_reg_14__1_                              inferred      flip-flop                    
accel/mem/mem_b0_reg_14__2_                              inferred      flip-flop                    
accel/mem/mem_b0_reg_14__3_                              inferred      flip-flop                    
accel/mem/mem_b0_reg_14__4_                              inferred      flip-flop                    
accel/mem/mem_b0_reg_14__5_                              inferred      flip-flop                    
accel/mem/mem_b0_reg_14__6_                              inferred      flip-flop                    
accel/mem/mem_b0_reg_14__7_                              inferred      flip-flop                    
accel/mem/mem_b0_reg_14__8_                              inferred      flip-flop                    
accel/mem/mem_b0_reg_14__9_                              inferred      flip-flop                    
accel/mem/mem_b0_reg_14__10_                             inferred      flip-flop                    
accel/mem/mem_b0_reg_14__11_                             inferred      flip-flop                    
accel/mem/mem_b0_reg_14__12_                             inferred      flip-flop                    
accel/mem/mem_b0_reg_14__13_                             inferred      flip-flop                    
accel/mem/mem_b0_reg_14__14_                             inferred      flip-flop                    
accel/mem/mem_b0_reg_14__15_                             inferred      flip-flop                    
accel/mem/mem_b0_reg_14__16_                             inferred      flip-flop                    
accel/mem/mem_b0_reg_14__17_                             inferred      flip-flop                    
accel/mem/mem_b0_reg_14__18_                             inferred      flip-flop                    
accel/mem/mem_b0_reg_14__19_                             inferred      flip-flop                    
accel/mem/mem_b0_reg_14__20_                             inferred      flip-flop                    
accel/mem/mem_b0_reg_14__21_                             inferred      flip-flop                    
accel/mem/mem_b0_reg_14__22_                             inferred      flip-flop                    
accel/mem/mem_b0_reg_14__23_                             inferred      flip-flop                    
accel/mem/mem_b0_reg_15__0_                              inferred      flip-flop                    
accel/mem/mem_b0_reg_15__1_                              inferred      flip-flop                    
accel/mem/mem_b0_reg_15__2_                              inferred      flip-flop                    
accel/mem/mem_b0_reg_15__3_                              inferred      flip-flop                    
accel/mem/mem_b0_reg_15__4_                              inferred      flip-flop                    
accel/mem/mem_b0_reg_15__5_                              inferred      flip-flop                    
accel/mem/mem_b0_reg_15__6_                              inferred      flip-flop                    
accel/mem/mem_b0_reg_15__7_                              inferred      flip-flop                    
accel/mem/mem_b0_reg_15__8_                              inferred      flip-flop                    
accel/mem/mem_b0_reg_15__9_                              inferred      flip-flop                    
accel/mem/mem_b0_reg_15__10_                             inferred      flip-flop                    
accel/mem/mem_b0_reg_15__11_                             inferred      flip-flop                    
accel/mem/mem_b0_reg_15__12_                             inferred      flip-flop                    
accel/mem/mem_b0_reg_15__13_                             inferred      flip-flop                    
accel/mem/mem_b0_reg_15__14_                             inferred      flip-flop                    
accel/mem/mem_b0_reg_15__15_                             inferred      flip-flop                    
accel/mem/mem_b0_reg_15__16_                             inferred      flip-flop                    
accel/mem/mem_b0_reg_15__17_                             inferred      flip-flop                    
accel/mem/mem_b0_reg_15__18_                             inferred      flip-flop                    
accel/mem/mem_b0_reg_15__19_                             inferred      flip-flop                    
accel/mem/mem_b0_reg_15__20_                             inferred      flip-flop                    
accel/mem/mem_b0_reg_15__21_                             inferred      flip-flop                    
accel/mem/mem_b0_reg_15__22_                             inferred      flip-flop                    
accel/mem/mem_b0_reg_15__23_                             inferred      flip-flop                    
accel/mem/mem_b0_reg_16__0_                              inferred      flip-flop                    
accel/mem/mem_b0_reg_16__1_                              inferred      flip-flop                    
accel/mem/mem_b0_reg_16__2_                              inferred      flip-flop                    
accel/mem/mem_b0_reg_16__3_                              inferred      flip-flop                    
accel/mem/mem_b0_reg_16__4_                              inferred      flip-flop                    
accel/mem/mem_b0_reg_16__5_                              inferred      flip-flop                    
accel/mem/mem_b0_reg_16__6_                              inferred      flip-flop                    
accel/mem/mem_b0_reg_16__7_                              inferred      flip-flop                    
accel/mem/mem_b0_reg_16__8_                              inferred      flip-flop                    
accel/mem/mem_b0_reg_16__9_                              inferred      flip-flop                    
accel/mem/mem_b0_reg_16__10_                             inferred      flip-flop                    
accel/mem/mem_b0_reg_16__11_                             inferred      flip-flop                    
accel/mem/mem_b0_reg_16__12_                             inferred      flip-flop                    
accel/mem/mem_b0_reg_16__13_                             inferred      flip-flop                    
accel/mem/mem_b0_reg_16__14_                             inferred      flip-flop                    
accel/mem/mem_b0_reg_16__15_                             inferred      flip-flop                    
accel/mem/mem_b0_reg_16__16_                             inferred      flip-flop                    
accel/mem/mem_b0_reg_16__17_                             inferred      flip-flop                    
accel/mem/mem_b0_reg_16__18_                             inferred      flip-flop                    
accel/mem/mem_b0_reg_16__19_                             inferred      flip-flop                    
accel/mem/mem_b0_reg_16__20_                             inferred      flip-flop                    
accel/mem/mem_b0_reg_16__21_                             inferred      flip-flop                    
accel/mem/mem_b0_reg_16__22_                             inferred      flip-flop                    
accel/mem/mem_b0_reg_16__23_                             inferred      flip-flop                    
accel/mem/mem_b0_reg_17__0_                              inferred      flip-flop                    
accel/mem/mem_b0_reg_17__1_                              inferred      flip-flop                    
accel/mem/mem_b0_reg_17__2_                              inferred      flip-flop                    
accel/mem/mem_b0_reg_17__3_                              inferred      flip-flop                    
accel/mem/mem_b0_reg_17__4_                              inferred      flip-flop                    
accel/mem/mem_b0_reg_17__5_                              inferred      flip-flop                    
accel/mem/mem_b0_reg_17__6_                              inferred      flip-flop                    
accel/mem/mem_b0_reg_17__7_                              inferred      flip-flop                    
accel/mem/mem_b0_reg_17__8_                              inferred      flip-flop                    
accel/mem/mem_b0_reg_17__9_                              inferred      flip-flop                    
accel/mem/mem_b0_reg_17__10_                             inferred      flip-flop                    
accel/mem/mem_b0_reg_17__11_                             inferred      flip-flop                    
accel/mem/mem_b0_reg_17__12_                             inferred      flip-flop                    
accel/mem/mem_b0_reg_17__13_                             inferred      flip-flop                    
accel/mem/mem_b0_reg_17__14_                             inferred      flip-flop                    
accel/mem/mem_b0_reg_17__15_                             inferred      flip-flop                    
accel/mem/mem_b0_reg_17__16_                             inferred      flip-flop                    
accel/mem/mem_b0_reg_17__17_                             inferred      flip-flop                    
accel/mem/mem_b0_reg_17__18_                             inferred      flip-flop                    
accel/mem/mem_b0_reg_17__19_                             inferred      flip-flop                    
accel/mem/mem_b0_reg_17__20_                             inferred      flip-flop                    
accel/mem/mem_b0_reg_17__21_                             inferred      flip-flop                    
accel/mem/mem_b0_reg_17__22_                             inferred      flip-flop                    
accel/mem/mem_b0_reg_17__23_                             inferred      flip-flop                    
accel/mem/mem_b0_reg_18__0_                              inferred      flip-flop                    
accel/mem/mem_b0_reg_18__1_                              inferred      flip-flop                    
accel/mem/mem_b0_reg_18__2_                              inferred      flip-flop                    
accel/mem/mem_b0_reg_18__3_                              inferred      flip-flop                    
accel/mem/mem_b0_reg_18__4_                              inferred      flip-flop                    
accel/mem/mem_b0_reg_18__5_                              inferred      flip-flop                    
accel/mem/mem_b0_reg_18__6_                              inferred      flip-flop                    
accel/mem/mem_b0_reg_18__7_                              inferred      flip-flop                    
accel/mem/mem_b0_reg_18__8_                              inferred      flip-flop                    
accel/mem/mem_b0_reg_18__9_                              inferred      flip-flop                    
accel/mem/mem_b0_reg_18__10_                             inferred      flip-flop                    
accel/mem/mem_b0_reg_18__11_                             inferred      flip-flop                    
accel/mem/mem_b0_reg_18__12_                             inferred      flip-flop                    
accel/mem/mem_b0_reg_18__13_                             inferred      flip-flop                    
accel/mem/mem_b0_reg_18__14_                             inferred      flip-flop                    
accel/mem/mem_b0_reg_18__15_                             inferred      flip-flop                    
accel/mem/mem_b0_reg_18__16_                             inferred      flip-flop                    
accel/mem/mem_b0_reg_18__17_                             inferred      flip-flop                    
accel/mem/mem_b0_reg_18__18_                             inferred      flip-flop                    
accel/mem/mem_b0_reg_18__19_                             inferred      flip-flop                    
accel/mem/mem_b0_reg_18__20_                             inferred      flip-flop                    
accel/mem/mem_b0_reg_18__21_                             inferred      flip-flop                    
accel/mem/mem_b0_reg_18__22_                             inferred      flip-flop                    
accel/mem/mem_b0_reg_18__23_                             inferred      flip-flop                    
accel/mem/mem_b0_reg_19__0_                              inferred      flip-flop                    
accel/mem/mem_b0_reg_19__1_                              inferred      flip-flop                    
accel/mem/mem_b0_reg_19__2_                              inferred      flip-flop                    
accel/mem/mem_b0_reg_19__3_                              inferred      flip-flop                    
accel/mem/mem_b0_reg_19__4_                              inferred      flip-flop                    
accel/mem/mem_b0_reg_19__5_                              inferred      flip-flop                    
accel/mem/mem_b0_reg_19__6_                              inferred      flip-flop                    
accel/mem/mem_b0_reg_19__7_                              inferred      flip-flop                    
accel/mem/mem_b0_reg_19__8_                              inferred      flip-flop                    
accel/mem/mem_b0_reg_19__9_                              inferred      flip-flop                    
accel/mem/mem_b0_reg_19__10_                             inferred      flip-flop                    
accel/mem/mem_b0_reg_19__11_                             inferred      flip-flop                    
accel/mem/mem_b0_reg_19__12_                             inferred      flip-flop                    
accel/mem/mem_b0_reg_19__13_                             inferred      flip-flop                    
accel/mem/mem_b0_reg_19__14_                             inferred      flip-flop                    
accel/mem/mem_b0_reg_19__15_                             inferred      flip-flop                    
accel/mem/mem_b0_reg_19__16_                             inferred      flip-flop                    
accel/mem/mem_b0_reg_19__17_                             inferred      flip-flop                    
accel/mem/mem_b0_reg_19__18_                             inferred      flip-flop                    
accel/mem/mem_b0_reg_19__19_                             inferred      flip-flop                    
accel/mem/mem_b0_reg_19__20_                             inferred      flip-flop                    
accel/mem/mem_b0_reg_19__21_                             inferred      flip-flop                    
accel/mem/mem_b0_reg_19__22_                             inferred      flip-flop                    
accel/mem/mem_b0_reg_19__23_                             inferred      flip-flop                    
accel/mem/mem_b0_reg_20__0_                              inferred      flip-flop                    
accel/mem/mem_b0_reg_20__1_                              inferred      flip-flop                    
accel/mem/mem_b0_reg_20__2_                              inferred      flip-flop                    
accel/mem/mem_b0_reg_20__3_                              inferred      flip-flop                    
accel/mem/mem_b0_reg_20__4_                              inferred      flip-flop                    
accel/mem/mem_b0_reg_20__5_                              inferred      flip-flop                    
accel/mem/mem_b0_reg_20__6_                              inferred      flip-flop                    
accel/mem/mem_b0_reg_20__7_                              inferred      flip-flop                    
accel/mem/mem_b0_reg_20__8_                              inferred      flip-flop                    
accel/mem/mem_b0_reg_20__9_                              inferred      flip-flop                    
accel/mem/mem_b0_reg_20__10_                             inferred      flip-flop                    
accel/mem/mem_b0_reg_20__11_                             inferred      flip-flop                    
accel/mem/mem_b0_reg_20__12_                             inferred      flip-flop                    
accel/mem/mem_b0_reg_20__13_                             inferred      flip-flop                    
accel/mem/mem_b0_reg_20__14_                             inferred      flip-flop                    
accel/mem/mem_b0_reg_20__15_                             inferred      flip-flop                    
accel/mem/mem_b0_reg_20__16_                             inferred      flip-flop                    
accel/mem/mem_b0_reg_20__17_                             inferred      flip-flop                    
accel/mem/mem_b0_reg_20__18_                             inferred      flip-flop                    
accel/mem/mem_b0_reg_20__19_                             inferred      flip-flop                    
accel/mem/mem_b0_reg_20__20_                             inferred      flip-flop                    
accel/mem/mem_b0_reg_20__21_                             inferred      flip-flop                    
accel/mem/mem_b0_reg_20__22_                             inferred      flip-flop                    
accel/mem/mem_b0_reg_20__23_                             inferred      flip-flop                    
accel/mem/mem_b0_reg_21__0_                              inferred      flip-flop                    
accel/mem/mem_b0_reg_21__1_                              inferred      flip-flop                    
accel/mem/mem_b0_reg_21__2_                              inferred      flip-flop                    
accel/mem/mem_b0_reg_21__3_                              inferred      flip-flop                    
accel/mem/mem_b0_reg_21__4_                              inferred      flip-flop                    
accel/mem/mem_b0_reg_21__5_                              inferred      flip-flop                    
accel/mem/mem_b0_reg_21__6_                              inferred      flip-flop                    
accel/mem/mem_b0_reg_21__7_                              inferred      flip-flop                    
accel/mem/mem_b0_reg_21__8_                              inferred      flip-flop                    
accel/mem/mem_b0_reg_21__9_                              inferred      flip-flop                    
accel/mem/mem_b0_reg_21__10_                             inferred      flip-flop                    
accel/mem/mem_b0_reg_21__11_                             inferred      flip-flop                    
accel/mem/mem_b0_reg_21__12_                             inferred      flip-flop                    
accel/mem/mem_b0_reg_21__13_                             inferred      flip-flop                    
accel/mem/mem_b0_reg_21__14_                             inferred      flip-flop                    
accel/mem/mem_b0_reg_21__15_                             inferred      flip-flop                    
accel/mem/mem_b0_reg_21__16_                             inferred      flip-flop                    
accel/mem/mem_b0_reg_21__17_                             inferred      flip-flop                    
accel/mem/mem_b0_reg_21__18_                             inferred      flip-flop                    
accel/mem/mem_b0_reg_21__19_                             inferred      flip-flop                    
accel/mem/mem_b0_reg_21__20_                             inferred      flip-flop                    
accel/mem/mem_b0_reg_21__21_                             inferred      flip-flop                    
accel/mem/mem_b0_reg_21__22_                             inferred      flip-flop                    
accel/mem/mem_b0_reg_21__23_                             inferred      flip-flop                    
accel/mem/mem_b0_reg_22__0_                              inferred      flip-flop                    
accel/mem/mem_b0_reg_22__2_                              inferred      flip-flop                    
accel/mem/mem_b0_reg_22__3_                              inferred      flip-flop                    
accel/mem/mem_b0_reg_22__4_                              inferred      flip-flop                    
accel/mem/mem_b0_reg_22__5_                              inferred      flip-flop                    
accel/mem/mem_b0_reg_22__6_                              inferred      flip-flop                    
accel/mem/mem_b0_reg_22__7_                              inferred      flip-flop                    
accel/mem/mem_b0_reg_22__8_                              inferred      flip-flop                    
accel/mem/mem_b0_reg_22__9_                              inferred      flip-flop                    
accel/mem/mem_b0_reg_22__10_                             inferred      flip-flop                    
accel/mem/mem_b0_reg_22__11_                             inferred      flip-flop                    
accel/mem/mem_b0_reg_22__12_                             inferred      flip-flop                    
accel/mem/mem_b0_reg_22__13_                             inferred      flip-flop                    
accel/mem/mem_b0_reg_22__14_                             inferred      flip-flop                    
accel/mem/mem_b0_reg_22__15_                             inferred      flip-flop                    
accel/mem/mem_b0_reg_22__16_                             inferred      flip-flop                    
accel/mem/mem_b0_reg_22__17_                             inferred      flip-flop                    
accel/mem/mem_b0_reg_22__18_                             inferred      flip-flop                    
accel/mem/mem_b0_reg_22__19_                             inferred      flip-flop                    
accel/mem/mem_b0_reg_22__20_                             inferred      flip-flop                    
accel/mem/mem_b0_reg_22__21_                             inferred      flip-flop                    
accel/mem/mem_b0_reg_22__22_                             inferred      flip-flop                    
accel/mem/mem_b0_reg_22__23_                             inferred      flip-flop                    
accel/mem/mem_b0_reg_23__0_                              inferred      flip-flop                    
accel/mem/mem_b0_reg_23__1_                              inferred      flip-flop                    
accel/mem/mem_b0_reg_23__2_                              inferred      flip-flop                    
accel/mem/mem_b0_reg_23__3_                              inferred      flip-flop                    
accel/mem/mem_b0_reg_23__4_                              inferred      flip-flop                    
accel/mem/mem_b0_reg_23__5_                              inferred      flip-flop                    
accel/mem/mem_b0_reg_23__6_                              inferred      flip-flop                    
accel/mem/mem_b0_reg_23__7_                              inferred      flip-flop                    
accel/mem/mem_b0_reg_23__8_                              inferred      flip-flop                    
accel/mem/mem_b0_reg_23__9_                              inferred      flip-flop                    
accel/mem/mem_b0_reg_23__10_                             inferred      flip-flop                    
accel/mem/mem_b0_reg_23__11_                             inferred      flip-flop                    
accel/mem/mem_b0_reg_23__12_                             inferred      flip-flop                    
accel/mem/mem_b0_reg_23__13_                             inferred      flip-flop                    
accel/mem/mem_b0_reg_23__14_                             inferred      flip-flop                    
accel/mem/mem_b0_reg_23__15_                             inferred      flip-flop                    
accel/mem/mem_b0_reg_23__16_                             inferred      flip-flop                    
accel/mem/mem_b0_reg_23__17_                             inferred      flip-flop                    
accel/mem/mem_b0_reg_23__18_                             inferred      flip-flop                    
accel/mem/mem_b0_reg_23__19_                             inferred      flip-flop                    
accel/mem/mem_b0_reg_23__20_                             inferred      flip-flop                    
accel/mem/mem_b0_reg_23__21_                             inferred      flip-flop                    
accel/mem/mem_b0_reg_23__22_                             inferred      flip-flop                    
accel/mem/mem_b0_reg_23__23_                             inferred      flip-flop                    
accel/mem/mem_b0_reg_24__0_                              inferred      flip-flop                    
accel/mem/mem_b0_reg_24__1_                              inferred      flip-flop                    
accel/mem/mem_b0_reg_24__2_                              inferred      flip-flop                    
accel/mem/mem_b0_reg_24__3_                              inferred      flip-flop                    
accel/mem/mem_b0_reg_24__4_                              inferred      flip-flop                    
accel/mem/mem_b0_reg_24__5_                              inferred      flip-flop                    
accel/mem/mem_b0_reg_24__6_                              inferred      flip-flop                    
accel/mem/mem_b0_reg_24__7_                              inferred      flip-flop                    
accel/mem/mem_b0_reg_24__8_                              inferred      flip-flop                    
accel/mem/mem_b0_reg_24__9_                              inferred      flip-flop                    
accel/mem/mem_b0_reg_24__10_                             inferred      flip-flop                    
accel/mem/mem_b0_reg_24__11_                             inferred      flip-flop                    
accel/mem/mem_b0_reg_24__12_                             inferred      flip-flop                    
accel/mem/mem_b0_reg_24__13_                             inferred      flip-flop                    
accel/mem/mem_b0_reg_24__14_                             inferred      flip-flop                    
accel/mem/mem_b0_reg_24__15_                             inferred      flip-flop                    
accel/mem/mem_b0_reg_24__16_                             inferred      flip-flop                    
accel/mem/mem_b0_reg_24__17_                             inferred      flip-flop                    
accel/mem/mem_b0_reg_24__18_                             inferred      flip-flop                    
accel/mem/mem_b0_reg_24__19_                             inferred      flip-flop                    
accel/mem/mem_b0_reg_24__20_                             inferred      flip-flop                    
accel/mem/mem_b0_reg_24__21_                             inferred      flip-flop                    
accel/mem/mem_b0_reg_24__22_                             inferred      flip-flop                    
accel/mem/mem_b0_reg_24__23_                             inferred      flip-flop                    
accel/mem/mem_b0_reg_25__0_                              inferred      flip-flop                    
accel/mem/mem_b0_reg_25__1_                              inferred      flip-flop                    
accel/mem/mem_b0_reg_25__2_                              inferred      flip-flop                    
accel/mem/mem_b0_reg_25__3_                              inferred      flip-flop                    
accel/mem/mem_b0_reg_25__4_                              inferred      flip-flop                    
accel/mem/mem_b0_reg_25__5_                              inferred      flip-flop                    
accel/mem/mem_b0_reg_25__6_                              inferred      flip-flop                    
accel/mem/mem_b0_reg_25__7_                              inferred      flip-flop                    
accel/mem/mem_b0_reg_25__8_                              inferred      flip-flop                    
accel/mem/mem_b0_reg_25__9_                              inferred      flip-flop                    
accel/mem/mem_b0_reg_25__10_                             inferred      flip-flop                    
accel/mem/mem_b0_reg_25__11_                             inferred      flip-flop                    
accel/mem/mem_b0_reg_25__12_                             inferred      flip-flop                    
accel/mem/mem_b0_reg_25__13_                             inferred      flip-flop                    
accel/mem/mem_b0_reg_25__14_                             inferred      flip-flop                    
accel/mem/mem_b0_reg_25__15_                             inferred      flip-flop                    
accel/mem/mem_b0_reg_25__16_                             inferred      flip-flop                    
accel/mem/mem_b0_reg_25__17_                             inferred      flip-flop                    
accel/mem/mem_b0_reg_25__18_                             inferred      flip-flop                    
accel/mem/mem_b0_reg_25__19_                             inferred      flip-flop                    
accel/mem/mem_b0_reg_25__20_                             inferred      flip-flop                    
accel/mem/mem_b0_reg_25__21_                             inferred      flip-flop                    
accel/mem/mem_b0_reg_25__22_                             inferred      flip-flop                    
accel/mem/mem_b0_reg_25__23_                             inferred      flip-flop                    
accel/mem/mem_b0_reg_26__0_                              inferred      flip-flop                    
accel/mem/mem_b0_reg_26__1_                              inferred      flip-flop                    
accel/mem/mem_b0_reg_26__2_                              inferred      flip-flop                    
accel/mem/mem_b0_reg_26__3_                              inferred      flip-flop                    
accel/mem/mem_b0_reg_26__4_                              inferred      flip-flop                    
accel/mem/mem_b0_reg_26__5_                              inferred      flip-flop                    
accel/mem/mem_b0_reg_26__6_                              inferred      flip-flop                    
accel/mem/mem_b0_reg_26__7_                              inferred      flip-flop                    
accel/mem/mem_b0_reg_26__8_                              inferred      flip-flop                    
accel/mem/mem_b0_reg_26__9_                              inferred      flip-flop                    
accel/mem/mem_b0_reg_26__10_                             inferred      flip-flop                    
accel/mem/mem_b0_reg_26__11_                             inferred      flip-flop                    
accel/mem/mem_b0_reg_26__12_                             inferred      flip-flop                    
accel/mem/mem_b0_reg_26__13_                             inferred      flip-flop                    
accel/mem/mem_b0_reg_26__14_                             inferred      flip-flop                    
accel/mem/mem_b0_reg_26__15_                             inferred      flip-flop                    
accel/mem/mem_b0_reg_26__16_                             inferred      flip-flop                    
accel/mem/mem_b0_reg_26__17_                             inferred      flip-flop                    
accel/mem/mem_b0_reg_26__18_                             inferred      flip-flop                    
accel/mem/mem_b0_reg_26__19_                             inferred      flip-flop                    
accel/mem/mem_b0_reg_26__20_                             inferred      flip-flop                    
accel/mem/mem_b0_reg_26__21_                             inferred      flip-flop                    
accel/mem/mem_b0_reg_26__22_                             inferred      flip-flop                    
accel/mem/mem_b0_reg_26__23_                             inferred      flip-flop                    
accel/mem/mem_b0_reg_27__0_                              inferred      flip-flop                    
accel/mem/mem_b0_reg_27__1_                              inferred      flip-flop                    
accel/mem/mem_b0_reg_27__2_                              inferred      flip-flop                    
accel/mem/mem_b0_reg_27__3_                              inferred      flip-flop                    
accel/mem/mem_b0_reg_27__4_                              inferred      flip-flop                    
accel/mem/mem_b0_reg_27__5_                              inferred      flip-flop                    
accel/mem/mem_b0_reg_27__6_                              inferred      flip-flop                    
accel/mem/mem_b0_reg_27__7_                              inferred      flip-flop                    
accel/mem/mem_b0_reg_27__8_                              inferred      flip-flop                    
accel/mem/mem_b0_reg_27__9_                              inferred      flip-flop                    
accel/mem/mem_b0_reg_27__10_                             inferred      flip-flop                    
accel/mem/mem_b0_reg_27__11_                             inferred      flip-flop                    
accel/mem/mem_b0_reg_27__12_                             inferred      flip-flop                    
accel/mem/mem_b0_reg_27__13_                             inferred      flip-flop                    
accel/mem/mem_b0_reg_27__14_                             inferred      flip-flop                    
accel/mem/mem_b0_reg_27__15_                             inferred      flip-flop                    
accel/mem/mem_b0_reg_27__16_                             inferred      flip-flop                    
accel/mem/mem_b0_reg_27__17_                             inferred      flip-flop                    
accel/mem/mem_b0_reg_27__18_                             inferred      flip-flop                    
accel/mem/mem_b0_reg_27__19_                             inferred      flip-flop                    
accel/mem/mem_b0_reg_27__20_                             inferred      flip-flop                    
accel/mem/mem_b0_reg_27__21_                             inferred      flip-flop                    
accel/mem/mem_b0_reg_27__22_                             inferred      flip-flop                    
accel/mem/mem_b0_reg_27__23_                             inferred      flip-flop                    
accel/mem/mem_b0_reg_28__0_                              inferred      flip-flop                    
accel/mem/mem_b0_reg_28__1_                              inferred      flip-flop                    
accel/mem/mem_b0_reg_28__2_                              inferred      flip-flop                    
accel/mem/mem_b0_reg_28__3_                              inferred      flip-flop                    
accel/mem/mem_b0_reg_28__4_                              inferred      flip-flop                    
accel/mem/mem_b0_reg_28__5_                              inferred      flip-flop                    
accel/mem/mem_b0_reg_28__6_                              inferred      flip-flop                    
accel/mem/mem_b0_reg_28__7_                              inferred      flip-flop                    
accel/mem/mem_b0_reg_28__8_                              inferred      flip-flop                    
accel/mem/mem_b0_reg_28__9_                              inferred      flip-flop                    
accel/mem/mem_b0_reg_28__10_                             inferred      flip-flop                    
accel/mem/mem_b0_reg_28__11_                             inferred      flip-flop                    
accel/mem/mem_b0_reg_28__12_                             inferred      flip-flop                    
accel/mem/mem_b0_reg_28__13_                             inferred      flip-flop                    
accel/mem/mem_b0_reg_28__14_                             inferred      flip-flop                    
accel/mem/mem_b0_reg_28__15_                             inferred      flip-flop                    
accel/mem/mem_b0_reg_28__16_                             inferred      flip-flop                    
accel/mem/mem_b0_reg_28__17_                             inferred      flip-flop                    
accel/mem/mem_b0_reg_28__18_                             inferred      flip-flop                    
accel/mem/mem_b0_reg_28__19_                             inferred      flip-flop                    
accel/mem/mem_b0_reg_28__20_                             inferred      flip-flop                    
accel/mem/mem_b0_reg_28__21_                             inferred      flip-flop                    
accel/mem/mem_b0_reg_28__22_                             inferred      flip-flop                    
accel/mem/mem_b0_reg_28__23_                             inferred      flip-flop                    
accel/mem/mem_b0_reg_29__0_                              inferred      flip-flop                    
accel/mem/mem_b0_reg_29__1_                              inferred      flip-flop                    
accel/mem/mem_b0_reg_29__2_                              inferred      flip-flop                    
accel/mem/mem_b0_reg_29__3_                              inferred      flip-flop                    
accel/mem/mem_b0_reg_29__4_                              inferred      flip-flop                    
accel/mem/mem_b0_reg_29__5_                              inferred      flip-flop                    
accel/mem/mem_b0_reg_29__6_                              inferred      flip-flop                    
accel/mem/mem_b0_reg_29__7_                              inferred      flip-flop                    
accel/mem/mem_b0_reg_29__8_                              inferred      flip-flop                    
accel/mem/mem_b0_reg_29__9_                              inferred      flip-flop                    
accel/mem/mem_b0_reg_29__10_                             inferred      flip-flop                    
accel/mem/mem_b0_reg_29__11_                             inferred      flip-flop                    
accel/mem/mem_b0_reg_29__12_                             inferred      flip-flop                    
accel/mem/mem_b0_reg_29__13_                             inferred      flip-flop                    
accel/mem/mem_b0_reg_29__14_                             inferred      flip-flop                    
accel/mem/mem_b0_reg_29__15_                             inferred      flip-flop                    
accel/mem/mem_b0_reg_29__16_                             inferred      flip-flop                    
accel/mem/mem_b0_reg_29__17_                             inferred      flip-flop                    
accel/mem/mem_b0_reg_29__18_                             inferred      flip-flop                    
accel/mem/mem_b0_reg_29__19_                             inferred      flip-flop                    
accel/mem/mem_b0_reg_29__20_                             inferred      flip-flop                    
accel/mem/mem_b0_reg_29__21_                             inferred      flip-flop                    
accel/mem/mem_b0_reg_29__22_                             inferred      flip-flop                    
accel/mem/mem_b0_reg_29__23_                             inferred      flip-flop                    
accel/mem/mem_b0_reg_30__0_                              inferred      flip-flop                    
accel/mem/mem_b0_reg_30__1_                              inferred      flip-flop                    
accel/mem/mem_b0_reg_30__2_                              inferred      flip-flop                    
accel/mem/mem_b0_reg_30__3_                              inferred      flip-flop                    
accel/mem/mem_b0_reg_30__4_                              inferred      flip-flop                    
accel/mem/mem_b0_reg_30__5_                              inferred      flip-flop                    
accel/mem/mem_b0_reg_30__6_                              inferred      flip-flop                    
accel/mem/mem_b0_reg_30__7_                              inferred      flip-flop                    
accel/mem/mem_b0_reg_30__8_                              inferred      flip-flop                    
accel/mem/mem_b0_reg_30__9_                              inferred      flip-flop                    
accel/mem/mem_b0_reg_30__10_                             inferred      flip-flop                    
accel/mem/mem_b0_reg_30__11_                             inferred      flip-flop                    
accel/mem/mem_b0_reg_30__12_                             inferred      flip-flop                    
accel/mem/mem_b0_reg_30__13_                             inferred      flip-flop                    
accel/mem/mem_b0_reg_30__14_                             inferred      flip-flop                    
accel/mem/mem_b0_reg_30__15_                             inferred      flip-flop                    
accel/mem/mem_b0_reg_30__16_                             inferred      flip-flop                    
accel/mem/mem_b0_reg_30__17_                             inferred      flip-flop                    
accel/mem/mem_b0_reg_30__18_                             inferred      flip-flop                    
accel/mem/mem_b0_reg_30__19_                             inferred      flip-flop                    
accel/mem/mem_b0_reg_30__20_                             inferred      flip-flop                    
accel/mem/mem_b0_reg_30__21_                             inferred      flip-flop                    
accel/mem/mem_b0_reg_30__22_                             inferred      flip-flop                    
accel/mem/mem_b0_reg_30__23_                             inferred      flip-flop                    
accel/mem/mem_b0_reg_31__1_                              inferred      flip-flop                    
accel/mem/mem_b0_reg_31__2_                              inferred      flip-flop                    
accel/mem/mem_b0_reg_31__3_                              inferred      flip-flop                    
accel/mem/mem_b0_reg_31__4_                              inferred      flip-flop                    
accel/mem/mem_b0_reg_31__5_                              inferred      flip-flop                    
accel/mem/mem_b0_reg_31__6_                              inferred      flip-flop                    
accel/mem/mem_b0_reg_31__7_                              inferred      flip-flop                    
accel/mem/mem_b0_reg_31__8_                              inferred      flip-flop                    
accel/mem/mem_b0_reg_31__9_                              inferred      flip-flop                    
accel/mem/mem_b0_reg_31__10_                             inferred      flip-flop                    
accel/mem/mem_b0_reg_31__11_                             inferred      flip-flop                    
accel/mem/mem_b0_reg_31__12_                             inferred      flip-flop                    
accel/mem/mem_b0_reg_31__13_                             inferred      flip-flop                    
accel/mem/mem_b0_reg_31__14_                             inferred      flip-flop                    
accel/mem/mem_b0_reg_31__15_                             inferred      flip-flop                    
accel/mem/mem_b0_reg_31__16_                             inferred      flip-flop                    
accel/mem/mem_b0_reg_31__17_                             inferred      flip-flop                    
accel/mem/mem_b0_reg_31__18_                             inferred      flip-flop                    
accel/mem/mem_b0_reg_31__19_                             inferred      flip-flop                    
accel/mem/mem_b0_reg_31__20_                             inferred      flip-flop                    
accel/mem/mem_b0_reg_31__21_                             inferred      flip-flop                    
accel/mem/mem_b0_reg_31__22_                             inferred      flip-flop                    
accel/mem/mem_b0_reg_31__23_                             inferred      flip-flop                    
accel/mem/mem_b0_reg_32__0_                              inferred      flip-flop                    
accel/mem/mem_b0_reg_32__1_                              inferred      flip-flop                    
accel/mem/mem_b0_reg_32__2_                              inferred      flip-flop                    
accel/mem/mem_b0_reg_32__3_                              inferred      flip-flop                    
accel/mem/mem_b0_reg_32__4_                              inferred      flip-flop                    
accel/mem/mem_b0_reg_32__5_                              inferred      flip-flop                    
accel/mem/mem_b0_reg_32__6_                              inferred      flip-flop                    
accel/mem/mem_b0_reg_32__7_                              inferred      flip-flop                    
accel/mem/mem_b0_reg_32__8_                              inferred      flip-flop                    
accel/mem/mem_b0_reg_32__9_                              inferred      flip-flop                    
accel/mem/mem_b0_reg_32__10_                             inferred      flip-flop                    
accel/mem/mem_b0_reg_32__11_                             inferred      flip-flop                    
accel/mem/mem_b0_reg_32__12_                             inferred      flip-flop                    
accel/mem/mem_b0_reg_32__13_                             inferred      flip-flop                    
accel/mem/mem_b0_reg_32__14_                             inferred      flip-flop                    
accel/mem/mem_b0_reg_32__15_                             inferred      flip-flop                    
accel/mem/mem_b0_reg_32__16_                             inferred      flip-flop                    
accel/mem/mem_b0_reg_32__17_                             inferred      flip-flop                    
accel/mem/mem_b0_reg_32__18_                             inferred      flip-flop                    
accel/mem/mem_b0_reg_32__19_                             inferred      flip-flop                    
accel/mem/mem_b0_reg_32__20_                             inferred      flip-flop                    
accel/mem/mem_b0_reg_32__21_                             inferred      flip-flop                    
accel/mem/mem_b0_reg_32__22_                             inferred      flip-flop                    
accel/mem/mem_b0_reg_32__23_                             inferred      flip-flop                    
accel/mem/mem_b0_reg_33__0_                              inferred      flip-flop                    
accel/mem/mem_b0_reg_33__1_                              inferred      flip-flop                    
accel/mem/mem_b0_reg_33__2_                              inferred      flip-flop                    
accel/mem/mem_b0_reg_33__3_                              inferred      flip-flop                    
accel/mem/mem_b0_reg_33__4_                              inferred      flip-flop                    
accel/mem/mem_b0_reg_33__5_                              inferred      flip-flop                    
accel/mem/mem_b0_reg_33__6_                              inferred      flip-flop                    
accel/mem/mem_b0_reg_33__7_                              inferred      flip-flop                    
accel/mem/mem_b0_reg_33__8_                              inferred      flip-flop                    
accel/mem/mem_b0_reg_33__9_                              inferred      flip-flop                    
accel/mem/mem_b0_reg_33__10_                             inferred      flip-flop                    
accel/mem/mem_b0_reg_33__11_                             inferred      flip-flop                    
accel/mem/mem_b0_reg_33__12_                             inferred      flip-flop                    
accel/mem/mem_b0_reg_33__13_                             inferred      flip-flop                    
accel/mem/mem_b0_reg_33__14_                             inferred      flip-flop                    
accel/mem/mem_b0_reg_33__15_                             inferred      flip-flop                    
accel/mem/mem_b0_reg_33__16_                             inferred      flip-flop                    
accel/mem/mem_b0_reg_33__17_                             inferred      flip-flop                    
accel/mem/mem_b0_reg_33__18_                             inferred      flip-flop                    
accel/mem/mem_b0_reg_33__19_                             inferred      flip-flop                    
accel/mem/mem_b0_reg_33__20_                             inferred      flip-flop                    
accel/mem/mem_b0_reg_33__21_                             inferred      flip-flop                    
accel/mem/mem_b0_reg_33__22_                             inferred      flip-flop                    
accel/mem/mem_b0_reg_33__23_                             inferred      flip-flop                    
accel/mem/mem_b0_reg_34__0_                              inferred      flip-flop                    
accel/mem/mem_b0_reg_34__1_                              inferred      flip-flop                    
accel/mem/mem_b0_reg_34__2_                              inferred      flip-flop                    
accel/mem/mem_b0_reg_34__3_                              inferred      flip-flop                    
accel/mem/mem_b0_reg_34__4_                              inferred      flip-flop                    
accel/mem/mem_b0_reg_34__5_                              inferred      flip-flop                    
accel/mem/mem_b0_reg_34__6_                              inferred      flip-flop                    
accel/mem/mem_b0_reg_34__7_                              inferred      flip-flop                    
accel/mem/mem_b0_reg_34__8_                              inferred      flip-flop                    
accel/mem/mem_b0_reg_34__9_                              inferred      flip-flop                    
accel/mem/mem_b0_reg_34__10_                             inferred      flip-flop                    
accel/mem/mem_b0_reg_34__11_                             inferred      flip-flop                    
accel/mem/mem_b0_reg_34__12_                             inferred      flip-flop                    
accel/mem/mem_b0_reg_34__13_                             inferred      flip-flop                    
accel/mem/mem_b0_reg_34__14_                             inferred      flip-flop                    
accel/mem/mem_b0_reg_34__15_                             inferred      flip-flop                    
accel/mem/mem_b0_reg_34__16_                             inferred      flip-flop                    
accel/mem/mem_b0_reg_34__17_                             inferred      flip-flop                    
accel/mem/mem_b0_reg_34__18_                             inferred      flip-flop                    
accel/mem/mem_b0_reg_34__19_                             inferred      flip-flop                    
accel/mem/mem_b0_reg_34__20_                             inferred      flip-flop                    
accel/mem/mem_b0_reg_34__21_                             inferred      flip-flop                    
accel/mem/mem_b0_reg_34__22_                             inferred      flip-flop                    
accel/mem/mem_b0_reg_34__23_                             inferred      flip-flop                    
accel/mem/mem_b0_reg_35__0_                              inferred      flip-flop                    
accel/mem/mem_b0_reg_35__1_                              inferred      flip-flop                    
accel/mem/mem_b0_reg_35__2_                              inferred      flip-flop                    
accel/mem/mem_b0_reg_35__3_                              inferred      flip-flop                    
accel/mem/mem_b0_reg_35__4_                              inferred      flip-flop                    
accel/mem/mem_b0_reg_35__5_                              inferred      flip-flop                    
accel/mem/mem_b0_reg_35__6_                              inferred      flip-flop                    
accel/mem/mem_b0_reg_35__7_                              inferred      flip-flop                    
accel/mem/mem_b0_reg_35__8_                              inferred      flip-flop                    
accel/mem/mem_b0_reg_35__9_                              inferred      flip-flop                    
accel/mem/mem_b0_reg_35__10_                             inferred      flip-flop                    
accel/mem/mem_b0_reg_35__11_                             inferred      flip-flop                    
accel/mem/mem_b0_reg_35__12_                             inferred      flip-flop                    
accel/mem/mem_b0_reg_35__13_                             inferred      flip-flop                    
accel/mem/mem_b0_reg_35__14_                             inferred      flip-flop                    
accel/mem/mem_b0_reg_35__15_                             inferred      flip-flop                    
accel/mem/mem_b0_reg_35__16_                             inferred      flip-flop                    
accel/mem/mem_b0_reg_35__17_                             inferred      flip-flop                    
accel/mem/mem_b0_reg_35__18_                             inferred      flip-flop                    
accel/mem/mem_b0_reg_35__19_                             inferred      flip-flop                    
accel/mem/mem_b0_reg_35__20_                             inferred      flip-flop                    
accel/mem/mem_b0_reg_35__21_                             inferred      flip-flop                    
accel/mem/mem_b0_reg_35__22_                             inferred      flip-flop                    
accel/mem/mem_b0_reg_35__23_                             inferred      flip-flop                    
accel/mem/mem_b0_reg_36__0_                              inferred      flip-flop                    
accel/mem/mem_b0_reg_36__2_                              inferred      flip-flop                    
accel/mem/mem_b0_reg_36__4_                              inferred      flip-flop                    
accel/mem/mem_b0_reg_36__5_                              inferred      flip-flop                    
accel/mem/mem_b0_reg_36__6_                              inferred      flip-flop                    
accel/mem/mem_b0_reg_36__7_                              inferred      flip-flop                    
accel/mem/mem_b0_reg_36__9_                              inferred      flip-flop                    
accel/mem/mem_b0_reg_36__14_                             inferred      flip-flop                    
accel/mem/mem_b0_reg_36__15_                             inferred      flip-flop                    
accel/mem/mem_b0_reg_36__18_                             inferred      flip-flop                    
accel/mem/mem_b0_reg_36__19_                             inferred      flip-flop                    
accel/mem/mem_b0_reg_36__21_                             inferred      flip-flop                    
accel/mem/mem_b0_reg_36__22_                             inferred      flip-flop                    
accel/mem/mem_b0_reg_36__23_                             inferred      flip-flop                    
accel/mem/mem_b0_reg_37__0_                              inferred      flip-flop                    
accel/mem/mem_b0_reg_37__1_                              inferred      flip-flop                    
accel/mem/mem_b0_reg_37__2_                              inferred      flip-flop                    
accel/mem/mem_b0_reg_37__3_                              inferred      flip-flop                    
accel/mem/mem_b0_reg_37__4_                              inferred      flip-flop                    
accel/mem/mem_b0_reg_37__5_                              inferred      flip-flop                    
accel/mem/mem_b0_reg_37__6_                              inferred      flip-flop                    
accel/mem/mem_b0_reg_37__7_                              inferred      flip-flop                    
accel/mem/mem_b0_reg_37__8_                              inferred      flip-flop                    
accel/mem/mem_b0_reg_37__10_                             inferred      flip-flop                    
accel/mem/mem_b0_reg_37__11_                             inferred      flip-flop                    
accel/mem/mem_b0_reg_37__12_                             inferred      flip-flop                    
accel/mem/mem_b0_reg_37__13_                             inferred      flip-flop                    
accel/mem/mem_b0_reg_37__14_                             inferred      flip-flop                    
accel/mem/mem_b0_reg_37__15_                             inferred      flip-flop                    
accel/mem/mem_b0_reg_37__16_                             inferred      flip-flop                    
accel/mem/mem_b0_reg_37__17_                             inferred      flip-flop                    
accel/mem/mem_b0_reg_37__18_                             inferred      flip-flop                    
accel/mem/mem_b0_reg_37__19_                             inferred      flip-flop                    
accel/mem/mem_b0_reg_37__20_                             inferred      flip-flop                    
accel/mem/mem_b0_reg_37__21_                             inferred      flip-flop                    
accel/mem/mem_b0_reg_37__22_                             inferred      flip-flop                    
accel/mem/mem_b0_reg_37__23_                             inferred      flip-flop                    
accel/mem/mem_b0_reg_38__1_                              inferred      flip-flop                    
accel/mem/mem_b0_reg_38__2_                              inferred      flip-flop                    
accel/mem/mem_b0_reg_38__3_                              inferred      flip-flop                    
accel/mem/mem_b0_reg_38__4_                              inferred      flip-flop                    
accel/mem/mem_b0_reg_38__5_                              inferred      flip-flop                    
accel/mem/mem_b0_reg_38__6_                              inferred      flip-flop                    
accel/mem/mem_b0_reg_38__8_                              inferred      flip-flop                    
accel/mem/mem_b0_reg_38__9_                              inferred      flip-flop                    
accel/mem/mem_b0_reg_38__10_                             inferred      flip-flop                    
accel/mem/mem_b0_reg_38__11_                             inferred      flip-flop                    
accel/mem/mem_b0_reg_38__12_                             inferred      flip-flop                    
accel/mem/mem_b0_reg_38__13_                             inferred      flip-flop                    
accel/mem/mem_b0_reg_38__14_                             inferred      flip-flop                    
accel/mem/mem_b0_reg_38__15_                             inferred      flip-flop                    
accel/mem/mem_b0_reg_38__16_                             inferred      flip-flop                    
accel/mem/mem_b0_reg_38__17_                             inferred      flip-flop                    
accel/mem/mem_b0_reg_38__18_                             inferred      flip-flop                    
accel/mem/mem_b0_reg_38__19_                             inferred      flip-flop                    
accel/mem/mem_b0_reg_38__20_                             inferred      flip-flop                    
accel/mem/mem_b0_reg_38__21_                             inferred      flip-flop                    
accel/mem/mem_b0_reg_38__22_                             inferred      flip-flop                    
accel/mem/mem_b0_reg_38__23_                             inferred      flip-flop                    
accel/mem/mem_b0_reg_39__0_                              inferred      flip-flop                    
accel/mem/mem_b0_reg_39__1_                              inferred      flip-flop                    
accel/mem/mem_b0_reg_39__2_                              inferred      flip-flop                    
accel/mem/mem_b0_reg_39__3_                              inferred      flip-flop                    
accel/mem/mem_b0_reg_39__4_                              inferred      flip-flop                    
accel/mem/mem_b0_reg_39__5_                              inferred      flip-flop                    
accel/mem/mem_b0_reg_39__6_                              inferred      flip-flop                    
accel/mem/mem_b0_reg_39__7_                              inferred      flip-flop                    
accel/mem/mem_b0_reg_39__8_                              inferred      flip-flop                    
accel/mem/mem_b0_reg_39__9_                              inferred      flip-flop                    
accel/mem/mem_b0_reg_39__10_                             inferred      flip-flop                    
accel/mem/mem_b0_reg_39__11_                             inferred      flip-flop                    
accel/mem/mem_b0_reg_39__12_                             inferred      flip-flop                    
accel/mem/mem_b0_reg_39__13_                             inferred      flip-flop                    
accel/mem/mem_b0_reg_39__14_                             inferred      flip-flop                    
accel/mem/mem_b0_reg_39__15_                             inferred      flip-flop                    
accel/mem/mem_b0_reg_39__16_                             inferred      flip-flop                    
accel/mem/mem_b0_reg_39__17_                             inferred      flip-flop                    
accel/mem/mem_b0_reg_39__18_                             inferred      flip-flop                    
accel/mem/mem_b0_reg_39__19_                             inferred      flip-flop                    
accel/mem/mem_b0_reg_39__20_                             inferred      flip-flop                    
accel/mem/mem_b0_reg_39__21_                             inferred      flip-flop                    
accel/mem/mem_b0_reg_39__22_                             inferred      flip-flop                    
accel/mem/mem_b0_reg_39__23_                             inferred      flip-flop                    
accel/mem/mem_b0_reg_40__0_                              inferred      flip-flop                    
accel/mem/mem_b0_reg_40__1_                              inferred      flip-flop                    
accel/mem/mem_b0_reg_40__2_                              inferred      flip-flop                    
accel/mem/mem_b0_reg_40__3_                              inferred      flip-flop                    
accel/mem/mem_b0_reg_40__4_                              inferred      flip-flop                    
accel/mem/mem_b0_reg_40__5_                              inferred      flip-flop                    
accel/mem/mem_b0_reg_40__6_                              inferred      flip-flop                    
accel/mem/mem_b0_reg_40__7_                              inferred      flip-flop                    
accel/mem/mem_b0_reg_40__8_                              inferred      flip-flop                    
accel/mem/mem_b0_reg_40__9_                              inferred      flip-flop                    
accel/mem/mem_b0_reg_40__10_                             inferred      flip-flop                    
accel/mem/mem_b0_reg_40__11_                             inferred      flip-flop                    
accel/mem/mem_b0_reg_40__12_                             inferred      flip-flop                    
accel/mem/mem_b0_reg_40__13_                             inferred      flip-flop                    
accel/mem/mem_b0_reg_40__14_                             inferred      flip-flop                    
accel/mem/mem_b0_reg_40__15_                             inferred      flip-flop                    
accel/mem/mem_b0_reg_40__16_                             inferred      flip-flop                    
accel/mem/mem_b0_reg_40__17_                             inferred      flip-flop                    
accel/mem/mem_b0_reg_40__18_                             inferred      flip-flop                    
accel/mem/mem_b0_reg_40__20_                             inferred      flip-flop                    
accel/mem/mem_b0_reg_40__21_                             inferred      flip-flop                    
accel/mem/mem_b0_reg_40__22_                             inferred      flip-flop                    
accel/mem/mem_b0_reg_41__0_                              inferred      flip-flop                    
accel/mem/mem_b0_reg_41__1_                              inferred      flip-flop                    
accel/mem/mem_b0_reg_41__2_                              inferred      flip-flop                    
accel/mem/mem_b0_reg_41__3_                              inferred      flip-flop                    
accel/mem/mem_b0_reg_41__4_                              inferred      flip-flop                    
accel/mem/mem_b0_reg_41__5_                              inferred      flip-flop                    
accel/mem/mem_b0_reg_41__6_                              inferred      flip-flop                    
accel/mem/mem_b0_reg_41__7_                              inferred      flip-flop                    
accel/mem/mem_b0_reg_41__8_                              inferred      flip-flop                    
accel/mem/mem_b0_reg_41__9_                              inferred      flip-flop                    
accel/mem/mem_b0_reg_41__10_                             inferred      flip-flop                    
accel/mem/mem_b0_reg_41__11_                             inferred      flip-flop                    
accel/mem/mem_b0_reg_41__12_                             inferred      flip-flop                    
accel/mem/mem_b0_reg_41__13_                             inferred      flip-flop                    
accel/mem/mem_b0_reg_41__14_                             inferred      flip-flop                    
accel/mem/mem_b0_reg_41__15_                             inferred      flip-flop                    
accel/mem/mem_b0_reg_41__16_                             inferred      flip-flop                    
accel/mem/mem_b0_reg_41__17_                             inferred      flip-flop                    
accel/mem/mem_b0_reg_41__18_                             inferred      flip-flop                    
accel/mem/mem_b0_reg_41__19_                             inferred      flip-flop                    
accel/mem/mem_b0_reg_41__20_                             inferred      flip-flop                    
accel/mem/mem_b0_reg_41__21_                             inferred      flip-flop                    
accel/mem/mem_b0_reg_41__23_                             inferred      flip-flop                    
accel/mem/mem_b0_reg_42__0_                              inferred      flip-flop                    
accel/mem/mem_b0_reg_42__1_                              inferred      flip-flop                    
accel/mem/mem_b0_reg_42__2_                              inferred      flip-flop                    
accel/mem/mem_b0_reg_42__3_                              inferred      flip-flop                    
accel/mem/mem_b0_reg_42__4_                              inferred      flip-flop                    
accel/mem/mem_b0_reg_42__5_                              inferred      flip-flop                    
accel/mem/mem_b0_reg_42__6_                              inferred      flip-flop                    
accel/mem/mem_b0_reg_42__7_                              inferred      flip-flop                    
accel/mem/mem_b0_reg_42__8_                              inferred      flip-flop                    
accel/mem/mem_b0_reg_42__9_                              inferred      flip-flop                    
accel/mem/mem_b0_reg_42__10_                             inferred      flip-flop                    
accel/mem/mem_b0_reg_42__11_                             inferred      flip-flop                    
accel/mem/mem_b0_reg_42__12_                             inferred      flip-flop                    
accel/mem/mem_b0_reg_42__13_                             inferred      flip-flop                    
accel/mem/mem_b0_reg_42__14_                             inferred      flip-flop                    
accel/mem/mem_b0_reg_42__15_                             inferred      flip-flop                    
accel/mem/mem_b0_reg_42__16_                             inferred      flip-flop                    
accel/mem/mem_b0_reg_42__17_                             inferred      flip-flop                    
accel/mem/mem_b0_reg_42__18_                             inferred      flip-flop                    
accel/mem/mem_b0_reg_42__19_                             inferred      flip-flop                    
accel/mem/mem_b0_reg_42__20_                             inferred      flip-flop                    
accel/mem/mem_b0_reg_42__21_                             inferred      flip-flop                    
accel/mem/mem_b0_reg_42__22_                             inferred      flip-flop                    
accel/mem/mem_b0_reg_42__23_                             inferred      flip-flop                    
accel/mem/mem_b0_reg_43__0_                              inferred      flip-flop                    
accel/mem/mem_b0_reg_43__1_                              inferred      flip-flop                    
accel/mem/mem_b0_reg_43__2_                              inferred      flip-flop                    
accel/mem/mem_b0_reg_43__3_                              inferred      flip-flop                    
accel/mem/mem_b0_reg_43__4_                              inferred      flip-flop                    
accel/mem/mem_b0_reg_43__5_                              inferred      flip-flop                    
accel/mem/mem_b0_reg_43__6_                              inferred      flip-flop                    
accel/mem/mem_b0_reg_43__7_                              inferred      flip-flop                    
accel/mem/mem_b0_reg_43__8_                              inferred      flip-flop                    
accel/mem/mem_b0_reg_43__9_                              inferred      flip-flop                    
accel/mem/mem_b0_reg_43__10_                             inferred      flip-flop                    
accel/mem/mem_b0_reg_43__11_                             inferred      flip-flop                    
accel/mem/mem_b0_reg_43__12_                             inferred      flip-flop                    
accel/mem/mem_b0_reg_43__13_                             inferred      flip-flop                    
accel/mem/mem_b0_reg_43__14_                             inferred      flip-flop                    
accel/mem/mem_b0_reg_43__15_                             inferred      flip-flop                    
accel/mem/mem_b0_reg_43__16_                             inferred      flip-flop                    
accel/mem/mem_b0_reg_43__17_                             inferred      flip-flop                    
accel/mem/mem_b0_reg_43__18_                             inferred      flip-flop                    
accel/mem/mem_b0_reg_43__19_                             inferred      flip-flop                    
accel/mem/mem_b0_reg_43__20_                             inferred      flip-flop                    
accel/mem/mem_b0_reg_43__21_                             inferred      flip-flop                    
accel/mem/mem_b0_reg_43__22_                             inferred      flip-flop                    
accel/mem/mem_b0_reg_43__23_                             inferred      flip-flop                    
accel/mem/mem_b0_reg_44__0_                              inferred      flip-flop                    
accel/mem/mem_b0_reg_44__1_                              inferred      flip-flop                    
accel/mem/mem_b0_reg_44__2_                              inferred      flip-flop                    
accel/mem/mem_b0_reg_44__3_                              inferred      flip-flop                    
accel/mem/mem_b0_reg_44__4_                              inferred      flip-flop                    
accel/mem/mem_b0_reg_44__5_                              inferred      flip-flop                    
accel/mem/mem_b0_reg_44__6_                              inferred      flip-flop                    
accel/mem/mem_b0_reg_44__7_                              inferred      flip-flop                    
accel/mem/mem_b0_reg_44__8_                              inferred      flip-flop                    
accel/mem/mem_b0_reg_44__9_                              inferred      flip-flop                    
accel/mem/mem_b0_reg_44__10_                             inferred      flip-flop                    
accel/mem/mem_b0_reg_44__11_                             inferred      flip-flop                    
accel/mem/mem_b0_reg_44__12_                             inferred      flip-flop                    
accel/mem/mem_b0_reg_44__13_                             inferred      flip-flop                    
accel/mem/mem_b0_reg_44__14_                             inferred      flip-flop                    
accel/mem/mem_b0_reg_44__15_                             inferred      flip-flop                    
accel/mem/mem_b0_reg_44__16_                             inferred      flip-flop                    
accel/mem/mem_b0_reg_44__17_                             inferred      flip-flop                    
accel/mem/mem_b0_reg_44__18_                             inferred      flip-flop                    
accel/mem/mem_b0_reg_44__19_                             inferred      flip-flop                    
accel/mem/mem_b0_reg_44__20_                             inferred      flip-flop                    
accel/mem/mem_b0_reg_44__21_                             inferred      flip-flop                    
accel/mem/mem_b0_reg_44__22_                             inferred      flip-flop                    
accel/mem/mem_b0_reg_44__23_                             inferred      flip-flop                    
accel/mem/mem_b0_reg_45__0_                              inferred      flip-flop                    
accel/mem/mem_b0_reg_45__1_                              inferred      flip-flop                    
accel/mem/mem_b0_reg_45__2_                              inferred      flip-flop                    
accel/mem/mem_b0_reg_45__3_                              inferred      flip-flop                    
accel/mem/mem_b0_reg_45__4_                              inferred      flip-flop                    
accel/mem/mem_b0_reg_45__5_                              inferred      flip-flop                    
accel/mem/mem_b0_reg_45__6_                              inferred      flip-flop                    
accel/mem/mem_b0_reg_45__7_                              inferred      flip-flop                    
accel/mem/mem_b0_reg_45__8_                              inferred      flip-flop                    
accel/mem/mem_b0_reg_45__9_                              inferred      flip-flop                    
accel/mem/mem_b0_reg_45__10_                             inferred      flip-flop                    
accel/mem/mem_b0_reg_45__11_                             inferred      flip-flop                    
accel/mem/mem_b0_reg_45__12_                             inferred      flip-flop                    
accel/mem/mem_b0_reg_45__13_                             inferred      flip-flop                    
accel/mem/mem_b0_reg_45__14_                             inferred      flip-flop                    
accel/mem/mem_b0_reg_45__15_                             inferred      flip-flop                    
accel/mem/mem_b0_reg_45__16_                             inferred      flip-flop                    
accel/mem/mem_b0_reg_45__17_                             inferred      flip-flop                    
accel/mem/mem_b0_reg_45__18_                             inferred      flip-flop                    
accel/mem/mem_b0_reg_45__19_                             inferred      flip-flop                    
accel/mem/mem_b0_reg_45__20_                             inferred      flip-flop                    
accel/mem/mem_b0_reg_45__21_                             inferred      flip-flop                    
accel/mem/mem_b0_reg_45__22_                             inferred      flip-flop                    
accel/mem/mem_b0_reg_45__23_                             inferred      flip-flop                    
accel/mem/mem_b0_reg_46__0_                              inferred      flip-flop                    
accel/mem/mem_b0_reg_46__1_                              inferred      flip-flop                    
accel/mem/mem_b0_reg_46__2_                              inferred      flip-flop                    
accel/mem/mem_b0_reg_46__3_                              inferred      flip-flop                    
accel/mem/mem_b0_reg_46__4_                              inferred      flip-flop                    
accel/mem/mem_b0_reg_46__5_                              inferred      flip-flop                    
accel/mem/mem_b0_reg_46__6_                              inferred      flip-flop                    
accel/mem/mem_b0_reg_46__7_                              inferred      flip-flop                    
accel/mem/mem_b0_reg_46__8_                              inferred      flip-flop                    
accel/mem/mem_b0_reg_46__9_                              inferred      flip-flop                    
accel/mem/mem_b0_reg_46__10_                             inferred      flip-flop                    
accel/mem/mem_b0_reg_46__11_                             inferred      flip-flop                    
accel/mem/mem_b0_reg_46__12_                             inferred      flip-flop                    
accel/mem/mem_b0_reg_46__13_                             inferred      flip-flop                    
accel/mem/mem_b0_reg_46__14_                             inferred      flip-flop                    
accel/mem/mem_b0_reg_46__15_                             inferred      flip-flop                    
accel/mem/mem_b0_reg_46__16_                             inferred      flip-flop                    
accel/mem/mem_b0_reg_46__17_                             inferred      flip-flop                    
accel/mem/mem_b0_reg_46__18_                             inferred      flip-flop                    
accel/mem/mem_b0_reg_46__19_                             inferred      flip-flop                    
accel/mem/mem_b0_reg_46__20_                             inferred      flip-flop                    
accel/mem/mem_b0_reg_46__21_                             inferred      flip-flop                    
accel/mem/mem_b0_reg_46__22_                             inferred      flip-flop                    
accel/mem/mem_b0_reg_46__23_                             inferred      flip-flop                    
accel/mem/mem_b0_reg_47__0_                              inferred      flip-flop                    
accel/mem/mem_b0_reg_47__1_                              inferred      flip-flop                    
accel/mem/mem_b0_reg_47__2_                              inferred      flip-flop                    
accel/mem/mem_b0_reg_47__3_                              inferred      flip-flop                    
accel/mem/mem_b0_reg_47__4_                              inferred      flip-flop                    
accel/mem/mem_b0_reg_47__5_                              inferred      flip-flop                    
accel/mem/mem_b0_reg_47__6_                              inferred      flip-flop                    
accel/mem/mem_b0_reg_47__7_                              inferred      flip-flop                    
accel/mem/mem_b0_reg_47__8_                              inferred      flip-flop                    
accel/mem/mem_b0_reg_47__9_                              inferred      flip-flop                    
accel/mem/mem_b0_reg_47__10_                             inferred      flip-flop                    
accel/mem/mem_b0_reg_47__11_                             inferred      flip-flop                    
accel/mem/mem_b0_reg_47__12_                             inferred      flip-flop                    
accel/mem/mem_b0_reg_47__13_                             inferred      flip-flop                    
accel/mem/mem_b0_reg_47__14_                             inferred      flip-flop                    
accel/mem/mem_b0_reg_47__15_                             inferred      flip-flop                    
accel/mem/mem_b0_reg_47__16_                             inferred      flip-flop                    
accel/mem/mem_b0_reg_47__17_                             inferred      flip-flop                    
accel/mem/mem_b0_reg_47__18_                             inferred      flip-flop                    
accel/mem/mem_b0_reg_47__19_                             inferred      flip-flop                    
accel/mem/mem_b0_reg_47__20_                             inferred      flip-flop                    
accel/mem/mem_b0_reg_47__21_                             inferred      flip-flop                    
accel/mem/mem_b0_reg_47__22_                             inferred      flip-flop                    
accel/mem/mem_b0_reg_47__23_                             inferred      flip-flop                    
accel/mem/mem_b0_reg_48__0_                              inferred      flip-flop                    
accel/mem/mem_b0_reg_48__1_                              inferred      flip-flop                    
accel/mem/mem_b0_reg_48__2_                              inferred      flip-flop                    
accel/mem/mem_b0_reg_48__3_                              inferred      flip-flop                    
accel/mem/mem_b0_reg_48__4_                              inferred      flip-flop                    
accel/mem/mem_b0_reg_48__5_                              inferred      flip-flop                    
accel/mem/mem_b0_reg_48__6_                              inferred      flip-flop                    
accel/mem/mem_b0_reg_48__7_                              inferred      flip-flop                    
accel/mem/mem_b0_reg_48__8_                              inferred      flip-flop                    
accel/mem/mem_b0_reg_48__9_                              inferred      flip-flop                    
accel/mem/mem_b0_reg_48__10_                             inferred      flip-flop                    
accel/mem/mem_b0_reg_48__11_                             inferred      flip-flop                    
accel/mem/mem_b0_reg_48__12_                             inferred      flip-flop                    
accel/mem/mem_b0_reg_48__13_                             inferred      flip-flop                    
accel/mem/mem_b0_reg_48__14_                             inferred      flip-flop                    
accel/mem/mem_b0_reg_48__15_                             inferred      flip-flop                    
accel/mem/mem_b0_reg_48__16_                             inferred      flip-flop                    
accel/mem/mem_b0_reg_48__17_                             inferred      flip-flop                    
accel/mem/mem_b0_reg_48__18_                             inferred      flip-flop                    
accel/mem/mem_b0_reg_48__19_                             inferred      flip-flop                    
accel/mem/mem_b0_reg_48__20_                             inferred      flip-flop                    
accel/mem/mem_b0_reg_48__21_                             inferred      flip-flop                    
accel/mem/mem_b0_reg_48__22_                             inferred      flip-flop                    
accel/mem/mem_b0_reg_48__23_                             inferred      flip-flop                    
accel/mem/mem_b0_reg_49__0_                              inferred      flip-flop                    
accel/mem/mem_b0_reg_49__1_                              inferred      flip-flop                    
accel/mem/mem_b0_reg_49__2_                              inferred      flip-flop                    
accel/mem/mem_b0_reg_49__3_                              inferred      flip-flop                    
accel/mem/mem_b0_reg_49__4_                              inferred      flip-flop                    
accel/mem/mem_b0_reg_49__5_                              inferred      flip-flop                    
accel/mem/mem_b0_reg_49__6_                              inferred      flip-flop                    
accel/mem/mem_b0_reg_49__7_                              inferred      flip-flop                    
accel/mem/mem_b0_reg_49__8_                              inferred      flip-flop                    
accel/mem/mem_b0_reg_49__9_                              inferred      flip-flop                    
accel/mem/mem_b0_reg_49__10_                             inferred      flip-flop                    
accel/mem/mem_b0_reg_49__11_                             inferred      flip-flop                    
accel/mem/mem_b0_reg_49__12_                             inferred      flip-flop                    
accel/mem/mem_b0_reg_49__13_                             inferred      flip-flop                    
accel/mem/mem_b0_reg_49__14_                             inferred      flip-flop                    
accel/mem/mem_b0_reg_49__15_                             inferred      flip-flop                    
accel/mem/mem_b0_reg_49__16_                             inferred      flip-flop                    
accel/mem/mem_b0_reg_49__17_                             inferred      flip-flop                    
accel/mem/mem_b0_reg_49__18_                             inferred      flip-flop                    
accel/mem/mem_b0_reg_49__19_                             inferred      flip-flop                    
accel/mem/mem_b0_reg_49__20_                             inferred      flip-flop                    
accel/mem/mem_b0_reg_49__21_                             inferred      flip-flop                    
accel/mem/mem_b0_reg_49__22_                             inferred      flip-flop                    
accel/mem/mem_b0_reg_49__23_                             inferred      flip-flop                    
accel/mem/mem_b0_reg_50__0_                              inferred      flip-flop                    
accel/mem/mem_b0_reg_50__1_                              inferred      flip-flop                    
accel/mem/mem_b0_reg_50__2_                              inferred      flip-flop                    
accel/mem/mem_b0_reg_50__3_                              inferred      flip-flop                    
accel/mem/mem_b0_reg_50__4_                              inferred      flip-flop                    
accel/mem/mem_b0_reg_50__5_                              inferred      flip-flop                    
accel/mem/mem_b0_reg_50__8_                              inferred      flip-flop                    
accel/mem/mem_b0_reg_50__9_                              inferred      flip-flop                    
accel/mem/mem_b0_reg_50__10_                             inferred      flip-flop                    
accel/mem/mem_b0_reg_50__11_                             inferred      flip-flop                    
accel/mem/mem_b0_reg_50__12_                             inferred      flip-flop                    
accel/mem/mem_b0_reg_50__13_                             inferred      flip-flop                    
accel/mem/mem_b0_reg_50__14_                             inferred      flip-flop                    
accel/mem/mem_b0_reg_50__15_                             inferred      flip-flop                    
accel/mem/mem_b0_reg_50__16_                             inferred      flip-flop                    
accel/mem/mem_b0_reg_50__18_                             inferred      flip-flop                    
accel/mem/mem_b0_reg_50__19_                             inferred      flip-flop                    
accel/mem/mem_b0_reg_50__20_                             inferred      flip-flop                    
accel/mem/mem_b0_reg_50__21_                             inferred      flip-flop                    
accel/mem/mem_b0_reg_50__22_                             inferred      flip-flop                    
accel/mem/mem_b0_reg_50__23_                             inferred      flip-flop                    
accel/mem/mem_b0_reg_51__0_                              inferred      flip-flop                    
accel/mem/mem_b0_reg_51__1_                              inferred      flip-flop                    
accel/mem/mem_b0_reg_51__2_                              inferred      flip-flop                    
accel/mem/mem_b0_reg_51__3_                              inferred      flip-flop                    
accel/mem/mem_b0_reg_51__4_                              inferred      flip-flop                    
accel/mem/mem_b0_reg_51__5_                              inferred      flip-flop                    
accel/mem/mem_b0_reg_51__6_                              inferred      flip-flop                    
accel/mem/mem_b0_reg_51__7_                              inferred      flip-flop                    
accel/mem/mem_b0_reg_51__8_                              inferred      flip-flop                    
accel/mem/mem_b0_reg_51__9_                              inferred      flip-flop                    
accel/mem/mem_b0_reg_51__10_                             inferred      flip-flop                    
accel/mem/mem_b0_reg_51__11_                             inferred      flip-flop                    
accel/mem/mem_b0_reg_51__12_                             inferred      flip-flop                    
accel/mem/mem_b0_reg_51__13_                             inferred      flip-flop                    
accel/mem/mem_b0_reg_51__14_                             inferred      flip-flop                    
accel/mem/mem_b0_reg_51__15_                             inferred      flip-flop                    
accel/mem/mem_b0_reg_51__16_                             inferred      flip-flop                    
accel/mem/mem_b0_reg_51__17_                             inferred      flip-flop                    
accel/mem/mem_b0_reg_51__18_                             inferred      flip-flop                    
accel/mem/mem_b0_reg_51__19_                             inferred      flip-flop                    
accel/mem/mem_b0_reg_51__20_                             inferred      flip-flop                    
accel/mem/mem_b0_reg_52__0_                              inferred      flip-flop                    
accel/mem/mem_b0_reg_52__1_                              inferred      flip-flop                    
accel/mem/mem_b0_reg_52__2_                              inferred      flip-flop                    
accel/mem/mem_b0_reg_52__3_                              inferred      flip-flop                    
accel/mem/mem_b0_reg_52__4_                              inferred      flip-flop                    
accel/mem/mem_b0_reg_52__5_                              inferred      flip-flop                    
accel/mem/mem_b0_reg_52__6_                              inferred      flip-flop                    
accel/mem/mem_b0_reg_52__7_                              inferred      flip-flop                    
accel/mem/mem_b0_reg_52__8_                              inferred      flip-flop                    
accel/mem/mem_b0_reg_52__9_                              inferred      flip-flop                    
accel/mem/mem_b0_reg_52__10_                             inferred      flip-flop                    
accel/mem/mem_b0_reg_52__11_                             inferred      flip-flop                    
accel/mem/mem_b0_reg_52__12_                             inferred      flip-flop                    
accel/mem/mem_b0_reg_52__13_                             inferred      flip-flop                    
accel/mem/mem_b0_reg_52__14_                             inferred      flip-flop                    
accel/mem/mem_b0_reg_52__15_                             inferred      flip-flop                    
accel/mem/mem_b0_reg_52__16_                             inferred      flip-flop                    
accel/mem/mem_b0_reg_52__18_                             inferred      flip-flop                    
accel/mem/mem_b0_reg_52__19_                             inferred      flip-flop                    
accel/mem/mem_b0_reg_52__20_                             inferred      flip-flop                    
accel/mem/mem_b0_reg_52__21_                             inferred      flip-flop                    
accel/mem/mem_b0_reg_52__22_                             inferred      flip-flop                    
accel/mem/mem_b0_reg_52__23_                             inferred      flip-flop                    
accel/mem/mem_b0_reg_53__0_                              inferred      flip-flop                    
accel/mem/mem_b0_reg_53__1_                              inferred      flip-flop                    
accel/mem/mem_b0_reg_53__2_                              inferred      flip-flop                    
accel/mem/mem_b0_reg_53__3_                              inferred      flip-flop                    
accel/mem/mem_b0_reg_53__4_                              inferred      flip-flop                    
accel/mem/mem_b0_reg_53__5_                              inferred      flip-flop                    
accel/mem/mem_b0_reg_53__6_                              inferred      flip-flop                    
accel/mem/mem_b0_reg_53__7_                              inferred      flip-flop                    
accel/mem/mem_b0_reg_53__8_                              inferred      flip-flop                    
accel/mem/mem_b0_reg_53__9_                              inferred      flip-flop                    
accel/mem/mem_b0_reg_53__10_                             inferred      flip-flop                    
accel/mem/mem_b0_reg_53__11_                             inferred      flip-flop                    
accel/mem/mem_b0_reg_53__12_                             inferred      flip-flop                    
accel/mem/mem_b0_reg_53__13_                             inferred      flip-flop                    
accel/mem/mem_b0_reg_53__14_                             inferred      flip-flop                    
accel/mem/mem_b0_reg_53__15_                             inferred      flip-flop                    
accel/mem/mem_b0_reg_53__16_                             inferred      flip-flop                    
accel/mem/mem_b0_reg_53__17_                             inferred      flip-flop                    
accel/mem/mem_b0_reg_53__18_                             inferred      flip-flop                    
accel/mem/mem_b0_reg_53__19_                             inferred      flip-flop                    
accel/mem/mem_b0_reg_53__20_                             inferred      flip-flop                    
accel/mem/mem_b0_reg_53__21_                             inferred      flip-flop                    
accel/mem/mem_b0_reg_53__22_                             inferred      flip-flop                    
accel/mem/mem_b0_reg_53__23_                             inferred      flip-flop                    
accel/mem/mem_b0_reg_54__0_                              inferred      flip-flop                    
accel/mem/mem_b0_reg_54__1_                              inferred      flip-flop                    
accel/mem/mem_b0_reg_54__2_                              inferred      flip-flop                    
accel/mem/mem_b0_reg_54__3_                              inferred      flip-flop                    
accel/mem/mem_b0_reg_54__4_                              inferred      flip-flop                    
accel/mem/mem_b0_reg_54__5_                              inferred      flip-flop                    
accel/mem/mem_b0_reg_54__6_                              inferred      flip-flop                    
accel/mem/mem_b0_reg_54__7_                              inferred      flip-flop                    
accel/mem/mem_b0_reg_54__8_                              inferred      flip-flop                    
accel/mem/mem_b0_reg_54__9_                              inferred      flip-flop                    
accel/mem/mem_b0_reg_54__10_                             inferred      flip-flop                    
accel/mem/mem_b0_reg_54__11_                             inferred      flip-flop                    
accel/mem/mem_b0_reg_54__12_                             inferred      flip-flop                    
accel/mem/mem_b0_reg_54__13_                             inferred      flip-flop                    
accel/mem/mem_b0_reg_54__14_                             inferred      flip-flop                    
accel/mem/mem_b0_reg_54__15_                             inferred      flip-flop                    
accel/mem/mem_b0_reg_54__16_                             inferred      flip-flop                    
accel/mem/mem_b0_reg_54__18_                             inferred      flip-flop                    
accel/mem/mem_b0_reg_54__19_                             inferred      flip-flop                    
accel/mem/mem_b0_reg_54__20_                             inferred      flip-flop                    
accel/mem/mem_b0_reg_54__21_                             inferred      flip-flop                    
accel/mem/mem_b0_reg_54__22_                             inferred      flip-flop                    
accel/mem/mem_b0_reg_54__23_                             inferred      flip-flop                    
accel/mem/mem_b0_reg_55__0_                              inferred      flip-flop                    
accel/mem/mem_b0_reg_55__1_                              inferred      flip-flop                    
accel/mem/mem_b0_reg_55__2_                              inferred      flip-flop                    
accel/mem/mem_b0_reg_55__3_                              inferred      flip-flop                    
accel/mem/mem_b0_reg_55__4_                              inferred      flip-flop                    
accel/mem/mem_b0_reg_55__5_                              inferred      flip-flop                    
accel/mem/mem_b0_reg_55__7_                              inferred      flip-flop                    
accel/mem/mem_b0_reg_55__8_                              inferred      flip-flop                    
accel/mem/mem_b0_reg_55__9_                              inferred      flip-flop                    
accel/mem/mem_b0_reg_55__10_                             inferred      flip-flop                    
accel/mem/mem_b0_reg_55__11_                             inferred      flip-flop                    
accel/mem/mem_b0_reg_55__12_                             inferred      flip-flop                    
accel/mem/mem_b0_reg_55__13_                             inferred      flip-flop                    
accel/mem/mem_b0_reg_55__14_                             inferred      flip-flop                    
accel/mem/mem_b0_reg_55__15_                             inferred      flip-flop                    
accel/mem/mem_b0_reg_55__16_                             inferred      flip-flop                    
accel/mem/mem_b0_reg_55__17_                             inferred      flip-flop                    
accel/mem/mem_b0_reg_55__18_                             inferred      flip-flop                    
accel/mem/mem_b0_reg_55__19_                             inferred      flip-flop                    
accel/mem/mem_b0_reg_55__20_                             inferred      flip-flop                    
accel/mem/mem_b0_reg_55__23_                             inferred      flip-flop                    
accel/mem/mem_b0_reg_56__0_                              inferred      flip-flop                    
accel/mem/mem_b0_reg_56__1_                              inferred      flip-flop                    
accel/mem/mem_b0_reg_56__2_                              inferred      flip-flop                    
accel/mem/mem_b0_reg_56__3_                              inferred      flip-flop                    
accel/mem/mem_b0_reg_56__4_                              inferred      flip-flop                    
accel/mem/mem_b0_reg_56__5_                              inferred      flip-flop                    
accel/mem/mem_b0_reg_56__6_                              inferred      flip-flop                    
accel/mem/mem_b0_reg_56__7_                              inferred      flip-flop                    
accel/mem/mem_b0_reg_56__8_                              inferred      flip-flop                    
accel/mem/mem_b0_reg_56__9_                              inferred      flip-flop                    
accel/mem/mem_b0_reg_56__10_                             inferred      flip-flop                    
accel/mem/mem_b0_reg_56__11_                             inferred      flip-flop                    
accel/mem/mem_b0_reg_56__12_                             inferred      flip-flop                    
accel/mem/mem_b0_reg_56__13_                             inferred      flip-flop                    
accel/mem/mem_b0_reg_56__14_                             inferred      flip-flop                    
accel/mem/mem_b0_reg_56__15_                             inferred      flip-flop                    
accel/mem/mem_b0_reg_56__16_                             inferred      flip-flop                    
accel/mem/mem_b0_reg_56__17_                             inferred      flip-flop                    
accel/mem/mem_b0_reg_56__18_                             inferred      flip-flop                    
accel/mem/mem_b0_reg_56__19_                             inferred      flip-flop                    
accel/mem/mem_b0_reg_56__20_                             inferred      flip-flop                    
accel/mem/mem_b0_reg_56__21_                             inferred      flip-flop                    
accel/mem/mem_b0_reg_56__22_                             inferred      flip-flop                    
accel/mem/mem_b0_reg_56__23_                             inferred      flip-flop                    
accel/mem/mem_b0_reg_57__0_                              inferred      flip-flop                    
accel/mem/mem_b0_reg_57__1_                              inferred      flip-flop                    
accel/mem/mem_b0_reg_57__2_                              inferred      flip-flop                    
accel/mem/mem_b0_reg_57__3_                              inferred      flip-flop                    
accel/mem/mem_b0_reg_57__4_                              inferred      flip-flop                    
accel/mem/mem_b0_reg_57__5_                              inferred      flip-flop                    
accel/mem/mem_b0_reg_57__6_                              inferred      flip-flop                    
accel/mem/mem_b0_reg_57__7_                              inferred      flip-flop                    
accel/mem/mem_b0_reg_57__8_                              inferred      flip-flop                    
accel/mem/mem_b0_reg_57__9_                              inferred      flip-flop                    
accel/mem/mem_b0_reg_57__10_                             inferred      flip-flop                    
accel/mem/mem_b0_reg_57__11_                             inferred      flip-flop                    
accel/mem/mem_b0_reg_57__12_                             inferred      flip-flop                    
accel/mem/mem_b0_reg_57__13_                             inferred      flip-flop                    
accel/mem/mem_b0_reg_57__14_                             inferred      flip-flop                    
accel/mem/mem_b0_reg_57__15_                             inferred      flip-flop                    
accel/mem/mem_b0_reg_57__16_                             inferred      flip-flop                    
accel/mem/mem_b0_reg_57__17_                             inferred      flip-flop                    
accel/mem/mem_b0_reg_57__18_                             inferred      flip-flop                    
accel/mem/mem_b0_reg_57__19_                             inferred      flip-flop                    
accel/mem/mem_b0_reg_57__20_                             inferred      flip-flop                    
accel/mem/mem_b0_reg_57__21_                             inferred      flip-flop                    
accel/mem/mem_b0_reg_57__22_                             inferred      flip-flop                    
accel/mem/mem_b0_reg_57__23_                             inferred      flip-flop                    
accel/mem/mem_b0_reg_58__0_                              inferred      flip-flop                    
accel/mem/mem_b0_reg_58__1_                              inferred      flip-flop                    
accel/mem/mem_b0_reg_58__2_                              inferred      flip-flop                    
accel/mem/mem_b0_reg_58__3_                              inferred      flip-flop                    
accel/mem/mem_b0_reg_58__4_                              inferred      flip-flop                    
accel/mem/mem_b0_reg_58__5_                              inferred      flip-flop                    
accel/mem/mem_b0_reg_58__6_                              inferred      flip-flop                    
accel/mem/mem_b0_reg_58__8_                              inferred      flip-flop                    
accel/mem/mem_b0_reg_58__9_                              inferred      flip-flop                    
accel/mem/mem_b0_reg_58__10_                             inferred      flip-flop                    
accel/mem/mem_b0_reg_58__11_                             inferred      flip-flop                    
accel/mem/mem_b0_reg_58__12_                             inferred      flip-flop                    
accel/mem/mem_b0_reg_58__13_                             inferred      flip-flop                    
accel/mem/mem_b0_reg_58__14_                             inferred      flip-flop                    
accel/mem/mem_b0_reg_58__15_                             inferred      flip-flop                    
accel/mem/mem_b0_reg_58__16_                             inferred      flip-flop                    
accel/mem/mem_b0_reg_58__18_                             inferred      flip-flop                    
accel/mem/mem_b0_reg_58__19_                             inferred      flip-flop                    
accel/mem/mem_b0_reg_58__20_                             inferred      flip-flop                    
accel/mem/mem_b0_reg_58__21_                             inferred      flip-flop                    
accel/mem/mem_b0_reg_58__22_                             inferred      flip-flop                    
accel/mem/mem_b0_reg_58__23_                             inferred      flip-flop                    
accel/mem/mem_b0_reg_59__0_                              inferred      flip-flop                    
accel/mem/mem_b0_reg_59__1_                              inferred      flip-flop                    
accel/mem/mem_b0_reg_59__2_                              inferred      flip-flop                    
accel/mem/mem_b0_reg_59__3_                              inferred      flip-flop                    
accel/mem/mem_b0_reg_59__4_                              inferred      flip-flop                    
accel/mem/mem_b0_reg_59__5_                              inferred      flip-flop                    
accel/mem/mem_b0_reg_59__7_                              inferred      flip-flop                    
accel/mem/mem_b0_reg_59__8_                              inferred      flip-flop                    
accel/mem/mem_b0_reg_59__9_                              inferred      flip-flop                    
accel/mem/mem_b0_reg_59__10_                             inferred      flip-flop                    
accel/mem/mem_b0_reg_59__11_                             inferred      flip-flop                    
accel/mem/mem_b0_reg_59__12_                             inferred      flip-flop                    
accel/mem/mem_b0_reg_59__13_                             inferred      flip-flop                    
accel/mem/mem_b0_reg_59__14_                             inferred      flip-flop                    
accel/mem/mem_b0_reg_59__15_                             inferred      flip-flop                    
accel/mem/mem_b0_reg_59__16_                             inferred      flip-flop                    
accel/mem/mem_b0_reg_59__17_                             inferred      flip-flop                    
accel/mem/mem_b0_reg_59__18_                             inferred      flip-flop                    
accel/mem/mem_b0_reg_59__19_                             inferred      flip-flop                    
accel/mem/mem_b0_reg_59__20_                             inferred      flip-flop                    
accel/mem/mem_b0_reg_59__23_                             inferred      flip-flop                    
accel/mem/mem_b0_reg_60__0_                              inferred      flip-flop                    
accel/mem/mem_b0_reg_60__1_                              inferred      flip-flop                    
accel/mem/mem_b0_reg_60__2_                              inferred      flip-flop                    
accel/mem/mem_b0_reg_60__3_                              inferred      flip-flop                    
accel/mem/mem_b0_reg_60__4_                              inferred      flip-flop                    
accel/mem/mem_b0_reg_60__5_                              inferred      flip-flop                    
accel/mem/mem_b0_reg_60__6_                              inferred      flip-flop                    
accel/mem/mem_b0_reg_60__7_                              inferred      flip-flop                    
accel/mem/mem_b0_reg_60__8_                              inferred      flip-flop                    
accel/mem/mem_b0_reg_60__9_                              inferred      flip-flop                    
accel/mem/mem_b0_reg_60__10_                             inferred      flip-flop                    
accel/mem/mem_b0_reg_60__11_                             inferred      flip-flop                    
accel/mem/mem_b0_reg_60__12_                             inferred      flip-flop                    
accel/mem/mem_b0_reg_60__13_                             inferred      flip-flop                    
accel/mem/mem_b0_reg_60__14_                             inferred      flip-flop                    
accel/mem/mem_b0_reg_60__15_                             inferred      flip-flop                    
accel/mem/mem_b0_reg_60__16_                             inferred      flip-flop                    
accel/mem/mem_b0_reg_60__17_                             inferred      flip-flop                    
accel/mem/mem_b0_reg_60__18_                             inferred      flip-flop                    
accel/mem/mem_b0_reg_60__19_                             inferred      flip-flop                    
accel/mem/mem_b0_reg_60__20_                             inferred      flip-flop                    
accel/mem/mem_b0_reg_60__21_                             inferred      flip-flop                    
accel/mem/mem_b0_reg_60__22_                             inferred      flip-flop                    
accel/mem/mem_b0_reg_60__23_                             inferred      flip-flop                    
accel/mem/mem_b0_reg_61__0_                              inferred      flip-flop                    
accel/mem/mem_b0_reg_61__1_                              inferred      flip-flop                    
accel/mem/mem_b0_reg_61__2_                              inferred      flip-flop                    
accel/mem/mem_b0_reg_61__3_                              inferred      flip-flop                    
accel/mem/mem_b0_reg_61__4_                              inferred      flip-flop                    
accel/mem/mem_b0_reg_61__5_                              inferred      flip-flop                    
accel/mem/mem_b0_reg_61__6_                              inferred      flip-flop                    
accel/mem/mem_b0_reg_61__7_                              inferred      flip-flop                    
accel/mem/mem_b0_reg_61__8_                              inferred      flip-flop                    
accel/mem/mem_b0_reg_61__9_                              inferred      flip-flop                    
accel/mem/mem_b0_reg_61__10_                             inferred      flip-flop                    
accel/mem/mem_b0_reg_61__11_                             inferred      flip-flop                    
accel/mem/mem_b0_reg_61__12_                             inferred      flip-flop                    
accel/mem/mem_b0_reg_61__13_                             inferred      flip-flop                    
accel/mem/mem_b0_reg_61__14_                             inferred      flip-flop                    
accel/mem/mem_b0_reg_61__15_                             inferred      flip-flop                    
accel/mem/mem_b0_reg_61__16_                             inferred      flip-flop                    
accel/mem/mem_b0_reg_61__17_                             inferred      flip-flop                    
accel/mem/mem_b0_reg_61__18_                             inferred      flip-flop                    
accel/mem/mem_b0_reg_61__19_                             inferred      flip-flop                    
accel/mem/mem_b0_reg_61__20_                             inferred      flip-flop                    
accel/mem/mem_b0_reg_61__21_                             inferred      flip-flop                    
accel/mem/mem_b0_reg_61__22_                             inferred      flip-flop                    
accel/mem/mem_b0_reg_61__23_                             inferred      flip-flop                    
accel/mem/mem_b0_reg_62__0_                              inferred      flip-flop                    
accel/mem/mem_b0_reg_62__1_                              inferred      flip-flop                    
accel/mem/mem_b0_reg_62__2_                              inferred      flip-flop                    
accel/mem/mem_b0_reg_62__3_                              inferred      flip-flop                    
accel/mem/mem_b0_reg_62__4_                              inferred      flip-flop                    
accel/mem/mem_b0_reg_62__5_                              inferred      flip-flop                    
accel/mem/mem_b0_reg_62__8_                              inferred      flip-flop                    
accel/mem/mem_b0_reg_62__9_                              inferred      flip-flop                    
accel/mem/mem_b0_reg_62__10_                             inferred      flip-flop                    
accel/mem/mem_b0_reg_62__11_                             inferred      flip-flop                    
accel/mem/mem_b0_reg_62__12_                             inferred      flip-flop                    
accel/mem/mem_b0_reg_62__13_                             inferred      flip-flop                    
accel/mem/mem_b0_reg_62__14_                             inferred      flip-flop                    
accel/mem/mem_b0_reg_62__15_                             inferred      flip-flop                    
accel/mem/mem_b0_reg_62__16_                             inferred      flip-flop                    
accel/mem/mem_b0_reg_62__18_                             inferred      flip-flop                    
accel/mem/mem_b0_reg_62__19_                             inferred      flip-flop                    
accel/mem/mem_b0_reg_62__20_                             inferred      flip-flop                    
accel/mem/mem_b0_reg_62__21_                             inferred      flip-flop                    
accel/mem/mem_b0_reg_62__22_                             inferred      flip-flop                    
accel/mem/mem_b0_reg_62__23_                             inferred      flip-flop                    
accel/mem/mem_b0_reg_63__0_                              inferred      flip-flop                    
accel/mem/mem_b0_reg_63__1_                              inferred      flip-flop                    
accel/mem/mem_b0_reg_63__2_                              inferred      flip-flop                    
accel/mem/mem_b0_reg_63__3_                              inferred      flip-flop                    
accel/mem/mem_b0_reg_63__4_                              inferred      flip-flop                    
accel/mem/mem_b0_reg_63__6_                              inferred      flip-flop                    
accel/mem/mem_b0_reg_63__7_                              inferred      flip-flop                    
accel/mem/mem_b0_reg_63__8_                              inferred      flip-flop                    
accel/mem/mem_b0_reg_63__9_                              inferred      flip-flop                    
accel/mem/mem_b0_reg_63__10_                             inferred      flip-flop                    
accel/mem/mem_b0_reg_63__11_                             inferred      flip-flop                    
accel/mem/mem_b0_reg_63__12_                             inferred      flip-flop                    
accel/mem/mem_b0_reg_63__13_                             inferred      flip-flop                    
accel/mem/mem_b0_reg_63__14_                             inferred      flip-flop                    
accel/mem/mem_b0_reg_63__15_                             inferred      flip-flop                    
accel/mem/mem_b0_reg_63__16_                             inferred      flip-flop                    
accel/mem/mem_b0_reg_63__17_                             inferred      flip-flop                    
accel/mem/mem_b0_reg_63__18_                             inferred      flip-flop                    
accel/mem/mem_b0_reg_63__19_                             inferred      flip-flop                    
accel/mem/mem_b0_reg_63__20_                             inferred      flip-flop                    
accel/mem/mem_b0_reg_63__23_                             inferred      flip-flop                    
accel/mem/mem_b1_reg_0__0_                               inferred      flip-flop                    
accel/mem/mem_b1_reg_0__1_                               inferred      flip-flop                    
accel/mem/mem_b1_reg_0__2_                               inferred      flip-flop                    
accel/mem/mem_b1_reg_0__3_                               inferred      flip-flop                    
accel/mem/mem_b1_reg_0__4_                               inferred      flip-flop                    
accel/mem/mem_b1_reg_0__5_                               inferred      flip-flop                    
accel/mem/mem_b1_reg_0__6_                               inferred      flip-flop                    
accel/mem/mem_b1_reg_0__7_                               inferred      flip-flop                    
accel/mem/mem_b1_reg_0__9_                               inferred      flip-flop                    
accel/mem/mem_b1_reg_0__10_                              inferred      flip-flop                    
accel/mem/mem_b1_reg_0__11_                              inferred      flip-flop                    
accel/mem/mem_b1_reg_0__12_                              inferred      flip-flop                    
accel/mem/mem_b1_reg_0__13_                              inferred      flip-flop                    
accel/mem/mem_b1_reg_0__14_                              inferred      flip-flop                    
accel/mem/mem_b1_reg_0__15_                              inferred      flip-flop                    
accel/mem/mem_b1_reg_0__16_                              inferred      flip-flop                    
accel/mem/mem_b1_reg_0__17_                              inferred      flip-flop                    
accel/mem/mem_b1_reg_0__18_                              inferred      flip-flop                    
accel/mem/mem_b1_reg_0__19_                              inferred      flip-flop                    
accel/mem/mem_b1_reg_0__20_                              inferred      flip-flop                    
accel/mem/mem_b1_reg_0__21_                              inferred      flip-flop                    
accel/mem/mem_b1_reg_0__22_                              inferred      flip-flop                    
accel/mem/mem_b1_reg_0__23_                              inferred      flip-flop                    
accel/mem/mem_b1_reg_1__0_                               inferred      flip-flop                    
accel/mem/mem_b1_reg_1__1_                               inferred      flip-flop                    
accel/mem/mem_b1_reg_1__2_                               inferred      flip-flop                    
accel/mem/mem_b1_reg_1__3_                               inferred      flip-flop                    
accel/mem/mem_b1_reg_1__4_                               inferred      flip-flop                    
accel/mem/mem_b1_reg_1__5_                               inferred      flip-flop                    
accel/mem/mem_b1_reg_1__6_                               inferred      flip-flop                    
accel/mem/mem_b1_reg_1__7_                               inferred      flip-flop                    
accel/mem/mem_b1_reg_1__9_                               inferred      flip-flop                    
accel/mem/mem_b1_reg_1__10_                              inferred      flip-flop                    
accel/mem/mem_b1_reg_1__11_                              inferred      flip-flop                    
accel/mem/mem_b1_reg_1__12_                              inferred      flip-flop                    
accel/mem/mem_b1_reg_1__13_                              inferred      flip-flop                    
accel/mem/mem_b1_reg_1__14_                              inferred      flip-flop                    
accel/mem/mem_b1_reg_1__15_                              inferred      flip-flop                    
accel/mem/mem_b1_reg_1__16_                              inferred      flip-flop                    
accel/mem/mem_b1_reg_1__17_                              inferred      flip-flop                    
accel/mem/mem_b1_reg_1__18_                              inferred      flip-flop                    
accel/mem/mem_b1_reg_1__19_                              inferred      flip-flop                    
accel/mem/mem_b1_reg_1__20_                              inferred      flip-flop                    
accel/mem/mem_b1_reg_1__21_                              inferred      flip-flop                    
accel/mem/mem_b1_reg_1__22_                              inferred      flip-flop                    
accel/mem/mem_b1_reg_1__23_                              inferred      flip-flop                    
accel/mem/mem_b1_reg_2__0_                               inferred      flip-flop                    
accel/mem/mem_b1_reg_2__1_                               inferred      flip-flop                    
accel/mem/mem_b1_reg_2__2_                               inferred      flip-flop                    
accel/mem/mem_b1_reg_2__3_                               inferred      flip-flop                    
accel/mem/mem_b1_reg_2__4_                               inferred      flip-flop                    
accel/mem/mem_b1_reg_2__5_                               inferred      flip-flop                    
accel/mem/mem_b1_reg_2__6_                               inferred      flip-flop                    
accel/mem/mem_b1_reg_2__7_                               inferred      flip-flop                    
accel/mem/mem_b1_reg_2__9_                               inferred      flip-flop                    
accel/mem/mem_b1_reg_2__10_                              inferred      flip-flop                    
accel/mem/mem_b1_reg_2__11_                              inferred      flip-flop                    
accel/mem/mem_b1_reg_2__12_                              inferred      flip-flop                    
accel/mem/mem_b1_reg_2__13_                              inferred      flip-flop                    
accel/mem/mem_b1_reg_2__14_                              inferred      flip-flop                    
accel/mem/mem_b1_reg_2__15_                              inferred      flip-flop                    
accel/mem/mem_b1_reg_2__16_                              inferred      flip-flop                    
accel/mem/mem_b1_reg_2__17_                              inferred      flip-flop                    
accel/mem/mem_b1_reg_2__18_                              inferred      flip-flop                    
accel/mem/mem_b1_reg_2__19_                              inferred      flip-flop                    
accel/mem/mem_b1_reg_2__20_                              inferred      flip-flop                    
accel/mem/mem_b1_reg_2__21_                              inferred      flip-flop                    
accel/mem/mem_b1_reg_2__22_                              inferred      flip-flop                    
accel/mem/mem_b1_reg_2__23_                              inferred      flip-flop                    
accel/mem/mem_b1_reg_3__0_                               inferred      flip-flop                    
accel/mem/mem_b1_reg_3__1_                               inferred      flip-flop                    
accel/mem/mem_b1_reg_3__2_                               inferred      flip-flop                    
accel/mem/mem_b1_reg_3__3_                               inferred      flip-flop                    
accel/mem/mem_b1_reg_3__4_                               inferred      flip-flop                    
accel/mem/mem_b1_reg_3__5_                               inferred      flip-flop                    
accel/mem/mem_b1_reg_3__6_                               inferred      flip-flop                    
accel/mem/mem_b1_reg_3__7_                               inferred      flip-flop                    
accel/mem/mem_b1_reg_3__9_                               inferred      flip-flop                    
accel/mem/mem_b1_reg_3__10_                              inferred      flip-flop                    
accel/mem/mem_b1_reg_3__11_                              inferred      flip-flop                    
accel/mem/mem_b1_reg_3__12_                              inferred      flip-flop                    
accel/mem/mem_b1_reg_3__13_                              inferred      flip-flop                    
accel/mem/mem_b1_reg_3__14_                              inferred      flip-flop                    
accel/mem/mem_b1_reg_3__15_                              inferred      flip-flop                    
accel/mem/mem_b1_reg_3__16_                              inferred      flip-flop                    
accel/mem/mem_b1_reg_3__17_                              inferred      flip-flop                    
accel/mem/mem_b1_reg_3__18_                              inferred      flip-flop                    
accel/mem/mem_b1_reg_3__19_                              inferred      flip-flop                    
accel/mem/mem_b1_reg_3__20_                              inferred      flip-flop                    
accel/mem/mem_b1_reg_3__21_                              inferred      flip-flop                    
accel/mem/mem_b1_reg_3__22_                              inferred      flip-flop                    
accel/mem/mem_b1_reg_3__23_                              inferred      flip-flop                    
accel/mem/mem_b1_reg_4__0_                               inferred      flip-flop                    
accel/mem/mem_b1_reg_4__1_                               inferred      flip-flop                    
accel/mem/mem_b1_reg_4__2_                               inferred      flip-flop                    
accel/mem/mem_b1_reg_4__3_                               inferred      flip-flop                    
accel/mem/mem_b1_reg_4__4_                               inferred      flip-flop                    
accel/mem/mem_b1_reg_4__7_                               inferred      flip-flop                    
accel/mem/mem_b1_reg_4__9_                               inferred      flip-flop                    
accel/mem/mem_b1_reg_4__10_                              inferred      flip-flop                    
accel/mem/mem_b1_reg_4__11_                              inferred      flip-flop                    
accel/mem/mem_b1_reg_4__12_                              inferred      flip-flop                    
accel/mem/mem_b1_reg_4__13_                              inferred      flip-flop                    
accel/mem/mem_b1_reg_4__14_                              inferred      flip-flop                    
accel/mem/mem_b1_reg_4__15_                              inferred      flip-flop                    
accel/mem/mem_b1_reg_4__16_                              inferred      flip-flop                    
accel/mem/mem_b1_reg_4__17_                              inferred      flip-flop                    
accel/mem/mem_b1_reg_4__18_                              inferred      flip-flop                    
accel/mem/mem_b1_reg_4__19_                              inferred      flip-flop                    
accel/mem/mem_b1_reg_4__20_                              inferred      flip-flop                    
accel/mem/mem_b1_reg_5__0_                               inferred      flip-flop                    
accel/mem/mem_b1_reg_5__1_                               inferred      flip-flop                    
accel/mem/mem_b1_reg_5__2_                               inferred      flip-flop                    
accel/mem/mem_b1_reg_5__4_                               inferred      flip-flop                    
accel/mem/mem_b1_reg_5__5_                               inferred      flip-flop                    
accel/mem/mem_b1_reg_5__6_                               inferred      flip-flop                    
accel/mem/mem_b1_reg_5__7_                               inferred      flip-flop                    
accel/mem/mem_b1_reg_5__9_                               inferred      flip-flop                    
accel/mem/mem_b1_reg_5__11_                              inferred      flip-flop                    
accel/mem/mem_b1_reg_5__12_                              inferred      flip-flop                    
accel/mem/mem_b1_reg_5__13_                              inferred      flip-flop                    
accel/mem/mem_b1_reg_5__16_                              inferred      flip-flop                    
accel/mem/mem_b1_reg_5__17_                              inferred      flip-flop                    
accel/mem/mem_b1_reg_5__19_                              inferred      flip-flop                    
accel/mem/mem_b1_reg_5__20_                              inferred      flip-flop                    
accel/mem/mem_b1_reg_5__21_                              inferred      flip-flop                    
accel/mem/mem_b1_reg_5__22_                              inferred      flip-flop                    
accel/mem/mem_b1_reg_5__23_                              inferred      flip-flop                    
accel/mem/mem_b1_reg_6__0_                               inferred      flip-flop                    
accel/mem/mem_b1_reg_6__1_                               inferred      flip-flop                    
accel/mem/mem_b1_reg_6__2_                               inferred      flip-flop                    
accel/mem/mem_b1_reg_6__3_                               inferred      flip-flop                    
accel/mem/mem_b1_reg_6__4_                               inferred      flip-flop                    
accel/mem/mem_b1_reg_6__5_                               inferred      flip-flop                    
accel/mem/mem_b1_reg_6__6_                               inferred      flip-flop                    
accel/mem/mem_b1_reg_6__7_                               inferred      flip-flop                    
accel/mem/mem_b1_reg_6__9_                               inferred      flip-flop                    
accel/mem/mem_b1_reg_6__10_                              inferred      flip-flop                    
accel/mem/mem_b1_reg_6__11_                              inferred      flip-flop                    
accel/mem/mem_b1_reg_6__12_                              inferred      flip-flop                    
accel/mem/mem_b1_reg_6__13_                              inferred      flip-flop                    
accel/mem/mem_b1_reg_6__14_                              inferred      flip-flop                    
accel/mem/mem_b1_reg_6__15_                              inferred      flip-flop                    
accel/mem/mem_b1_reg_6__16_                              inferred      flip-flop                    
accel/mem/mem_b1_reg_6__17_                              inferred      flip-flop                    
accel/mem/mem_b1_reg_6__18_                              inferred      flip-flop                    
accel/mem/mem_b1_reg_6__19_                              inferred      flip-flop                    
accel/mem/mem_b1_reg_6__20_                              inferred      flip-flop                    
accel/mem/mem_b1_reg_6__21_                              inferred      flip-flop                    
accel/mem/mem_b1_reg_6__22_                              inferred      flip-flop                    
accel/mem/mem_b1_reg_6__23_                              inferred      flip-flop                    
accel/mem/mem_b1_reg_7__0_                               inferred      flip-flop                    
accel/mem/mem_b1_reg_7__1_                               inferred      flip-flop                    
accel/mem/mem_b1_reg_7__2_                               inferred      flip-flop                    
accel/mem/mem_b1_reg_7__3_                               inferred      flip-flop                    
accel/mem/mem_b1_reg_7__4_                               inferred      flip-flop                    
accel/mem/mem_b1_reg_7__5_                               inferred      flip-flop                    
accel/mem/mem_b1_reg_7__6_                               inferred      flip-flop                    
accel/mem/mem_b1_reg_7__7_                               inferred      flip-flop                    
accel/mem/mem_b1_reg_7__9_                               inferred      flip-flop                    
accel/mem/mem_b1_reg_7__10_                              inferred      flip-flop                    
accel/mem/mem_b1_reg_7__11_                              inferred      flip-flop                    
accel/mem/mem_b1_reg_7__12_                              inferred      flip-flop                    
accel/mem/mem_b1_reg_7__13_                              inferred      flip-flop                    
accel/mem/mem_b1_reg_7__14_                              inferred      flip-flop                    
accel/mem/mem_b1_reg_7__15_                              inferred      flip-flop                    
accel/mem/mem_b1_reg_7__16_                              inferred      flip-flop                    
accel/mem/mem_b1_reg_7__17_                              inferred      flip-flop                    
accel/mem/mem_b1_reg_7__18_                              inferred      flip-flop                    
accel/mem/mem_b1_reg_7__19_                              inferred      flip-flop                    
accel/mem/mem_b1_reg_7__20_                              inferred      flip-flop                    
accel/mem/mem_b1_reg_7__21_                              inferred      flip-flop                    
accel/mem/mem_b1_reg_7__22_                              inferred      flip-flop                    
accel/mem/mem_b1_reg_7__23_                              inferred      flip-flop                    
accel/mem/mem_b1_reg_8__2_                               inferred      flip-flop                    
accel/mem/mem_b1_reg_8__3_                               inferred      flip-flop                    
accel/mem/mem_b1_reg_8__4_                               inferred      flip-flop                    
accel/mem/mem_b1_reg_8__17_                              inferred      flip-flop                    
accel/mem/mem_b1_reg_8__21_                              inferred      flip-flop                    
accel/mem/mem_b1_reg_8__23_                              inferred      flip-flop                    
accel/mem/mem_b1_reg_9__0_                               inferred      flip-flop                    
accel/mem/mem_b1_reg_9__1_                               inferred      flip-flop                    
accel/mem/mem_b1_reg_9__5_                               inferred      flip-flop                    
accel/mem/mem_b1_reg_9__6_                               inferred      flip-flop                    
accel/mem/mem_b1_reg_9__7_                               inferred      flip-flop                    
accel/mem/mem_b1_reg_9__9_                               inferred      flip-flop                    
accel/mem/mem_b1_reg_9__10_                              inferred      flip-flop                    
accel/mem/mem_b1_reg_9__11_                              inferred      flip-flop                    
accel/mem/mem_b1_reg_9__12_                              inferred      flip-flop                    
accel/mem/mem_b1_reg_9__13_                              inferred      flip-flop                    
accel/mem/mem_b1_reg_9__14_                              inferred      flip-flop                    
accel/mem/mem_b1_reg_9__15_                              inferred      flip-flop                    
accel/mem/mem_b1_reg_9__16_                              inferred      flip-flop                    
accel/mem/mem_b1_reg_9__17_                              inferred      flip-flop                    
accel/mem/mem_b1_reg_9__18_                              inferred      flip-flop                    
accel/mem/mem_b1_reg_9__19_                              inferred      flip-flop                    
accel/mem/mem_b1_reg_9__20_                              inferred      flip-flop                    
accel/mem/mem_b1_reg_9__22_                              inferred      flip-flop                    
accel/mem/mem_b1_reg_10__0_                              inferred      flip-flop                    
accel/mem/mem_b1_reg_10__1_                              inferred      flip-flop                    
accel/mem/mem_b1_reg_10__2_                              inferred      flip-flop                    
accel/mem/mem_b1_reg_10__3_                              inferred      flip-flop                    
accel/mem/mem_b1_reg_10__4_                              inferred      flip-flop                    
accel/mem/mem_b1_reg_10__5_                              inferred      flip-flop                    
accel/mem/mem_b1_reg_10__6_                              inferred      flip-flop                    
accel/mem/mem_b1_reg_10__7_                              inferred      flip-flop                    
accel/mem/mem_b1_reg_10__9_                              inferred      flip-flop                    
accel/mem/mem_b1_reg_10__10_                             inferred      flip-flop                    
accel/mem/mem_b1_reg_10__11_                             inferred      flip-flop                    
accel/mem/mem_b1_reg_10__12_                             inferred      flip-flop                    
accel/mem/mem_b1_reg_10__13_                             inferred      flip-flop                    
accel/mem/mem_b1_reg_10__14_                             inferred      flip-flop                    
accel/mem/mem_b1_reg_10__15_                             inferred      flip-flop                    
accel/mem/mem_b1_reg_10__16_                             inferred      flip-flop                    
accel/mem/mem_b1_reg_10__17_                             inferred      flip-flop                    
accel/mem/mem_b1_reg_10__18_                             inferred      flip-flop                    
accel/mem/mem_b1_reg_10__19_                             inferred      flip-flop                    
accel/mem/mem_b1_reg_10__20_                             inferred      flip-flop                    
accel/mem/mem_b1_reg_10__21_                             inferred      flip-flop                    
accel/mem/mem_b1_reg_10__22_                             inferred      flip-flop                    
accel/mem/mem_b1_reg_10__23_                             inferred      flip-flop                    
accel/mem/mem_b1_reg_11__0_                              inferred      flip-flop                    
accel/mem/mem_b1_reg_11__1_                              inferred      flip-flop                    
accel/mem/mem_b1_reg_11__2_                              inferred      flip-flop                    
accel/mem/mem_b1_reg_11__3_                              inferred      flip-flop                    
accel/mem/mem_b1_reg_11__4_                              inferred      flip-flop                    
accel/mem/mem_b1_reg_11__5_                              inferred      flip-flop                    
accel/mem/mem_b1_reg_11__6_                              inferred      flip-flop                    
accel/mem/mem_b1_reg_11__7_                              inferred      flip-flop                    
accel/mem/mem_b1_reg_11__9_                              inferred      flip-flop                    
accel/mem/mem_b1_reg_11__10_                             inferred      flip-flop                    
accel/mem/mem_b1_reg_11__11_                             inferred      flip-flop                    
accel/mem/mem_b1_reg_11__12_                             inferred      flip-flop                    
accel/mem/mem_b1_reg_11__13_                             inferred      flip-flop                    
accel/mem/mem_b1_reg_11__14_                             inferred      flip-flop                    
accel/mem/mem_b1_reg_11__15_                             inferred      flip-flop                    
accel/mem/mem_b1_reg_11__16_                             inferred      flip-flop                    
accel/mem/mem_b1_reg_11__17_                             inferred      flip-flop                    
accel/mem/mem_b1_reg_11__18_                             inferred      flip-flop                    
accel/mem/mem_b1_reg_11__19_                             inferred      flip-flop                    
accel/mem/mem_b1_reg_11__20_                             inferred      flip-flop                    
accel/mem/mem_b1_reg_11__21_                             inferred      flip-flop                    
accel/mem/mem_b1_reg_11__22_                             inferred      flip-flop                    
accel/mem/mem_b1_reg_11__23_                             inferred      flip-flop                    
accel/mem/mem_b1_reg_12__0_                              inferred      flip-flop                    
accel/mem/mem_b1_reg_12__1_                              inferred      flip-flop                    
accel/mem/mem_b1_reg_12__2_                              inferred      flip-flop                    
accel/mem/mem_b1_reg_12__3_                              inferred      flip-flop                    
accel/mem/mem_b1_reg_12__4_                              inferred      flip-flop                    
accel/mem/mem_b1_reg_12__5_                              inferred      flip-flop                    
accel/mem/mem_b1_reg_12__6_                              inferred      flip-flop                    
accel/mem/mem_b1_reg_12__7_                              inferred      flip-flop                    
accel/mem/mem_b1_reg_12__9_                              inferred      flip-flop                    
accel/mem/mem_b1_reg_12__10_                             inferred      flip-flop                    
accel/mem/mem_b1_reg_12__11_                             inferred      flip-flop                    
accel/mem/mem_b1_reg_12__12_                             inferred      flip-flop                    
accel/mem/mem_b1_reg_12__13_                             inferred      flip-flop                    
accel/mem/mem_b1_reg_12__14_                             inferred      flip-flop                    
accel/mem/mem_b1_reg_12__15_                             inferred      flip-flop                    
accel/mem/mem_b1_reg_12__16_                             inferred      flip-flop                    
accel/mem/mem_b1_reg_12__17_                             inferred      flip-flop                    
accel/mem/mem_b1_reg_12__18_                             inferred      flip-flop                    
accel/mem/mem_b1_reg_12__19_                             inferred      flip-flop                    
accel/mem/mem_b1_reg_12__20_                             inferred      flip-flop                    
accel/mem/mem_b1_reg_12__21_                             inferred      flip-flop                    
accel/mem/mem_b1_reg_12__22_                             inferred      flip-flop                    
accel/mem/mem_b1_reg_12__23_                             inferred      flip-flop                    
accel/mem/mem_b1_reg_13__0_                              inferred      flip-flop                    
accel/mem/mem_b1_reg_13__1_                              inferred      flip-flop                    
accel/mem/mem_b1_reg_13__2_                              inferred      flip-flop                    
accel/mem/mem_b1_reg_13__3_                              inferred      flip-flop                    
accel/mem/mem_b1_reg_13__4_                              inferred      flip-flop                    
accel/mem/mem_b1_reg_13__5_                              inferred      flip-flop                    
accel/mem/mem_b1_reg_13__6_                              inferred      flip-flop                    
accel/mem/mem_b1_reg_13__7_                              inferred      flip-flop                    
accel/mem/mem_b1_reg_13__9_                              inferred      flip-flop                    
accel/mem/mem_b1_reg_13__10_                             inferred      flip-flop                    
accel/mem/mem_b1_reg_13__11_                             inferred      flip-flop                    
accel/mem/mem_b1_reg_13__12_                             inferred      flip-flop                    
accel/mem/mem_b1_reg_13__13_                             inferred      flip-flop                    
accel/mem/mem_b1_reg_13__14_                             inferred      flip-flop                    
accel/mem/mem_b1_reg_13__15_                             inferred      flip-flop                    
accel/mem/mem_b1_reg_13__16_                             inferred      flip-flop                    
accel/mem/mem_b1_reg_13__17_                             inferred      flip-flop                    
accel/mem/mem_b1_reg_13__18_                             inferred      flip-flop                    
accel/mem/mem_b1_reg_13__19_                             inferred      flip-flop                    
accel/mem/mem_b1_reg_13__20_                             inferred      flip-flop                    
accel/mem/mem_b1_reg_13__21_                             inferred      flip-flop                    
accel/mem/mem_b1_reg_13__22_                             inferred      flip-flop                    
accel/mem/mem_b1_reg_13__23_                             inferred      flip-flop                    
accel/mem/mem_b1_reg_14__0_                              inferred      flip-flop                    
accel/mem/mem_b1_reg_14__1_                              inferred      flip-flop                    
accel/mem/mem_b1_reg_14__2_                              inferred      flip-flop                    
accel/mem/mem_b1_reg_14__3_                              inferred      flip-flop                    
accel/mem/mem_b1_reg_14__4_                              inferred      flip-flop                    
accel/mem/mem_b1_reg_14__5_                              inferred      flip-flop                    
accel/mem/mem_b1_reg_14__6_                              inferred      flip-flop                    
accel/mem/mem_b1_reg_14__7_                              inferred      flip-flop                    
accel/mem/mem_b1_reg_14__9_                              inferred      flip-flop                    
accel/mem/mem_b1_reg_14__10_                             inferred      flip-flop                    
accel/mem/mem_b1_reg_14__11_                             inferred      flip-flop                    
accel/mem/mem_b1_reg_14__12_                             inferred      flip-flop                    
accel/mem/mem_b1_reg_14__13_                             inferred      flip-flop                    
accel/mem/mem_b1_reg_14__14_                             inferred      flip-flop                    
accel/mem/mem_b1_reg_14__15_                             inferred      flip-flop                    
accel/mem/mem_b1_reg_14__16_                             inferred      flip-flop                    
accel/mem/mem_b1_reg_14__17_                             inferred      flip-flop                    
accel/mem/mem_b1_reg_14__18_                             inferred      flip-flop                    
accel/mem/mem_b1_reg_14__19_                             inferred      flip-flop                    
accel/mem/mem_b1_reg_14__20_                             inferred      flip-flop                    
accel/mem/mem_b1_reg_14__21_                             inferred      flip-flop                    
accel/mem/mem_b1_reg_14__22_                             inferred      flip-flop                    
accel/mem/mem_b1_reg_14__23_                             inferred      flip-flop                    
accel/mem/mem_b1_reg_15__0_                              inferred      flip-flop                    
accel/mem/mem_b1_reg_15__1_                              inferred      flip-flop                    
accel/mem/mem_b1_reg_15__2_                              inferred      flip-flop                    
accel/mem/mem_b1_reg_15__3_                              inferred      flip-flop                    
accel/mem/mem_b1_reg_15__4_                              inferred      flip-flop                    
accel/mem/mem_b1_reg_15__5_                              inferred      flip-flop                    
accel/mem/mem_b1_reg_15__6_                              inferred      flip-flop                    
accel/mem/mem_b1_reg_15__7_                              inferred      flip-flop                    
accel/mem/mem_b1_reg_15__9_                              inferred      flip-flop                    
accel/mem/mem_b1_reg_15__10_                             inferred      flip-flop                    
accel/mem/mem_b1_reg_15__11_                             inferred      flip-flop                    
accel/mem/mem_b1_reg_15__12_                             inferred      flip-flop                    
accel/mem/mem_b1_reg_15__13_                             inferred      flip-flop                    
accel/mem/mem_b1_reg_15__14_                             inferred      flip-flop                    
accel/mem/mem_b1_reg_15__15_                             inferred      flip-flop                    
accel/mem/mem_b1_reg_15__16_                             inferred      flip-flop                    
accel/mem/mem_b1_reg_15__17_                             inferred      flip-flop                    
accel/mem/mem_b1_reg_15__18_                             inferred      flip-flop                    
accel/mem/mem_b1_reg_15__19_                             inferred      flip-flop                    
accel/mem/mem_b1_reg_15__20_                             inferred      flip-flop                    
accel/mem/mem_b1_reg_15__21_                             inferred      flip-flop                    
accel/mem/mem_b1_reg_15__22_                             inferred      flip-flop                    
accel/mem/mem_b1_reg_15__23_                             inferred      flip-flop                    
accel/mem/mem_b1_reg_16__0_                              inferred      flip-flop                    
accel/mem/mem_b1_reg_16__1_                              inferred      flip-flop                    
accel/mem/mem_b1_reg_16__2_                              inferred      flip-flop                    
accel/mem/mem_b1_reg_16__3_                              inferred      flip-flop                    
accel/mem/mem_b1_reg_16__4_                              inferred      flip-flop                    
accel/mem/mem_b1_reg_16__5_                              inferred      flip-flop                    
accel/mem/mem_b1_reg_16__6_                              inferred      flip-flop                    
accel/mem/mem_b1_reg_16__7_                              inferred      flip-flop                    
accel/mem/mem_b1_reg_16__9_                              inferred      flip-flop                    
accel/mem/mem_b1_reg_16__10_                             inferred      flip-flop                    
accel/mem/mem_b1_reg_16__11_                             inferred      flip-flop                    
accel/mem/mem_b1_reg_16__12_                             inferred      flip-flop                    
accel/mem/mem_b1_reg_16__13_                             inferred      flip-flop                    
accel/mem/mem_b1_reg_16__14_                             inferred      flip-flop                    
accel/mem/mem_b1_reg_16__15_                             inferred      flip-flop                    
accel/mem/mem_b1_reg_16__16_                             inferred      flip-flop                    
accel/mem/mem_b1_reg_16__17_                             inferred      flip-flop                    
accel/mem/mem_b1_reg_16__18_                             inferred      flip-flop                    
accel/mem/mem_b1_reg_16__19_                             inferred      flip-flop                    
accel/mem/mem_b1_reg_16__20_                             inferred      flip-flop                    
accel/mem/mem_b1_reg_16__21_                             inferred      flip-flop                    
accel/mem/mem_b1_reg_16__22_                             inferred      flip-flop                    
accel/mem/mem_b1_reg_16__23_                             inferred      flip-flop                    
accel/mem/mem_b1_reg_17__0_                              inferred      flip-flop                    
accel/mem/mem_b1_reg_17__1_                              inferred      flip-flop                    
accel/mem/mem_b1_reg_17__2_                              inferred      flip-flop                    
accel/mem/mem_b1_reg_17__3_                              inferred      flip-flop                    
accel/mem/mem_b1_reg_17__4_                              inferred      flip-flop                    
accel/mem/mem_b1_reg_17__5_                              inferred      flip-flop                    
accel/mem/mem_b1_reg_17__6_                              inferred      flip-flop                    
accel/mem/mem_b1_reg_17__7_                              inferred      flip-flop                    
accel/mem/mem_b1_reg_17__9_                              inferred      flip-flop                    
accel/mem/mem_b1_reg_17__10_                             inferred      flip-flop                    
accel/mem/mem_b1_reg_17__11_                             inferred      flip-flop                    
accel/mem/mem_b1_reg_17__12_                             inferred      flip-flop                    
accel/mem/mem_b1_reg_17__13_                             inferred      flip-flop                    
accel/mem/mem_b1_reg_17__14_                             inferred      flip-flop                    
accel/mem/mem_b1_reg_17__15_                             inferred      flip-flop                    
accel/mem/mem_b1_reg_17__16_                             inferred      flip-flop                    
accel/mem/mem_b1_reg_17__17_                             inferred      flip-flop                    
accel/mem/mem_b1_reg_17__18_                             inferred      flip-flop                    
accel/mem/mem_b1_reg_17__19_                             inferred      flip-flop                    
accel/mem/mem_b1_reg_17__20_                             inferred      flip-flop                    
accel/mem/mem_b1_reg_17__21_                             inferred      flip-flop                    
accel/mem/mem_b1_reg_17__22_                             inferred      flip-flop                    
accel/mem/mem_b1_reg_17__23_                             inferred      flip-flop                    
accel/mem/mem_b1_reg_18__0_                              inferred      flip-flop                    
accel/mem/mem_b1_reg_18__1_                              inferred      flip-flop                    
accel/mem/mem_b1_reg_18__2_                              inferred      flip-flop                    
accel/mem/mem_b1_reg_18__3_                              inferred      flip-flop                    
accel/mem/mem_b1_reg_18__4_                              inferred      flip-flop                    
accel/mem/mem_b1_reg_18__5_                              inferred      flip-flop                    
accel/mem/mem_b1_reg_18__6_                              inferred      flip-flop                    
accel/mem/mem_b1_reg_18__7_                              inferred      flip-flop                    
accel/mem/mem_b1_reg_18__9_                              inferred      flip-flop                    
accel/mem/mem_b1_reg_18__10_                             inferred      flip-flop                    
accel/mem/mem_b1_reg_18__11_                             inferred      flip-flop                    
accel/mem/mem_b1_reg_18__12_                             inferred      flip-flop                    
accel/mem/mem_b1_reg_18__13_                             inferred      flip-flop                    
accel/mem/mem_b1_reg_18__14_                             inferred      flip-flop                    
accel/mem/mem_b1_reg_18__15_                             inferred      flip-flop                    
accel/mem/mem_b1_reg_18__16_                             inferred      flip-flop                    
accel/mem/mem_b1_reg_18__17_                             inferred      flip-flop                    
accel/mem/mem_b1_reg_18__18_                             inferred      flip-flop                    
accel/mem/mem_b1_reg_18__19_                             inferred      flip-flop                    
accel/mem/mem_b1_reg_18__20_                             inferred      flip-flop                    
accel/mem/mem_b1_reg_18__21_                             inferred      flip-flop                    
accel/mem/mem_b1_reg_18__22_                             inferred      flip-flop                    
accel/mem/mem_b1_reg_18__23_                             inferred      flip-flop                    
accel/mem/mem_b1_reg_19__2_                              inferred      flip-flop                    
accel/mem/mem_b1_reg_19__3_                              inferred      flip-flop                    
accel/mem/mem_b1_reg_19__4_                              inferred      flip-flop                    
accel/mem/mem_b1_reg_19__5_                              inferred      flip-flop                    
accel/mem/mem_b1_reg_19__6_                              inferred      flip-flop                    
accel/mem/mem_b1_reg_19__7_                              inferred      flip-flop                    
accel/mem/mem_b1_reg_19__9_                              inferred      flip-flop                    
accel/mem/mem_b1_reg_19__10_                             inferred      flip-flop                    
accel/mem/mem_b1_reg_19__11_                             inferred      flip-flop                    
accel/mem/mem_b1_reg_19__12_                             inferred      flip-flop                    
accel/mem/mem_b1_reg_19__13_                             inferred      flip-flop                    
accel/mem/mem_b1_reg_19__14_                             inferred      flip-flop                    
accel/mem/mem_b1_reg_19__15_                             inferred      flip-flop                    
accel/mem/mem_b1_reg_19__16_                             inferred      flip-flop                    
accel/mem/mem_b1_reg_19__18_                             inferred      flip-flop                    
accel/mem/mem_b1_reg_19__19_                             inferred      flip-flop                    
accel/mem/mem_b1_reg_19__20_                             inferred      flip-flop                    
accel/mem/mem_b1_reg_19__21_                             inferred      flip-flop                    
accel/mem/mem_b1_reg_19__22_                             inferred      flip-flop                    
accel/mem/mem_b1_reg_19__23_                             inferred      flip-flop                    
accel/mem/mem_b1_reg_20__0_                              inferred      flip-flop                    
accel/mem/mem_b1_reg_20__1_                              inferred      flip-flop                    
accel/mem/mem_b1_reg_20__2_                              inferred      flip-flop                    
accel/mem/mem_b1_reg_20__3_                              inferred      flip-flop                    
accel/mem/mem_b1_reg_20__4_                              inferred      flip-flop                    
accel/mem/mem_b1_reg_20__5_                              inferred      flip-flop                    
accel/mem/mem_b1_reg_20__6_                              inferred      flip-flop                    
accel/mem/mem_b1_reg_20__7_                              inferred      flip-flop                    
accel/mem/mem_b1_reg_20__9_                              inferred      flip-flop                    
accel/mem/mem_b1_reg_20__10_                             inferred      flip-flop                    
accel/mem/mem_b1_reg_20__11_                             inferred      flip-flop                    
accel/mem/mem_b1_reg_20__12_                             inferred      flip-flop                    
accel/mem/mem_b1_reg_20__13_                             inferred      flip-flop                    
accel/mem/mem_b1_reg_20__14_                             inferred      flip-flop                    
accel/mem/mem_b1_reg_20__15_                             inferred      flip-flop                    
accel/mem/mem_b1_reg_20__16_                             inferred      flip-flop                    
accel/mem/mem_b1_reg_20__17_                             inferred      flip-flop                    
accel/mem/mem_b1_reg_20__18_                             inferred      flip-flop                    
accel/mem/mem_b1_reg_20__19_                             inferred      flip-flop                    
accel/mem/mem_b1_reg_20__20_                             inferred      flip-flop                    
accel/mem/mem_b1_reg_20__21_                             inferred      flip-flop                    
accel/mem/mem_b1_reg_20__22_                             inferred      flip-flop                    
accel/mem/mem_b1_reg_20__23_                             inferred      flip-flop                    
accel/mem/mem_b1_reg_21__0_                              inferred      flip-flop                    
accel/mem/mem_b1_reg_21__1_                              inferred      flip-flop                    
accel/mem/mem_b1_reg_21__2_                              inferred      flip-flop                    
accel/mem/mem_b1_reg_21__3_                              inferred      flip-flop                    
accel/mem/mem_b1_reg_21__4_                              inferred      flip-flop                    
accel/mem/mem_b1_reg_21__5_                              inferred      flip-flop                    
accel/mem/mem_b1_reg_21__6_                              inferred      flip-flop                    
accel/mem/mem_b1_reg_21__7_                              inferred      flip-flop                    
accel/mem/mem_b1_reg_21__9_                              inferred      flip-flop                    
accel/mem/mem_b1_reg_21__10_                             inferred      flip-flop                    
accel/mem/mem_b1_reg_21__11_                             inferred      flip-flop                    
accel/mem/mem_b1_reg_21__12_                             inferred      flip-flop                    
accel/mem/mem_b1_reg_21__13_                             inferred      flip-flop                    
accel/mem/mem_b1_reg_21__14_                             inferred      flip-flop                    
accel/mem/mem_b1_reg_21__15_                             inferred      flip-flop                    
accel/mem/mem_b1_reg_21__16_                             inferred      flip-flop                    
accel/mem/mem_b1_reg_21__17_                             inferred      flip-flop                    
accel/mem/mem_b1_reg_21__18_                             inferred      flip-flop                    
accel/mem/mem_b1_reg_21__19_                             inferred      flip-flop                    
accel/mem/mem_b1_reg_21__20_                             inferred      flip-flop                    
accel/mem/mem_b1_reg_21__21_                             inferred      flip-flop                    
accel/mem/mem_b1_reg_21__22_                             inferred      flip-flop                    
accel/mem/mem_b1_reg_21__23_                             inferred      flip-flop                    
accel/mem/mem_b1_reg_22__0_                              inferred      flip-flop                    
accel/mem/mem_b1_reg_22__1_                              inferred      flip-flop                    
accel/mem/mem_b1_reg_22__2_                              inferred      flip-flop                    
accel/mem/mem_b1_reg_22__3_                              inferred      flip-flop                    
accel/mem/mem_b1_reg_22__4_                              inferred      flip-flop                    
accel/mem/mem_b1_reg_22__5_                              inferred      flip-flop                    
accel/mem/mem_b1_reg_22__6_                              inferred      flip-flop                    
accel/mem/mem_b1_reg_22__7_                              inferred      flip-flop                    
accel/mem/mem_b1_reg_22__9_                              inferred      flip-flop                    
accel/mem/mem_b1_reg_22__10_                             inferred      flip-flop                    
accel/mem/mem_b1_reg_22__11_                             inferred      flip-flop                    
accel/mem/mem_b1_reg_22__12_                             inferred      flip-flop                    
accel/mem/mem_b1_reg_22__13_                             inferred      flip-flop                    
accel/mem/mem_b1_reg_22__14_                             inferred      flip-flop                    
accel/mem/mem_b1_reg_22__15_                             inferred      flip-flop                    
accel/mem/mem_b1_reg_22__16_                             inferred      flip-flop                    
accel/mem/mem_b1_reg_22__17_                             inferred      flip-flop                    
accel/mem/mem_b1_reg_22__18_                             inferred      flip-flop                    
accel/mem/mem_b1_reg_22__19_                             inferred      flip-flop                    
accel/mem/mem_b1_reg_22__20_                             inferred      flip-flop                    
accel/mem/mem_b1_reg_22__21_                             inferred      flip-flop                    
accel/mem/mem_b1_reg_22__22_                             inferred      flip-flop                    
accel/mem/mem_b1_reg_22__23_                             inferred      flip-flop                    
accel/mem/mem_b1_reg_23__2_                              inferred      flip-flop                    
accel/mem/mem_b1_reg_23__3_                              inferred      flip-flop                    
accel/mem/mem_b1_reg_23__4_                              inferred      flip-flop                    
accel/mem/mem_b1_reg_23__5_                              inferred      flip-flop                    
accel/mem/mem_b1_reg_23__6_                              inferred      flip-flop                    
accel/mem/mem_b1_reg_23__7_                              inferred      flip-flop                    
accel/mem/mem_b1_reg_23__9_                              inferred      flip-flop                    
accel/mem/mem_b1_reg_23__10_                             inferred      flip-flop                    
accel/mem/mem_b1_reg_23__11_                             inferred      flip-flop                    
accel/mem/mem_b1_reg_23__12_                             inferred      flip-flop                    
accel/mem/mem_b1_reg_23__13_                             inferred      flip-flop                    
accel/mem/mem_b1_reg_23__14_                             inferred      flip-flop                    
accel/mem/mem_b1_reg_23__15_                             inferred      flip-flop                    
accel/mem/mem_b1_reg_23__16_                             inferred      flip-flop                    
accel/mem/mem_b1_reg_23__18_                             inferred      flip-flop                    
accel/mem/mem_b1_reg_23__19_                             inferred      flip-flop                    
accel/mem/mem_b1_reg_23__20_                             inferred      flip-flop                    
accel/mem/mem_b1_reg_23__21_                             inferred      flip-flop                    
accel/mem/mem_b1_reg_23__22_                             inferred      flip-flop                    
accel/mem/mem_b1_reg_23__23_                             inferred      flip-flop                    
accel/mem/mem_b1_reg_24__0_                              inferred      flip-flop                    
accel/mem/mem_b1_reg_24__1_                              inferred      flip-flop                    
accel/mem/mem_b1_reg_24__2_                              inferred      flip-flop                    
accel/mem/mem_b1_reg_24__3_                              inferred      flip-flop                    
accel/mem/mem_b1_reg_24__4_                              inferred      flip-flop                    
accel/mem/mem_b1_reg_24__5_                              inferred      flip-flop                    
accel/mem/mem_b1_reg_24__6_                              inferred      flip-flop                    
accel/mem/mem_b1_reg_24__7_                              inferred      flip-flop                    
accel/mem/mem_b1_reg_24__9_                              inferred      flip-flop                    
accel/mem/mem_b1_reg_24__10_                             inferred      flip-flop                    
accel/mem/mem_b1_reg_24__11_                             inferred      flip-flop                    
accel/mem/mem_b1_reg_24__12_                             inferred      flip-flop                    
accel/mem/mem_b1_reg_24__13_                             inferred      flip-flop                    
accel/mem/mem_b1_reg_24__14_                             inferred      flip-flop                    
accel/mem/mem_b1_reg_24__15_                             inferred      flip-flop                    
accel/mem/mem_b1_reg_24__16_                             inferred      flip-flop                    
accel/mem/mem_b1_reg_24__17_                             inferred      flip-flop                    
accel/mem/mem_b1_reg_24__18_                             inferred      flip-flop                    
accel/mem/mem_b1_reg_24__19_                             inferred      flip-flop                    
accel/mem/mem_b1_reg_24__20_                             inferred      flip-flop                    
accel/mem/mem_b1_reg_24__21_                             inferred      flip-flop                    
accel/mem/mem_b1_reg_24__22_                             inferred      flip-flop                    
accel/mem/mem_b1_reg_24__23_                             inferred      flip-flop                    
accel/mem/mem_b1_reg_25__0_                              inferred      flip-flop                    
accel/mem/mem_b1_reg_25__1_                              inferred      flip-flop                    
accel/mem/mem_b1_reg_25__2_                              inferred      flip-flop                    
accel/mem/mem_b1_reg_25__3_                              inferred      flip-flop                    
accel/mem/mem_b1_reg_25__4_                              inferred      flip-flop                    
accel/mem/mem_b1_reg_25__5_                              inferred      flip-flop                    
accel/mem/mem_b1_reg_25__6_                              inferred      flip-flop                    
accel/mem/mem_b1_reg_25__7_                              inferred      flip-flop                    
accel/mem/mem_b1_reg_25__9_                              inferred      flip-flop                    
accel/mem/mem_b1_reg_25__10_                             inferred      flip-flop                    
accel/mem/mem_b1_reg_25__11_                             inferred      flip-flop                    
accel/mem/mem_b1_reg_25__12_                             inferred      flip-flop                    
accel/mem/mem_b1_reg_25__13_                             inferred      flip-flop                    
accel/mem/mem_b1_reg_25__14_                             inferred      flip-flop                    
accel/mem/mem_b1_reg_25__15_                             inferred      flip-flop                    
accel/mem/mem_b1_reg_25__16_                             inferred      flip-flop                    
accel/mem/mem_b1_reg_25__17_                             inferred      flip-flop                    
accel/mem/mem_b1_reg_25__18_                             inferred      flip-flop                    
accel/mem/mem_b1_reg_25__19_                             inferred      flip-flop                    
accel/mem/mem_b1_reg_25__20_                             inferred      flip-flop                    
accel/mem/mem_b1_reg_25__21_                             inferred      flip-flop                    
accel/mem/mem_b1_reg_25__22_                             inferred      flip-flop                    
accel/mem/mem_b1_reg_25__23_                             inferred      flip-flop                    
accel/mem/mem_b1_reg_26__0_                              inferred      flip-flop                    
accel/mem/mem_b1_reg_26__1_                              inferred      flip-flop                    
accel/mem/mem_b1_reg_26__2_                              inferred      flip-flop                    
accel/mem/mem_b1_reg_26__3_                              inferred      flip-flop                    
accel/mem/mem_b1_reg_26__4_                              inferred      flip-flop                    
accel/mem/mem_b1_reg_26__5_                              inferred      flip-flop                    
accel/mem/mem_b1_reg_26__6_                              inferred      flip-flop                    
accel/mem/mem_b1_reg_26__7_                              inferred      flip-flop                    
accel/mem/mem_b1_reg_26__9_                              inferred      flip-flop                    
accel/mem/mem_b1_reg_26__10_                             inferred      flip-flop                    
accel/mem/mem_b1_reg_26__11_                             inferred      flip-flop                    
accel/mem/mem_b1_reg_26__12_                             inferred      flip-flop                    
accel/mem/mem_b1_reg_26__13_                             inferred      flip-flop                    
accel/mem/mem_b1_reg_26__14_                             inferred      flip-flop                    
accel/mem/mem_b1_reg_26__15_                             inferred      flip-flop                    
accel/mem/mem_b1_reg_26__16_                             inferred      flip-flop                    
accel/mem/mem_b1_reg_26__17_                             inferred      flip-flop                    
accel/mem/mem_b1_reg_26__18_                             inferred      flip-flop                    
accel/mem/mem_b1_reg_26__19_                             inferred      flip-flop                    
accel/mem/mem_b1_reg_26__20_                             inferred      flip-flop                    
accel/mem/mem_b1_reg_26__21_                             inferred      flip-flop                    
accel/mem/mem_b1_reg_26__22_                             inferred      flip-flop                    
accel/mem/mem_b1_reg_26__23_                             inferred      flip-flop                    
accel/mem/mem_b1_reg_27__1_                              inferred      flip-flop                    
accel/mem/mem_b1_reg_27__2_                              inferred      flip-flop                    
accel/mem/mem_b1_reg_27__3_                              inferred      flip-flop                    
accel/mem/mem_b1_reg_27__4_                              inferred      flip-flop                    
accel/mem/mem_b1_reg_27__5_                              inferred      flip-flop                    
accel/mem/mem_b1_reg_27__6_                              inferred      flip-flop                    
accel/mem/mem_b1_reg_27__7_                              inferred      flip-flop                    
accel/mem/mem_b1_reg_27__9_                              inferred      flip-flop                    
accel/mem/mem_b1_reg_27__10_                             inferred      flip-flop                    
accel/mem/mem_b1_reg_27__11_                             inferred      flip-flop                    
accel/mem/mem_b1_reg_27__12_                             inferred      flip-flop                    
accel/mem/mem_b1_reg_27__13_                             inferred      flip-flop                    
accel/mem/mem_b1_reg_27__14_                             inferred      flip-flop                    
accel/mem/mem_b1_reg_27__15_                             inferred      flip-flop                    
accel/mem/mem_b1_reg_27__16_                             inferred      flip-flop                    
accel/mem/mem_b1_reg_27__18_                             inferred      flip-flop                    
accel/mem/mem_b1_reg_27__19_                             inferred      flip-flop                    
accel/mem/mem_b1_reg_27__20_                             inferred      flip-flop                    
accel/mem/mem_b1_reg_27__21_                             inferred      flip-flop                    
accel/mem/mem_b1_reg_27__22_                             inferred      flip-flop                    
accel/mem/mem_b1_reg_27__23_                             inferred      flip-flop                    
accel/mem/mem_b1_reg_28__0_                              inferred      flip-flop                    
accel/mem/mem_b1_reg_28__1_                              inferred      flip-flop                    
accel/mem/mem_b1_reg_28__2_                              inferred      flip-flop                    
accel/mem/mem_b1_reg_28__3_                              inferred      flip-flop                    
accel/mem/mem_b1_reg_28__4_                              inferred      flip-flop                    
accel/mem/mem_b1_reg_28__5_                              inferred      flip-flop                    
accel/mem/mem_b1_reg_28__6_                              inferred      flip-flop                    
accel/mem/mem_b1_reg_28__7_                              inferred      flip-flop                    
accel/mem/mem_b1_reg_28__9_                              inferred      flip-flop                    
accel/mem/mem_b1_reg_28__10_                             inferred      flip-flop                    
accel/mem/mem_b1_reg_28__11_                             inferred      flip-flop                    
accel/mem/mem_b1_reg_28__12_                             inferred      flip-flop                    
accel/mem/mem_b1_reg_28__13_                             inferred      flip-flop                    
accel/mem/mem_b1_reg_28__14_                             inferred      flip-flop                    
accel/mem/mem_b1_reg_28__15_                             inferred      flip-flop                    
accel/mem/mem_b1_reg_28__16_                             inferred      flip-flop                    
accel/mem/mem_b1_reg_28__17_                             inferred      flip-flop                    
accel/mem/mem_b1_reg_28__18_                             inferred      flip-flop                    
accel/mem/mem_b1_reg_28__19_                             inferred      flip-flop                    
accel/mem/mem_b1_reg_28__20_                             inferred      flip-flop                    
accel/mem/mem_b1_reg_28__21_                             inferred      flip-flop                    
accel/mem/mem_b1_reg_28__22_                             inferred      flip-flop                    
accel/mem/mem_b1_reg_28__23_                             inferred      flip-flop                    
accel/mem/mem_b1_reg_29__0_                              inferred      flip-flop                    
accel/mem/mem_b1_reg_29__1_                              inferred      flip-flop                    
accel/mem/mem_b1_reg_29__2_                              inferred      flip-flop                    
accel/mem/mem_b1_reg_29__3_                              inferred      flip-flop                    
accel/mem/mem_b1_reg_29__4_                              inferred      flip-flop                    
accel/mem/mem_b1_reg_29__5_                              inferred      flip-flop                    
accel/mem/mem_b1_reg_29__6_                              inferred      flip-flop                    
accel/mem/mem_b1_reg_29__7_                              inferred      flip-flop                    
accel/mem/mem_b1_reg_29__9_                              inferred      flip-flop                    
accel/mem/mem_b1_reg_29__10_                             inferred      flip-flop                    
accel/mem/mem_b1_reg_29__11_                             inferred      flip-flop                    
accel/mem/mem_b1_reg_29__12_                             inferred      flip-flop                    
accel/mem/mem_b1_reg_29__13_                             inferred      flip-flop                    
accel/mem/mem_b1_reg_29__14_                             inferred      flip-flop                    
accel/mem/mem_b1_reg_29__15_                             inferred      flip-flop                    
accel/mem/mem_b1_reg_29__16_                             inferred      flip-flop                    
accel/mem/mem_b1_reg_29__17_                             inferred      flip-flop                    
accel/mem/mem_b1_reg_29__18_                             inferred      flip-flop                    
accel/mem/mem_b1_reg_29__19_                             inferred      flip-flop                    
accel/mem/mem_b1_reg_29__20_                             inferred      flip-flop                    
accel/mem/mem_b1_reg_29__21_                             inferred      flip-flop                    
accel/mem/mem_b1_reg_29__22_                             inferred      flip-flop                    
accel/mem/mem_b1_reg_29__23_                             inferred      flip-flop                    
accel/mem/mem_b1_reg_30__0_                              inferred      flip-flop                    
accel/mem/mem_b1_reg_30__1_                              inferred      flip-flop                    
accel/mem/mem_b1_reg_30__2_                              inferred      flip-flop                    
accel/mem/mem_b1_reg_30__3_                              inferred      flip-flop                    
accel/mem/mem_b1_reg_30__4_                              inferred      flip-flop                    
accel/mem/mem_b1_reg_30__5_                              inferred      flip-flop                    
accel/mem/mem_b1_reg_30__6_                              inferred      flip-flop                    
accel/mem/mem_b1_reg_30__7_                              inferred      flip-flop                    
accel/mem/mem_b1_reg_30__9_                              inferred      flip-flop                    
accel/mem/mem_b1_reg_30__10_                             inferred      flip-flop                    
accel/mem/mem_b1_reg_30__11_                             inferred      flip-flop                    
accel/mem/mem_b1_reg_30__12_                             inferred      flip-flop                    
accel/mem/mem_b1_reg_30__13_                             inferred      flip-flop                    
accel/mem/mem_b1_reg_30__14_                             inferred      flip-flop                    
accel/mem/mem_b1_reg_30__15_                             inferred      flip-flop                    
accel/mem/mem_b1_reg_30__16_                             inferred      flip-flop                    
accel/mem/mem_b1_reg_30__17_                             inferred      flip-flop                    
accel/mem/mem_b1_reg_30__18_                             inferred      flip-flop                    
accel/mem/mem_b1_reg_30__19_                             inferred      flip-flop                    
accel/mem/mem_b1_reg_30__20_                             inferred      flip-flop                    
accel/mem/mem_b1_reg_30__21_                             inferred      flip-flop                    
accel/mem/mem_b1_reg_30__22_                             inferred      flip-flop                    
accel/mem/mem_b1_reg_30__23_                             inferred      flip-flop                    
accel/mem/mem_b1_reg_31__2_                              inferred      flip-flop                    
accel/mem/mem_b1_reg_31__3_                              inferred      flip-flop                    
accel/mem/mem_b1_reg_31__4_                              inferred      flip-flop                    
accel/mem/mem_b1_reg_31__5_                              inferred      flip-flop                    
accel/mem/mem_b1_reg_31__6_                              inferred      flip-flop                    
accel/mem/mem_b1_reg_31__7_                              inferred      flip-flop                    
accel/mem/mem_b1_reg_31__9_                              inferred      flip-flop                    
accel/mem/mem_b1_reg_31__10_                             inferred      flip-flop                    
accel/mem/mem_b1_reg_31__11_                             inferred      flip-flop                    
accel/mem/mem_b1_reg_31__12_                             inferred      flip-flop                    
accel/mem/mem_b1_reg_31__13_                             inferred      flip-flop                    
accel/mem/mem_b1_reg_31__14_                             inferred      flip-flop                    
accel/mem/mem_b1_reg_31__15_                             inferred      flip-flop                    
accel/mem/mem_b1_reg_31__16_                             inferred      flip-flop                    
accel/mem/mem_b1_reg_31__18_                             inferred      flip-flop                    
accel/mem/mem_b1_reg_31__19_                             inferred      flip-flop                    
accel/mem/mem_b1_reg_31__20_                             inferred      flip-flop                    
accel/mem/mem_b1_reg_31__21_                             inferred      flip-flop                    
accel/mem/mem_b1_reg_31__22_                             inferred      flip-flop                    
accel/mem/mem_b1_reg_31__23_                             inferred      flip-flop                    
accel/mem/mem_b1_reg_32__0_                              inferred      flip-flop                    
accel/mem/mem_b1_reg_32__1_                              inferred      flip-flop                    
accel/mem/mem_b1_reg_32__2_                              inferred      flip-flop                    
accel/mem/mem_b1_reg_32__3_                              inferred      flip-flop                    
accel/mem/mem_b1_reg_32__4_                              inferred      flip-flop                    
accel/mem/mem_b1_reg_32__5_                              inferred      flip-flop                    
accel/mem/mem_b1_reg_32__6_                              inferred      flip-flop                    
accel/mem/mem_b1_reg_32__7_                              inferred      flip-flop                    
accel/mem/mem_b1_reg_32__9_                              inferred      flip-flop                    
accel/mem/mem_b1_reg_32__10_                             inferred      flip-flop                    
accel/mem/mem_b1_reg_32__11_                             inferred      flip-flop                    
accel/mem/mem_b1_reg_32__12_                             inferred      flip-flop                    
accel/mem/mem_b1_reg_32__13_                             inferred      flip-flop                    
accel/mem/mem_b1_reg_32__14_                             inferred      flip-flop                    
accel/mem/mem_b1_reg_32__15_                             inferred      flip-flop                    
accel/mem/mem_b1_reg_32__16_                             inferred      flip-flop                    
accel/mem/mem_b1_reg_32__17_                             inferred      flip-flop                    
accel/mem/mem_b1_reg_32__18_                             inferred      flip-flop                    
accel/mem/mem_b1_reg_32__19_                             inferred      flip-flop                    
accel/mem/mem_b1_reg_32__20_                             inferred      flip-flop                    
accel/mem/mem_b1_reg_32__21_                             inferred      flip-flop                    
accel/mem/mem_b1_reg_32__22_                             inferred      flip-flop                    
accel/mem/mem_b1_reg_32__23_                             inferred      flip-flop                    
accel/mem/mem_b1_reg_33__0_                              inferred      flip-flop                    
accel/mem/mem_b1_reg_33__1_                              inferred      flip-flop                    
accel/mem/mem_b1_reg_33__2_                              inferred      flip-flop                    
accel/mem/mem_b1_reg_33__3_                              inferred      flip-flop                    
accel/mem/mem_b1_reg_33__4_                              inferred      flip-flop                    
accel/mem/mem_b1_reg_33__5_                              inferred      flip-flop                    
accel/mem/mem_b1_reg_33__6_                              inferred      flip-flop                    
accel/mem/mem_b1_reg_33__7_                              inferred      flip-flop                    
accel/mem/mem_b1_reg_33__9_                              inferred      flip-flop                    
accel/mem/mem_b1_reg_33__10_                             inferred      flip-flop                    
accel/mem/mem_b1_reg_33__11_                             inferred      flip-flop                    
accel/mem/mem_b1_reg_33__12_                             inferred      flip-flop                    
accel/mem/mem_b1_reg_33__13_                             inferred      flip-flop                    
accel/mem/mem_b1_reg_33__14_                             inferred      flip-flop                    
accel/mem/mem_b1_reg_33__15_                             inferred      flip-flop                    
accel/mem/mem_b1_reg_33__16_                             inferred      flip-flop                    
accel/mem/mem_b1_reg_33__17_                             inferred      flip-flop                    
accel/mem/mem_b1_reg_33__18_                             inferred      flip-flop                    
accel/mem/mem_b1_reg_33__19_                             inferred      flip-flop                    
accel/mem/mem_b1_reg_33__20_                             inferred      flip-flop                    
accel/mem/mem_b1_reg_33__21_                             inferred      flip-flop                    
accel/mem/mem_b1_reg_33__22_                             inferred      flip-flop                    
accel/mem/mem_b1_reg_33__23_                             inferred      flip-flop                    
accel/mem/mem_b1_reg_34__0_                              inferred      flip-flop                    
accel/mem/mem_b1_reg_34__1_                              inferred      flip-flop                    
accel/mem/mem_b1_reg_34__2_                              inferred      flip-flop                    
accel/mem/mem_b1_reg_34__3_                              inferred      flip-flop                    
accel/mem/mem_b1_reg_34__4_                              inferred      flip-flop                    
accel/mem/mem_b1_reg_34__5_                              inferred      flip-flop                    
accel/mem/mem_b1_reg_34__6_                              inferred      flip-flop                    
accel/mem/mem_b1_reg_34__7_                              inferred      flip-flop                    
accel/mem/mem_b1_reg_34__9_                              inferred      flip-flop                    
accel/mem/mem_b1_reg_34__10_                             inferred      flip-flop                    
accel/mem/mem_b1_reg_34__11_                             inferred      flip-flop                    
accel/mem/mem_b1_reg_34__12_                             inferred      flip-flop                    
accel/mem/mem_b1_reg_34__13_                             inferred      flip-flop                    
accel/mem/mem_b1_reg_34__14_                             inferred      flip-flop                    
accel/mem/mem_b1_reg_34__15_                             inferred      flip-flop                    
accel/mem/mem_b1_reg_34__16_                             inferred      flip-flop                    
accel/mem/mem_b1_reg_34__17_                             inferred      flip-flop                    
accel/mem/mem_b1_reg_34__18_                             inferred      flip-flop                    
accel/mem/mem_b1_reg_34__19_                             inferred      flip-flop                    
accel/mem/mem_b1_reg_34__20_                             inferred      flip-flop                    
accel/mem/mem_b1_reg_34__21_                             inferred      flip-flop                    
accel/mem/mem_b1_reg_34__22_                             inferred      flip-flop                    
accel/mem/mem_b1_reg_34__23_                             inferred      flip-flop                    
accel/mem/mem_b1_reg_35__0_                              inferred      flip-flop                    
accel/mem/mem_b1_reg_35__1_                              inferred      flip-flop                    
accel/mem/mem_b1_reg_35__2_                              inferred      flip-flop                    
accel/mem/mem_b1_reg_35__3_                              inferred      flip-flop                    
accel/mem/mem_b1_reg_35__4_                              inferred      flip-flop                    
accel/mem/mem_b1_reg_35__5_                              inferred      flip-flop                    
accel/mem/mem_b1_reg_35__6_                              inferred      flip-flop                    
accel/mem/mem_b1_reg_35__7_                              inferred      flip-flop                    
accel/mem/mem_b1_reg_35__9_                              inferred      flip-flop                    
accel/mem/mem_b1_reg_35__10_                             inferred      flip-flop                    
accel/mem/mem_b1_reg_35__11_                             inferred      flip-flop                    
accel/mem/mem_b1_reg_35__12_                             inferred      flip-flop                    
accel/mem/mem_b1_reg_35__13_                             inferred      flip-flop                    
accel/mem/mem_b1_reg_35__14_                             inferred      flip-flop                    
accel/mem/mem_b1_reg_35__15_                             inferred      flip-flop                    
accel/mem/mem_b1_reg_35__16_                             inferred      flip-flop                    
accel/mem/mem_b1_reg_35__17_                             inferred      flip-flop                    
accel/mem/mem_b1_reg_35__18_                             inferred      flip-flop                    
accel/mem/mem_b1_reg_35__19_                             inferred      flip-flop                    
accel/mem/mem_b1_reg_35__20_                             inferred      flip-flop                    
accel/mem/mem_b1_reg_35__21_                             inferred      flip-flop                    
accel/mem/mem_b1_reg_35__22_                             inferred      flip-flop                    
accel/mem/mem_b1_reg_35__23_                             inferred      flip-flop                    
accel/mem/mem_b1_reg_36__2_                              inferred      flip-flop                    
accel/mem/mem_b1_reg_36__3_                              inferred      flip-flop                    
accel/mem/mem_b1_reg_36__5_                              inferred      flip-flop                    
accel/mem/mem_b1_reg_36__6_                              inferred      flip-flop                    
accel/mem/mem_b1_reg_36__10_                             inferred      flip-flop                    
accel/mem/mem_b1_reg_36__14_                             inferred      flip-flop                    
accel/mem/mem_b1_reg_36__15_                             inferred      flip-flop                    
accel/mem/mem_b1_reg_36__18_                             inferred      flip-flop                    
accel/mem/mem_b1_reg_36__21_                             inferred      flip-flop                    
accel/mem/mem_b1_reg_36__22_                             inferred      flip-flop                    
accel/mem/mem_b1_reg_36__23_                             inferred      flip-flop                    
accel/mem/mem_b1_reg_37__0_                              inferred      flip-flop                    
accel/mem/mem_b1_reg_37__1_                              inferred      flip-flop                    
accel/mem/mem_b1_reg_37__2_                              inferred      flip-flop                    
accel/mem/mem_b1_reg_37__3_                              inferred      flip-flop                    
accel/mem/mem_b1_reg_37__4_                              inferred      flip-flop                    
accel/mem/mem_b1_reg_37__5_                              inferred      flip-flop                    
accel/mem/mem_b1_reg_37__6_                              inferred      flip-flop                    
accel/mem/mem_b1_reg_37__7_                              inferred      flip-flop                    
accel/mem/mem_b1_reg_37__9_                              inferred      flip-flop                    
accel/mem/mem_b1_reg_37__10_                             inferred      flip-flop                    
accel/mem/mem_b1_reg_37__11_                             inferred      flip-flop                    
accel/mem/mem_b1_reg_37__12_                             inferred      flip-flop                    
accel/mem/mem_b1_reg_37__13_                             inferred      flip-flop                    
accel/mem/mem_b1_reg_37__14_                             inferred      flip-flop                    
accel/mem/mem_b1_reg_37__15_                             inferred      flip-flop                    
accel/mem/mem_b1_reg_37__16_                             inferred      flip-flop                    
accel/mem/mem_b1_reg_37__17_                             inferred      flip-flop                    
accel/mem/mem_b1_reg_37__18_                             inferred      flip-flop                    
accel/mem/mem_b1_reg_37__19_                             inferred      flip-flop                    
accel/mem/mem_b1_reg_37__20_                             inferred      flip-flop                    
accel/mem/mem_b1_reg_37__21_                             inferred      flip-flop                    
accel/mem/mem_b1_reg_37__22_                             inferred      flip-flop                    
accel/mem/mem_b1_reg_37__23_                             inferred      flip-flop                    
accel/mem/mem_b1_reg_38__0_                              inferred      flip-flop                    
accel/mem/mem_b1_reg_38__1_                              inferred      flip-flop                    
accel/mem/mem_b1_reg_38__3_                              inferred      flip-flop                    
accel/mem/mem_b1_reg_38__4_                              inferred      flip-flop                    
accel/mem/mem_b1_reg_38__5_                              inferred      flip-flop                    
accel/mem/mem_b1_reg_38__6_                              inferred      flip-flop                    
accel/mem/mem_b1_reg_38__7_                              inferred      flip-flop                    
accel/mem/mem_b1_reg_38__9_                              inferred      flip-flop                    
accel/mem/mem_b1_reg_38__10_                             inferred      flip-flop                    
accel/mem/mem_b1_reg_38__11_                             inferred      flip-flop                    
accel/mem/mem_b1_reg_38__12_                             inferred      flip-flop                    
accel/mem/mem_b1_reg_38__13_                             inferred      flip-flop                    
accel/mem/mem_b1_reg_38__14_                             inferred      flip-flop                    
accel/mem/mem_b1_reg_38__15_                             inferred      flip-flop                    
accel/mem/mem_b1_reg_38__16_                             inferred      flip-flop                    
accel/mem/mem_b1_reg_38__17_                             inferred      flip-flop                    
accel/mem/mem_b1_reg_38__18_                             inferred      flip-flop                    
accel/mem/mem_b1_reg_38__19_                             inferred      flip-flop                    
accel/mem/mem_b1_reg_38__20_                             inferred      flip-flop                    
accel/mem/mem_b1_reg_38__21_                             inferred      flip-flop                    
accel/mem/mem_b1_reg_38__22_                             inferred      flip-flop                    
accel/mem/mem_b1_reg_38__23_                             inferred      flip-flop                    
accel/mem/mem_b1_reg_39__0_                              inferred      flip-flop                    
accel/mem/mem_b1_reg_39__1_                              inferred      flip-flop                    
accel/mem/mem_b1_reg_39__2_                              inferred      flip-flop                    
accel/mem/mem_b1_reg_39__3_                              inferred      flip-flop                    
accel/mem/mem_b1_reg_39__4_                              inferred      flip-flop                    
accel/mem/mem_b1_reg_39__5_                              inferred      flip-flop                    
accel/mem/mem_b1_reg_39__6_                              inferred      flip-flop                    
accel/mem/mem_b1_reg_39__7_                              inferred      flip-flop                    
accel/mem/mem_b1_reg_39__9_                              inferred      flip-flop                    
accel/mem/mem_b1_reg_39__10_                             inferred      flip-flop                    
accel/mem/mem_b1_reg_39__11_                             inferred      flip-flop                    
accel/mem/mem_b1_reg_39__12_                             inferred      flip-flop                    
accel/mem/mem_b1_reg_39__13_                             inferred      flip-flop                    
accel/mem/mem_b1_reg_39__14_                             inferred      flip-flop                    
accel/mem/mem_b1_reg_39__15_                             inferred      flip-flop                    
accel/mem/mem_b1_reg_39__16_                             inferred      flip-flop                    
accel/mem/mem_b1_reg_39__17_                             inferred      flip-flop                    
accel/mem/mem_b1_reg_39__18_                             inferred      flip-flop                    
accel/mem/mem_b1_reg_39__19_                             inferred      flip-flop                    
accel/mem/mem_b1_reg_39__20_                             inferred      flip-flop                    
accel/mem/mem_b1_reg_39__21_                             inferred      flip-flop                    
accel/mem/mem_b1_reg_39__22_                             inferred      flip-flop                    
accel/mem/mem_b1_reg_39__23_                             inferred      flip-flop                    
accel/mem/mem_b1_reg_40__0_                              inferred      flip-flop                    
accel/mem/mem_b1_reg_40__1_                              inferred      flip-flop                    
accel/mem/mem_b1_reg_40__2_                              inferred      flip-flop                    
accel/mem/mem_b1_reg_40__3_                              inferred      flip-flop                    
accel/mem/mem_b1_reg_40__4_                              inferred      flip-flop                    
accel/mem/mem_b1_reg_40__5_                              inferred      flip-flop                    
accel/mem/mem_b1_reg_40__6_                              inferred      flip-flop                    
accel/mem/mem_b1_reg_40__7_                              inferred      flip-flop                    
accel/mem/mem_b1_reg_40__9_                              inferred      flip-flop                    
accel/mem/mem_b1_reg_40__10_                             inferred      flip-flop                    
accel/mem/mem_b1_reg_40__11_                             inferred      flip-flop                    
accel/mem/mem_b1_reg_40__12_                             inferred      flip-flop                    
accel/mem/mem_b1_reg_40__13_                             inferred      flip-flop                    
accel/mem/mem_b1_reg_40__14_                             inferred      flip-flop                    
accel/mem/mem_b1_reg_40__15_                             inferred      flip-flop                    
accel/mem/mem_b1_reg_40__16_                             inferred      flip-flop                    
accel/mem/mem_b1_reg_40__17_                             inferred      flip-flop                    
accel/mem/mem_b1_reg_40__18_                             inferred      flip-flop                    
accel/mem/mem_b1_reg_40__19_                             inferred      flip-flop                    
accel/mem/mem_b1_reg_40__20_                             inferred      flip-flop                    
accel/mem/mem_b1_reg_40__21_                             inferred      flip-flop                    
accel/mem/mem_b1_reg_40__22_                             inferred      flip-flop                    
accel/mem/mem_b1_reg_40__23_                             inferred      flip-flop                    
accel/mem/mem_b1_reg_41__0_                              inferred      flip-flop                    
accel/mem/mem_b1_reg_41__1_                              inferred      flip-flop                    
accel/mem/mem_b1_reg_41__2_                              inferred      flip-flop                    
accel/mem/mem_b1_reg_41__3_                              inferred      flip-flop                    
accel/mem/mem_b1_reg_41__4_                              inferred      flip-flop                    
accel/mem/mem_b1_reg_41__5_                              inferred      flip-flop                    
accel/mem/mem_b1_reg_41__6_                              inferred      flip-flop                    
accel/mem/mem_b1_reg_41__7_                              inferred      flip-flop                    
accel/mem/mem_b1_reg_41__9_                              inferred      flip-flop                    
accel/mem/mem_b1_reg_41__10_                             inferred      flip-flop                    
accel/mem/mem_b1_reg_41__11_                             inferred      flip-flop                    
accel/mem/mem_b1_reg_41__12_                             inferred      flip-flop                    
accel/mem/mem_b1_reg_41__13_                             inferred      flip-flop                    
accel/mem/mem_b1_reg_41__14_                             inferred      flip-flop                    
accel/mem/mem_b1_reg_41__15_                             inferred      flip-flop                    
accel/mem/mem_b1_reg_41__16_                             inferred      flip-flop                    
accel/mem/mem_b1_reg_41__17_                             inferred      flip-flop                    
accel/mem/mem_b1_reg_41__18_                             inferred      flip-flop                    
accel/mem/mem_b1_reg_41__19_                             inferred      flip-flop                    
accel/mem/mem_b1_reg_41__20_                             inferred      flip-flop                    
accel/mem/mem_b1_reg_41__21_                             inferred      flip-flop                    
accel/mem/mem_b1_reg_41__22_                             inferred      flip-flop                    
accel/mem/mem_b1_reg_42__0_                              inferred      flip-flop                    
accel/mem/mem_b1_reg_42__1_                              inferred      flip-flop                    
accel/mem/mem_b1_reg_42__2_                              inferred      flip-flop                    
accel/mem/mem_b1_reg_42__3_                              inferred      flip-flop                    
accel/mem/mem_b1_reg_42__4_                              inferred      flip-flop                    
accel/mem/mem_b1_reg_42__5_                              inferred      flip-flop                    
accel/mem/mem_b1_reg_42__6_                              inferred      flip-flop                    
accel/mem/mem_b1_reg_42__7_                              inferred      flip-flop                    
accel/mem/mem_b1_reg_42__9_                              inferred      flip-flop                    
accel/mem/mem_b1_reg_42__10_                             inferred      flip-flop                    
accel/mem/mem_b1_reg_42__11_                             inferred      flip-flop                    
accel/mem/mem_b1_reg_42__12_                             inferred      flip-flop                    
accel/mem/mem_b1_reg_42__13_                             inferred      flip-flop                    
accel/mem/mem_b1_reg_42__14_                             inferred      flip-flop                    
accel/mem/mem_b1_reg_42__15_                             inferred      flip-flop                    
accel/mem/mem_b1_reg_42__16_                             inferred      flip-flop                    
accel/mem/mem_b1_reg_42__17_                             inferred      flip-flop                    
accel/mem/mem_b1_reg_42__18_                             inferred      flip-flop                    
accel/mem/mem_b1_reg_42__19_                             inferred      flip-flop                    
accel/mem/mem_b1_reg_42__20_                             inferred      flip-flop                    
accel/mem/mem_b1_reg_42__21_                             inferred      flip-flop                    
accel/mem/mem_b1_reg_42__22_                             inferred      flip-flop                    
accel/mem/mem_b1_reg_42__23_                             inferred      flip-flop                    
accel/mem/mem_b1_reg_43__0_                              inferred      flip-flop                    
accel/mem/mem_b1_reg_43__1_                              inferred      flip-flop                    
accel/mem/mem_b1_reg_43__2_                              inferred      flip-flop                    
accel/mem/mem_b1_reg_43__3_                              inferred      flip-flop                    
accel/mem/mem_b1_reg_43__4_                              inferred      flip-flop                    
accel/mem/mem_b1_reg_43__5_                              inferred      flip-flop                    
accel/mem/mem_b1_reg_43__6_                              inferred      flip-flop                    
accel/mem/mem_b1_reg_43__7_                              inferred      flip-flop                    
accel/mem/mem_b1_reg_43__9_                              inferred      flip-flop                    
accel/mem/mem_b1_reg_43__10_                             inferred      flip-flop                    
accel/mem/mem_b1_reg_43__11_                             inferred      flip-flop                    
accel/mem/mem_b1_reg_43__12_                             inferred      flip-flop                    
accel/mem/mem_b1_reg_43__13_                             inferred      flip-flop                    
accel/mem/mem_b1_reg_43__14_                             inferred      flip-flop                    
accel/mem/mem_b1_reg_43__15_                             inferred      flip-flop                    
accel/mem/mem_b1_reg_43__16_                             inferred      flip-flop                    
accel/mem/mem_b1_reg_43__17_                             inferred      flip-flop                    
accel/mem/mem_b1_reg_43__18_                             inferred      flip-flop                    
accel/mem/mem_b1_reg_43__19_                             inferred      flip-flop                    
accel/mem/mem_b1_reg_43__20_                             inferred      flip-flop                    
accel/mem/mem_b1_reg_43__21_                             inferred      flip-flop                    
accel/mem/mem_b1_reg_43__22_                             inferred      flip-flop                    
accel/mem/mem_b1_reg_43__23_                             inferred      flip-flop                    
accel/mem/mem_b1_reg_44__0_                              inferred      flip-flop                    
accel/mem/mem_b1_reg_44__1_                              inferred      flip-flop                    
accel/mem/mem_b1_reg_44__2_                              inferred      flip-flop                    
accel/mem/mem_b1_reg_44__3_                              inferred      flip-flop                    
accel/mem/mem_b1_reg_44__4_                              inferred      flip-flop                    
accel/mem/mem_b1_reg_44__5_                              inferred      flip-flop                    
accel/mem/mem_b1_reg_44__6_                              inferred      flip-flop                    
accel/mem/mem_b1_reg_44__7_                              inferred      flip-flop                    
accel/mem/mem_b1_reg_44__9_                              inferred      flip-flop                    
accel/mem/mem_b1_reg_44__10_                             inferred      flip-flop                    
accel/mem/mem_b1_reg_44__11_                             inferred      flip-flop                    
accel/mem/mem_b1_reg_44__12_                             inferred      flip-flop                    
accel/mem/mem_b1_reg_44__13_                             inferred      flip-flop                    
accel/mem/mem_b1_reg_44__14_                             inferred      flip-flop                    
accel/mem/mem_b1_reg_44__15_                             inferred      flip-flop                    
accel/mem/mem_b1_reg_44__16_                             inferred      flip-flop                    
accel/mem/mem_b1_reg_44__17_                             inferred      flip-flop                    
accel/mem/mem_b1_reg_44__18_                             inferred      flip-flop                    
accel/mem/mem_b1_reg_44__19_                             inferred      flip-flop                    
accel/mem/mem_b1_reg_44__20_                             inferred      flip-flop                    
accel/mem/mem_b1_reg_44__21_                             inferred      flip-flop                    
accel/mem/mem_b1_reg_44__22_                             inferred      flip-flop                    
accel/mem/mem_b1_reg_44__23_                             inferred      flip-flop                    
accel/mem/mem_b1_reg_45__0_                              inferred      flip-flop                    
accel/mem/mem_b1_reg_45__1_                              inferred      flip-flop                    
accel/mem/mem_b1_reg_45__2_                              inferred      flip-flop                    
accel/mem/mem_b1_reg_45__3_                              inferred      flip-flop                    
accel/mem/mem_b1_reg_45__4_                              inferred      flip-flop                    
accel/mem/mem_b1_reg_45__5_                              inferred      flip-flop                    
accel/mem/mem_b1_reg_45__6_                              inferred      flip-flop                    
accel/mem/mem_b1_reg_45__7_                              inferred      flip-flop                    
accel/mem/mem_b1_reg_45__9_                              inferred      flip-flop                    
accel/mem/mem_b1_reg_45__10_                             inferred      flip-flop                    
accel/mem/mem_b1_reg_45__11_                             inferred      flip-flop                    
accel/mem/mem_b1_reg_45__12_                             inferred      flip-flop                    
accel/mem/mem_b1_reg_45__13_                             inferred      flip-flop                    
accel/mem/mem_b1_reg_45__14_                             inferred      flip-flop                    
accel/mem/mem_b1_reg_45__15_                             inferred      flip-flop                    
accel/mem/mem_b1_reg_45__16_                             inferred      flip-flop                    
accel/mem/mem_b1_reg_45__17_                             inferred      flip-flop                    
accel/mem/mem_b1_reg_45__18_                             inferred      flip-flop                    
accel/mem/mem_b1_reg_45__19_                             inferred      flip-flop                    
accel/mem/mem_b1_reg_45__20_                             inferred      flip-flop                    
accel/mem/mem_b1_reg_45__21_                             inferred      flip-flop                    
accel/mem/mem_b1_reg_45__22_                             inferred      flip-flop                    
accel/mem/mem_b1_reg_45__23_                             inferred      flip-flop                    
accel/mem/mem_b1_reg_46__0_                              inferred      flip-flop                    
accel/mem/mem_b1_reg_46__1_                              inferred      flip-flop                    
accel/mem/mem_b1_reg_46__2_                              inferred      flip-flop                    
accel/mem/mem_b1_reg_46__3_                              inferred      flip-flop                    
accel/mem/mem_b1_reg_46__4_                              inferred      flip-flop                    
accel/mem/mem_b1_reg_46__5_                              inferred      flip-flop                    
accel/mem/mem_b1_reg_46__6_                              inferred      flip-flop                    
accel/mem/mem_b1_reg_46__7_                              inferred      flip-flop                    
accel/mem/mem_b1_reg_46__9_                              inferred      flip-flop                    
accel/mem/mem_b1_reg_46__10_                             inferred      flip-flop                    
accel/mem/mem_b1_reg_46__11_                             inferred      flip-flop                    
accel/mem/mem_b1_reg_46__12_                             inferred      flip-flop                    
accel/mem/mem_b1_reg_46__13_                             inferred      flip-flop                    
accel/mem/mem_b1_reg_46__14_                             inferred      flip-flop                    
accel/mem/mem_b1_reg_46__15_                             inferred      flip-flop                    
accel/mem/mem_b1_reg_46__16_                             inferred      flip-flop                    
accel/mem/mem_b1_reg_46__17_                             inferred      flip-flop                    
accel/mem/mem_b1_reg_46__18_                             inferred      flip-flop                    
accel/mem/mem_b1_reg_46__19_                             inferred      flip-flop                    
accel/mem/mem_b1_reg_46__20_                             inferred      flip-flop                    
accel/mem/mem_b1_reg_46__21_                             inferred      flip-flop                    
accel/mem/mem_b1_reg_46__22_                             inferred      flip-flop                    
accel/mem/mem_b1_reg_46__23_                             inferred      flip-flop                    
accel/mem/mem_b1_reg_47__0_                              inferred      flip-flop                    
accel/mem/mem_b1_reg_47__1_                              inferred      flip-flop                    
accel/mem/mem_b1_reg_47__2_                              inferred      flip-flop                    
accel/mem/mem_b1_reg_47__3_                              inferred      flip-flop                    
accel/mem/mem_b1_reg_47__4_                              inferred      flip-flop                    
accel/mem/mem_b1_reg_47__5_                              inferred      flip-flop                    
accel/mem/mem_b1_reg_47__6_                              inferred      flip-flop                    
accel/mem/mem_b1_reg_47__7_                              inferred      flip-flop                    
accel/mem/mem_b1_reg_47__9_                              inferred      flip-flop                    
accel/mem/mem_b1_reg_47__10_                             inferred      flip-flop                    
accel/mem/mem_b1_reg_47__11_                             inferred      flip-flop                    
accel/mem/mem_b1_reg_47__12_                             inferred      flip-flop                    
accel/mem/mem_b1_reg_47__13_                             inferred      flip-flop                    
accel/mem/mem_b1_reg_47__14_                             inferred      flip-flop                    
accel/mem/mem_b1_reg_47__15_                             inferred      flip-flop                    
accel/mem/mem_b1_reg_47__16_                             inferred      flip-flop                    
accel/mem/mem_b1_reg_47__17_                             inferred      flip-flop                    
accel/mem/mem_b1_reg_47__18_                             inferred      flip-flop                    
accel/mem/mem_b1_reg_47__19_                             inferred      flip-flop                    
accel/mem/mem_b1_reg_47__20_                             inferred      flip-flop                    
accel/mem/mem_b1_reg_47__21_                             inferred      flip-flop                    
accel/mem/mem_b1_reg_47__22_                             inferred      flip-flop                    
accel/mem/mem_b1_reg_47__23_                             inferred      flip-flop                    
accel/mem/mem_b1_reg_48__0_                              inferred      flip-flop                    
accel/mem/mem_b1_reg_48__1_                              inferred      flip-flop                    
accel/mem/mem_b1_reg_48__2_                              inferred      flip-flop                    
accel/mem/mem_b1_reg_48__3_                              inferred      flip-flop                    
accel/mem/mem_b1_reg_48__4_                              inferred      flip-flop                    
accel/mem/mem_b1_reg_48__5_                              inferred      flip-flop                    
accel/mem/mem_b1_reg_48__6_                              inferred      flip-flop                    
accel/mem/mem_b1_reg_48__7_                              inferred      flip-flop                    
accel/mem/mem_b1_reg_48__9_                              inferred      flip-flop                    
accel/mem/mem_b1_reg_48__10_                             inferred      flip-flop                    
accel/mem/mem_b1_reg_48__11_                             inferred      flip-flop                    
accel/mem/mem_b1_reg_48__12_                             inferred      flip-flop                    
accel/mem/mem_b1_reg_48__13_                             inferred      flip-flop                    
accel/mem/mem_b1_reg_48__14_                             inferred      flip-flop                    
accel/mem/mem_b1_reg_48__15_                             inferred      flip-flop                    
accel/mem/mem_b1_reg_48__16_                             inferred      flip-flop                    
accel/mem/mem_b1_reg_48__17_                             inferred      flip-flop                    
accel/mem/mem_b1_reg_48__18_                             inferred      flip-flop                    
accel/mem/mem_b1_reg_48__19_                             inferred      flip-flop                    
accel/mem/mem_b1_reg_48__20_                             inferred      flip-flop                    
accel/mem/mem_b1_reg_48__21_                             inferred      flip-flop                    
accel/mem/mem_b1_reg_48__22_                             inferred      flip-flop                    
accel/mem/mem_b1_reg_48__23_                             inferred      flip-flop                    
accel/mem/mem_b1_reg_49__0_                              inferred      flip-flop                    
accel/mem/mem_b1_reg_49__1_                              inferred      flip-flop                    
accel/mem/mem_b1_reg_49__2_                              inferred      flip-flop                    
accel/mem/mem_b1_reg_49__3_                              inferred      flip-flop                    
accel/mem/mem_b1_reg_49__4_                              inferred      flip-flop                    
accel/mem/mem_b1_reg_49__5_                              inferred      flip-flop                    
accel/mem/mem_b1_reg_49__6_                              inferred      flip-flop                    
accel/mem/mem_b1_reg_49__7_                              inferred      flip-flop                    
accel/mem/mem_b1_reg_49__9_                              inferred      flip-flop                    
accel/mem/mem_b1_reg_49__10_                             inferred      flip-flop                    
accel/mem/mem_b1_reg_49__11_                             inferred      flip-flop                    
accel/mem/mem_b1_reg_49__12_                             inferred      flip-flop                    
accel/mem/mem_b1_reg_49__13_                             inferred      flip-flop                    
accel/mem/mem_b1_reg_49__14_                             inferred      flip-flop                    
accel/mem/mem_b1_reg_49__15_                             inferred      flip-flop                    
accel/mem/mem_b1_reg_49__16_                             inferred      flip-flop                    
accel/mem/mem_b1_reg_49__17_                             inferred      flip-flop                    
accel/mem/mem_b1_reg_49__18_                             inferred      flip-flop                    
accel/mem/mem_b1_reg_49__19_                             inferred      flip-flop                    
accel/mem/mem_b1_reg_49__20_                             inferred      flip-flop                    
accel/mem/mem_b1_reg_49__21_                             inferred      flip-flop                    
accel/mem/mem_b1_reg_49__22_                             inferred      flip-flop                    
accel/mem/mem_b1_reg_49__23_                             inferred      flip-flop                    
accel/mem/mem_b1_reg_50__0_                              inferred      flip-flop                    
accel/mem/mem_b1_reg_50__1_                              inferred      flip-flop                    
accel/mem/mem_b1_reg_50__2_                              inferred      flip-flop                    
accel/mem/mem_b1_reg_50__3_                              inferred      flip-flop                    
accel/mem/mem_b1_reg_50__4_                              inferred      flip-flop                    
accel/mem/mem_b1_reg_50__5_                              inferred      flip-flop                    
accel/mem/mem_b1_reg_50__6_                              inferred      flip-flop                    
accel/mem/mem_b1_reg_50__7_                              inferred      flip-flop                    
accel/mem/mem_b1_reg_50__9_                              inferred      flip-flop                    
accel/mem/mem_b1_reg_50__10_                             inferred      flip-flop                    
accel/mem/mem_b1_reg_50__11_                             inferred      flip-flop                    
accel/mem/mem_b1_reg_50__12_                             inferred      flip-flop                    
accel/mem/mem_b1_reg_50__13_                             inferred      flip-flop                    
accel/mem/mem_b1_reg_50__14_                             inferred      flip-flop                    
accel/mem/mem_b1_reg_50__15_                             inferred      flip-flop                    
accel/mem/mem_b1_reg_50__17_                             inferred      flip-flop                    
accel/mem/mem_b1_reg_50__18_                             inferred      flip-flop                    
accel/mem/mem_b1_reg_50__19_                             inferred      flip-flop                    
accel/mem/mem_b1_reg_50__20_                             inferred      flip-flop                    
accel/mem/mem_b1_reg_50__21_                             inferred      flip-flop                    
accel/mem/mem_b1_reg_50__22_                             inferred      flip-flop                    
accel/mem/mem_b1_reg_50__23_                             inferred      flip-flop                    
accel/mem/mem_b1_reg_51__0_                              inferred      flip-flop                    
accel/mem/mem_b1_reg_51__1_                              inferred      flip-flop                    
accel/mem/mem_b1_reg_51__2_                              inferred      flip-flop                    
accel/mem/mem_b1_reg_51__3_                              inferred      flip-flop                    
accel/mem/mem_b1_reg_51__4_                              inferred      flip-flop                    
accel/mem/mem_b1_reg_51__5_                              inferred      flip-flop                    
accel/mem/mem_b1_reg_51__7_                              inferred      flip-flop                    
accel/mem/mem_b1_reg_51__9_                              inferred      flip-flop                    
accel/mem/mem_b1_reg_51__10_                             inferred      flip-flop                    
accel/mem/mem_b1_reg_51__11_                             inferred      flip-flop                    
accel/mem/mem_b1_reg_51__12_                             inferred      flip-flop                    
accel/mem/mem_b1_reg_51__13_                             inferred      flip-flop                    
accel/mem/mem_b1_reg_51__14_                             inferred      flip-flop                    
accel/mem/mem_b1_reg_51__15_                             inferred      flip-flop                    
accel/mem/mem_b1_reg_51__16_                             inferred      flip-flop                    
accel/mem/mem_b1_reg_51__17_                             inferred      flip-flop                    
accel/mem/mem_b1_reg_51__18_                             inferred      flip-flop                    
accel/mem/mem_b1_reg_51__19_                             inferred      flip-flop                    
accel/mem/mem_b1_reg_51__20_                             inferred      flip-flop                    
accel/mem/mem_b1_reg_51__21_                             inferred      flip-flop                    
accel/mem/mem_b1_reg_51__23_                             inferred      flip-flop                    
accel/mem/mem_b1_reg_52__0_                              inferred      flip-flop                    
accel/mem/mem_b1_reg_52__1_                              inferred      flip-flop                    
accel/mem/mem_b1_reg_52__2_                              inferred      flip-flop                    
accel/mem/mem_b1_reg_52__3_                              inferred      flip-flop                    
accel/mem/mem_b1_reg_52__4_                              inferred      flip-flop                    
accel/mem/mem_b1_reg_52__5_                              inferred      flip-flop                    
accel/mem/mem_b1_reg_52__6_                              inferred      flip-flop                    
accel/mem/mem_b1_reg_52__7_                              inferred      flip-flop                    
accel/mem/mem_b1_reg_52__9_                              inferred      flip-flop                    
accel/mem/mem_b1_reg_52__10_                             inferred      flip-flop                    
accel/mem/mem_b1_reg_52__11_                             inferred      flip-flop                    
accel/mem/mem_b1_reg_52__12_                             inferred      flip-flop                    
accel/mem/mem_b1_reg_52__13_                             inferred      flip-flop                    
accel/mem/mem_b1_reg_52__14_                             inferred      flip-flop                    
accel/mem/mem_b1_reg_52__15_                             inferred      flip-flop                    
accel/mem/mem_b1_reg_52__16_                             inferred      flip-flop                    
accel/mem/mem_b1_reg_52__18_                             inferred      flip-flop                    
accel/mem/mem_b1_reg_52__19_                             inferred      flip-flop                    
accel/mem/mem_b1_reg_52__20_                             inferred      flip-flop                    
accel/mem/mem_b1_reg_52__21_                             inferred      flip-flop                    
accel/mem/mem_b1_reg_52__22_                             inferred      flip-flop                    
accel/mem/mem_b1_reg_52__23_                             inferred      flip-flop                    
accel/mem/mem_b1_reg_53__0_                              inferred      flip-flop                    
accel/mem/mem_b1_reg_53__1_                              inferred      flip-flop                    
accel/mem/mem_b1_reg_53__2_                              inferred      flip-flop                    
accel/mem/mem_b1_reg_53__3_                              inferred      flip-flop                    
accel/mem/mem_b1_reg_53__4_                              inferred      flip-flop                    
accel/mem/mem_b1_reg_53__5_                              inferred      flip-flop                    
accel/mem/mem_b1_reg_53__6_                              inferred      flip-flop                    
accel/mem/mem_b1_reg_53__7_                              inferred      flip-flop                    
accel/mem/mem_b1_reg_53__9_                              inferred      flip-flop                    
accel/mem/mem_b1_reg_53__10_                             inferred      flip-flop                    
accel/mem/mem_b1_reg_53__11_                             inferred      flip-flop                    
accel/mem/mem_b1_reg_53__12_                             inferred      flip-flop                    
accel/mem/mem_b1_reg_53__13_                             inferred      flip-flop                    
accel/mem/mem_b1_reg_53__14_                             inferred      flip-flop                    
accel/mem/mem_b1_reg_53__15_                             inferred      flip-flop                    
accel/mem/mem_b1_reg_53__16_                             inferred      flip-flop                    
accel/mem/mem_b1_reg_53__17_                             inferred      flip-flop                    
accel/mem/mem_b1_reg_53__18_                             inferred      flip-flop                    
accel/mem/mem_b1_reg_53__19_                             inferred      flip-flop                    
accel/mem/mem_b1_reg_53__20_                             inferred      flip-flop                    
accel/mem/mem_b1_reg_53__21_                             inferred      flip-flop                    
accel/mem/mem_b1_reg_53__22_                             inferred      flip-flop                    
accel/mem/mem_b1_reg_53__23_                             inferred      flip-flop                    
accel/mem/mem_b1_reg_54__0_                              inferred      flip-flop                    
accel/mem/mem_b1_reg_54__1_                              inferred      flip-flop                    
accel/mem/mem_b1_reg_54__2_                              inferred      flip-flop                    
accel/mem/mem_b1_reg_54__3_                              inferred      flip-flop                    
accel/mem/mem_b1_reg_54__4_                              inferred      flip-flop                    
accel/mem/mem_b1_reg_54__5_                              inferred      flip-flop                    
accel/mem/mem_b1_reg_54__6_                              inferred      flip-flop                    
accel/mem/mem_b1_reg_54__7_                              inferred      flip-flop                    
accel/mem/mem_b1_reg_54__9_                              inferred      flip-flop                    
accel/mem/mem_b1_reg_54__10_                             inferred      flip-flop                    
accel/mem/mem_b1_reg_54__11_                             inferred      flip-flop                    
accel/mem/mem_b1_reg_54__12_                             inferred      flip-flop                    
accel/mem/mem_b1_reg_54__13_                             inferred      flip-flop                    
accel/mem/mem_b1_reg_54__14_                             inferred      flip-flop                    
accel/mem/mem_b1_reg_54__15_                             inferred      flip-flop                    
accel/mem/mem_b1_reg_54__17_                             inferred      flip-flop                    
accel/mem/mem_b1_reg_54__18_                             inferred      flip-flop                    
accel/mem/mem_b1_reg_54__19_                             inferred      flip-flop                    
accel/mem/mem_b1_reg_54__20_                             inferred      flip-flop                    
accel/mem/mem_b1_reg_54__21_                             inferred      flip-flop                    
accel/mem/mem_b1_reg_54__22_                             inferred      flip-flop                    
accel/mem/mem_b1_reg_54__23_                             inferred      flip-flop                    
accel/mem/mem_b1_reg_55__0_                              inferred      flip-flop                    
accel/mem/mem_b1_reg_55__1_                              inferred      flip-flop                    
accel/mem/mem_b1_reg_55__2_                              inferred      flip-flop                    
accel/mem/mem_b1_reg_55__3_                              inferred      flip-flop                    
accel/mem/mem_b1_reg_55__4_                              inferred      flip-flop                    
accel/mem/mem_b1_reg_55__5_                              inferred      flip-flop                    
accel/mem/mem_b1_reg_55__7_                              inferred      flip-flop                    
accel/mem/mem_b1_reg_55__9_                              inferred      flip-flop                    
accel/mem/mem_b1_reg_55__10_                             inferred      flip-flop                    
accel/mem/mem_b1_reg_55__11_                             inferred      flip-flop                    
accel/mem/mem_b1_reg_55__12_                             inferred      flip-flop                    
accel/mem/mem_b1_reg_55__13_                             inferred      flip-flop                    
accel/mem/mem_b1_reg_55__14_                             inferred      flip-flop                    
accel/mem/mem_b1_reg_55__15_                             inferred      flip-flop                    
accel/mem/mem_b1_reg_55__16_                             inferred      flip-flop                    
accel/mem/mem_b1_reg_55__17_                             inferred      flip-flop                    
accel/mem/mem_b1_reg_55__18_                             inferred      flip-flop                    
accel/mem/mem_b1_reg_55__19_                             inferred      flip-flop                    
accel/mem/mem_b1_reg_55__20_                             inferred      flip-flop                    
accel/mem/mem_b1_reg_55__21_                             inferred      flip-flop                    
accel/mem/mem_b1_reg_55__23_                             inferred      flip-flop                    
accel/mem/mem_b1_reg_56__0_                              inferred      flip-flop                    
accel/mem/mem_b1_reg_56__1_                              inferred      flip-flop                    
accel/mem/mem_b1_reg_56__2_                              inferred      flip-flop                    
accel/mem/mem_b1_reg_56__3_                              inferred      flip-flop                    
accel/mem/mem_b1_reg_56__4_                              inferred      flip-flop                    
accel/mem/mem_b1_reg_56__5_                              inferred      flip-flop                    
accel/mem/mem_b1_reg_56__6_                              inferred      flip-flop                    
accel/mem/mem_b1_reg_56__7_                              inferred      flip-flop                    
accel/mem/mem_b1_reg_56__9_                              inferred      flip-flop                    
accel/mem/mem_b1_reg_56__10_                             inferred      flip-flop                    
accel/mem/mem_b1_reg_56__11_                             inferred      flip-flop                    
accel/mem/mem_b1_reg_56__12_                             inferred      flip-flop                    
accel/mem/mem_b1_reg_56__13_                             inferred      flip-flop                    
accel/mem/mem_b1_reg_56__14_                             inferred      flip-flop                    
accel/mem/mem_b1_reg_56__15_                             inferred      flip-flop                    
accel/mem/mem_b1_reg_56__16_                             inferred      flip-flop                    
accel/mem/mem_b1_reg_56__17_                             inferred      flip-flop                    
accel/mem/mem_b1_reg_56__18_                             inferred      flip-flop                    
accel/mem/mem_b1_reg_56__19_                             inferred      flip-flop                    
accel/mem/mem_b1_reg_56__20_                             inferred      flip-flop                    
accel/mem/mem_b1_reg_56__21_                             inferred      flip-flop                    
accel/mem/mem_b1_reg_56__22_                             inferred      flip-flop                    
accel/mem/mem_b1_reg_56__23_                             inferred      flip-flop                    
accel/mem/mem_b1_reg_57__0_                              inferred      flip-flop                    
accel/mem/mem_b1_reg_57__1_                              inferred      flip-flop                    
accel/mem/mem_b1_reg_57__2_                              inferred      flip-flop                    
accel/mem/mem_b1_reg_57__3_                              inferred      flip-flop                    
accel/mem/mem_b1_reg_57__4_                              inferred      flip-flop                    
accel/mem/mem_b1_reg_57__5_                              inferred      flip-flop                    
accel/mem/mem_b1_reg_57__6_                              inferred      flip-flop                    
accel/mem/mem_b1_reg_57__7_                              inferred      flip-flop                    
accel/mem/mem_b1_reg_57__9_                              inferred      flip-flop                    
accel/mem/mem_b1_reg_57__10_                             inferred      flip-flop                    
accel/mem/mem_b1_reg_57__11_                             inferred      flip-flop                    
accel/mem/mem_b1_reg_57__12_                             inferred      flip-flop                    
accel/mem/mem_b1_reg_57__13_                             inferred      flip-flop                    
accel/mem/mem_b1_reg_57__14_                             inferred      flip-flop                    
accel/mem/mem_b1_reg_57__15_                             inferred      flip-flop                    
accel/mem/mem_b1_reg_57__16_                             inferred      flip-flop                    
accel/mem/mem_b1_reg_57__17_                             inferred      flip-flop                    
accel/mem/mem_b1_reg_57__18_                             inferred      flip-flop                    
accel/mem/mem_b1_reg_57__19_                             inferred      flip-flop                    
accel/mem/mem_b1_reg_57__20_                             inferred      flip-flop                    
accel/mem/mem_b1_reg_57__21_                             inferred      flip-flop                    
accel/mem/mem_b1_reg_57__22_                             inferred      flip-flop                    
accel/mem/mem_b1_reg_57__23_                             inferred      flip-flop                    
accel/mem/mem_b1_reg_58__0_                              inferred      flip-flop                    
accel/mem/mem_b1_reg_58__1_                              inferred      flip-flop                    
accel/mem/mem_b1_reg_58__2_                              inferred      flip-flop                    
accel/mem/mem_b1_reg_58__3_                              inferred      flip-flop                    
accel/mem/mem_b1_reg_58__4_                              inferred      flip-flop                    
accel/mem/mem_b1_reg_58__5_                              inferred      flip-flop                    
accel/mem/mem_b1_reg_58__6_                              inferred      flip-flop                    
accel/mem/mem_b1_reg_58__7_                              inferred      flip-flop                    
accel/mem/mem_b1_reg_58__9_                              inferred      flip-flop                    
accel/mem/mem_b1_reg_58__10_                             inferred      flip-flop                    
accel/mem/mem_b1_reg_58__11_                             inferred      flip-flop                    
accel/mem/mem_b1_reg_58__12_                             inferred      flip-flop                    
accel/mem/mem_b1_reg_58__13_                             inferred      flip-flop                    
accel/mem/mem_b1_reg_58__14_                             inferred      flip-flop                    
accel/mem/mem_b1_reg_58__15_                             inferred      flip-flop                    
accel/mem/mem_b1_reg_58__17_                             inferred      flip-flop                    
accel/mem/mem_b1_reg_58__18_                             inferred      flip-flop                    
accel/mem/mem_b1_reg_58__19_                             inferred      flip-flop                    
accel/mem/mem_b1_reg_58__20_                             inferred      flip-flop                    
accel/mem/mem_b1_reg_58__21_                             inferred      flip-flop                    
accel/mem/mem_b1_reg_58__22_                             inferred      flip-flop                    
accel/mem/mem_b1_reg_58__23_                             inferred      flip-flop                    
accel/mem/mem_b1_reg_59__0_                              inferred      flip-flop                    
accel/mem/mem_b1_reg_59__1_                              inferred      flip-flop                    
accel/mem/mem_b1_reg_59__2_                              inferred      flip-flop                    
accel/mem/mem_b1_reg_59__3_                              inferred      flip-flop                    
accel/mem/mem_b1_reg_59__4_                              inferred      flip-flop                    
accel/mem/mem_b1_reg_59__5_                              inferred      flip-flop                    
accel/mem/mem_b1_reg_59__7_                              inferred      flip-flop                    
accel/mem/mem_b1_reg_59__9_                              inferred      flip-flop                    
accel/mem/mem_b1_reg_59__10_                             inferred      flip-flop                    
accel/mem/mem_b1_reg_59__11_                             inferred      flip-flop                    
accel/mem/mem_b1_reg_59__12_                             inferred      flip-flop                    
accel/mem/mem_b1_reg_59__13_                             inferred      flip-flop                    
accel/mem/mem_b1_reg_59__14_                             inferred      flip-flop                    
accel/mem/mem_b1_reg_59__15_                             inferred      flip-flop                    
accel/mem/mem_b1_reg_59__16_                             inferred      flip-flop                    
accel/mem/mem_b1_reg_59__17_                             inferred      flip-flop                    
accel/mem/mem_b1_reg_59__18_                             inferred      flip-flop                    
accel/mem/mem_b1_reg_59__19_                             inferred      flip-flop                    
accel/mem/mem_b1_reg_59__20_                             inferred      flip-flop                    
accel/mem/mem_b1_reg_59__21_                             inferred      flip-flop                    
accel/mem/mem_b1_reg_59__23_                             inferred      flip-flop                    
accel/mem/mem_b1_reg_60__0_                              inferred      flip-flop                    
accel/mem/mem_b1_reg_60__1_                              inferred      flip-flop                    
accel/mem/mem_b1_reg_60__2_                              inferred      flip-flop                    
accel/mem/mem_b1_reg_60__3_                              inferred      flip-flop                    
accel/mem/mem_b1_reg_60__4_                              inferred      flip-flop                    
accel/mem/mem_b1_reg_60__5_                              inferred      flip-flop                    
accel/mem/mem_b1_reg_60__6_                              inferred      flip-flop                    
accel/mem/mem_b1_reg_60__7_                              inferred      flip-flop                    
accel/mem/mem_b1_reg_60__9_                              inferred      flip-flop                    
accel/mem/mem_b1_reg_60__10_                             inferred      flip-flop                    
accel/mem/mem_b1_reg_60__11_                             inferred      flip-flop                    
accel/mem/mem_b1_reg_60__12_                             inferred      flip-flop                    
accel/mem/mem_b1_reg_60__13_                             inferred      flip-flop                    
accel/mem/mem_b1_reg_60__14_                             inferred      flip-flop                    
accel/mem/mem_b1_reg_60__15_                             inferred      flip-flop                    
accel/mem/mem_b1_reg_60__16_                             inferred      flip-flop                    
accel/mem/mem_b1_reg_60__17_                             inferred      flip-flop                    
accel/mem/mem_b1_reg_60__18_                             inferred      flip-flop                    
accel/mem/mem_b1_reg_60__19_                             inferred      flip-flop                    
accel/mem/mem_b1_reg_60__20_                             inferred      flip-flop                    
accel/mem/mem_b1_reg_60__21_                             inferred      flip-flop                    
accel/mem/mem_b1_reg_60__22_                             inferred      flip-flop                    
accel/mem/mem_b1_reg_60__23_                             inferred      flip-flop                    
accel/mem/mem_b1_reg_61__0_                              inferred      flip-flop                    
accel/mem/mem_b1_reg_61__1_                              inferred      flip-flop                    
accel/mem/mem_b1_reg_61__2_                              inferred      flip-flop                    
accel/mem/mem_b1_reg_61__3_                              inferred      flip-flop                    
accel/mem/mem_b1_reg_61__4_                              inferred      flip-flop                    
accel/mem/mem_b1_reg_61__5_                              inferred      flip-flop                    
accel/mem/mem_b1_reg_61__6_                              inferred      flip-flop                    
accel/mem/mem_b1_reg_61__7_                              inferred      flip-flop                    
accel/mem/mem_b1_reg_61__9_                              inferred      flip-flop                    
accel/mem/mem_b1_reg_61__10_                             inferred      flip-flop                    
accel/mem/mem_b1_reg_61__11_                             inferred      flip-flop                    
accel/mem/mem_b1_reg_61__12_                             inferred      flip-flop                    
accel/mem/mem_b1_reg_61__13_                             inferred      flip-flop                    
accel/mem/mem_b1_reg_61__14_                             inferred      flip-flop                    
accel/mem/mem_b1_reg_61__15_                             inferred      flip-flop                    
accel/mem/mem_b1_reg_61__16_                             inferred      flip-flop                    
accel/mem/mem_b1_reg_61__17_                             inferred      flip-flop                    
accel/mem/mem_b1_reg_61__18_                             inferred      flip-flop                    
accel/mem/mem_b1_reg_61__19_                             inferred      flip-flop                    
accel/mem/mem_b1_reg_61__20_                             inferred      flip-flop                    
accel/mem/mem_b1_reg_61__21_                             inferred      flip-flop                    
accel/mem/mem_b1_reg_61__22_                             inferred      flip-flop                    
accel/mem/mem_b1_reg_61__23_                             inferred      flip-flop                    
accel/mem/mem_b1_reg_62__0_                              inferred      flip-flop                    
accel/mem/mem_b1_reg_62__1_                              inferred      flip-flop                    
accel/mem/mem_b1_reg_62__2_                              inferred      flip-flop                    
accel/mem/mem_b1_reg_62__3_                              inferred      flip-flop                    
accel/mem/mem_b1_reg_62__4_                              inferred      flip-flop                    
accel/mem/mem_b1_reg_62__5_                              inferred      flip-flop                    
accel/mem/mem_b1_reg_62__6_                              inferred      flip-flop                    
accel/mem/mem_b1_reg_62__7_                              inferred      flip-flop                    
accel/mem/mem_b1_reg_62__9_                              inferred      flip-flop                    
accel/mem/mem_b1_reg_62__10_                             inferred      flip-flop                    
accel/mem/mem_b1_reg_62__11_                             inferred      flip-flop                    
accel/mem/mem_b1_reg_62__12_                             inferred      flip-flop                    
accel/mem/mem_b1_reg_62__13_                             inferred      flip-flop                    
accel/mem/mem_b1_reg_62__14_                             inferred      flip-flop                    
accel/mem/mem_b1_reg_62__15_                             inferred      flip-flop                    
accel/mem/mem_b1_reg_62__17_                             inferred      flip-flop                    
accel/mem/mem_b1_reg_62__18_                             inferred      flip-flop                    
accel/mem/mem_b1_reg_62__19_                             inferred      flip-flop                    
accel/mem/mem_b1_reg_62__20_                             inferred      flip-flop                    
accel/mem/mem_b1_reg_62__21_                             inferred      flip-flop                    
accel/mem/mem_b1_reg_62__22_                             inferred      flip-flop                    
accel/mem/mem_b1_reg_62__23_                             inferred      flip-flop                    
accel/mem/mem_b1_reg_63__0_                              inferred      flip-flop                    
accel/mem/mem_b1_reg_63__1_                              inferred      flip-flop                    
accel/mem/mem_b1_reg_63__2_                              inferred      flip-flop                    
accel/mem/mem_b1_reg_63__3_                              inferred      flip-flop                    
accel/mem/mem_b1_reg_63__4_                              inferred      flip-flop                    
accel/mem/mem_b1_reg_63__5_                              inferred      flip-flop                    
accel/mem/mem_b1_reg_63__7_                              inferred      flip-flop                    
accel/mem/mem_b1_reg_63__9_                              inferred      flip-flop                    
accel/mem/mem_b1_reg_63__10_                             inferred      flip-flop                    
accel/mem/mem_b1_reg_63__11_                             inferred      flip-flop                    
accel/mem/mem_b1_reg_63__12_                             inferred      flip-flop                    
accel/mem/mem_b1_reg_63__13_                             inferred      flip-flop                    
accel/mem/mem_b1_reg_63__14_                             inferred      flip-flop                    
accel/mem/mem_b1_reg_63__15_                             inferred      flip-flop                    
accel/mem/mem_b1_reg_63__16_                             inferred      flip-flop                    
accel/mem/mem_b1_reg_63__17_                             inferred      flip-flop                    
accel/mem/mem_b1_reg_63__18_                             inferred      flip-flop                    
accel/mem/mem_b1_reg_63__19_                             inferred      flip-flop                    
accel/mem/mem_b1_reg_63__20_                             inferred      flip-flop                    
accel/mem/mem_b1_reg_63__21_                             inferred      flip-flop                    
accel/mem/mem_b1_reg_63__23_                             inferred      flip-flop                    
accel/mem/mem_b0_reg_22__1_                              inferred      flip-flop                    
accel/mem/mem_b0_reg_31__0_                              inferred      flip-flop                    
accel/mem/mem_b0_reg_50__6_                              inferred      flip-flop                    
accel/mem/mem_b0_reg_50__7_                              inferred      flip-flop                    
accel/mem/mem_b0_reg_50__17_                             inferred      flip-flop                    
accel/mem/mem_b0_reg_51__21_                             inferred      flip-flop                    
accel/mem/mem_b0_reg_51__22_                             inferred      flip-flop                    
accel/mem/mem_b0_reg_51__23_                             inferred      flip-flop                    
accel/mem/mem_b0_reg_54__17_                             inferred      flip-flop                    
accel/mem/mem_b0_reg_55__6_                              inferred      flip-flop                    
accel/mem/mem_b0_reg_55__21_                             inferred      flip-flop                    
accel/mem/mem_b0_reg_55__22_                             inferred      flip-flop                    
accel/mem/mem_b0_reg_58__7_                              inferred      flip-flop                    
accel/mem/mem_b0_reg_58__17_                             inferred      flip-flop                    
accel/mem/mem_b0_reg_59__6_                              inferred      flip-flop                    
accel/mem/mem_b0_reg_59__21_                             inferred      flip-flop                    
accel/mem/mem_b0_reg_59__22_                             inferred      flip-flop                    
accel/mem/mem_b0_reg_62__6_                              inferred      flip-flop                    
accel/mem/mem_b0_reg_62__7_                              inferred      flip-flop                    
accel/mem/mem_b0_reg_62__17_                             inferred      flip-flop                    
accel/mem/mem_b0_reg_63__5_                              inferred      flip-flop                    
accel/mem/mem_b0_reg_63__21_                             inferred      flip-flop                    
accel/mem/mem_b0_reg_63__22_                             inferred      flip-flop                    
accel/mem/mem_b1_reg_19__0_                              inferred      flip-flop                    
accel/mem/mem_b1_reg_19__1_                              inferred      flip-flop                    
accel/mem/mem_b1_reg_19__17_                             inferred      flip-flop                    
accel/mem/mem_b1_reg_23__0_                              inferred      flip-flop                    
accel/mem/mem_b1_reg_23__1_                              inferred      flip-flop                    
accel/mem/mem_b1_reg_23__17_                             inferred      flip-flop                    
accel/mem/mem_b1_reg_27__0_                              inferred      flip-flop                    
accel/mem/mem_b1_reg_27__17_                             inferred      flip-flop                    
accel/mem/mem_b1_reg_31__0_                              inferred      flip-flop                    
accel/mem/mem_b1_reg_31__1_                              inferred      flip-flop                    
accel/mem/mem_b1_reg_31__17_                             inferred      flip-flop                    
accel/mem/mem_b1_reg_50__16_                             inferred      flip-flop                    
accel/mem/mem_b1_reg_51__6_                              inferred      flip-flop                    
accel/mem/mem_b1_reg_51__22_                             inferred      flip-flop                    
accel/mem/mem_b1_reg_54__16_                             inferred      flip-flop                    
accel/mem/mem_b1_reg_55__6_                              inferred      flip-flop                    
accel/mem/mem_b1_reg_55__22_                             inferred      flip-flop                    
accel/mem/mem_b1_reg_58__16_                             inferred      flip-flop                    
accel/mem/mem_b1_reg_59__6_                              inferred      flip-flop                    
accel/mem/mem_b1_reg_59__22_                             inferred      flip-flop                    
accel/mem/mem_b1_reg_62__16_                             inferred      flip-flop                    
accel/mem/mem_b1_reg_63__6_                              inferred      flip-flop                    
accel/mem/mem_b1_reg_63__22_                             inferred      flip-flop                    
accel/mem/mem_b0_reg_8__11_                              inferred      flip-flop                    
accel/mem/mem_b1_reg_52__17_                             inferred      flip-flop                    
accel/mem/mem_b0_reg_4__6_                               inferred      flip-flop                    
accel/mem/mem_b1_reg_8__19_                              inferred      flip-flop                    
accel/mem/mem_b1_reg_8__20_                              inferred      flip-flop                    
accel/mem/mem_b1_reg_8__22_                              inferred      flip-flop                    
accel/mem/mem_b1_reg_9__2_                               inferred      flip-flop                    
accel/mem/mem_b1_reg_9__3_                               inferred      flip-flop                    
accel/mem/mem_b1_reg_9__4_                               inferred      flip-flop                    
accel/mem/mem_b1_reg_36__12_                             inferred      flip-flop                    
accel/mem/mem_b1_reg_9__21_                              inferred      flip-flop                    
accel/mem/mem_b1_reg_9__23_                              inferred      flip-flop                    
accel/mem/mem_b1_reg_36__0_                              inferred      flip-flop                    
accel/mem/mem_b1_reg_36__1_                              inferred      flip-flop                    
accel/mem/mem_b1_reg_36__4_                              inferred      flip-flop                    
accel/mem/mem_b1_reg_36__7_                              inferred      flip-flop                    
accel/mem/mem_b1_reg_36__8_                              inferred      flip-flop                    
accel/mem/mem_b1_reg_36__9_                              inferred      flip-flop                    
accel/mem/mem_b1_reg_36__11_                             inferred      flip-flop                    
accel/mem/mem_b1_reg_36__13_                             inferred      flip-flop                    
accel/mem/mem_b1_reg_36__16_                             inferred      flip-flop                    
accel/mem/mem_b1_reg_36__17_                             inferred      flip-flop                    
accel/mem/mem_b1_reg_36__19_                             inferred      flip-flop                    
accel/mem/mem_b1_reg_36__20_                             inferred      flip-flop                    
accel/mem/mem_b1_reg_38__2_                              inferred      flip-flop                    
accel/mem/mem_b1_reg_8__18_                              inferred      flip-flop                    
accel/mem/mem_b1_reg_41__23_                             inferred      flip-flop                    
accel/mem/mem_b0_reg_4__21_                              inferred      flip-flop                    
accel/mem/mem_b0_reg_4__22_                              inferred      flip-flop                    
accel/mem/mem_b1_reg_8__13_                              inferred      flip-flop                    
accel/mem/mem_b0_reg_5__2_                               inferred      flip-flop                    
accel/mem/mem_b0_reg_5__4_                               inferred      flip-flop                    
accel/mem/mem_b0_reg_5__14_                              inferred      flip-flop                    
accel/mem/mem_b1_reg_8__9_                               inferred      flip-flop                    
accel/mem/mem_b0_reg_5__15_                              inferred      flip-flop                    
accel/mem/mem_b0_reg_5__18_                              inferred      flip-flop                    
accel/mem/mem_b0_reg_8__0_                               inferred      flip-flop                    
accel/mem/mem_b0_reg_8__1_                               inferred      flip-flop                    
accel/mem/mem_b0_reg_8__2_                               inferred      flip-flop                    
accel/mem/mem_b0_reg_8__3_                               inferred      flip-flop                    
accel/mem/mem_b0_reg_8__4_                               inferred      flip-flop                    
accel/mem/mem_b1_reg_5__15_                              inferred      flip-flop                    
accel/mem/mem_b0_reg_8__5_                               inferred      flip-flop                    
accel/mem/mem_b0_reg_8__6_                               inferred      flip-flop                    
accel/mem/mem_b0_reg_8__7_                               inferred      flip-flop                    
accel/mem/mem_b1_reg_4__23_                              inferred      flip-flop                    
accel/mem/mem_b0_reg_8__9_                               inferred      flip-flop                    
accel/mem/mem_b0_reg_8__10_                              inferred      flip-flop                    
accel/mem/mem_b0_reg_4__5_                               inferred      flip-flop                    
accel/mem/mem_b1_reg_8__16_                              inferred      flip-flop                    
accel/mem/mem_b0_reg_8__12_                              inferred      flip-flop                    
accel/mem/mem_b0_reg_8__16_                              inferred      flip-flop                    
accel/mem/mem_b0_reg_8__18_                              inferred      flip-flop                    
accel/mem/mem_b0_reg_8__19_                              inferred      flip-flop                    
accel/mem/mem_b0_reg_8__20_                              inferred      flip-flop                    
accel/mem/mem_b0_reg_8__21_                              inferred      flip-flop                    
accel/mem/mem_b0_reg_8__23_                              inferred      flip-flop                    
accel/mem/mem_b0_reg_36__20_                             inferred      flip-flop                    
accel/mem/mem_b0_reg_9__8_                               inferred      flip-flop                    
accel/mem/mem_b0_reg_9__13_                              inferred      flip-flop                    
accel/mem/mem_b0_reg_9__14_                              inferred      flip-flop                    
accel/mem/mem_b0_reg_36__12_                             inferred      flip-flop                    
accel/mem/mem_b0_reg_9__15_                              inferred      flip-flop                    
accel/mem/mem_b0_reg_9__22_                              inferred      flip-flop                    
accel/mem/mem_b0_reg_36__1_                              inferred      flip-flop                    
accel/mem/mem_b0_reg_36__3_                              inferred      flip-flop                    
accel/mem/mem_b0_reg_36__8_                              inferred      flip-flop                    
accel/mem/mem_b0_reg_36__10_                             inferred      flip-flop                    
accel/mem/mem_b0_reg_36__11_                             inferred      flip-flop                    
accel/mem/mem_b0_reg_36__13_                             inferred      flip-flop                    
accel/mem/mem_b0_reg_36__16_                             inferred      flip-flop                    
accel/mem/mem_b0_reg_36__17_                             inferred      flip-flop                    
accel/mem/mem_b0_reg_37__9_                              inferred      flip-flop                    
accel/mem/mem_b0_reg_38__0_                              inferred      flip-flop                    
accel/mem/mem_b0_reg_38__7_                              inferred      flip-flop                    
accel/mem/mem_b0_reg_40__19_                             inferred      flip-flop                    
accel/mem/mem_b0_reg_40__23_                             inferred      flip-flop                    
accel/mem/mem_b0_reg_41__22_                             inferred      flip-flop                    
accel/mem/mem_b0_reg_52__17_                             inferred      flip-flop                    
accel/mem/mem_b1_reg_4__6_                               inferred      flip-flop                    
accel/mem/mem_b1_reg_4__21_                              inferred      flip-flop                    
accel/mem/mem_b1_reg_4__22_                              inferred      flip-flop                    
accel/mem/mem_b1_reg_5__3_                               inferred      flip-flop                    
accel/mem/mem_b1_reg_5__10_                              inferred      flip-flop                    
accel/mem/mem_b1_reg_5__14_                              inferred      flip-flop                    
accel/mem/mem_b1_reg_5__18_                              inferred      flip-flop                    
accel/mem/mem_b1_reg_8__0_                               inferred      flip-flop                    
accel/mem/mem_b1_reg_8__1_                               inferred      flip-flop                    
accel/mem/mem_b1_reg_8__5_                               inferred      flip-flop                    
accel/mem/mem_b1_reg_8__6_                               inferred      flip-flop                    
accel/mem/mem_b1_reg_8__7_                               inferred      flip-flop                    
accel/mem/mem_b1_reg_8__8_                               inferred      flip-flop                    
accel/mem/mem_b1_reg_8__10_                              inferred      flip-flop                    
accel/mem/mem_b1_reg_8__11_                              inferred      flip-flop                    
accel/mem/mem_b1_reg_8__12_                              inferred      flip-flop                    
accel/mem/mem_b1_reg_8__14_                              inferred      flip-flop                    
accel/mem/mem_b1_reg_8__15_                              inferred      flip-flop                    
accel/mem/mem_b1_reg_4__5_                               inferred      flip-flop                    
accel/iomem_accel_reg_0__2_                              inferred      flip-flop synchronous reset  
accel/iomem_accel_reg_0__3_                              inferred      flip-flop synchronous reset  
accel/iomem_accel_reg_0__4_                              inferred      flip-flop synchronous reset  
accel/iomem_accel_reg_0__5_                              inferred      flip-flop synchronous reset  
accel/iomem_accel_reg_0__6_                              inferred      flip-flop synchronous reset  
accel/iomem_accel_reg_0__7_                              inferred      flip-flop synchronous reset  
accel/iomem_accel_reg_0__8_                              inferred      flip-flop synchronous reset  
accel/iomem_accel_reg_0__9_                              inferred      flip-flop synchronous reset  
accel/iomem_accel_reg_0__10_                             inferred      flip-flop synchronous reset  
accel/iomem_accel_reg_0__11_                             inferred      flip-flop synchronous reset  
accel/iomem_accel_reg_0__12_                             inferred      flip-flop synchronous reset  
accel/iomem_accel_reg_0__13_                             inferred      flip-flop synchronous reset  
accel/iomem_accel_reg_0__14_                             inferred      flip-flop synchronous reset  
accel/iomem_accel_reg_0__15_                             inferred      flip-flop synchronous reset  
accel/iomem_accel_reg_0__16_                             inferred      flip-flop synchronous reset  
accel/iomem_accel_reg_0__17_                             inferred      flip-flop synchronous reset  
accel/iomem_accel_reg_0__18_                             inferred      flip-flop synchronous reset  
accel/iomem_accel_reg_0__19_                             inferred      flip-flop synchronous reset  
accel/iomem_accel_reg_0__20_                             inferred      flip-flop synchronous reset  
accel/iomem_accel_reg_0__21_                             inferred      flip-flop synchronous reset  
accel/iomem_accel_reg_0__22_                             inferred      flip-flop synchronous reset  
accel/iomem_accel_reg_0__23_                             inferred      flip-flop synchronous reset  
accel/iomem_accel_reg_0__24_                             inferred      flip-flop synchronous reset  
accel/iomem_accel_reg_0__25_                             inferred      flip-flop synchronous reset  
accel/iomem_accel_reg_0__27_                             inferred      flip-flop synchronous reset  
accel/iomem_accel_reg_0__29_                             inferred      flip-flop synchronous reset  
accel/iomem_accel_reg_0__30_                             inferred      flip-flop synchronous reset  
accel/iomem_accel_reg_0__31_                             inferred      flip-flop synchronous reset  
accel/iomem_accel_reg_2__5_                              inferred      flip-flop synchronous reset  
accel/iomem_accel_reg_2__6_                              inferred      flip-flop synchronous reset  
accel/iomem_accel_reg_2__7_                              inferred      flip-flop synchronous reset  
accel/iomem_accel_reg_2__8_                              inferred      flip-flop synchronous reset  
accel/iomem_accel_reg_2__9_                              inferred      flip-flop synchronous reset  
accel/iomem_accel_reg_2__10_                             inferred      flip-flop synchronous reset  
accel/iomem_accel_reg_2__11_                             inferred      flip-flop synchronous reset  
accel/iomem_accel_reg_2__12_                             inferred      flip-flop synchronous reset  
accel/iomem_accel_reg_2__13_                             inferred      flip-flop synchronous reset  
accel/iomem_accel_reg_2__14_                             inferred      flip-flop synchronous reset  
accel/iomem_accel_reg_2__15_                             inferred      flip-flop synchronous reset  
accel/iomem_accel_reg_2__16_                             inferred      flip-flop synchronous reset  
accel/iomem_accel_reg_2__17_                             inferred      flip-flop synchronous reset  
accel/iomem_accel_reg_2__18_                             inferred      flip-flop synchronous reset  
accel/iomem_accel_reg_2__19_                             inferred      flip-flop synchronous reset  
accel/iomem_accel_reg_2__20_                             inferred      flip-flop synchronous reset  
accel/iomem_accel_reg_2__21_                             inferred      flip-flop synchronous reset  
accel/iomem_accel_reg_2__22_                             inferred      flip-flop synchronous reset  
accel/iomem_accel_reg_2__23_                             inferred      flip-flop synchronous reset  
accel/iomem_accel_reg_2__24_                             inferred      flip-flop synchronous reset  
accel/iomem_accel_reg_2__25_                             inferred      flip-flop synchronous reset  
accel/iomem_accel_reg_2__27_                             inferred      flip-flop synchronous reset  
accel/iomem_accel_reg_2__29_                             inferred      flip-flop synchronous reset  
accel/iomem_accel_reg_2__30_                             inferred      flip-flop synchronous reset  
accel/iomem_accel_reg_2__31_                             inferred      flip-flop synchronous reset  
accel/iomem_accel_reg_3__6_                              inferred      flip-flop synchronous reset  
accel/iomem_accel_reg_3__7_                              inferred      flip-flop synchronous reset  
accel/iomem_accel_reg_3__8_                              inferred      flip-flop synchronous reset  
accel/iomem_accel_reg_3__9_                              inferred      flip-flop synchronous reset  
accel/iomem_accel_reg_3__10_                             inferred      flip-flop synchronous reset  
accel/iomem_accel_reg_3__11_                             inferred      flip-flop synchronous reset  
accel/iomem_accel_reg_3__12_                             inferred      flip-flop synchronous reset  
accel/iomem_accel_reg_3__13_                             inferred      flip-flop synchronous reset  
accel/iomem_accel_reg_3__14_                             inferred      flip-flop synchronous reset  
accel/iomem_accel_reg_3__15_                             inferred      flip-flop synchronous reset  
accel/iomem_accel_reg_3__16_                             inferred      flip-flop synchronous reset  
accel/iomem_accel_reg_3__17_                             inferred      flip-flop synchronous reset  
accel/iomem_accel_reg_3__18_                             inferred      flip-flop synchronous reset  
accel/iomem_accel_reg_3__19_                             inferred      flip-flop synchronous reset  
accel/iomem_accel_reg_3__20_                             inferred      flip-flop synchronous reset  
accel/iomem_accel_reg_3__21_                             inferred      flip-flop synchronous reset  
accel/iomem_accel_reg_3__22_                             inferred      flip-flop synchronous reset  
accel/iomem_accel_reg_3__23_                             inferred      flip-flop synchronous reset  
accel/iomem_accel_reg_3__24_                             inferred      flip-flop synchronous reset  
accel/iomem_accel_reg_3__25_                             inferred      flip-flop synchronous reset  
accel/iomem_accel_reg_3__27_                             inferred      flip-flop synchronous reset  
accel/iomem_accel_reg_3__29_                             inferred      flip-flop synchronous reset  
accel/iomem_accel_reg_3__30_                             inferred      flip-flop synchronous reset  
accel/iomem_accel_reg_3__31_                             inferred      flip-flop synchronous reset  
accel/iomem_conf_rdata_reg_0_                            inferred      flip-flop                    
accel/iomem_conf_rdata_reg_1_                            inferred      flip-flop                    
accel/iomem_conf_rdata_reg_2_                            inferred      flip-flop                    
accel/iomem_conf_rdata_reg_3_                            inferred      flip-flop                    
accel/iomem_conf_rdata_reg_4_                            inferred      flip-flop                    
accel/iomem_conf_rdata_reg_5_                            inferred      flip-flop                    
accel/iomem_conf_rdata_reg_6_                            inferred      flip-flop                    
accel/iomem_conf_rdata_reg_7_                            inferred      flip-flop                    
accel/iomem_conf_rdata_reg_8_                            inferred      flip-flop                    
accel/iomem_conf_rdata_reg_9_                            inferred      flip-flop                    
accel/iomem_conf_rdata_reg_10_                           inferred      flip-flop                    
accel/iomem_conf_rdata_reg_11_                           inferred      flip-flop                    
accel/iomem_conf_rdata_reg_12_                           inferred      flip-flop                    
accel/iomem_conf_rdata_reg_13_                           inferred      flip-flop                    
accel/iomem_conf_rdata_reg_14_                           inferred      flip-flop                    
accel/iomem_conf_rdata_reg_15_                           inferred      flip-flop                    
accel/iomem_conf_rdata_reg_16_                           inferred      flip-flop                    
accel/iomem_conf_rdata_reg_17_                           inferred      flip-flop                    
accel/iomem_conf_rdata_reg_18_                           inferred      flip-flop                    
accel/iomem_conf_rdata_reg_19_                           inferred      flip-flop                    
accel/iomem_conf_rdata_reg_20_                           inferred      flip-flop                    
accel/iomem_conf_rdata_reg_21_                           inferred      flip-flop                    
accel/iomem_conf_rdata_reg_22_                           inferred      flip-flop                    
accel/iomem_conf_rdata_reg_23_                           inferred      flip-flop                    
accel/iomem_conf_rdata_reg_24_                           inferred      flip-flop                    
accel/iomem_conf_rdata_reg_25_                           inferred      flip-flop                    
accel/iomem_conf_rdata_reg_27_                           inferred      flip-flop                    
accel/iomem_conf_rdata_reg_29_                           inferred      flip-flop                    
accel/iomem_conf_rdata_reg_30_                           inferred      flip-flop                    
accel/iomem_conf_rdata_reg_31_                           inferred      flip-flop                    
accel/iomem_conf_rdata_reg_26_                           inferred      flip-flop                    
accel/iomem_conf_rdata_reg_28_                           inferred      flip-flop                    
accel/iomem_mem_ready_reg                                inferred      flip-flop synchronous reset  
accel/iomem_conf_ready_reg                               inferred      flip-flop                    
accel/iomem_accel_reg_0__1_                              inferred      flip-flop synchronous reset  
accel/iomem_accel_reg_0__0_                              inferred      flip-flop synchronous reset  
accel/iomem_accel_reg_0__26_                             inferred      flip-flop                    
accel/iomem_accel_reg_0__28_                             inferred      flip-flop                    
accel/iomem_accel_reg_1__16_                             inferred      flip-flop                    
accel/iomem_accel_reg_1__18_                             inferred      flip-flop                    
accel/iomem_accel_reg_1__19_                             inferred      flip-flop                    
accel/iomem_accel_reg_1__21_                             inferred      flip-flop                    
accel/iomem_accel_reg_1__23_                             inferred      flip-flop                    
accel/iomem_accel_reg_1__26_                             inferred      flip-flop                    
accel/iomem_accel_reg_1__27_                             inferred      flip-flop                    
accel/iomem_accel_reg_1__28_                             inferred      flip-flop                    
accel/iomem_accel_reg_2__0_                              inferred      flip-flop synchronous reset  
accel/iomem_accel_reg_2__1_                              inferred      flip-flop synchronous reset  
accel/iomem_accel_reg_2__3_                              inferred      flip-flop                    
accel/iomem_accel_reg_2__4_                              inferred      flip-flop synchronous reset  
accel/iomem_accel_reg_2__26_                             inferred      flip-flop                    
accel/iomem_accel_reg_2__28_                             inferred      flip-flop                    
accel/iomem_accel_reg_3__0_                              inferred      flip-flop                    
accel/iomem_accel_reg_3__1_                              inferred      flip-flop                    
accel/iomem_accel_reg_3__2_                              inferred      flip-flop                    
accel/iomem_accel_reg_3__4_                              inferred      flip-flop                    
accel/iomem_accel_reg_3__5_                              inferred      flip-flop                    
accel/iomem_accel_reg_3__26_                             inferred      flip-flop                    
accel/iomem_accel_reg_3__28_                             inferred      flip-flop                    
accel/iomem_accel_reg_1__0_                              inferred      flip-flop synchronous reset  
accel/iomem_accel_reg_1__1_                              inferred      flip-flop                    
accel/iomem_accel_reg_1__2_                              inferred      flip-flop                    
accel/iomem_accel_reg_1__3_                              inferred      flip-flop                    
accel/iomem_accel_reg_1__4_                              inferred      flip-flop                    
accel/iomem_accel_reg_1__5_                              inferred      flip-flop                    
accel/iomem_accel_reg_1__6_                              inferred      flip-flop                    
accel/iomem_accel_reg_1__7_                              inferred      flip-flop                    
accel/iomem_accel_reg_1__8_                              inferred      flip-flop                    
accel/iomem_accel_reg_1__9_                              inferred      flip-flop                    
accel/iomem_accel_reg_1__10_                             inferred      flip-flop                    
accel/iomem_accel_reg_1__11_                             inferred      flip-flop                    
accel/iomem_accel_reg_1__12_                             inferred      flip-flop                    
accel/iomem_accel_reg_1__20_                             inferred      flip-flop                    
accel/iomem_accel_reg_1__31_                             inferred      flip-flop                    
accel/iomem_accel_reg_1__13_                             inferred      flip-flop                    
accel/iomem_accel_reg_1__22_                             inferred      flip-flop                    
accel/iomem_accel_reg_1__29_                             inferred      flip-flop                    
accel/iomem_accel_reg_1__30_                             inferred      flip-flop                    
accel/iomem_accel_reg_1__25_                             inferred      flip-flop                    
accel/iomem_accel_reg_1__17_                             inferred      flip-flop                    
accel/iomem_accel_reg_2__2_                              inferred      flip-flop                    
accel/iomem_accel_reg_3__3_                              inferred      flip-flop                    
accel/iomem_accel_reg_1__24_                             inferred      flip-flop                    
accel/iomem_accel_reg_1__14_                             inferred      flip-flop                    
accel/iomem_accel_reg_1__15_                             inferred      flip-flop                    
soc/cpu/genblk1.pcpi_mul/instr_mul_reg                   inferred      flip-flop                    
soc/cpu/genblk1.pcpi_mul/instr_mulh_reg                  inferred      flip-flop                    
soc/cpu/genblk1.pcpi_mul/instr_mulhu_reg                 inferred      flip-flop                    
soc/cpu/genblk1.pcpi_mul/mul_finish_reg                  inferred      flip-flop                    
soc/cpu/genblk1.pcpi_mul/pcpi_rd_reg_0_                  inferred      flip-flop                    
soc/cpu/genblk1.pcpi_mul/pcpi_rd_reg_1_                  inferred      flip-flop                    
soc/cpu/genblk1.pcpi_mul/pcpi_rd_reg_2_                  inferred      flip-flop                    
soc/cpu/genblk1.pcpi_mul/pcpi_rd_reg_3_                  inferred      flip-flop                    
soc/cpu/genblk1.pcpi_mul/pcpi_rd_reg_4_                  inferred      flip-flop                    
soc/cpu/genblk1.pcpi_mul/pcpi_rd_reg_5_                  inferred      flip-flop                    
soc/cpu/genblk1.pcpi_mul/pcpi_rd_reg_6_                  inferred      flip-flop                    
soc/cpu/genblk1.pcpi_mul/pcpi_rd_reg_7_                  inferred      flip-flop                    
soc/cpu/genblk1.pcpi_mul/pcpi_rd_reg_8_                  inferred      flip-flop                    
soc/cpu/genblk1.pcpi_mul/pcpi_rd_reg_9_                  inferred      flip-flop                    
soc/cpu/genblk1.pcpi_mul/pcpi_rd_reg_10_                 inferred      flip-flop                    
soc/cpu/genblk1.pcpi_mul/pcpi_rd_reg_11_                 inferred      flip-flop                    
soc/cpu/genblk1.pcpi_mul/pcpi_rd_reg_12_                 inferred      flip-flop                    
soc/cpu/genblk1.pcpi_mul/pcpi_rd_reg_13_                 inferred      flip-flop                    
soc/cpu/genblk1.pcpi_mul/pcpi_rd_reg_14_                 inferred      flip-flop                    
soc/cpu/genblk1.pcpi_mul/pcpi_rd_reg_15_                 inferred      flip-flop                    
soc/cpu/genblk1.pcpi_mul/pcpi_rd_reg_16_                 inferred      flip-flop                    
soc/cpu/genblk1.pcpi_mul/pcpi_rd_reg_17_                 inferred      flip-flop                    
soc/cpu/genblk1.pcpi_mul/pcpi_rd_reg_18_                 inferred      flip-flop                    
soc/cpu/genblk1.pcpi_mul/pcpi_rd_reg_19_                 inferred      flip-flop                    
soc/cpu/genblk1.pcpi_mul/pcpi_rd_reg_20_                 inferred      flip-flop                    
soc/cpu/genblk1.pcpi_mul/pcpi_rd_reg_21_                 inferred      flip-flop                    
soc/cpu/genblk1.pcpi_mul/pcpi_rd_reg_22_                 inferred      flip-flop                    
soc/cpu/genblk1.pcpi_mul/pcpi_rd_reg_23_                 inferred      flip-flop                    
soc/cpu/genblk1.pcpi_mul/pcpi_rd_reg_24_                 inferred      flip-flop                    
soc/cpu/genblk1.pcpi_mul/pcpi_rd_reg_25_                 inferred      flip-flop                    
soc/cpu/genblk1.pcpi_mul/pcpi_rd_reg_26_                 inferred      flip-flop                    
soc/cpu/genblk1.pcpi_mul/pcpi_rd_reg_27_                 inferred      flip-flop                    
soc/cpu/genblk1.pcpi_mul/pcpi_rd_reg_28_                 inferred      flip-flop                    
soc/cpu/genblk1.pcpi_mul/pcpi_rd_reg_29_                 inferred      flip-flop                    
soc/cpu/genblk1.pcpi_mul/pcpi_rd_reg_30_                 inferred      flip-flop                    
soc/cpu/genblk1.pcpi_mul/pcpi_rd_reg_31_                 inferred      flip-flop                    
soc/cpu/genblk1.pcpi_mul/pcpi_ready_reg                  inferred      flip-flop                    
soc/cpu/genblk1.pcpi_mul/pcpi_wait_q_reg                 inferred      flip-flop                    
soc/cpu/genblk1.pcpi_mul/pcpi_wait_reg                   inferred      flip-flop                    
soc/cpu/genblk1.pcpi_mul/rdx_reg_4_                      inferred      flip-flop                    
soc/cpu/genblk1.pcpi_mul/rdx_reg_8_                      inferred      flip-flop                    
soc/cpu/genblk1.pcpi_mul/rdx_reg_12_                     inferred      flip-flop                    
soc/cpu/genblk1.pcpi_mul/rdx_reg_16_                     inferred      flip-flop                    
soc/cpu/genblk1.pcpi_mul/rdx_reg_20_                     inferred      flip-flop                    
soc/cpu/genblk1.pcpi_mul/rdx_reg_24_                     inferred      flip-flop                    
soc/cpu/genblk1.pcpi_mul/rdx_reg_28_                     inferred      flip-flop                    
soc/cpu/genblk1.pcpi_mul/rdx_reg_32_                     inferred      flip-flop                    
soc/cpu/genblk1.pcpi_mul/rdx_reg_40_                     inferred      flip-flop                    
soc/cpu/genblk1.pcpi_mul/rdx_reg_44_                     inferred      flip-flop                    
soc/cpu/genblk1.pcpi_mul/rdx_reg_48_                     inferred      flip-flop                    
soc/cpu/genblk1.pcpi_mul/rdx_reg_52_                     inferred      flip-flop                    
soc/cpu/genblk1.pcpi_mul/rdx_reg_56_                     inferred      flip-flop                    
soc/cpu/genblk1.pcpi_mul/rdx_reg_60_                     inferred      flip-flop                    
soc/cpu/genblk1.pcpi_mul/rs1_reg_0_                      inferred      flip-flop synchronous reset  
soc/cpu/genblk1.pcpi_mul/rs1_reg_1_                      inferred      flip-flop                    
soc/cpu/genblk1.pcpi_mul/rs1_reg_2_                      inferred      flip-flop                    
soc/cpu/genblk1.pcpi_mul/rs1_reg_3_                      inferred      flip-flop                    
soc/cpu/genblk1.pcpi_mul/rs1_reg_4_                      inferred      flip-flop                    
soc/cpu/genblk1.pcpi_mul/rs1_reg_5_                      inferred      flip-flop                    
soc/cpu/genblk1.pcpi_mul/rs1_reg_6_                      inferred      flip-flop                    
soc/cpu/genblk1.pcpi_mul/rs1_reg_7_                      inferred      flip-flop                    
soc/cpu/genblk1.pcpi_mul/rs1_reg_8_                      inferred      flip-flop                    
soc/cpu/genblk1.pcpi_mul/rs1_reg_9_                      inferred      flip-flop                    
soc/cpu/genblk1.pcpi_mul/rs1_reg_10_                     inferred      flip-flop                    
soc/cpu/genblk1.pcpi_mul/rs1_reg_11_                     inferred      flip-flop                    
soc/cpu/genblk1.pcpi_mul/rs1_reg_12_                     inferred      flip-flop                    
soc/cpu/genblk1.pcpi_mul/rs1_reg_13_                     inferred      flip-flop                    
soc/cpu/genblk1.pcpi_mul/rs1_reg_14_                     inferred      flip-flop                    
soc/cpu/genblk1.pcpi_mul/rs1_reg_15_                     inferred      flip-flop                    
soc/cpu/genblk1.pcpi_mul/rs1_reg_16_                     inferred      flip-flop                    
soc/cpu/genblk1.pcpi_mul/rs1_reg_17_                     inferred      flip-flop                    
soc/cpu/genblk1.pcpi_mul/rs1_reg_18_                     inferred      flip-flop                    
soc/cpu/genblk1.pcpi_mul/rs1_reg_19_                     inferred      flip-flop                    
soc/cpu/genblk1.pcpi_mul/rs1_reg_20_                     inferred      flip-flop                    
soc/cpu/genblk1.pcpi_mul/rs1_reg_21_                     inferred      flip-flop                    
soc/cpu/genblk1.pcpi_mul/rs1_reg_22_                     inferred      flip-flop                    
soc/cpu/genblk1.pcpi_mul/rs1_reg_23_                     inferred      flip-flop                    
soc/cpu/genblk1.pcpi_mul/rs1_reg_24_                     inferred      flip-flop                    
soc/cpu/genblk1.pcpi_mul/rs1_reg_25_                     inferred      flip-flop                    
soc/cpu/genblk1.pcpi_mul/rs1_reg_26_                     inferred      flip-flop                    
soc/cpu/genblk1.pcpi_mul/rs1_reg_27_                     inferred      flip-flop                    
soc/cpu/genblk1.pcpi_mul/rs1_reg_28_                     inferred      flip-flop                    
soc/cpu/genblk1.pcpi_mul/rs1_reg_29_                     inferred      flip-flop                    
soc/cpu/genblk1.pcpi_mul/rs1_reg_30_                     inferred      flip-flop                    
soc/cpu/genblk1.pcpi_mul/rs1_reg_31_                     inferred      flip-flop                    
soc/cpu/genblk1.pcpi_mul/rs1_reg_32_                     inferred      flip-flop                    
soc/cpu/genblk1.pcpi_mul/rs1_reg_33_                     inferred      flip-flop                    
soc/cpu/genblk1.pcpi_mul/rs1_reg_34_                     inferred      flip-flop                    
soc/cpu/genblk1.pcpi_mul/rs1_reg_35_                     inferred      flip-flop                    
soc/cpu/genblk1.pcpi_mul/rs1_reg_36_                     inferred      flip-flop                    
soc/cpu/genblk1.pcpi_mul/rs1_reg_37_                     inferred      flip-flop                    
soc/cpu/genblk1.pcpi_mul/rs1_reg_38_                     inferred      flip-flop                    
soc/cpu/genblk1.pcpi_mul/rs1_reg_39_                     inferred      flip-flop                    
soc/cpu/genblk1.pcpi_mul/rs1_reg_40_                     inferred      flip-flop                    
soc/cpu/genblk1.pcpi_mul/rs1_reg_41_                     inferred      flip-flop                    
soc/cpu/genblk1.pcpi_mul/rs1_reg_42_                     inferred      flip-flop                    
soc/cpu/genblk1.pcpi_mul/rs1_reg_43_                     inferred      flip-flop                    
soc/cpu/genblk1.pcpi_mul/rs1_reg_44_                     inferred      flip-flop                    
soc/cpu/genblk1.pcpi_mul/rs1_reg_45_                     inferred      flip-flop                    
soc/cpu/genblk1.pcpi_mul/rs1_reg_46_                     inferred      flip-flop                    
soc/cpu/genblk1.pcpi_mul/rs1_reg_47_                     inferred      flip-flop                    
soc/cpu/genblk1.pcpi_mul/rs1_reg_48_                     inferred      flip-flop                    
soc/cpu/genblk1.pcpi_mul/rs1_reg_49_                     inferred      flip-flop                    
soc/cpu/genblk1.pcpi_mul/rs1_reg_50_                     inferred      flip-flop                    
soc/cpu/genblk1.pcpi_mul/rs1_reg_51_                     inferred      flip-flop                    
soc/cpu/genblk1.pcpi_mul/rs1_reg_52_                     inferred      flip-flop                    
soc/cpu/genblk1.pcpi_mul/rs1_reg_53_                     inferred      flip-flop                    
soc/cpu/genblk1.pcpi_mul/rs1_reg_54_                     inferred      flip-flop                    
soc/cpu/genblk1.pcpi_mul/rs1_reg_55_                     inferred      flip-flop                    
soc/cpu/genblk1.pcpi_mul/rs1_reg_56_                     inferred      flip-flop                    
soc/cpu/genblk1.pcpi_mul/rs1_reg_57_                     inferred      flip-flop                    
soc/cpu/genblk1.pcpi_mul/rs1_reg_58_                     inferred      flip-flop                    
soc/cpu/genblk1.pcpi_mul/rs1_reg_59_                     inferred      flip-flop                    
soc/cpu/genblk1.pcpi_mul/rs1_reg_60_                     inferred      flip-flop                    
soc/cpu/genblk1.pcpi_mul/rs1_reg_61_                     inferred      flip-flop                    
soc/cpu/genblk1.pcpi_mul/rs1_reg_62_                     inferred      flip-flop                    
soc/cpu/genblk1.pcpi_mul/rs1_reg_63_                     inferred      flip-flop                    
soc/cpu/genblk1.pcpi_mul/rs2_reg_1_                      inferred      flip-flop synchronous reset  
soc/cpu/genblk1.pcpi_mul/rs2_reg_2_                      inferred      flip-flop synchronous reset  
soc/cpu/genblk1.pcpi_mul/rs2_reg_3_                      inferred      flip-flop synchronous reset  
soc/cpu/genblk1.pcpi_mul/rs2_reg_4_                      inferred      flip-flop synchronous reset  
soc/cpu/genblk1.pcpi_mul/rs2_reg_5_                      inferred      flip-flop synchronous reset  
soc/cpu/genblk1.pcpi_mul/rs2_reg_6_                      inferred      flip-flop synchronous reset  
soc/cpu/genblk1.pcpi_mul/rs2_reg_7_                      inferred      flip-flop synchronous reset  
soc/cpu/genblk1.pcpi_mul/rs2_reg_8_                      inferred      flip-flop synchronous reset  
soc/cpu/genblk1.pcpi_mul/rs2_reg_9_                      inferred      flip-flop synchronous reset  
soc/cpu/genblk1.pcpi_mul/rs2_reg_10_                     inferred      flip-flop synchronous reset  
soc/cpu/genblk1.pcpi_mul/rs2_reg_11_                     inferred      flip-flop synchronous reset  
soc/cpu/genblk1.pcpi_mul/rs2_reg_12_                     inferred      flip-flop synchronous reset  
soc/cpu/genblk1.pcpi_mul/rs2_reg_13_                     inferred      flip-flop synchronous reset  
soc/cpu/genblk1.pcpi_mul/rs2_reg_14_                     inferred      flip-flop synchronous reset  
soc/cpu/genblk1.pcpi_mul/rs2_reg_15_                     inferred      flip-flop synchronous reset  
soc/cpu/genblk1.pcpi_mul/rs2_reg_16_                     inferred      flip-flop synchronous reset  
soc/cpu/genblk1.pcpi_mul/rs2_reg_17_                     inferred      flip-flop synchronous reset  
soc/cpu/genblk1.pcpi_mul/rs2_reg_18_                     inferred      flip-flop synchronous reset  
soc/cpu/genblk1.pcpi_mul/rs2_reg_19_                     inferred      flip-flop synchronous reset  
soc/cpu/genblk1.pcpi_mul/rs2_reg_20_                     inferred      flip-flop synchronous reset  
soc/cpu/genblk1.pcpi_mul/rs2_reg_21_                     inferred      flip-flop synchronous reset  
soc/cpu/genblk1.pcpi_mul/rs2_reg_22_                     inferred      flip-flop synchronous reset  
soc/cpu/genblk1.pcpi_mul/rs2_reg_23_                     inferred      flip-flop synchronous reset  
soc/cpu/genblk1.pcpi_mul/rs2_reg_33_                     inferred      flip-flop synchronous reset  
soc/cpu/genblk1.pcpi_mul/rs2_reg_34_                     inferred      flip-flop synchronous reset  
soc/cpu/genblk1.pcpi_mul/rs2_reg_36_                     inferred      flip-flop synchronous reset  
soc/cpu/genblk1.pcpi_mul/rs2_reg_37_                     inferred      flip-flop synchronous reset  
soc/cpu/genblk1.pcpi_mul/rs2_reg_38_                     inferred      flip-flop synchronous reset  
soc/cpu/genblk1.pcpi_mul/rs2_reg_39_                     inferred      flip-flop synchronous reset  
soc/cpu/genblk1.pcpi_mul/rs2_reg_40_                     inferred      flip-flop synchronous reset  
soc/cpu/genblk1.pcpi_mul/rs2_reg_41_                     inferred      flip-flop synchronous reset  
soc/cpu/genblk1.pcpi_mul/rs2_reg_42_                     inferred      flip-flop synchronous reset  
soc/cpu/genblk1.pcpi_mul/rs2_reg_43_                     inferred      flip-flop synchronous reset  
soc/cpu/genblk1.pcpi_mul/rs2_reg_44_                     inferred      flip-flop synchronous reset  
soc/cpu/genblk1.pcpi_mul/rs2_reg_45_                     inferred      flip-flop synchronous reset  
soc/cpu/genblk1.pcpi_mul/rs2_reg_46_                     inferred      flip-flop synchronous reset  
soc/cpu/genblk1.pcpi_mul/rs2_reg_47_                     inferred      flip-flop synchronous reset  
soc/cpu/genblk1.pcpi_mul/rs2_reg_48_                     inferred      flip-flop synchronous reset  
soc/cpu/genblk1.pcpi_mul/rs2_reg_49_                     inferred      flip-flop synchronous reset  
soc/cpu/genblk1.pcpi_mul/rs2_reg_50_                     inferred      flip-flop synchronous reset  
soc/cpu/genblk1.pcpi_mul/rs2_reg_51_                     inferred      flip-flop synchronous reset  
soc/cpu/genblk1.pcpi_mul/rs2_reg_52_                     inferred      flip-flop synchronous reset  
soc/cpu/genblk1.pcpi_mul/rs2_reg_53_                     inferred      flip-flop synchronous reset  
soc/cpu/genblk1.pcpi_mul/rs2_reg_54_                     inferred      flip-flop synchronous reset  
soc/cpu/genblk1.pcpi_mul/rs2_reg_55_                     inferred      flip-flop synchronous reset  
soc/cpu/genblk1.pcpi_mul/rs2_reg_56_                     inferred      flip-flop synchronous reset  
soc/cpu/genblk1.pcpi_mul/rs2_reg_57_                     inferred      flip-flop synchronous reset  
soc/cpu/genblk1.pcpi_mul/rs2_reg_58_                     inferred      flip-flop synchronous reset  
soc/cpu/genblk1.pcpi_mul/rs2_reg_59_                     inferred      flip-flop synchronous reset  
soc/cpu/genblk1.pcpi_mul/rs2_reg_60_                     inferred      flip-flop synchronous reset  
soc/cpu/genblk1.pcpi_mul/rs2_reg_61_                     inferred      flip-flop synchronous reset  
soc/cpu/genblk1.pcpi_mul/rs2_reg_62_                     inferred      flip-flop synchronous reset  
soc/cpu/genblk1.pcpi_mul/rs2_reg_63_                     inferred      flip-flop                    
soc/cpu/genblk1.pcpi_mul/rs2_reg_0_                      inferred      flip-flop                    
soc/cpu/genblk1.pcpi_mul/instr_mulhsu_reg                inferred      flip-flop                    
soc/cpu/genblk1.pcpi_mul/mul_counter_reg_0_              inferred      flip-flop                    
soc/cpu/genblk1.pcpi_mul/mul_counter_reg_1_              inferred      flip-flop                    
soc/cpu/genblk1.pcpi_mul/mul_counter_reg_4_              inferred      flip-flop                    
soc/cpu/genblk1.pcpi_mul/mul_counter_reg_5_              inferred      flip-flop synchronous reset  
soc/cpu/genblk1.pcpi_mul/mul_counter_reg_6_              inferred      flip-flop                    
soc/cpu/genblk1.pcpi_mul/rd_reg_0_                       inferred      flip-flop                    
soc/cpu/genblk1.pcpi_mul/rd_reg_1_                       inferred      flip-flop                    
soc/cpu/genblk1.pcpi_mul/rd_reg_2_                       inferred      flip-flop                    
soc/cpu/genblk1.pcpi_mul/rd_reg_3_                       inferred      flip-flop                    
soc/cpu/genblk1.pcpi_mul/rd_reg_4_                       inferred      flip-flop                    
soc/cpu/genblk1.pcpi_mul/rd_reg_5_                       inferred      flip-flop                    
soc/cpu/genblk1.pcpi_mul/rd_reg_6_                       inferred      flip-flop                    
soc/cpu/genblk1.pcpi_mul/rd_reg_7_                       inferred      flip-flop                    
soc/cpu/genblk1.pcpi_mul/rd_reg_8_                       inferred      flip-flop                    
soc/cpu/genblk1.pcpi_mul/rd_reg_9_                       inferred      flip-flop                    
soc/cpu/genblk1.pcpi_mul/rd_reg_10_                      inferred      flip-flop                    
soc/cpu/genblk1.pcpi_mul/rd_reg_11_                      inferred      flip-flop                    
soc/cpu/genblk1.pcpi_mul/rd_reg_12_                      inferred      flip-flop                    
soc/cpu/genblk1.pcpi_mul/rd_reg_13_                      inferred      flip-flop                    
soc/cpu/genblk1.pcpi_mul/rd_reg_14_                      inferred      flip-flop                    
soc/cpu/genblk1.pcpi_mul/rd_reg_15_                      inferred      flip-flop                    
soc/cpu/genblk1.pcpi_mul/rd_reg_16_                      inferred      flip-flop                    
soc/cpu/genblk1.pcpi_mul/rd_reg_17_                      inferred      flip-flop                    
soc/cpu/genblk1.pcpi_mul/rd_reg_18_                      inferred      flip-flop                    
soc/cpu/genblk1.pcpi_mul/rd_reg_19_                      inferred      flip-flop                    
soc/cpu/genblk1.pcpi_mul/rd_reg_20_                      inferred      flip-flop                    
soc/cpu/genblk1.pcpi_mul/rd_reg_21_                      inferred      flip-flop                    
soc/cpu/genblk1.pcpi_mul/rd_reg_22_                      inferred      flip-flop                    
soc/cpu/genblk1.pcpi_mul/rd_reg_23_                      inferred      flip-flop                    
soc/cpu/genblk1.pcpi_mul/rd_reg_24_                      inferred      flip-flop                    
soc/cpu/genblk1.pcpi_mul/rd_reg_25_                      inferred      flip-flop                    
soc/cpu/genblk1.pcpi_mul/rd_reg_26_                      inferred      flip-flop                    
soc/cpu/genblk1.pcpi_mul/rd_reg_27_                      inferred      flip-flop                    
soc/cpu/genblk1.pcpi_mul/rd_reg_28_                      inferred      flip-flop                    
soc/cpu/genblk1.pcpi_mul/rd_reg_29_                      inferred      flip-flop                    
soc/cpu/genblk1.pcpi_mul/rd_reg_30_                      inferred      flip-flop                    
soc/cpu/genblk1.pcpi_mul/rd_reg_31_                      inferred      flip-flop                    
soc/cpu/genblk1.pcpi_mul/rd_reg_32_                      inferred      flip-flop                    
soc/cpu/genblk1.pcpi_mul/rd_reg_33_                      inferred      flip-flop                    
soc/cpu/genblk1.pcpi_mul/rd_reg_34_                      inferred      flip-flop                    
soc/cpu/genblk1.pcpi_mul/rd_reg_35_                      inferred      flip-flop                    
soc/cpu/genblk1.pcpi_mul/rd_reg_36_                      inferred      flip-flop                    
soc/cpu/genblk1.pcpi_mul/rd_reg_37_                      inferred      flip-flop                    
soc/cpu/genblk1.pcpi_mul/rd_reg_38_                      inferred      flip-flop                    
soc/cpu/genblk1.pcpi_mul/rd_reg_39_                      inferred      flip-flop                    
soc/cpu/genblk1.pcpi_mul/rd_reg_40_                      inferred      flip-flop                    
soc/cpu/genblk1.pcpi_mul/rd_reg_41_                      inferred      flip-flop                    
soc/cpu/genblk1.pcpi_mul/rd_reg_42_                      inferred      flip-flop                    
soc/cpu/genblk1.pcpi_mul/rd_reg_43_                      inferred      flip-flop                    
soc/cpu/genblk1.pcpi_mul/rd_reg_44_                      inferred      flip-flop                    
soc/cpu/genblk1.pcpi_mul/rd_reg_45_                      inferred      flip-flop                    
soc/cpu/genblk1.pcpi_mul/rd_reg_46_                      inferred      flip-flop                    
soc/cpu/genblk1.pcpi_mul/rd_reg_47_                      inferred      flip-flop                    
soc/cpu/genblk1.pcpi_mul/rd_reg_48_                      inferred      flip-flop                    
soc/cpu/genblk1.pcpi_mul/rd_reg_49_                      inferred      flip-flop                    
soc/cpu/genblk1.pcpi_mul/rd_reg_50_                      inferred      flip-flop                    
soc/cpu/genblk1.pcpi_mul/rd_reg_51_                      inferred      flip-flop                    
soc/cpu/genblk1.pcpi_mul/rd_reg_52_                      inferred      flip-flop                    
soc/cpu/genblk1.pcpi_mul/rd_reg_53_                      inferred      flip-flop                    
soc/cpu/genblk1.pcpi_mul/rd_reg_54_                      inferred      flip-flop                    
soc/cpu/genblk1.pcpi_mul/rd_reg_55_                      inferred      flip-flop                    
soc/cpu/genblk1.pcpi_mul/rd_reg_56_                      inferred      flip-flop                    
soc/cpu/genblk1.pcpi_mul/rd_reg_57_                      inferred      flip-flop                    
soc/cpu/genblk1.pcpi_mul/rd_reg_58_                      inferred      flip-flop                    
soc/cpu/genblk1.pcpi_mul/rd_reg_59_                      inferred      flip-flop                    
soc/cpu/genblk1.pcpi_mul/rd_reg_60_                      inferred      flip-flop                    
soc/cpu/genblk1.pcpi_mul/rd_reg_61_                      inferred      flip-flop                    
soc/cpu/genblk1.pcpi_mul/rd_reg_62_                      inferred      flip-flop                    
soc/cpu/genblk1.pcpi_mul/rd_reg_63_                      inferred      flip-flop                    
soc/cpu/genblk1.pcpi_mul/rdx_reg_36_                     inferred      flip-flop                    
soc/cpu/genblk1.pcpi_mul/rs2_reg_24_                     inferred      flip-flop synchronous reset  
soc/cpu/genblk1.pcpi_mul/rs2_reg_25_                     inferred      flip-flop synchronous reset  
soc/cpu/genblk1.pcpi_mul/rs2_reg_26_                     inferred      flip-flop synchronous reset  
soc/cpu/genblk1.pcpi_mul/rs2_reg_27_                     inferred      flip-flop synchronous reset  
soc/cpu/genblk1.pcpi_mul/rs2_reg_28_                     inferred      flip-flop synchronous reset  
soc/cpu/genblk1.pcpi_mul/rs2_reg_29_                     inferred      flip-flop synchronous reset  
soc/cpu/genblk1.pcpi_mul/rs2_reg_30_                     inferred      flip-flop synchronous reset  
soc/cpu/genblk1.pcpi_mul/rs2_reg_31_                     inferred      flip-flop synchronous reset  
soc/cpu/genblk1.pcpi_mul/rs2_reg_32_                     inferred      flip-flop synchronous reset  
soc/cpu/genblk1.pcpi_mul/rs2_reg_35_                     inferred      flip-flop synchronous reset  
soc/cpu/genblk1.pcpi_mul/mul_counter_reg_2_              inferred      flip-flop                    
soc/cpu/genblk1.pcpi_mul/mul_counter_reg_3_              inferred      flip-flop                    
soc/cpu/genblk1.pcpi_mul/mul_waiting_reg                 inferred      flip-flop                    
soc/cpu/genblk2.pcpi_div/instr_divu_reg                  inferred      flip-flop                    
soc/cpu/genblk2.pcpi_div/instr_remu_reg                  inferred      flip-flop                    
soc/cpu/genblk2.pcpi_div/dividend_reg_0_                 inferred      flip-flop                    
soc/cpu/genblk2.pcpi_div/dividend_reg_1_                 inferred      flip-flop                    
soc/cpu/genblk2.pcpi_div/divisor_reg_0_                  inferred      flip-flop synchronous reset  
soc/cpu/genblk2.pcpi_div/divisor_reg_1_                  inferred      flip-flop                    
soc/cpu/genblk2.pcpi_div/divisor_reg_2_                  inferred      flip-flop                    
soc/cpu/genblk2.pcpi_div/divisor_reg_3_                  inferred      flip-flop                    
soc/cpu/genblk2.pcpi_div/divisor_reg_4_                  inferred      flip-flop                    
soc/cpu/genblk2.pcpi_div/divisor_reg_5_                  inferred      flip-flop                    
soc/cpu/genblk2.pcpi_div/divisor_reg_6_                  inferred      flip-flop                    
soc/cpu/genblk2.pcpi_div/divisor_reg_7_                  inferred      flip-flop                    
soc/cpu/genblk2.pcpi_div/divisor_reg_8_                  inferred      flip-flop                    
soc/cpu/genblk2.pcpi_div/divisor_reg_9_                  inferred      flip-flop                    
soc/cpu/genblk2.pcpi_div/divisor_reg_10_                 inferred      flip-flop                    
soc/cpu/genblk2.pcpi_div/divisor_reg_11_                 inferred      flip-flop                    
soc/cpu/genblk2.pcpi_div/divisor_reg_12_                 inferred      flip-flop                    
soc/cpu/genblk2.pcpi_div/divisor_reg_13_                 inferred      flip-flop                    
soc/cpu/genblk2.pcpi_div/divisor_reg_14_                 inferred      flip-flop                    
soc/cpu/genblk2.pcpi_div/divisor_reg_15_                 inferred      flip-flop                    
soc/cpu/genblk2.pcpi_div/divisor_reg_16_                 inferred      flip-flop                    
soc/cpu/genblk2.pcpi_div/divisor_reg_17_                 inferred      flip-flop                    
soc/cpu/genblk2.pcpi_div/divisor_reg_18_                 inferred      flip-flop                    
soc/cpu/genblk2.pcpi_div/divisor_reg_19_                 inferred      flip-flop                    
soc/cpu/genblk2.pcpi_div/divisor_reg_20_                 inferred      flip-flop                    
soc/cpu/genblk2.pcpi_div/divisor_reg_21_                 inferred      flip-flop                    
soc/cpu/genblk2.pcpi_div/divisor_reg_22_                 inferred      flip-flop                    
soc/cpu/genblk2.pcpi_div/divisor_reg_23_                 inferred      flip-flop                    
soc/cpu/genblk2.pcpi_div/divisor_reg_24_                 inferred      flip-flop                    
soc/cpu/genblk2.pcpi_div/divisor_reg_25_                 inferred      flip-flop                    
soc/cpu/genblk2.pcpi_div/divisor_reg_26_                 inferred      flip-flop                    
soc/cpu/genblk2.pcpi_div/divisor_reg_27_                 inferred      flip-flop                    
soc/cpu/genblk2.pcpi_div/divisor_reg_28_                 inferred      flip-flop                    
soc/cpu/genblk2.pcpi_div/divisor_reg_29_                 inferred      flip-flop                    
soc/cpu/genblk2.pcpi_div/divisor_reg_30_                 inferred      flip-flop                    
soc/cpu/genblk2.pcpi_div/divisor_reg_31_                 inferred      flip-flop                    
soc/cpu/genblk2.pcpi_div/outsign_reg                     inferred      flip-flop                    
soc/cpu/genblk2.pcpi_div/pcpi_ready_reg                  inferred      flip-flop                    
soc/cpu/genblk2.pcpi_div/pcpi_wait_q_reg                 inferred      flip-flop                    
soc/cpu/genblk2.pcpi_div/pcpi_wait_reg                   inferred      flip-flop synchronous reset  
soc/cpu/genblk2.pcpi_div/quotient_reg_0_                 inferred      flip-flop                    
soc/cpu/genblk2.pcpi_div/quotient_reg_1_                 inferred      flip-flop                    
soc/cpu/genblk2.pcpi_div/quotient_reg_2_                 inferred      flip-flop                    
soc/cpu/genblk2.pcpi_div/quotient_reg_3_                 inferred      flip-flop                    
soc/cpu/genblk2.pcpi_div/quotient_reg_4_                 inferred      flip-flop                    
soc/cpu/genblk2.pcpi_div/quotient_reg_5_                 inferred      flip-flop                    
soc/cpu/genblk2.pcpi_div/quotient_reg_6_                 inferred      flip-flop                    
soc/cpu/genblk2.pcpi_div/quotient_reg_7_                 inferred      flip-flop                    
soc/cpu/genblk2.pcpi_div/quotient_reg_8_                 inferred      flip-flop                    
soc/cpu/genblk2.pcpi_div/quotient_reg_9_                 inferred      flip-flop                    
soc/cpu/genblk2.pcpi_div/quotient_reg_10_                inferred      flip-flop                    
soc/cpu/genblk2.pcpi_div/quotient_reg_11_                inferred      flip-flop                    
soc/cpu/genblk2.pcpi_div/quotient_reg_12_                inferred      flip-flop                    
soc/cpu/genblk2.pcpi_div/quotient_reg_13_                inferred      flip-flop                    
soc/cpu/genblk2.pcpi_div/quotient_reg_14_                inferred      flip-flop                    
soc/cpu/genblk2.pcpi_div/quotient_reg_15_                inferred      flip-flop                    
soc/cpu/genblk2.pcpi_div/quotient_reg_16_                inferred      flip-flop                    
soc/cpu/genblk2.pcpi_div/quotient_reg_17_                inferred      flip-flop                    
soc/cpu/genblk2.pcpi_div/quotient_reg_18_                inferred      flip-flop                    
soc/cpu/genblk2.pcpi_div/quotient_reg_19_                inferred      flip-flop                    
soc/cpu/genblk2.pcpi_div/quotient_reg_20_                inferred      flip-flop                    
soc/cpu/genblk2.pcpi_div/quotient_reg_21_                inferred      flip-flop                    
soc/cpu/genblk2.pcpi_div/quotient_reg_22_                inferred      flip-flop                    
soc/cpu/genblk2.pcpi_div/quotient_reg_23_                inferred      flip-flop                    
soc/cpu/genblk2.pcpi_div/quotient_reg_24_                inferred      flip-flop                    
soc/cpu/genblk2.pcpi_div/quotient_reg_25_                inferred      flip-flop                    
soc/cpu/genblk2.pcpi_div/quotient_reg_26_                inferred      flip-flop                    
soc/cpu/genblk2.pcpi_div/quotient_reg_27_                inferred      flip-flop                    
soc/cpu/genblk2.pcpi_div/quotient_reg_28_                inferred      flip-flop                    
soc/cpu/genblk2.pcpi_div/quotient_reg_29_                inferred      flip-flop                    
soc/cpu/genblk2.pcpi_div/quotient_reg_30_                inferred      flip-flop                    
soc/cpu/genblk2.pcpi_div/quotient_reg_31_                inferred      flip-flop                    
soc/cpu/genblk2.pcpi_div/running_reg                     inferred      flip-flop                    
soc/cpu/genblk2.pcpi_div/divisor_reg_32_                 inferred      flip-flop                    
soc/cpu/genblk2.pcpi_div/divisor_reg_33_                 inferred      flip-flop                    
soc/cpu/genblk2.pcpi_div/divisor_reg_34_                 inferred      flip-flop                    
soc/cpu/genblk2.pcpi_div/divisor_reg_35_                 inferred      flip-flop                    
soc/cpu/genblk2.pcpi_div/divisor_reg_36_                 inferred      flip-flop                    
soc/cpu/genblk2.pcpi_div/divisor_reg_37_                 inferred      flip-flop                    
soc/cpu/genblk2.pcpi_div/divisor_reg_38_                 inferred      flip-flop                    
soc/cpu/genblk2.pcpi_div/divisor_reg_40_                 inferred      flip-flop                    
soc/cpu/genblk2.pcpi_div/divisor_reg_41_                 inferred      flip-flop                    
soc/cpu/genblk2.pcpi_div/divisor_reg_42_                 inferred      flip-flop                    
soc/cpu/genblk2.pcpi_div/divisor_reg_43_                 inferred      flip-flop                    
soc/cpu/genblk2.pcpi_div/divisor_reg_44_                 inferred      flip-flop                    
soc/cpu/genblk2.pcpi_div/divisor_reg_46_                 inferred      flip-flop                    
soc/cpu/genblk2.pcpi_div/divisor_reg_47_                 inferred      flip-flop                    
soc/cpu/genblk2.pcpi_div/divisor_reg_48_                 inferred      flip-flop                    
soc/cpu/genblk2.pcpi_div/divisor_reg_49_                 inferred      flip-flop                    
soc/cpu/genblk2.pcpi_div/divisor_reg_50_                 inferred      flip-flop                    
soc/cpu/genblk2.pcpi_div/divisor_reg_52_                 inferred      flip-flop                    
soc/cpu/genblk2.pcpi_div/divisor_reg_53_                 inferred      flip-flop                    
soc/cpu/genblk2.pcpi_div/divisor_reg_54_                 inferred      flip-flop                    
soc/cpu/genblk2.pcpi_div/divisor_reg_55_                 inferred      flip-flop                    
soc/cpu/genblk2.pcpi_div/divisor_reg_57_                 inferred      flip-flop                    
soc/cpu/genblk2.pcpi_div/divisor_reg_58_                 inferred      flip-flop                    
soc/cpu/genblk2.pcpi_div/divisor_reg_59_                 inferred      flip-flop                    
soc/cpu/genblk2.pcpi_div/divisor_reg_60_                 inferred      flip-flop                    
soc/cpu/genblk2.pcpi_div/divisor_reg_61_                 inferred      flip-flop                    
soc/cpu/genblk2.pcpi_div/divisor_reg_62_                 inferred      flip-flop                    
soc/cpu/genblk2.pcpi_div/instr_div_reg                   inferred      flip-flop                    
soc/cpu/genblk2.pcpi_div/instr_rem_reg                   inferred      flip-flop                    
soc/cpu/genblk2.pcpi_div/pcpi_rd_reg_0_                  inferred      flip-flop                    
soc/cpu/genblk2.pcpi_div/pcpi_rd_reg_1_                  inferred      flip-flop                    
soc/cpu/genblk2.pcpi_div/pcpi_rd_reg_2_                  inferred      flip-flop                    
soc/cpu/genblk2.pcpi_div/pcpi_rd_reg_3_                  inferred      flip-flop                    
soc/cpu/genblk2.pcpi_div/pcpi_rd_reg_4_                  inferred      flip-flop                    
soc/cpu/genblk2.pcpi_div/pcpi_rd_reg_5_                  inferred      flip-flop                    
soc/cpu/genblk2.pcpi_div/pcpi_rd_reg_6_                  inferred      flip-flop                    
soc/cpu/genblk2.pcpi_div/pcpi_rd_reg_7_                  inferred      flip-flop                    
soc/cpu/genblk2.pcpi_div/pcpi_rd_reg_8_                  inferred      flip-flop                    
soc/cpu/genblk2.pcpi_div/pcpi_rd_reg_9_                  inferred      flip-flop                    
soc/cpu/genblk2.pcpi_div/pcpi_rd_reg_10_                 inferred      flip-flop                    
soc/cpu/genblk2.pcpi_div/pcpi_rd_reg_11_                 inferred      flip-flop                    
soc/cpu/genblk2.pcpi_div/pcpi_rd_reg_12_                 inferred      flip-flop                    
soc/cpu/genblk2.pcpi_div/pcpi_rd_reg_13_                 inferred      flip-flop                    
soc/cpu/genblk2.pcpi_div/pcpi_rd_reg_14_                 inferred      flip-flop                    
soc/cpu/genblk2.pcpi_div/pcpi_rd_reg_15_                 inferred      flip-flop                    
soc/cpu/genblk2.pcpi_div/pcpi_rd_reg_16_                 inferred      flip-flop                    
soc/cpu/genblk2.pcpi_div/pcpi_rd_reg_17_                 inferred      flip-flop                    
soc/cpu/genblk2.pcpi_div/pcpi_rd_reg_18_                 inferred      flip-flop                    
soc/cpu/genblk2.pcpi_div/pcpi_rd_reg_19_                 inferred      flip-flop                    
soc/cpu/genblk2.pcpi_div/pcpi_rd_reg_20_                 inferred      flip-flop                    
soc/cpu/genblk2.pcpi_div/pcpi_rd_reg_21_                 inferred      flip-flop                    
soc/cpu/genblk2.pcpi_div/pcpi_rd_reg_22_                 inferred      flip-flop                    
soc/cpu/genblk2.pcpi_div/pcpi_rd_reg_23_                 inferred      flip-flop                    
soc/cpu/genblk2.pcpi_div/pcpi_rd_reg_24_                 inferred      flip-flop                    
soc/cpu/genblk2.pcpi_div/pcpi_rd_reg_25_                 inferred      flip-flop                    
soc/cpu/genblk2.pcpi_div/pcpi_rd_reg_26_                 inferred      flip-flop                    
soc/cpu/genblk2.pcpi_div/pcpi_rd_reg_27_                 inferred      flip-flop                    
soc/cpu/genblk2.pcpi_div/pcpi_rd_reg_28_                 inferred      flip-flop                    
soc/cpu/genblk2.pcpi_div/pcpi_rd_reg_29_                 inferred      flip-flop                    
soc/cpu/genblk2.pcpi_div/pcpi_rd_reg_30_                 inferred      flip-flop                    
soc/cpu/genblk2.pcpi_div/pcpi_rd_reg_31_                 inferred      flip-flop                    
soc/cpu/genblk2.pcpi_div/quotient_msk_reg_0_             inferred      flip-flop synchronous reset  
soc/cpu/genblk2.pcpi_div/quotient_msk_reg_1_             inferred      flip-flop synchronous reset  
soc/cpu/genblk2.pcpi_div/quotient_msk_reg_2_             inferred      flip-flop synchronous reset  
soc/cpu/genblk2.pcpi_div/quotient_msk_reg_3_             inferred      flip-flop synchronous reset  
soc/cpu/genblk2.pcpi_div/quotient_msk_reg_4_             inferred      flip-flop synchronous reset  
soc/cpu/genblk2.pcpi_div/quotient_msk_reg_5_             inferred      flip-flop synchronous reset  
soc/cpu/genblk2.pcpi_div/quotient_msk_reg_6_             inferred      flip-flop synchronous reset  
soc/cpu/genblk2.pcpi_div/quotient_msk_reg_7_             inferred      flip-flop synchronous reset  
soc/cpu/genblk2.pcpi_div/quotient_msk_reg_8_             inferred      flip-flop synchronous reset  
soc/cpu/genblk2.pcpi_div/quotient_msk_reg_9_             inferred      flip-flop synchronous reset  
soc/cpu/genblk2.pcpi_div/quotient_msk_reg_10_            inferred      flip-flop synchronous reset  
soc/cpu/genblk2.pcpi_div/quotient_msk_reg_11_            inferred      flip-flop synchronous reset  
soc/cpu/genblk2.pcpi_div/quotient_msk_reg_12_            inferred      flip-flop synchronous reset  
soc/cpu/genblk2.pcpi_div/quotient_msk_reg_13_            inferred      flip-flop synchronous reset  
soc/cpu/genblk2.pcpi_div/quotient_msk_reg_14_            inferred      flip-flop synchronous reset  
soc/cpu/genblk2.pcpi_div/quotient_msk_reg_15_            inferred      flip-flop synchronous reset  
soc/cpu/genblk2.pcpi_div/quotient_msk_reg_16_            inferred      flip-flop synchronous reset  
soc/cpu/genblk2.pcpi_div/quotient_msk_reg_17_            inferred      flip-flop synchronous reset  
soc/cpu/genblk2.pcpi_div/quotient_msk_reg_18_            inferred      flip-flop synchronous reset  
soc/cpu/genblk2.pcpi_div/quotient_msk_reg_19_            inferred      flip-flop synchronous reset  
soc/cpu/genblk2.pcpi_div/quotient_msk_reg_20_            inferred      flip-flop synchronous reset  
soc/cpu/genblk2.pcpi_div/quotient_msk_reg_21_            inferred      flip-flop synchronous reset  
soc/cpu/genblk2.pcpi_div/quotient_msk_reg_22_            inferred      flip-flop synchronous reset  
soc/cpu/genblk2.pcpi_div/quotient_msk_reg_23_            inferred      flip-flop synchronous reset  
soc/cpu/genblk2.pcpi_div/quotient_msk_reg_24_            inferred      flip-flop synchronous reset  
soc/cpu/genblk2.pcpi_div/quotient_msk_reg_25_            inferred      flip-flop synchronous reset  
soc/cpu/genblk2.pcpi_div/quotient_msk_reg_26_            inferred      flip-flop synchronous reset  
soc/cpu/genblk2.pcpi_div/quotient_msk_reg_27_            inferred      flip-flop synchronous reset  
soc/cpu/genblk2.pcpi_div/quotient_msk_reg_28_            inferred      flip-flop synchronous reset  
soc/cpu/genblk2.pcpi_div/quotient_msk_reg_29_            inferred      flip-flop synchronous reset  
soc/cpu/genblk2.pcpi_div/quotient_msk_reg_30_            inferred      flip-flop synchronous reset  
soc/cpu/genblk2.pcpi_div/quotient_msk_reg_31_            inferred      flip-flop                    
soc/cpu/genblk2.pcpi_div/divisor_reg_51_                 inferred      flip-flop                    
soc/cpu/genblk2.pcpi_div/divisor_reg_56_                 inferred      flip-flop                    
soc/cpu/genblk2.pcpi_div/dividend_reg_9_                 inferred      flip-flop                    
soc/cpu/genblk2.pcpi_div/dividend_reg_7_                 inferred      flip-flop                    
soc/cpu/genblk2.pcpi_div/dividend_reg_2_                 inferred      flip-flop                    
soc/cpu/genblk2.pcpi_div/dividend_reg_8_                 inferred      flip-flop                    
soc/cpu/genblk2.pcpi_div/dividend_reg_30_                inferred      flip-flop                    
soc/cpu/genblk2.pcpi_div/dividend_reg_28_                inferred      flip-flop                    
soc/cpu/genblk2.pcpi_div/dividend_reg_13_                inferred      flip-flop                    
soc/cpu/genblk2.pcpi_div/dividend_reg_22_                inferred      flip-flop                    
soc/cpu/genblk2.pcpi_div/dividend_reg_27_                inferred      flip-flop                    
soc/cpu/genblk2.pcpi_div/dividend_reg_12_                inferred      flip-flop                    
soc/cpu/genblk2.pcpi_div/dividend_reg_26_                inferred      flip-flop                    
soc/cpu/genblk2.pcpi_div/dividend_reg_25_                inferred      flip-flop                    
soc/cpu/genblk2.pcpi_div/dividend_reg_11_                inferred      flip-flop                    
soc/cpu/genblk2.pcpi_div/dividend_reg_19_                inferred      flip-flop                    
soc/cpu/genblk2.pcpi_div/dividend_reg_21_                inferred      flip-flop                    
soc/cpu/genblk2.pcpi_div/dividend_reg_20_                inferred      flip-flop                    
soc/cpu/genblk2.pcpi_div/dividend_reg_4_                 inferred      flip-flop                    
soc/cpu/genblk2.pcpi_div/divisor_reg_39_                 inferred      flip-flop                    
soc/cpu/genblk2.pcpi_div/divisor_reg_45_                 inferred      flip-flop                    
soc/cpu/genblk2.pcpi_div/dividend_reg_10_                inferred      flip-flop                    
soc/cpu/genblk2.pcpi_div/dividend_reg_3_                 inferred      flip-flop                    
soc/cpu/genblk2.pcpi_div/dividend_reg_24_                inferred      flip-flop                    
soc/cpu/genblk2.pcpi_div/dividend_reg_16_                inferred      flip-flop                    
soc/cpu/genblk2.pcpi_div/dividend_reg_29_                inferred      flip-flop                    
soc/cpu/genblk2.pcpi_div/dividend_reg_15_                inferred      flip-flop                    
soc/cpu/genblk2.pcpi_div/dividend_reg_14_                inferred      flip-flop                    
soc/cpu/genblk2.pcpi_div/dividend_reg_5_                 inferred      flip-flop                    
soc/cpu/genblk2.pcpi_div/dividend_reg_6_                 inferred      flip-flop                    
soc/cpu/genblk2.pcpi_div/dividend_reg_17_                inferred      flip-flop                    
soc/cpu/genblk2.pcpi_div/dividend_reg_18_                inferred      flip-flop                    
soc/cpu/genblk2.pcpi_div/dividend_reg_31_                inferred      flip-flop                    
soc/cpu/genblk2.pcpi_div/dividend_reg_23_                inferred      flip-flop                    
soc/cpu/instr_sra_reg                                    inferred      flip-flop                    
soc/cpu/instr_srai_reg                                   inferred      flip-flop                    
soc/cpu/alu_out_q_reg_2_                                 inferred      flip-flop                    
soc/cpu/alu_out_q_reg_9_                                 inferred      flip-flop                    
soc/cpu/alu_out_q_reg_22_                                inferred      flip-flop                    
soc/cpu/alu_out_q_reg_23_                                inferred      flip-flop                    
soc/cpu/decoded_imm_j_reg_1_                             inferred      flip-flop                    
soc/cpu/decoded_imm_j_reg_2_                             inferred      flip-flop                    
soc/cpu/decoded_imm_j_reg_3_                             inferred      flip-flop                    
soc/cpu/decoded_imm_j_reg_4_                             inferred      flip-flop                    
soc/cpu/decoded_imm_j_reg_5_                             inferred      flip-flop                    
soc/cpu/decoded_imm_j_reg_6_                             inferred      flip-flop                    
soc/cpu/decoded_imm_j_reg_7_                             inferred      flip-flop                    
soc/cpu/decoded_imm_j_reg_8_                             inferred      flip-flop                    
soc/cpu/decoded_imm_j_reg_9_                             inferred      flip-flop                    
soc/cpu/decoded_imm_j_reg_10_                            inferred      flip-flop                    
soc/cpu/decoded_imm_j_reg_11_                            inferred      flip-flop                    
soc/cpu/decoded_imm_j_reg_12_                            inferred      flip-flop                    
soc/cpu/decoded_imm_j_reg_13_                            inferred      flip-flop                    
soc/cpu/decoded_imm_j_reg_14_                            inferred      flip-flop                    
soc/cpu/decoded_imm_j_reg_15_                            inferred      flip-flop                    
soc/cpu/decoded_imm_j_reg_16_                            inferred      flip-flop                    
soc/cpu/decoded_imm_j_reg_17_                            inferred      flip-flop                    
soc/cpu/decoded_imm_j_reg_18_                            inferred      flip-flop                    
soc/cpu/decoded_imm_j_reg_19_                            inferred      flip-flop                    
soc/cpu/decoded_imm_j_reg_20_                            inferred      flip-flop                    
soc/cpu/decoded_rd_reg_0_                                inferred      flip-flop                    
soc/cpu/decoded_rd_reg_1_                                inferred      flip-flop                    
soc/cpu/decoded_rd_reg_2_                                inferred      flip-flop                    
soc/cpu/decoded_rd_reg_3_                                inferred      flip-flop                    
soc/cpu/decoded_rd_reg_4_                                inferred      flip-flop                    
soc/cpu/decoder_pseudo_trigger_reg                       inferred      flip-flop                    
soc/cpu/instr_beq_reg                                    inferred      flip-flop                    
soc/cpu/instr_bge_reg                                    inferred      flip-flop                    
soc/cpu/instr_bgeu_reg                                   inferred      flip-flop                    
soc/cpu/instr_blt_reg                                    inferred      flip-flop                    
soc/cpu/instr_bltu_reg                                   inferred      flip-flop                    
soc/cpu/instr_bne_reg                                    inferred      flip-flop                    
soc/cpu/instr_ecall_ebreak_reg                           inferred      flip-flop                    
soc/cpu/instr_lw_reg                                     inferred      flip-flop                    
soc/cpu/instr_sltiu_reg                                  inferred      flip-flop                    
soc/cpu/instr_sltu_reg                                   inferred      flip-flop                    
soc/cpu/instr_srl_reg                                    inferred      flip-flop                    
soc/cpu/instr_srli_reg                                   inferred      flip-flop                    
soc/cpu/instr_sw_reg                                     inferred      flip-flop                    
soc/cpu/irq_delay_reg                                    inferred      flip-flop                    
soc/cpu/is_lbu_lhu_lw_reg                                inferred      flip-flop                    
soc/cpu/is_slti_blt_slt_reg                              inferred      flip-flop                    
soc/cpu/is_sltiu_bltu_sltu_reg                           inferred      flip-flop                    
soc/cpu/latched_rd_reg_2_                                inferred      flip-flop synchronous reset  
soc/cpu/latched_rd_reg_3_                                inferred      flip-flop                    
soc/cpu/latched_rd_reg_4_                                inferred      flip-flop                    
soc/cpu/mem_16bit_buffer_reg_3_                          inferred      flip-flop                    
soc/cpu/mem_16bit_buffer_reg_7_                          inferred      flip-flop                    
soc/cpu/mem_16bit_buffer_reg_8_                          inferred      flip-flop                    
soc/cpu/mem_16bit_buffer_reg_14_                         inferred      flip-flop                    
soc/cpu/pcpi_timeout_reg                                 inferred      flip-flop                    
soc/cpu/trap_reg                                         inferred      flip-flop                    
soc/cpu/latched_rd_reg_0_                                inferred      flip-flop                    
soc/cpu/latched_rd_reg_1_                                inferred      flip-flop                    
soc/cpu/alu_out_q_reg_0_                                 inferred      flip-flop                    
soc/cpu/alu_out_q_reg_1_                                 inferred      flip-flop                    
soc/cpu/alu_out_q_reg_3_                                 inferred      flip-flop                    
soc/cpu/alu_out_q_reg_4_                                 inferred      flip-flop                    
soc/cpu/alu_out_q_reg_5_                                 inferred      flip-flop                    
soc/cpu/alu_out_q_reg_6_                                 inferred      flip-flop                    
soc/cpu/alu_out_q_reg_7_                                 inferred      flip-flop                    
soc/cpu/alu_out_q_reg_10_                                inferred      flip-flop                    
soc/cpu/alu_out_q_reg_11_                                inferred      flip-flop                    
soc/cpu/alu_out_q_reg_12_                                inferred      flip-flop                    
soc/cpu/alu_out_q_reg_13_                                inferred      flip-flop                    
soc/cpu/alu_out_q_reg_14_                                inferred      flip-flop                    
soc/cpu/alu_out_q_reg_15_                                inferred      flip-flop                    
soc/cpu/alu_out_q_reg_16_                                inferred      flip-flop                    
soc/cpu/alu_out_q_reg_17_                                inferred      flip-flop                    
soc/cpu/alu_out_q_reg_18_                                inferred      flip-flop                    
soc/cpu/alu_out_q_reg_19_                                inferred      flip-flop                    
soc/cpu/alu_out_q_reg_20_                                inferred      flip-flop                    
soc/cpu/alu_out_q_reg_24_                                inferred      flip-flop                    
soc/cpu/alu_out_q_reg_25_                                inferred      flip-flop                    
soc/cpu/alu_out_q_reg_26_                                inferred      flip-flop                    
soc/cpu/alu_out_q_reg_27_                                inferred      flip-flop                    
soc/cpu/alu_out_q_reg_28_                                inferred      flip-flop                    
soc/cpu/alu_out_q_reg_29_                                inferred      flip-flop                    
soc/cpu/alu_out_q_reg_30_                                inferred      flip-flop                    
soc/cpu/alu_out_q_reg_31_                                inferred      flip-flop                    
soc/cpu/clear_prefetched_high_word_q_reg                 inferred      flip-flop synchronous enable 
soc/cpu/compressed_instr_reg                             inferred      flip-flop                    
soc/cpu/count_cycle_reg_0_                               inferred      flip-flop                    
soc/cpu/count_cycle_reg_1_                               inferred      flip-flop                    
soc/cpu/count_cycle_reg_2_                               inferred      flip-flop                    
soc/cpu/count_cycle_reg_3_                               inferred      flip-flop                    
soc/cpu/count_cycle_reg_4_                               inferred      flip-flop                    
soc/cpu/count_cycle_reg_5_                               inferred      flip-flop                    
soc/cpu/count_cycle_reg_6_                               inferred      flip-flop                    
soc/cpu/count_cycle_reg_7_                               inferred      flip-flop                    
soc/cpu/count_cycle_reg_8_                               inferred      flip-flop                    
soc/cpu/count_cycle_reg_9_                               inferred      flip-flop                    
soc/cpu/count_cycle_reg_10_                              inferred      flip-flop                    
soc/cpu/count_cycle_reg_11_                              inferred      flip-flop                    
soc/cpu/count_cycle_reg_12_                              inferred      flip-flop                    
soc/cpu/count_cycle_reg_13_                              inferred      flip-flop                    
soc/cpu/count_cycle_reg_14_                              inferred      flip-flop                    
soc/cpu/count_cycle_reg_15_                              inferred      flip-flop                    
soc/cpu/count_cycle_reg_16_                              inferred      flip-flop                    
soc/cpu/count_cycle_reg_17_                              inferred      flip-flop                    
soc/cpu/count_cycle_reg_18_                              inferred      flip-flop                    
soc/cpu/count_cycle_reg_19_                              inferred      flip-flop                    
soc/cpu/count_cycle_reg_20_                              inferred      flip-flop                    
soc/cpu/count_cycle_reg_21_                              inferred      flip-flop                    
soc/cpu/count_cycle_reg_22_                              inferred      flip-flop                    
soc/cpu/count_cycle_reg_23_                              inferred      flip-flop                    
soc/cpu/count_cycle_reg_24_                              inferred      flip-flop                    
soc/cpu/count_cycle_reg_25_                              inferred      flip-flop                    
soc/cpu/count_cycle_reg_26_                              inferred      flip-flop                    
soc/cpu/count_cycle_reg_27_                              inferred      flip-flop                    
soc/cpu/count_cycle_reg_28_                              inferred      flip-flop                    
soc/cpu/count_cycle_reg_29_                              inferred      flip-flop                    
soc/cpu/count_cycle_reg_30_                              inferred      flip-flop                    
soc/cpu/count_cycle_reg_31_                              inferred      flip-flop                    
soc/cpu/count_cycle_reg_32_                              inferred      flip-flop                    
soc/cpu/count_cycle_reg_33_                              inferred      flip-flop                    
soc/cpu/count_cycle_reg_34_                              inferred      flip-flop                    
soc/cpu/count_cycle_reg_35_                              inferred      flip-flop                    
soc/cpu/count_cycle_reg_36_                              inferred      flip-flop                    
soc/cpu/count_cycle_reg_37_                              inferred      flip-flop                    
soc/cpu/count_cycle_reg_38_                              inferred      flip-flop                    
soc/cpu/count_cycle_reg_39_                              inferred      flip-flop                    
soc/cpu/count_cycle_reg_40_                              inferred      flip-flop                    
soc/cpu/count_cycle_reg_41_                              inferred      flip-flop                    
soc/cpu/count_cycle_reg_42_                              inferred      flip-flop                    
soc/cpu/count_cycle_reg_43_                              inferred      flip-flop                    
soc/cpu/count_cycle_reg_44_                              inferred      flip-flop                    
soc/cpu/count_cycle_reg_45_                              inferred      flip-flop                    
soc/cpu/count_cycle_reg_46_                              inferred      flip-flop                    
soc/cpu/count_cycle_reg_47_                              inferred      flip-flop                    
soc/cpu/count_cycle_reg_48_                              inferred      flip-flop                    
soc/cpu/count_cycle_reg_49_                              inferred      flip-flop                    
soc/cpu/count_cycle_reg_50_                              inferred      flip-flop                    
soc/cpu/count_cycle_reg_51_                              inferred      flip-flop                    
soc/cpu/count_cycle_reg_52_                              inferred      flip-flop                    
soc/cpu/count_cycle_reg_53_                              inferred      flip-flop                    
soc/cpu/count_cycle_reg_54_                              inferred      flip-flop                    
soc/cpu/count_cycle_reg_55_                              inferred      flip-flop                    
soc/cpu/count_cycle_reg_56_                              inferred      flip-flop                    
soc/cpu/count_cycle_reg_57_                              inferred      flip-flop                    
soc/cpu/count_cycle_reg_58_                              inferred      flip-flop                    
soc/cpu/count_cycle_reg_59_                              inferred      flip-flop                    
soc/cpu/count_cycle_reg_60_                              inferred      flip-flop                    
soc/cpu/count_cycle_reg_61_                              inferred      flip-flop                    
soc/cpu/count_cycle_reg_62_                              inferred      flip-flop                    
soc/cpu/count_cycle_reg_63_                              inferred      flip-flop synchronous reset  
soc/cpu/count_instr_reg_0_                               inferred      flip-flop                    
soc/cpu/count_instr_reg_1_                               inferred      flip-flop                    
soc/cpu/count_instr_reg_2_                               inferred      flip-flop                    
soc/cpu/count_instr_reg_3_                               inferred      flip-flop                    
soc/cpu/count_instr_reg_4_                               inferred      flip-flop                    
soc/cpu/count_instr_reg_5_                               inferred      flip-flop                    
soc/cpu/count_instr_reg_6_                               inferred      flip-flop                    
soc/cpu/count_instr_reg_7_                               inferred      flip-flop                    
soc/cpu/count_instr_reg_8_                               inferred      flip-flop                    
soc/cpu/count_instr_reg_9_                               inferred      flip-flop                    
soc/cpu/count_instr_reg_10_                              inferred      flip-flop                    
soc/cpu/count_instr_reg_11_                              inferred      flip-flop                    
soc/cpu/count_instr_reg_12_                              inferred      flip-flop                    
soc/cpu/count_instr_reg_13_                              inferred      flip-flop                    
soc/cpu/count_instr_reg_14_                              inferred      flip-flop                    
soc/cpu/count_instr_reg_15_                              inferred      flip-flop                    
soc/cpu/count_instr_reg_16_                              inferred      flip-flop                    
soc/cpu/count_instr_reg_17_                              inferred      flip-flop                    
soc/cpu/count_instr_reg_18_                              inferred      flip-flop                    
soc/cpu/count_instr_reg_19_                              inferred      flip-flop                    
soc/cpu/count_instr_reg_20_                              inferred      flip-flop                    
soc/cpu/count_instr_reg_21_                              inferred      flip-flop                    
soc/cpu/count_instr_reg_22_                              inferred      flip-flop                    
soc/cpu/count_instr_reg_23_                              inferred      flip-flop                    
soc/cpu/count_instr_reg_24_                              inferred      flip-flop                    
soc/cpu/count_instr_reg_25_                              inferred      flip-flop                    
soc/cpu/count_instr_reg_26_                              inferred      flip-flop                    
soc/cpu/count_instr_reg_27_                              inferred      flip-flop                    
soc/cpu/count_instr_reg_28_                              inferred      flip-flop                    
soc/cpu/count_instr_reg_29_                              inferred      flip-flop                    
soc/cpu/count_instr_reg_30_                              inferred      flip-flop                    
soc/cpu/count_instr_reg_31_                              inferred      flip-flop                    
soc/cpu/count_instr_reg_32_                              inferred      flip-flop                    
soc/cpu/count_instr_reg_34_                              inferred      flip-flop                    
soc/cpu/count_instr_reg_35_                              inferred      flip-flop                    
soc/cpu/count_instr_reg_36_                              inferred      flip-flop                    
soc/cpu/count_instr_reg_37_                              inferred      flip-flop                    
soc/cpu/count_instr_reg_38_                              inferred      flip-flop                    
soc/cpu/count_instr_reg_39_                              inferred      flip-flop                    
soc/cpu/count_instr_reg_40_                              inferred      flip-flop                    
soc/cpu/count_instr_reg_41_                              inferred      flip-flop                    
soc/cpu/count_instr_reg_42_                              inferred      flip-flop                    
soc/cpu/count_instr_reg_43_                              inferred      flip-flop                    
soc/cpu/count_instr_reg_44_                              inferred      flip-flop                    
soc/cpu/count_instr_reg_45_                              inferred      flip-flop                    
soc/cpu/count_instr_reg_46_                              inferred      flip-flop                    
soc/cpu/count_instr_reg_47_                              inferred      flip-flop                    
soc/cpu/count_instr_reg_48_                              inferred      flip-flop                    
soc/cpu/count_instr_reg_49_                              inferred      flip-flop                    
soc/cpu/count_instr_reg_50_                              inferred      flip-flop                    
soc/cpu/count_instr_reg_51_                              inferred      flip-flop                    
soc/cpu/count_instr_reg_52_                              inferred      flip-flop                    
soc/cpu/count_instr_reg_53_                              inferred      flip-flop                    
soc/cpu/count_instr_reg_54_                              inferred      flip-flop                    
soc/cpu/count_instr_reg_55_                              inferred      flip-flop                    
soc/cpu/count_instr_reg_56_                              inferred      flip-flop                    
soc/cpu/count_instr_reg_57_                              inferred      flip-flop                    
soc/cpu/count_instr_reg_58_                              inferred      flip-flop                    
soc/cpu/count_instr_reg_59_                              inferred      flip-flop                    
soc/cpu/count_instr_reg_60_                              inferred      flip-flop                    
soc/cpu/count_instr_reg_61_                              inferred      flip-flop                    
soc/cpu/count_instr_reg_62_                              inferred      flip-flop                    
soc/cpu/count_instr_reg_63_                              inferred      flip-flop synchronous reset  
soc/cpu/cpu_state_reg_0_                                 inferred      flip-flop                    
soc/cpu/cpu_state_reg_1_                                 inferred      flip-flop                    
soc/cpu/cpu_state_reg_3_                                 inferred      flip-flop                    
soc/cpu/cpu_state_reg_6_                                 inferred      flip-flop                    
soc/cpu/cpu_state_reg_7_                                 inferred      flip-flop                    
soc/cpu/cpuregs_reg_1__0_                                inferred      flip-flop                    
soc/cpu/cpuregs_reg_1__1_                                inferred      flip-flop                    
soc/cpu/cpuregs_reg_1__2_                                inferred      flip-flop                    
soc/cpu/cpuregs_reg_1__3_                                inferred      flip-flop                    
soc/cpu/cpuregs_reg_1__4_                                inferred      flip-flop                    
soc/cpu/cpuregs_reg_1__5_                                inferred      flip-flop                    
soc/cpu/cpuregs_reg_1__6_                                inferred      flip-flop                    
soc/cpu/cpuregs_reg_1__7_                                inferred      flip-flop                    
soc/cpu/cpuregs_reg_1__8_                                inferred      flip-flop                    
soc/cpu/cpuregs_reg_1__10_                               inferred      flip-flop                    
soc/cpu/cpuregs_reg_1__11_                               inferred      flip-flop                    
soc/cpu/cpuregs_reg_1__12_                               inferred      flip-flop                    
soc/cpu/cpuregs_reg_1__13_                               inferred      flip-flop                    
soc/cpu/cpuregs_reg_1__14_                               inferred      flip-flop                    
soc/cpu/cpuregs_reg_1__15_                               inferred      flip-flop                    
soc/cpu/cpuregs_reg_1__16_                               inferred      flip-flop                    
soc/cpu/cpuregs_reg_1__17_                               inferred      flip-flop                    
soc/cpu/cpuregs_reg_1__18_                               inferred      flip-flop                    
soc/cpu/cpuregs_reg_1__19_                               inferred      flip-flop                    
soc/cpu/cpuregs_reg_1__20_                               inferred      flip-flop                    
soc/cpu/cpuregs_reg_1__21_                               inferred      flip-flop                    
soc/cpu/cpuregs_reg_1__24_                               inferred      flip-flop                    
soc/cpu/cpuregs_reg_1__25_                               inferred      flip-flop                    
soc/cpu/cpuregs_reg_1__26_                               inferred      flip-flop                    
soc/cpu/cpuregs_reg_1__27_                               inferred      flip-flop                    
soc/cpu/cpuregs_reg_1__28_                               inferred      flip-flop                    
soc/cpu/cpuregs_reg_1__29_                               inferred      flip-flop                    
soc/cpu/cpuregs_reg_1__30_                               inferred      flip-flop                    
soc/cpu/cpuregs_reg_1__31_                               inferred      flip-flop                    
soc/cpu/cpuregs_reg_2__0_                                inferred      flip-flop                    
soc/cpu/cpuregs_reg_2__1_                                inferred      flip-flop                    
soc/cpu/cpuregs_reg_2__2_                                inferred      flip-flop                    
soc/cpu/cpuregs_reg_2__3_                                inferred      flip-flop                    
soc/cpu/cpuregs_reg_2__4_                                inferred      flip-flop                    
soc/cpu/cpuregs_reg_2__5_                                inferred      flip-flop                    
soc/cpu/cpuregs_reg_2__6_                                inferred      flip-flop                    
soc/cpu/cpuregs_reg_2__7_                                inferred      flip-flop                    
soc/cpu/cpuregs_reg_2__8_                                inferred      flip-flop                    
soc/cpu/cpuregs_reg_2__10_                               inferred      flip-flop                    
soc/cpu/cpuregs_reg_2__11_                               inferred      flip-flop                    
soc/cpu/cpuregs_reg_2__12_                               inferred      flip-flop                    
soc/cpu/cpuregs_reg_2__13_                               inferred      flip-flop                    
soc/cpu/cpuregs_reg_2__14_                               inferred      flip-flop                    
soc/cpu/cpuregs_reg_2__15_                               inferred      flip-flop                    
soc/cpu/cpuregs_reg_2__16_                               inferred      flip-flop                    
soc/cpu/cpuregs_reg_2__17_                               inferred      flip-flop                    
soc/cpu/cpuregs_reg_2__18_                               inferred      flip-flop                    
soc/cpu/cpuregs_reg_2__19_                               inferred      flip-flop                    
soc/cpu/cpuregs_reg_2__20_                               inferred      flip-flop                    
soc/cpu/cpuregs_reg_2__21_                               inferred      flip-flop                    
soc/cpu/cpuregs_reg_2__24_                               inferred      flip-flop                    
soc/cpu/cpuregs_reg_2__25_                               inferred      flip-flop                    
soc/cpu/cpuregs_reg_2__26_                               inferred      flip-flop                    
soc/cpu/cpuregs_reg_2__27_                               inferred      flip-flop                    
soc/cpu/cpuregs_reg_2__28_                               inferred      flip-flop                    
soc/cpu/cpuregs_reg_2__29_                               inferred      flip-flop                    
soc/cpu/cpuregs_reg_2__30_                               inferred      flip-flop                    
soc/cpu/cpuregs_reg_2__31_                               inferred      flip-flop                    
soc/cpu/cpuregs_reg_3__0_                                inferred      flip-flop                    
soc/cpu/cpuregs_reg_3__1_                                inferred      flip-flop                    
soc/cpu/cpuregs_reg_3__2_                                inferred      flip-flop                    
soc/cpu/cpuregs_reg_3__3_                                inferred      flip-flop                    
soc/cpu/cpuregs_reg_3__4_                                inferred      flip-flop                    
soc/cpu/cpuregs_reg_3__5_                                inferred      flip-flop                    
soc/cpu/cpuregs_reg_3__6_                                inferred      flip-flop                    
soc/cpu/cpuregs_reg_3__7_                                inferred      flip-flop                    
soc/cpu/cpuregs_reg_3__8_                                inferred      flip-flop                    
soc/cpu/cpuregs_reg_3__10_                               inferred      flip-flop                    
soc/cpu/cpuregs_reg_3__11_                               inferred      flip-flop                    
soc/cpu/cpuregs_reg_3__12_                               inferred      flip-flop                    
soc/cpu/cpuregs_reg_3__13_                               inferred      flip-flop                    
soc/cpu/cpuregs_reg_3__14_                               inferred      flip-flop                    
soc/cpu/cpuregs_reg_3__15_                               inferred      flip-flop                    
soc/cpu/cpuregs_reg_3__16_                               inferred      flip-flop                    
soc/cpu/cpuregs_reg_3__17_                               inferred      flip-flop                    
soc/cpu/cpuregs_reg_3__18_                               inferred      flip-flop                    
soc/cpu/cpuregs_reg_3__19_                               inferred      flip-flop                    
soc/cpu/cpuregs_reg_3__20_                               inferred      flip-flop                    
soc/cpu/cpuregs_reg_3__21_                               inferred      flip-flop                    
soc/cpu/cpuregs_reg_3__24_                               inferred      flip-flop                    
soc/cpu/cpuregs_reg_3__25_                               inferred      flip-flop                    
soc/cpu/cpuregs_reg_3__26_                               inferred      flip-flop                    
soc/cpu/cpuregs_reg_3__27_                               inferred      flip-flop                    
soc/cpu/cpuregs_reg_3__28_                               inferred      flip-flop                    
soc/cpu/cpuregs_reg_3__29_                               inferred      flip-flop                    
soc/cpu/cpuregs_reg_3__30_                               inferred      flip-flop                    
soc/cpu/cpuregs_reg_3__31_                               inferred      flip-flop                    
soc/cpu/cpuregs_reg_4__0_                                inferred      flip-flop                    
soc/cpu/cpuregs_reg_4__1_                                inferred      flip-flop                    
soc/cpu/cpuregs_reg_4__2_                                inferred      flip-flop                    
soc/cpu/cpuregs_reg_4__3_                                inferred      flip-flop                    
soc/cpu/cpuregs_reg_4__4_                                inferred      flip-flop                    
soc/cpu/cpuregs_reg_4__5_                                inferred      flip-flop                    
soc/cpu/cpuregs_reg_4__6_                                inferred      flip-flop                    
soc/cpu/cpuregs_reg_4__7_                                inferred      flip-flop                    
soc/cpu/cpuregs_reg_4__8_                                inferred      flip-flop                    
soc/cpu/cpuregs_reg_4__10_                               inferred      flip-flop                    
soc/cpu/cpuregs_reg_4__11_                               inferred      flip-flop                    
soc/cpu/cpuregs_reg_4__12_                               inferred      flip-flop                    
soc/cpu/cpuregs_reg_4__13_                               inferred      flip-flop                    
soc/cpu/cpuregs_reg_4__14_                               inferred      flip-flop                    
soc/cpu/cpuregs_reg_4__15_                               inferred      flip-flop                    
soc/cpu/cpuregs_reg_4__16_                               inferred      flip-flop                    
soc/cpu/cpuregs_reg_4__17_                               inferred      flip-flop                    
soc/cpu/cpuregs_reg_4__18_                               inferred      flip-flop                    
soc/cpu/cpuregs_reg_4__19_                               inferred      flip-flop                    
soc/cpu/cpuregs_reg_4__20_                               inferred      flip-flop                    
soc/cpu/cpuregs_reg_4__21_                               inferred      flip-flop                    
soc/cpu/cpuregs_reg_4__24_                               inferred      flip-flop                    
soc/cpu/cpuregs_reg_4__25_                               inferred      flip-flop                    
soc/cpu/cpuregs_reg_4__26_                               inferred      flip-flop                    
soc/cpu/cpuregs_reg_4__27_                               inferred      flip-flop                    
soc/cpu/cpuregs_reg_4__28_                               inferred      flip-flop                    
soc/cpu/cpuregs_reg_4__29_                               inferred      flip-flop                    
soc/cpu/cpuregs_reg_4__30_                               inferred      flip-flop                    
soc/cpu/cpuregs_reg_4__31_                               inferred      flip-flop                    
soc/cpu/cpuregs_reg_5__0_                                inferred      flip-flop                    
soc/cpu/cpuregs_reg_5__1_                                inferred      flip-flop                    
soc/cpu/cpuregs_reg_5__2_                                inferred      flip-flop                    
soc/cpu/cpuregs_reg_5__3_                                inferred      flip-flop                    
soc/cpu/cpuregs_reg_5__4_                                inferred      flip-flop                    
soc/cpu/cpuregs_reg_5__5_                                inferred      flip-flop                    
soc/cpu/cpuregs_reg_5__6_                                inferred      flip-flop                    
soc/cpu/cpuregs_reg_5__7_                                inferred      flip-flop                    
soc/cpu/cpuregs_reg_5__8_                                inferred      flip-flop                    
soc/cpu/cpuregs_reg_5__10_                               inferred      flip-flop                    
soc/cpu/cpuregs_reg_5__11_                               inferred      flip-flop                    
soc/cpu/cpuregs_reg_5__12_                               inferred      flip-flop                    
soc/cpu/cpuregs_reg_5__13_                               inferred      flip-flop                    
soc/cpu/cpuregs_reg_5__14_                               inferred      flip-flop                    
soc/cpu/cpuregs_reg_5__15_                               inferred      flip-flop                    
soc/cpu/cpuregs_reg_5__16_                               inferred      flip-flop                    
soc/cpu/cpuregs_reg_5__17_                               inferred      flip-flop                    
soc/cpu/cpuregs_reg_5__18_                               inferred      flip-flop                    
soc/cpu/cpuregs_reg_5__19_                               inferred      flip-flop                    
soc/cpu/cpuregs_reg_5__20_                               inferred      flip-flop                    
soc/cpu/cpuregs_reg_5__21_                               inferred      flip-flop                    
soc/cpu/cpuregs_reg_5__24_                               inferred      flip-flop                    
soc/cpu/cpuregs_reg_5__25_                               inferred      flip-flop                    
soc/cpu/cpuregs_reg_5__26_                               inferred      flip-flop                    
soc/cpu/cpuregs_reg_5__27_                               inferred      flip-flop                    
soc/cpu/cpuregs_reg_5__28_                               inferred      flip-flop                    
soc/cpu/cpuregs_reg_5__29_                               inferred      flip-flop                    
soc/cpu/cpuregs_reg_5__30_                               inferred      flip-flop                    
soc/cpu/cpuregs_reg_5__31_                               inferred      flip-flop                    
soc/cpu/cpuregs_reg_6__0_                                inferred      flip-flop                    
soc/cpu/cpuregs_reg_6__1_                                inferred      flip-flop                    
soc/cpu/cpuregs_reg_6__2_                                inferred      flip-flop                    
soc/cpu/cpuregs_reg_6__3_                                inferred      flip-flop                    
soc/cpu/cpuregs_reg_6__4_                                inferred      flip-flop                    
soc/cpu/cpuregs_reg_6__5_                                inferred      flip-flop                    
soc/cpu/cpuregs_reg_6__6_                                inferred      flip-flop                    
soc/cpu/cpuregs_reg_6__7_                                inferred      flip-flop                    
soc/cpu/cpuregs_reg_6__8_                                inferred      flip-flop                    
soc/cpu/cpuregs_reg_6__10_                               inferred      flip-flop                    
soc/cpu/cpuregs_reg_6__11_                               inferred      flip-flop                    
soc/cpu/cpuregs_reg_6__12_                               inferred      flip-flop                    
soc/cpu/cpuregs_reg_6__13_                               inferred      flip-flop                    
soc/cpu/cpuregs_reg_6__14_                               inferred      flip-flop                    
soc/cpu/cpuregs_reg_6__15_                               inferred      flip-flop                    
soc/cpu/cpuregs_reg_6__16_                               inferred      flip-flop                    
soc/cpu/cpuregs_reg_6__17_                               inferred      flip-flop                    
soc/cpu/cpuregs_reg_6__18_                               inferred      flip-flop                    
soc/cpu/cpuregs_reg_6__19_                               inferred      flip-flop                    
soc/cpu/cpuregs_reg_6__20_                               inferred      flip-flop                    
soc/cpu/cpuregs_reg_6__21_                               inferred      flip-flop                    
soc/cpu/cpuregs_reg_6__24_                               inferred      flip-flop                    
soc/cpu/cpuregs_reg_6__25_                               inferred      flip-flop                    
soc/cpu/cpuregs_reg_6__26_                               inferred      flip-flop                    
soc/cpu/cpuregs_reg_6__27_                               inferred      flip-flop                    
soc/cpu/cpuregs_reg_6__28_                               inferred      flip-flop                    
soc/cpu/cpuregs_reg_6__29_                               inferred      flip-flop                    
soc/cpu/cpuregs_reg_6__30_                               inferred      flip-flop                    
soc/cpu/cpuregs_reg_6__31_                               inferred      flip-flop                    
soc/cpu/cpuregs_reg_7__0_                                inferred      flip-flop                    
soc/cpu/cpuregs_reg_7__3_                                inferred      flip-flop                    
soc/cpu/cpuregs_reg_7__4_                                inferred      flip-flop                    
soc/cpu/cpuregs_reg_7__5_                                inferred      flip-flop                    
soc/cpu/cpuregs_reg_7__6_                                inferred      flip-flop                    
soc/cpu/cpuregs_reg_7__7_                                inferred      flip-flop                    
soc/cpu/cpuregs_reg_7__8_                                inferred      flip-flop                    
soc/cpu/cpuregs_reg_7__10_                               inferred      flip-flop                    
soc/cpu/cpuregs_reg_7__11_                               inferred      flip-flop                    
soc/cpu/cpuregs_reg_7__12_                               inferred      flip-flop                    
soc/cpu/cpuregs_reg_7__13_                               inferred      flip-flop                    
soc/cpu/cpuregs_reg_7__14_                               inferred      flip-flop                    
soc/cpu/cpuregs_reg_7__15_                               inferred      flip-flop                    
soc/cpu/cpuregs_reg_7__16_                               inferred      flip-flop                    
soc/cpu/cpuregs_reg_7__17_                               inferred      flip-flop                    
soc/cpu/cpuregs_reg_7__18_                               inferred      flip-flop                    
soc/cpu/cpuregs_reg_7__19_                               inferred      flip-flop                    
soc/cpu/cpuregs_reg_7__20_                               inferred      flip-flop                    
soc/cpu/cpuregs_reg_7__21_                               inferred      flip-flop                    
soc/cpu/cpuregs_reg_7__24_                               inferred      flip-flop                    
soc/cpu/cpuregs_reg_7__25_                               inferred      flip-flop                    
soc/cpu/cpuregs_reg_7__26_                               inferred      flip-flop                    
soc/cpu/cpuregs_reg_7__27_                               inferred      flip-flop                    
soc/cpu/cpuregs_reg_7__28_                               inferred      flip-flop                    
soc/cpu/cpuregs_reg_7__29_                               inferred      flip-flop                    
soc/cpu/cpuregs_reg_7__30_                               inferred      flip-flop                    
soc/cpu/cpuregs_reg_7__31_                               inferred      flip-flop                    
soc/cpu/cpuregs_reg_8__0_                                inferred      flip-flop                    
soc/cpu/cpuregs_reg_8__3_                                inferred      flip-flop                    
soc/cpu/cpuregs_reg_8__4_                                inferred      flip-flop                    
soc/cpu/cpuregs_reg_8__5_                                inferred      flip-flop                    
soc/cpu/cpuregs_reg_8__6_                                inferred      flip-flop                    
soc/cpu/cpuregs_reg_8__7_                                inferred      flip-flop                    
soc/cpu/cpuregs_reg_8__8_                                inferred      flip-flop                    
soc/cpu/cpuregs_reg_8__10_                               inferred      flip-flop                    
soc/cpu/cpuregs_reg_8__11_                               inferred      flip-flop                    
soc/cpu/cpuregs_reg_8__12_                               inferred      flip-flop                    
soc/cpu/cpuregs_reg_8__13_                               inferred      flip-flop                    
soc/cpu/cpuregs_reg_8__14_                               inferred      flip-flop                    
soc/cpu/cpuregs_reg_8__15_                               inferred      flip-flop                    
soc/cpu/cpuregs_reg_8__16_                               inferred      flip-flop                    
soc/cpu/cpuregs_reg_8__17_                               inferred      flip-flop                    
soc/cpu/cpuregs_reg_8__18_                               inferred      flip-flop                    
soc/cpu/cpuregs_reg_8__19_                               inferred      flip-flop                    
soc/cpu/cpuregs_reg_8__20_                               inferred      flip-flop                    
soc/cpu/cpuregs_reg_8__21_                               inferred      flip-flop                    
soc/cpu/cpuregs_reg_8__24_                               inferred      flip-flop                    
soc/cpu/cpuregs_reg_8__25_                               inferred      flip-flop                    
soc/cpu/cpuregs_reg_8__26_                               inferred      flip-flop                    
soc/cpu/cpuregs_reg_8__27_                               inferred      flip-flop                    
soc/cpu/cpuregs_reg_8__28_                               inferred      flip-flop                    
soc/cpu/cpuregs_reg_8__29_                               inferred      flip-flop                    
soc/cpu/cpuregs_reg_8__30_                               inferred      flip-flop                    
soc/cpu/cpuregs_reg_8__31_                               inferred      flip-flop                    
soc/cpu/cpuregs_reg_9__1_                                inferred      flip-flop                    
soc/cpu/cpuregs_reg_9__2_                                inferred      flip-flop                    
soc/cpu/cpuregs_reg_9__3_                                inferred      flip-flop                    
soc/cpu/cpuregs_reg_9__4_                                inferred      flip-flop                    
soc/cpu/cpuregs_reg_9__5_                                inferred      flip-flop                    
soc/cpu/cpuregs_reg_9__6_                                inferred      flip-flop                    
soc/cpu/cpuregs_reg_9__7_                                inferred      flip-flop                    
soc/cpu/cpuregs_reg_9__8_                                inferred      flip-flop                    
soc/cpu/cpuregs_reg_9__10_                               inferred      flip-flop                    
soc/cpu/cpuregs_reg_9__11_                               inferred      flip-flop                    
soc/cpu/cpuregs_reg_9__12_                               inferred      flip-flop                    
soc/cpu/cpuregs_reg_9__13_                               inferred      flip-flop                    
soc/cpu/cpuregs_reg_9__14_                               inferred      flip-flop                    
soc/cpu/cpuregs_reg_9__15_                               inferred      flip-flop                    
soc/cpu/cpuregs_reg_9__16_                               inferred      flip-flop                    
soc/cpu/cpuregs_reg_9__17_                               inferred      flip-flop                    
soc/cpu/cpuregs_reg_9__18_                               inferred      flip-flop                    
soc/cpu/cpuregs_reg_9__19_                               inferred      flip-flop                    
soc/cpu/cpuregs_reg_9__20_                               inferred      flip-flop                    
soc/cpu/cpuregs_reg_9__21_                               inferred      flip-flop                    
soc/cpu/cpuregs_reg_9__24_                               inferred      flip-flop                    
soc/cpu/cpuregs_reg_9__25_                               inferred      flip-flop                    
soc/cpu/cpuregs_reg_9__26_                               inferred      flip-flop                    
soc/cpu/cpuregs_reg_9__27_                               inferred      flip-flop                    
soc/cpu/cpuregs_reg_9__28_                               inferred      flip-flop                    
soc/cpu/cpuregs_reg_9__29_                               inferred      flip-flop                    
soc/cpu/cpuregs_reg_9__30_                               inferred      flip-flop                    
soc/cpu/cpuregs_reg_9__31_                               inferred      flip-flop                    
soc/cpu/cpuregs_reg_10__1_                               inferred      flip-flop                    
soc/cpu/cpuregs_reg_10__2_                               inferred      flip-flop                    
soc/cpu/cpuregs_reg_10__3_                               inferred      flip-flop                    
soc/cpu/cpuregs_reg_10__4_                               inferred      flip-flop                    
soc/cpu/cpuregs_reg_10__5_                               inferred      flip-flop                    
soc/cpu/cpuregs_reg_10__6_                               inferred      flip-flop                    
soc/cpu/cpuregs_reg_10__7_                               inferred      flip-flop                    
soc/cpu/cpuregs_reg_10__8_                               inferred      flip-flop                    
soc/cpu/cpuregs_reg_10__10_                              inferred      flip-flop                    
soc/cpu/cpuregs_reg_10__11_                              inferred      flip-flop                    
soc/cpu/cpuregs_reg_10__12_                              inferred      flip-flop                    
soc/cpu/cpuregs_reg_10__13_                              inferred      flip-flop                    
soc/cpu/cpuregs_reg_10__14_                              inferred      flip-flop                    
soc/cpu/cpuregs_reg_10__15_                              inferred      flip-flop                    
soc/cpu/cpuregs_reg_10__16_                              inferred      flip-flop                    
soc/cpu/cpuregs_reg_10__17_                              inferred      flip-flop                    
soc/cpu/cpuregs_reg_10__18_                              inferred      flip-flop                    
soc/cpu/cpuregs_reg_10__19_                              inferred      flip-flop                    
soc/cpu/cpuregs_reg_10__20_                              inferred      flip-flop                    
soc/cpu/cpuregs_reg_10__21_                              inferred      flip-flop                    
soc/cpu/cpuregs_reg_10__24_                              inferred      flip-flop                    
soc/cpu/cpuregs_reg_10__25_                              inferred      flip-flop                    
soc/cpu/cpuregs_reg_10__26_                              inferred      flip-flop                    
soc/cpu/cpuregs_reg_10__27_                              inferred      flip-flop                    
soc/cpu/cpuregs_reg_10__28_                              inferred      flip-flop                    
soc/cpu/cpuregs_reg_10__29_                              inferred      flip-flop                    
soc/cpu/cpuregs_reg_10__30_                              inferred      flip-flop                    
soc/cpu/cpuregs_reg_10__31_                              inferred      flip-flop                    
soc/cpu/cpuregs_reg_11__0_                               inferred      flip-flop                    
soc/cpu/cpuregs_reg_11__1_                               inferred      flip-flop                    
soc/cpu/cpuregs_reg_11__2_                               inferred      flip-flop                    
soc/cpu/cpuregs_reg_11__3_                               inferred      flip-flop                    
soc/cpu/cpuregs_reg_11__4_                               inferred      flip-flop                    
soc/cpu/cpuregs_reg_11__5_                               inferred      flip-flop                    
soc/cpu/cpuregs_reg_11__6_                               inferred      flip-flop                    
soc/cpu/cpuregs_reg_11__7_                               inferred      flip-flop                    
soc/cpu/cpuregs_reg_11__8_                               inferred      flip-flop                    
soc/cpu/cpuregs_reg_11__10_                              inferred      flip-flop                    
soc/cpu/cpuregs_reg_11__11_                              inferred      flip-flop                    
soc/cpu/cpuregs_reg_11__12_                              inferred      flip-flop                    
soc/cpu/cpuregs_reg_11__13_                              inferred      flip-flop                    
soc/cpu/cpuregs_reg_11__14_                              inferred      flip-flop                    
soc/cpu/cpuregs_reg_11__15_                              inferred      flip-flop                    
soc/cpu/cpuregs_reg_11__16_                              inferred      flip-flop                    
soc/cpu/cpuregs_reg_11__17_                              inferred      flip-flop                    
soc/cpu/cpuregs_reg_11__18_                              inferred      flip-flop                    
soc/cpu/cpuregs_reg_11__19_                              inferred      flip-flop                    
soc/cpu/cpuregs_reg_11__20_                              inferred      flip-flop                    
soc/cpu/cpuregs_reg_11__21_                              inferred      flip-flop                    
soc/cpu/cpuregs_reg_11__24_                              inferred      flip-flop                    
soc/cpu/cpuregs_reg_11__25_                              inferred      flip-flop                    
soc/cpu/cpuregs_reg_11__26_                              inferred      flip-flop                    
soc/cpu/cpuregs_reg_11__27_                              inferred      flip-flop                    
soc/cpu/cpuregs_reg_11__28_                              inferred      flip-flop                    
soc/cpu/cpuregs_reg_11__29_                              inferred      flip-flop                    
soc/cpu/cpuregs_reg_11__30_                              inferred      flip-flop                    
soc/cpu/cpuregs_reg_11__31_                              inferred      flip-flop                    
soc/cpu/cpuregs_reg_12__0_                               inferred      flip-flop                    
soc/cpu/cpuregs_reg_12__1_                               inferred      flip-flop                    
soc/cpu/cpuregs_reg_12__2_                               inferred      flip-flop                    
soc/cpu/cpuregs_reg_12__3_                               inferred      flip-flop                    
soc/cpu/cpuregs_reg_12__4_                               inferred      flip-flop                    
soc/cpu/cpuregs_reg_12__5_                               inferred      flip-flop                    
soc/cpu/cpuregs_reg_12__6_                               inferred      flip-flop                    
soc/cpu/cpuregs_reg_12__7_                               inferred      flip-flop                    
soc/cpu/cpuregs_reg_12__8_                               inferred      flip-flop                    
soc/cpu/cpuregs_reg_12__10_                              inferred      flip-flop                    
soc/cpu/cpuregs_reg_12__11_                              inferred      flip-flop                    
soc/cpu/cpuregs_reg_12__12_                              inferred      flip-flop                    
soc/cpu/cpuregs_reg_12__13_                              inferred      flip-flop                    
soc/cpu/cpuregs_reg_12__14_                              inferred      flip-flop                    
soc/cpu/cpuregs_reg_12__15_                              inferred      flip-flop                    
soc/cpu/cpuregs_reg_12__16_                              inferred      flip-flop                    
soc/cpu/cpuregs_reg_12__17_                              inferred      flip-flop                    
soc/cpu/cpuregs_reg_12__18_                              inferred      flip-flop                    
soc/cpu/cpuregs_reg_12__19_                              inferred      flip-flop                    
soc/cpu/cpuregs_reg_12__20_                              inferred      flip-flop                    
soc/cpu/cpuregs_reg_12__21_                              inferred      flip-flop                    
soc/cpu/cpuregs_reg_12__24_                              inferred      flip-flop                    
soc/cpu/cpuregs_reg_12__25_                              inferred      flip-flop                    
soc/cpu/cpuregs_reg_12__26_                              inferred      flip-flop                    
soc/cpu/cpuregs_reg_12__27_                              inferred      flip-flop                    
soc/cpu/cpuregs_reg_12__28_                              inferred      flip-flop                    
soc/cpu/cpuregs_reg_12__29_                              inferred      flip-flop                    
soc/cpu/cpuregs_reg_12__30_                              inferred      flip-flop                    
soc/cpu/cpuregs_reg_12__31_                              inferred      flip-flop                    
soc/cpu/cpuregs_reg_13__0_                               inferred      flip-flop                    
soc/cpu/cpuregs_reg_13__1_                               inferred      flip-flop                    
soc/cpu/cpuregs_reg_13__2_                               inferred      flip-flop                    
soc/cpu/cpuregs_reg_13__3_                               inferred      flip-flop                    
soc/cpu/cpuregs_reg_13__4_                               inferred      flip-flop                    
soc/cpu/cpuregs_reg_13__5_                               inferred      flip-flop                    
soc/cpu/cpuregs_reg_13__6_                               inferred      flip-flop                    
soc/cpu/cpuregs_reg_13__7_                               inferred      flip-flop                    
soc/cpu/cpuregs_reg_13__8_                               inferred      flip-flop                    
soc/cpu/cpuregs_reg_13__10_                              inferred      flip-flop                    
soc/cpu/cpuregs_reg_13__11_                              inferred      flip-flop                    
soc/cpu/cpuregs_reg_13__12_                              inferred      flip-flop                    
soc/cpu/cpuregs_reg_13__13_                              inferred      flip-flop                    
soc/cpu/cpuregs_reg_13__14_                              inferred      flip-flop                    
soc/cpu/cpuregs_reg_13__15_                              inferred      flip-flop                    
soc/cpu/cpuregs_reg_13__16_                              inferred      flip-flop                    
soc/cpu/cpuregs_reg_13__17_                              inferred      flip-flop                    
soc/cpu/cpuregs_reg_13__18_                              inferred      flip-flop                    
soc/cpu/cpuregs_reg_13__19_                              inferred      flip-flop                    
soc/cpu/cpuregs_reg_13__20_                              inferred      flip-flop                    
soc/cpu/cpuregs_reg_13__21_                              inferred      flip-flop                    
soc/cpu/cpuregs_reg_13__24_                              inferred      flip-flop                    
soc/cpu/cpuregs_reg_13__25_                              inferred      flip-flop                    
soc/cpu/cpuregs_reg_13__26_                              inferred      flip-flop                    
soc/cpu/cpuregs_reg_13__27_                              inferred      flip-flop                    
soc/cpu/cpuregs_reg_13__28_                              inferred      flip-flop                    
soc/cpu/cpuregs_reg_13__29_                              inferred      flip-flop                    
soc/cpu/cpuregs_reg_13__30_                              inferred      flip-flop                    
soc/cpu/cpuregs_reg_13__31_                              inferred      flip-flop                    
soc/cpu/cpuregs_reg_14__0_                               inferred      flip-flop                    
soc/cpu/cpuregs_reg_14__1_                               inferred      flip-flop                    
soc/cpu/cpuregs_reg_14__2_                               inferred      flip-flop                    
soc/cpu/cpuregs_reg_14__3_                               inferred      flip-flop                    
soc/cpu/cpuregs_reg_14__4_                               inferred      flip-flop                    
soc/cpu/cpuregs_reg_14__5_                               inferred      flip-flop                    
soc/cpu/cpuregs_reg_14__6_                               inferred      flip-flop                    
soc/cpu/cpuregs_reg_14__7_                               inferred      flip-flop                    
soc/cpu/cpuregs_reg_14__8_                               inferred      flip-flop                    
soc/cpu/cpuregs_reg_14__10_                              inferred      flip-flop                    
soc/cpu/cpuregs_reg_14__11_                              inferred      flip-flop                    
soc/cpu/cpuregs_reg_14__12_                              inferred      flip-flop                    
soc/cpu/cpuregs_reg_14__13_                              inferred      flip-flop                    
soc/cpu/cpuregs_reg_14__14_                              inferred      flip-flop                    
soc/cpu/cpuregs_reg_14__15_                              inferred      flip-flop                    
soc/cpu/cpuregs_reg_14__16_                              inferred      flip-flop                    
soc/cpu/cpuregs_reg_14__17_                              inferred      flip-flop                    
soc/cpu/cpuregs_reg_14__18_                              inferred      flip-flop                    
soc/cpu/cpuregs_reg_14__19_                              inferred      flip-flop                    
soc/cpu/cpuregs_reg_14__20_                              inferred      flip-flop                    
soc/cpu/cpuregs_reg_14__21_                              inferred      flip-flop                    
soc/cpu/cpuregs_reg_14__24_                              inferred      flip-flop                    
soc/cpu/cpuregs_reg_14__25_                              inferred      flip-flop                    
soc/cpu/cpuregs_reg_14__26_                              inferred      flip-flop                    
soc/cpu/cpuregs_reg_14__27_                              inferred      flip-flop                    
soc/cpu/cpuregs_reg_14__28_                              inferred      flip-flop                    
soc/cpu/cpuregs_reg_14__29_                              inferred      flip-flop                    
soc/cpu/cpuregs_reg_14__30_                              inferred      flip-flop                    
soc/cpu/cpuregs_reg_14__31_                              inferred      flip-flop                    
soc/cpu/cpuregs_reg_15__0_                               inferred      flip-flop                    
soc/cpu/cpuregs_reg_15__1_                               inferred      flip-flop                    
soc/cpu/cpuregs_reg_15__2_                               inferred      flip-flop                    
soc/cpu/cpuregs_reg_15__3_                               inferred      flip-flop                    
soc/cpu/cpuregs_reg_15__4_                               inferred      flip-flop                    
soc/cpu/cpuregs_reg_15__5_                               inferred      flip-flop                    
soc/cpu/cpuregs_reg_15__6_                               inferred      flip-flop                    
soc/cpu/cpuregs_reg_15__7_                               inferred      flip-flop                    
soc/cpu/cpuregs_reg_15__8_                               inferred      flip-flop                    
soc/cpu/cpuregs_reg_15__10_                              inferred      flip-flop                    
soc/cpu/cpuregs_reg_15__11_                              inferred      flip-flop                    
soc/cpu/cpuregs_reg_15__12_                              inferred      flip-flop                    
soc/cpu/cpuregs_reg_15__13_                              inferred      flip-flop                    
soc/cpu/cpuregs_reg_15__14_                              inferred      flip-flop                    
soc/cpu/cpuregs_reg_15__15_                              inferred      flip-flop                    
soc/cpu/cpuregs_reg_15__16_                              inferred      flip-flop                    
soc/cpu/cpuregs_reg_15__17_                              inferred      flip-flop                    
soc/cpu/cpuregs_reg_15__18_                              inferred      flip-flop                    
soc/cpu/cpuregs_reg_15__19_                              inferred      flip-flop                    
soc/cpu/cpuregs_reg_15__20_                              inferred      flip-flop                    
soc/cpu/cpuregs_reg_15__21_                              inferred      flip-flop                    
soc/cpu/cpuregs_reg_15__24_                              inferred      flip-flop                    
soc/cpu/cpuregs_reg_15__25_                              inferred      flip-flop                    
soc/cpu/cpuregs_reg_15__26_                              inferred      flip-flop                    
soc/cpu/cpuregs_reg_15__27_                              inferred      flip-flop                    
soc/cpu/cpuregs_reg_15__28_                              inferred      flip-flop                    
soc/cpu/cpuregs_reg_15__29_                              inferred      flip-flop                    
soc/cpu/cpuregs_reg_15__30_                              inferred      flip-flop                    
soc/cpu/cpuregs_reg_15__31_                              inferred      flip-flop                    
soc/cpu/cpuregs_reg_16__0_                               inferred      flip-flop                    
soc/cpu/cpuregs_reg_16__2_                               inferred      flip-flop                    
soc/cpu/cpuregs_reg_16__3_                               inferred      flip-flop                    
soc/cpu/cpuregs_reg_16__4_                               inferred      flip-flop                    
soc/cpu/cpuregs_reg_16__5_                               inferred      flip-flop                    
soc/cpu/cpuregs_reg_16__6_                               inferred      flip-flop                    
soc/cpu/cpuregs_reg_16__7_                               inferred      flip-flop                    
soc/cpu/cpuregs_reg_16__8_                               inferred      flip-flop                    
soc/cpu/cpuregs_reg_16__10_                              inferred      flip-flop                    
soc/cpu/cpuregs_reg_16__11_                              inferred      flip-flop                    
soc/cpu/cpuregs_reg_16__12_                              inferred      flip-flop                    
soc/cpu/cpuregs_reg_16__13_                              inferred      flip-flop                    
soc/cpu/cpuregs_reg_16__14_                              inferred      flip-flop                    
soc/cpu/cpuregs_reg_16__15_                              inferred      flip-flop                    
soc/cpu/cpuregs_reg_16__16_                              inferred      flip-flop                    
soc/cpu/cpuregs_reg_16__17_                              inferred      flip-flop                    
soc/cpu/cpuregs_reg_16__18_                              inferred      flip-flop                    
soc/cpu/cpuregs_reg_16__19_                              inferred      flip-flop                    
soc/cpu/cpuregs_reg_16__20_                              inferred      flip-flop                    
soc/cpu/cpuregs_reg_16__21_                              inferred      flip-flop                    
soc/cpu/cpuregs_reg_16__24_                              inferred      flip-flop                    
soc/cpu/cpuregs_reg_16__25_                              inferred      flip-flop                    
soc/cpu/cpuregs_reg_16__26_                              inferred      flip-flop                    
soc/cpu/cpuregs_reg_16__27_                              inferred      flip-flop                    
soc/cpu/cpuregs_reg_16__28_                              inferred      flip-flop                    
soc/cpu/cpuregs_reg_16__29_                              inferred      flip-flop                    
soc/cpu/cpuregs_reg_16__30_                              inferred      flip-flop                    
soc/cpu/cpuregs_reg_16__31_                              inferred      flip-flop                    
soc/cpu/cpuregs_reg_17__0_                               inferred      flip-flop                    
soc/cpu/cpuregs_reg_17__2_                               inferred      flip-flop                    
soc/cpu/cpuregs_reg_17__3_                               inferred      flip-flop                    
soc/cpu/cpuregs_reg_17__4_                               inferred      flip-flop                    
soc/cpu/cpuregs_reg_17__5_                               inferred      flip-flop                    
soc/cpu/cpuregs_reg_17__6_                               inferred      flip-flop                    
soc/cpu/cpuregs_reg_17__7_                               inferred      flip-flop                    
soc/cpu/cpuregs_reg_17__8_                               inferred      flip-flop                    
soc/cpu/cpuregs_reg_17__10_                              inferred      flip-flop                    
soc/cpu/cpuregs_reg_17__11_                              inferred      flip-flop                    
soc/cpu/cpuregs_reg_17__12_                              inferred      flip-flop                    
soc/cpu/cpuregs_reg_17__13_                              inferred      flip-flop                    
soc/cpu/cpuregs_reg_17__14_                              inferred      flip-flop                    
soc/cpu/cpuregs_reg_17__15_                              inferred      flip-flop                    
soc/cpu/cpuregs_reg_17__16_                              inferred      flip-flop                    
soc/cpu/cpuregs_reg_17__17_                              inferred      flip-flop                    
soc/cpu/cpuregs_reg_17__18_                              inferred      flip-flop                    
soc/cpu/cpuregs_reg_17__19_                              inferred      flip-flop                    
soc/cpu/cpuregs_reg_17__20_                              inferred      flip-flop                    
soc/cpu/cpuregs_reg_17__21_                              inferred      flip-flop                    
soc/cpu/cpuregs_reg_17__24_                              inferred      flip-flop                    
soc/cpu/cpuregs_reg_17__25_                              inferred      flip-flop                    
soc/cpu/cpuregs_reg_17__26_                              inferred      flip-flop                    
soc/cpu/cpuregs_reg_17__27_                              inferred      flip-flop                    
soc/cpu/cpuregs_reg_17__28_                              inferred      flip-flop                    
soc/cpu/cpuregs_reg_17__29_                              inferred      flip-flop                    
soc/cpu/cpuregs_reg_17__30_                              inferred      flip-flop                    
soc/cpu/cpuregs_reg_17__31_                              inferred      flip-flop                    
soc/cpu/cpuregs_reg_18__0_                               inferred      flip-flop                    
soc/cpu/cpuregs_reg_18__1_                               inferred      flip-flop                    
soc/cpu/cpuregs_reg_18__3_                               inferred      flip-flop                    
soc/cpu/cpuregs_reg_18__4_                               inferred      flip-flop                    
soc/cpu/cpuregs_reg_18__5_                               inferred      flip-flop                    
soc/cpu/cpuregs_reg_18__6_                               inferred      flip-flop                    
soc/cpu/cpuregs_reg_18__7_                               inferred      flip-flop                    
soc/cpu/cpuregs_reg_18__8_                               inferred      flip-flop                    
soc/cpu/cpuregs_reg_18__10_                              inferred      flip-flop                    
soc/cpu/cpuregs_reg_18__11_                              inferred      flip-flop                    
soc/cpu/cpuregs_reg_18__12_                              inferred      flip-flop                    
soc/cpu/cpuregs_reg_18__13_                              inferred      flip-flop                    
soc/cpu/cpuregs_reg_18__14_                              inferred      flip-flop                    
soc/cpu/cpuregs_reg_18__15_                              inferred      flip-flop                    
soc/cpu/cpuregs_reg_18__16_                              inferred      flip-flop                    
soc/cpu/cpuregs_reg_18__17_                              inferred      flip-flop                    
soc/cpu/cpuregs_reg_18__18_                              inferred      flip-flop                    
soc/cpu/cpuregs_reg_18__19_                              inferred      flip-flop                    
soc/cpu/cpuregs_reg_18__20_                              inferred      flip-flop                    
soc/cpu/cpuregs_reg_18__21_                              inferred      flip-flop                    
soc/cpu/cpuregs_reg_18__24_                              inferred      flip-flop                    
soc/cpu/cpuregs_reg_18__25_                              inferred      flip-flop                    
soc/cpu/cpuregs_reg_18__26_                              inferred      flip-flop                    
soc/cpu/cpuregs_reg_18__27_                              inferred      flip-flop                    
soc/cpu/cpuregs_reg_18__28_                              inferred      flip-flop                    
soc/cpu/cpuregs_reg_18__29_                              inferred      flip-flop                    
soc/cpu/cpuregs_reg_18__30_                              inferred      flip-flop                    
soc/cpu/cpuregs_reg_18__31_                              inferred      flip-flop                    
soc/cpu/cpuregs_reg_19__0_                               inferred      flip-flop                    
soc/cpu/cpuregs_reg_19__1_                               inferred      flip-flop                    
soc/cpu/cpuregs_reg_19__3_                               inferred      flip-flop                    
soc/cpu/cpuregs_reg_19__4_                               inferred      flip-flop                    
soc/cpu/cpuregs_reg_19__5_                               inferred      flip-flop                    
soc/cpu/cpuregs_reg_19__6_                               inferred      flip-flop                    
soc/cpu/cpuregs_reg_19__7_                               inferred      flip-flop                    
soc/cpu/cpuregs_reg_19__8_                               inferred      flip-flop                    
soc/cpu/cpuregs_reg_19__10_                              inferred      flip-flop                    
soc/cpu/cpuregs_reg_19__11_                              inferred      flip-flop                    
soc/cpu/cpuregs_reg_19__12_                              inferred      flip-flop                    
soc/cpu/cpuregs_reg_19__13_                              inferred      flip-flop                    
soc/cpu/cpuregs_reg_19__14_                              inferred      flip-flop                    
soc/cpu/cpuregs_reg_19__15_                              inferred      flip-flop                    
soc/cpu/cpuregs_reg_19__16_                              inferred      flip-flop                    
soc/cpu/cpuregs_reg_19__17_                              inferred      flip-flop                    
soc/cpu/cpuregs_reg_19__18_                              inferred      flip-flop                    
soc/cpu/cpuregs_reg_19__19_                              inferred      flip-flop                    
soc/cpu/cpuregs_reg_19__20_                              inferred      flip-flop                    
soc/cpu/cpuregs_reg_19__21_                              inferred      flip-flop                    
soc/cpu/cpuregs_reg_19__24_                              inferred      flip-flop                    
soc/cpu/cpuregs_reg_19__25_                              inferred      flip-flop                    
soc/cpu/cpuregs_reg_19__26_                              inferred      flip-flop                    
soc/cpu/cpuregs_reg_19__27_                              inferred      flip-flop                    
soc/cpu/cpuregs_reg_19__28_                              inferred      flip-flop                    
soc/cpu/cpuregs_reg_19__29_                              inferred      flip-flop                    
soc/cpu/cpuregs_reg_19__30_                              inferred      flip-flop                    
soc/cpu/cpuregs_reg_19__31_                              inferred      flip-flop                    
soc/cpu/cpuregs_reg_20__0_                               inferred      flip-flop                    
soc/cpu/cpuregs_reg_20__1_                               inferred      flip-flop                    
soc/cpu/cpuregs_reg_20__2_                               inferred      flip-flop                    
soc/cpu/cpuregs_reg_20__3_                               inferred      flip-flop                    
soc/cpu/cpuregs_reg_20__4_                               inferred      flip-flop                    
soc/cpu/cpuregs_reg_20__5_                               inferred      flip-flop                    
soc/cpu/cpuregs_reg_20__6_                               inferred      flip-flop                    
soc/cpu/cpuregs_reg_20__7_                               inferred      flip-flop                    
soc/cpu/cpuregs_reg_20__8_                               inferred      flip-flop                    
soc/cpu/cpuregs_reg_20__10_                              inferred      flip-flop                    
soc/cpu/cpuregs_reg_20__11_                              inferred      flip-flop                    
soc/cpu/cpuregs_reg_20__12_                              inferred      flip-flop                    
soc/cpu/cpuregs_reg_20__13_                              inferred      flip-flop                    
soc/cpu/cpuregs_reg_20__14_                              inferred      flip-flop                    
soc/cpu/cpuregs_reg_20__15_                              inferred      flip-flop                    
soc/cpu/cpuregs_reg_20__16_                              inferred      flip-flop                    
soc/cpu/cpuregs_reg_20__17_                              inferred      flip-flop                    
soc/cpu/cpuregs_reg_20__18_                              inferred      flip-flop                    
soc/cpu/cpuregs_reg_20__19_                              inferred      flip-flop                    
soc/cpu/cpuregs_reg_20__20_                              inferred      flip-flop                    
soc/cpu/cpuregs_reg_20__21_                              inferred      flip-flop                    
soc/cpu/cpuregs_reg_20__24_                              inferred      flip-flop                    
soc/cpu/cpuregs_reg_20__25_                              inferred      flip-flop                    
soc/cpu/cpuregs_reg_20__26_                              inferred      flip-flop                    
soc/cpu/cpuregs_reg_20__27_                              inferred      flip-flop                    
soc/cpu/cpuregs_reg_20__28_                              inferred      flip-flop                    
soc/cpu/cpuregs_reg_20__29_                              inferred      flip-flop                    
soc/cpu/cpuregs_reg_20__30_                              inferred      flip-flop                    
soc/cpu/cpuregs_reg_20__31_                              inferred      flip-flop                    
soc/cpu/cpuregs_reg_21__0_                               inferred      flip-flop                    
soc/cpu/cpuregs_reg_21__1_                               inferred      flip-flop                    
soc/cpu/cpuregs_reg_21__2_                               inferred      flip-flop                    
soc/cpu/cpuregs_reg_21__3_                               inferred      flip-flop                    
soc/cpu/cpuregs_reg_21__4_                               inferred      flip-flop                    
soc/cpu/cpuregs_reg_21__5_                               inferred      flip-flop                    
soc/cpu/cpuregs_reg_21__6_                               inferred      flip-flop                    
soc/cpu/cpuregs_reg_21__7_                               inferred      flip-flop                    
soc/cpu/cpuregs_reg_21__8_                               inferred      flip-flop                    
soc/cpu/cpuregs_reg_21__10_                              inferred      flip-flop                    
soc/cpu/cpuregs_reg_21__11_                              inferred      flip-flop                    
soc/cpu/cpuregs_reg_21__12_                              inferred      flip-flop                    
soc/cpu/cpuregs_reg_21__13_                              inferred      flip-flop                    
soc/cpu/cpuregs_reg_21__14_                              inferred      flip-flop                    
soc/cpu/cpuregs_reg_21__15_                              inferred      flip-flop                    
soc/cpu/cpuregs_reg_21__16_                              inferred      flip-flop                    
soc/cpu/cpuregs_reg_21__17_                              inferred      flip-flop                    
soc/cpu/cpuregs_reg_21__18_                              inferred      flip-flop                    
soc/cpu/cpuregs_reg_21__19_                              inferred      flip-flop                    
soc/cpu/cpuregs_reg_21__20_                              inferred      flip-flop                    
soc/cpu/cpuregs_reg_21__21_                              inferred      flip-flop                    
soc/cpu/cpuregs_reg_21__24_                              inferred      flip-flop                    
soc/cpu/cpuregs_reg_21__25_                              inferred      flip-flop                    
soc/cpu/cpuregs_reg_21__26_                              inferred      flip-flop                    
soc/cpu/cpuregs_reg_21__27_                              inferred      flip-flop                    
soc/cpu/cpuregs_reg_21__28_                              inferred      flip-flop                    
soc/cpu/cpuregs_reg_21__29_                              inferred      flip-flop                    
soc/cpu/cpuregs_reg_21__30_                              inferred      flip-flop                    
soc/cpu/cpuregs_reg_21__31_                              inferred      flip-flop                    
soc/cpu/cpuregs_reg_22__1_                               inferred      flip-flop                    
soc/cpu/cpuregs_reg_22__2_                               inferred      flip-flop                    
soc/cpu/cpuregs_reg_22__3_                               inferred      flip-flop                    
soc/cpu/cpuregs_reg_22__4_                               inferred      flip-flop                    
soc/cpu/cpuregs_reg_22__5_                               inferred      flip-flop                    
soc/cpu/cpuregs_reg_22__6_                               inferred      flip-flop                    
soc/cpu/cpuregs_reg_22__7_                               inferred      flip-flop                    
soc/cpu/cpuregs_reg_22__8_                               inferred      flip-flop                    
soc/cpu/cpuregs_reg_22__10_                              inferred      flip-flop                    
soc/cpu/cpuregs_reg_22__11_                              inferred      flip-flop                    
soc/cpu/cpuregs_reg_22__12_                              inferred      flip-flop                    
soc/cpu/cpuregs_reg_22__13_                              inferred      flip-flop                    
soc/cpu/cpuregs_reg_22__14_                              inferred      flip-flop                    
soc/cpu/cpuregs_reg_22__15_                              inferred      flip-flop                    
soc/cpu/cpuregs_reg_22__16_                              inferred      flip-flop                    
soc/cpu/cpuregs_reg_22__17_                              inferred      flip-flop                    
soc/cpu/cpuregs_reg_22__18_                              inferred      flip-flop                    
soc/cpu/cpuregs_reg_22__19_                              inferred      flip-flop                    
soc/cpu/cpuregs_reg_22__20_                              inferred      flip-flop                    
soc/cpu/cpuregs_reg_22__21_                              inferred      flip-flop                    
soc/cpu/cpuregs_reg_22__24_                              inferred      flip-flop                    
soc/cpu/cpuregs_reg_22__25_                              inferred      flip-flop                    
soc/cpu/cpuregs_reg_22__26_                              inferred      flip-flop                    
soc/cpu/cpuregs_reg_22__27_                              inferred      flip-flop                    
soc/cpu/cpuregs_reg_22__28_                              inferred      flip-flop                    
soc/cpu/cpuregs_reg_22__29_                              inferred      flip-flop                    
soc/cpu/cpuregs_reg_22__30_                              inferred      flip-flop                    
soc/cpu/cpuregs_reg_22__31_                              inferred      flip-flop                    
soc/cpu/cpuregs_reg_23__1_                               inferred      flip-flop                    
soc/cpu/cpuregs_reg_23__2_                               inferred      flip-flop                    
soc/cpu/cpuregs_reg_23__3_                               inferred      flip-flop                    
soc/cpu/cpuregs_reg_23__4_                               inferred      flip-flop                    
soc/cpu/cpuregs_reg_23__5_                               inferred      flip-flop                    
soc/cpu/cpuregs_reg_23__6_                               inferred      flip-flop                    
soc/cpu/cpuregs_reg_23__7_                               inferred      flip-flop                    
soc/cpu/cpuregs_reg_23__8_                               inferred      flip-flop                    
soc/cpu/cpuregs_reg_23__10_                              inferred      flip-flop                    
soc/cpu/cpuregs_reg_23__11_                              inferred      flip-flop                    
soc/cpu/cpuregs_reg_23__12_                              inferred      flip-flop                    
soc/cpu/cpuregs_reg_23__13_                              inferred      flip-flop                    
soc/cpu/cpuregs_reg_23__14_                              inferred      flip-flop                    
soc/cpu/cpuregs_reg_23__15_                              inferred      flip-flop                    
soc/cpu/cpuregs_reg_23__16_                              inferred      flip-flop                    
soc/cpu/cpuregs_reg_23__17_                              inferred      flip-flop                    
soc/cpu/cpuregs_reg_23__18_                              inferred      flip-flop                    
soc/cpu/cpuregs_reg_23__19_                              inferred      flip-flop                    
soc/cpu/cpuregs_reg_23__20_                              inferred      flip-flop                    
soc/cpu/cpuregs_reg_23__21_                              inferred      flip-flop                    
soc/cpu/cpuregs_reg_23__24_                              inferred      flip-flop                    
soc/cpu/cpuregs_reg_23__25_                              inferred      flip-flop                    
soc/cpu/cpuregs_reg_23__26_                              inferred      flip-flop                    
soc/cpu/cpuregs_reg_23__27_                              inferred      flip-flop                    
soc/cpu/cpuregs_reg_23__28_                              inferred      flip-flop                    
soc/cpu/cpuregs_reg_23__29_                              inferred      flip-flop                    
soc/cpu/cpuregs_reg_23__30_                              inferred      flip-flop                    
soc/cpu/cpuregs_reg_23__31_                              inferred      flip-flop                    
soc/cpu/cpuregs_reg_24__3_                               inferred      flip-flop                    
soc/cpu/cpuregs_reg_24__4_                               inferred      flip-flop                    
soc/cpu/cpuregs_reg_24__5_                               inferred      flip-flop                    
soc/cpu/cpuregs_reg_24__6_                               inferred      flip-flop                    
soc/cpu/cpuregs_reg_24__7_                               inferred      flip-flop                    
soc/cpu/cpuregs_reg_24__8_                               inferred      flip-flop                    
soc/cpu/cpuregs_reg_24__10_                              inferred      flip-flop                    
soc/cpu/cpuregs_reg_24__11_                              inferred      flip-flop                    
soc/cpu/cpuregs_reg_24__12_                              inferred      flip-flop                    
soc/cpu/cpuregs_reg_24__13_                              inferred      flip-flop                    
soc/cpu/cpuregs_reg_24__14_                              inferred      flip-flop                    
soc/cpu/cpuregs_reg_24__15_                              inferred      flip-flop                    
soc/cpu/cpuregs_reg_24__16_                              inferred      flip-flop                    
soc/cpu/cpuregs_reg_24__17_                              inferred      flip-flop                    
soc/cpu/cpuregs_reg_24__18_                              inferred      flip-flop                    
soc/cpu/cpuregs_reg_24__19_                              inferred      flip-flop                    
soc/cpu/cpuregs_reg_24__20_                              inferred      flip-flop                    
soc/cpu/cpuregs_reg_24__21_                              inferred      flip-flop                    
soc/cpu/cpuregs_reg_24__24_                              inferred      flip-flop                    
soc/cpu/cpuregs_reg_24__25_                              inferred      flip-flop                    
soc/cpu/cpuregs_reg_24__26_                              inferred      flip-flop                    
soc/cpu/cpuregs_reg_24__27_                              inferred      flip-flop                    
soc/cpu/cpuregs_reg_24__28_                              inferred      flip-flop                    
soc/cpu/cpuregs_reg_24__29_                              inferred      flip-flop                    
soc/cpu/cpuregs_reg_24__30_                              inferred      flip-flop                    
soc/cpu/cpuregs_reg_24__31_                              inferred      flip-flop                    
soc/cpu/cpuregs_reg_25__3_                               inferred      flip-flop                    
soc/cpu/cpuregs_reg_25__4_                               inferred      flip-flop                    
soc/cpu/cpuregs_reg_25__5_                               inferred      flip-flop                    
soc/cpu/cpuregs_reg_25__6_                               inferred      flip-flop                    
soc/cpu/cpuregs_reg_25__7_                               inferred      flip-flop                    
soc/cpu/cpuregs_reg_25__8_                               inferred      flip-flop                    
soc/cpu/cpuregs_reg_25__10_                              inferred      flip-flop                    
soc/cpu/cpuregs_reg_25__11_                              inferred      flip-flop                    
soc/cpu/cpuregs_reg_25__12_                              inferred      flip-flop                    
soc/cpu/cpuregs_reg_25__13_                              inferred      flip-flop                    
soc/cpu/cpuregs_reg_25__14_                              inferred      flip-flop                    
soc/cpu/cpuregs_reg_25__15_                              inferred      flip-flop                    
soc/cpu/cpuregs_reg_25__16_                              inferred      flip-flop                    
soc/cpu/cpuregs_reg_25__17_                              inferred      flip-flop                    
soc/cpu/cpuregs_reg_25__18_                              inferred      flip-flop                    
soc/cpu/cpuregs_reg_25__19_                              inferred      flip-flop                    
soc/cpu/cpuregs_reg_25__20_                              inferred      flip-flop                    
soc/cpu/cpuregs_reg_25__21_                              inferred      flip-flop                    
soc/cpu/cpuregs_reg_25__24_                              inferred      flip-flop                    
soc/cpu/cpuregs_reg_25__25_                              inferred      flip-flop                    
soc/cpu/cpuregs_reg_25__26_                              inferred      flip-flop                    
soc/cpu/cpuregs_reg_25__27_                              inferred      flip-flop                    
soc/cpu/cpuregs_reg_25__28_                              inferred      flip-flop                    
soc/cpu/cpuregs_reg_25__29_                              inferred      flip-flop                    
soc/cpu/cpuregs_reg_25__30_                              inferred      flip-flop                    
soc/cpu/cpuregs_reg_25__31_                              inferred      flip-flop                    
soc/cpu/cpuregs_reg_26__0_                               inferred      flip-flop                    
soc/cpu/cpuregs_reg_26__1_                               inferred      flip-flop                    
soc/cpu/cpuregs_reg_26__2_                               inferred      flip-flop                    
soc/cpu/cpuregs_reg_26__3_                               inferred      flip-flop                    
soc/cpu/cpuregs_reg_26__4_                               inferred      flip-flop                    
soc/cpu/cpuregs_reg_26__5_                               inferred      flip-flop                    
soc/cpu/cpuregs_reg_26__6_                               inferred      flip-flop                    
soc/cpu/cpuregs_reg_26__7_                               inferred      flip-flop                    
soc/cpu/cpuregs_reg_26__8_                               inferred      flip-flop                    
soc/cpu/cpuregs_reg_26__10_                              inferred      flip-flop                    
soc/cpu/cpuregs_reg_26__11_                              inferred      flip-flop                    
soc/cpu/cpuregs_reg_26__12_                              inferred      flip-flop                    
soc/cpu/cpuregs_reg_26__13_                              inferred      flip-flop                    
soc/cpu/cpuregs_reg_26__14_                              inferred      flip-flop                    
soc/cpu/cpuregs_reg_26__15_                              inferred      flip-flop                    
soc/cpu/cpuregs_reg_26__16_                              inferred      flip-flop                    
soc/cpu/cpuregs_reg_26__17_                              inferred      flip-flop                    
soc/cpu/cpuregs_reg_26__18_                              inferred      flip-flop                    
soc/cpu/cpuregs_reg_26__19_                              inferred      flip-flop                    
soc/cpu/cpuregs_reg_26__20_                              inferred      flip-flop                    
soc/cpu/cpuregs_reg_26__21_                              inferred      flip-flop                    
soc/cpu/cpuregs_reg_26__24_                              inferred      flip-flop                    
soc/cpu/cpuregs_reg_26__25_                              inferred      flip-flop                    
soc/cpu/cpuregs_reg_26__26_                              inferred      flip-flop                    
soc/cpu/cpuregs_reg_26__27_                              inferred      flip-flop                    
soc/cpu/cpuregs_reg_26__28_                              inferred      flip-flop                    
soc/cpu/cpuregs_reg_26__29_                              inferred      flip-flop                    
soc/cpu/cpuregs_reg_26__30_                              inferred      flip-flop                    
soc/cpu/cpuregs_reg_26__31_                              inferred      flip-flop                    
soc/cpu/cpuregs_reg_27__0_                               inferred      flip-flop                    
soc/cpu/cpuregs_reg_27__1_                               inferred      flip-flop                    
soc/cpu/cpuregs_reg_27__2_                               inferred      flip-flop                    
soc/cpu/cpuregs_reg_27__3_                               inferred      flip-flop                    
soc/cpu/cpuregs_reg_27__4_                               inferred      flip-flop                    
soc/cpu/cpuregs_reg_27__5_                               inferred      flip-flop                    
soc/cpu/cpuregs_reg_27__6_                               inferred      flip-flop                    
soc/cpu/cpuregs_reg_27__7_                               inferred      flip-flop                    
soc/cpu/cpuregs_reg_27__8_                               inferred      flip-flop                    
soc/cpu/cpuregs_reg_27__10_                              inferred      flip-flop                    
soc/cpu/cpuregs_reg_27__11_                              inferred      flip-flop                    
soc/cpu/cpuregs_reg_27__12_                              inferred      flip-flop                    
soc/cpu/cpuregs_reg_27__13_                              inferred      flip-flop                    
soc/cpu/cpuregs_reg_27__14_                              inferred      flip-flop                    
soc/cpu/cpuregs_reg_27__15_                              inferred      flip-flop                    
soc/cpu/cpuregs_reg_27__16_                              inferred      flip-flop                    
soc/cpu/cpuregs_reg_27__17_                              inferred      flip-flop                    
soc/cpu/cpuregs_reg_27__18_                              inferred      flip-flop                    
soc/cpu/cpuregs_reg_27__19_                              inferred      flip-flop                    
soc/cpu/cpuregs_reg_27__20_                              inferred      flip-flop                    
soc/cpu/cpuregs_reg_27__21_                              inferred      flip-flop                    
soc/cpu/cpuregs_reg_27__24_                              inferred      flip-flop                    
soc/cpu/cpuregs_reg_27__25_                              inferred      flip-flop                    
soc/cpu/cpuregs_reg_27__26_                              inferred      flip-flop                    
soc/cpu/cpuregs_reg_27__27_                              inferred      flip-flop                    
soc/cpu/cpuregs_reg_27__28_                              inferred      flip-flop                    
soc/cpu/cpuregs_reg_27__29_                              inferred      flip-flop                    
soc/cpu/cpuregs_reg_27__30_                              inferred      flip-flop                    
soc/cpu/cpuregs_reg_27__31_                              inferred      flip-flop                    
soc/cpu/cpuregs_reg_28__0_                               inferred      flip-flop                    
soc/cpu/cpuregs_reg_28__1_                               inferred      flip-flop                    
soc/cpu/cpuregs_reg_28__2_                               inferred      flip-flop                    
soc/cpu/cpuregs_reg_28__3_                               inferred      flip-flop                    
soc/cpu/cpuregs_reg_28__4_                               inferred      flip-flop                    
soc/cpu/cpuregs_reg_28__5_                               inferred      flip-flop                    
soc/cpu/cpuregs_reg_28__6_                               inferred      flip-flop                    
soc/cpu/cpuregs_reg_28__7_                               inferred      flip-flop                    
soc/cpu/cpuregs_reg_28__8_                               inferred      flip-flop                    
soc/cpu/cpuregs_reg_28__10_                              inferred      flip-flop                    
soc/cpu/cpuregs_reg_28__11_                              inferred      flip-flop                    
soc/cpu/cpuregs_reg_28__12_                              inferred      flip-flop                    
soc/cpu/cpuregs_reg_28__13_                              inferred      flip-flop                    
soc/cpu/cpuregs_reg_28__14_                              inferred      flip-flop                    
soc/cpu/cpuregs_reg_28__15_                              inferred      flip-flop                    
soc/cpu/cpuregs_reg_28__16_                              inferred      flip-flop                    
soc/cpu/cpuregs_reg_28__17_                              inferred      flip-flop                    
soc/cpu/cpuregs_reg_28__18_                              inferred      flip-flop                    
soc/cpu/cpuregs_reg_28__19_                              inferred      flip-flop                    
soc/cpu/cpuregs_reg_28__20_                              inferred      flip-flop                    
soc/cpu/cpuregs_reg_28__21_                              inferred      flip-flop                    
soc/cpu/cpuregs_reg_28__24_                              inferred      flip-flop                    
soc/cpu/cpuregs_reg_28__25_                              inferred      flip-flop                    
soc/cpu/cpuregs_reg_28__26_                              inferred      flip-flop                    
soc/cpu/cpuregs_reg_28__27_                              inferred      flip-flop                    
soc/cpu/cpuregs_reg_28__28_                              inferred      flip-flop                    
soc/cpu/cpuregs_reg_28__29_                              inferred      flip-flop                    
soc/cpu/cpuregs_reg_28__30_                              inferred      flip-flop                    
soc/cpu/cpuregs_reg_28__31_                              inferred      flip-flop                    
soc/cpu/cpuregs_reg_29__0_                               inferred      flip-flop                    
soc/cpu/cpuregs_reg_29__1_                               inferred      flip-flop                    
soc/cpu/cpuregs_reg_29__2_                               inferred      flip-flop                    
soc/cpu/cpuregs_reg_29__3_                               inferred      flip-flop                    
soc/cpu/cpuregs_reg_29__4_                               inferred      flip-flop                    
soc/cpu/cpuregs_reg_29__5_                               inferred      flip-flop                    
soc/cpu/cpuregs_reg_29__6_                               inferred      flip-flop                    
soc/cpu/cpuregs_reg_29__7_                               inferred      flip-flop                    
soc/cpu/cpuregs_reg_29__8_                               inferred      flip-flop                    
soc/cpu/cpuregs_reg_29__10_                              inferred      flip-flop                    
soc/cpu/cpuregs_reg_29__11_                              inferred      flip-flop                    
soc/cpu/cpuregs_reg_29__12_                              inferred      flip-flop                    
soc/cpu/cpuregs_reg_29__13_                              inferred      flip-flop                    
soc/cpu/cpuregs_reg_29__14_                              inferred      flip-flop                    
soc/cpu/cpuregs_reg_29__15_                              inferred      flip-flop                    
soc/cpu/cpuregs_reg_29__16_                              inferred      flip-flop                    
soc/cpu/cpuregs_reg_29__17_                              inferred      flip-flop                    
soc/cpu/cpuregs_reg_29__18_                              inferred      flip-flop                    
soc/cpu/cpuregs_reg_29__19_                              inferred      flip-flop                    
soc/cpu/cpuregs_reg_29__20_                              inferred      flip-flop                    
soc/cpu/cpuregs_reg_29__21_                              inferred      flip-flop                    
soc/cpu/cpuregs_reg_29__24_                              inferred      flip-flop                    
soc/cpu/cpuregs_reg_29__25_                              inferred      flip-flop                    
soc/cpu/cpuregs_reg_29__26_                              inferred      flip-flop                    
soc/cpu/cpuregs_reg_29__27_                              inferred      flip-flop                    
soc/cpu/cpuregs_reg_29__28_                              inferred      flip-flop                    
soc/cpu/cpuregs_reg_29__29_                              inferred      flip-flop                    
soc/cpu/cpuregs_reg_29__30_                              inferred      flip-flop                    
soc/cpu/cpuregs_reg_29__31_                              inferred      flip-flop                    
soc/cpu/cpuregs_reg_30__0_                               inferred      flip-flop                    
soc/cpu/cpuregs_reg_30__1_                               inferred      flip-flop                    
soc/cpu/cpuregs_reg_30__2_                               inferred      flip-flop                    
soc/cpu/cpuregs_reg_30__3_                               inferred      flip-flop                    
soc/cpu/cpuregs_reg_30__4_                               inferred      flip-flop                    
soc/cpu/cpuregs_reg_30__5_                               inferred      flip-flop                    
soc/cpu/cpuregs_reg_30__6_                               inferred      flip-flop                    
soc/cpu/cpuregs_reg_30__7_                               inferred      flip-flop                    
soc/cpu/cpuregs_reg_30__8_                               inferred      flip-flop                    
soc/cpu/cpuregs_reg_30__10_                              inferred      flip-flop                    
soc/cpu/cpuregs_reg_30__11_                              inferred      flip-flop                    
soc/cpu/cpuregs_reg_30__12_                              inferred      flip-flop                    
soc/cpu/cpuregs_reg_30__13_                              inferred      flip-flop                    
soc/cpu/cpuregs_reg_30__14_                              inferred      flip-flop                    
soc/cpu/cpuregs_reg_30__15_                              inferred      flip-flop                    
soc/cpu/cpuregs_reg_30__16_                              inferred      flip-flop                    
soc/cpu/cpuregs_reg_30__17_                              inferred      flip-flop                    
soc/cpu/cpuregs_reg_30__18_                              inferred      flip-flop                    
soc/cpu/cpuregs_reg_30__19_                              inferred      flip-flop                    
soc/cpu/cpuregs_reg_30__20_                              inferred      flip-flop                    
soc/cpu/cpuregs_reg_30__21_                              inferred      flip-flop                    
soc/cpu/cpuregs_reg_30__24_                              inferred      flip-flop                    
soc/cpu/cpuregs_reg_30__25_                              inferred      flip-flop                    
soc/cpu/cpuregs_reg_30__26_                              inferred      flip-flop                    
soc/cpu/cpuregs_reg_30__27_                              inferred      flip-flop                    
soc/cpu/cpuregs_reg_30__28_                              inferred      flip-flop                    
soc/cpu/cpuregs_reg_30__29_                              inferred      flip-flop                    
soc/cpu/cpuregs_reg_30__30_                              inferred      flip-flop                    
soc/cpu/cpuregs_reg_30__31_                              inferred      flip-flop                    
soc/cpu/cpuregs_reg_31__0_                               inferred      flip-flop                    
soc/cpu/cpuregs_reg_31__1_                               inferred      flip-flop                    
soc/cpu/cpuregs_reg_31__2_                               inferred      flip-flop                    
soc/cpu/cpuregs_reg_31__3_                               inferred      flip-flop                    
soc/cpu/cpuregs_reg_31__4_                               inferred      flip-flop                    
soc/cpu/cpuregs_reg_31__5_                               inferred      flip-flop                    
soc/cpu/cpuregs_reg_31__6_                               inferred      flip-flop                    
soc/cpu/cpuregs_reg_31__7_                               inferred      flip-flop                    
soc/cpu/cpuregs_reg_31__8_                               inferred      flip-flop                    
soc/cpu/cpuregs_reg_31__10_                              inferred      flip-flop                    
soc/cpu/cpuregs_reg_31__11_                              inferred      flip-flop                    
soc/cpu/cpuregs_reg_31__12_                              inferred      flip-flop                    
soc/cpu/cpuregs_reg_31__13_                              inferred      flip-flop                    
soc/cpu/cpuregs_reg_31__14_                              inferred      flip-flop                    
soc/cpu/cpuregs_reg_31__15_                              inferred      flip-flop                    
soc/cpu/cpuregs_reg_31__16_                              inferred      flip-flop                    
soc/cpu/cpuregs_reg_31__17_                              inferred      flip-flop                    
soc/cpu/cpuregs_reg_31__18_                              inferred      flip-flop                    
soc/cpu/cpuregs_reg_31__19_                              inferred      flip-flop                    
soc/cpu/cpuregs_reg_31__20_                              inferred      flip-flop                    
soc/cpu/cpuregs_reg_31__21_                              inferred      flip-flop                    
soc/cpu/cpuregs_reg_31__24_                              inferred      flip-flop                    
soc/cpu/cpuregs_reg_31__25_                              inferred      flip-flop                    
soc/cpu/cpuregs_reg_31__26_                              inferred      flip-flop                    
soc/cpu/cpuregs_reg_31__27_                              inferred      flip-flop                    
soc/cpu/cpuregs_reg_31__28_                              inferred      flip-flop                    
soc/cpu/cpuregs_reg_31__29_                              inferred      flip-flop                    
soc/cpu/cpuregs_reg_31__30_                              inferred      flip-flop                    
soc/cpu/cpuregs_reg_31__31_                              inferred      flip-flop                    
soc/cpu/decoded_rs1_reg_0_                               inferred      flip-flop                    
soc/cpu/decoded_rs1_reg_1_                               inferred      flip-flop                    
soc/cpu/decoded_rs1_reg_2_                               inferred      flip-flop                    
soc/cpu/decoded_rs1_reg_3_                               inferred      flip-flop                    
soc/cpu/decoded_rs1_reg_4_                               inferred      flip-flop                    
soc/cpu/decoded_rs2_reg_3_                               inferred      flip-flop                    
soc/cpu/do_waitirq_reg                                   inferred      flip-flop                    
soc/cpu/instr_add_reg                                    inferred      flip-flop                    
soc/cpu/instr_and_reg                                    inferred      flip-flop                    
soc/cpu/instr_andi_reg                                   inferred      flip-flop                    
soc/cpu/instr_auipc_reg                                  inferred      flip-flop                    
soc/cpu/instr_jal_reg                                    inferred      flip-flop                    
soc/cpu/instr_jalr_reg                                   inferred      flip-flop                    
soc/cpu/instr_lb_reg                                     inferred      flip-flop                    
soc/cpu/instr_lui_reg                                    inferred      flip-flop                    
soc/cpu/instr_maskirq_reg                                inferred      flip-flop                    
soc/cpu/instr_or_reg                                     inferred      flip-flop                    
soc/cpu/instr_ori_reg                                    inferred      flip-flop                    
soc/cpu/instr_rdcycle_reg                                inferred      flip-flop                    
soc/cpu/instr_rdcycleh_reg                               inferred      flip-flop synchronous reset  
soc/cpu/instr_rdinstr_reg                                inferred      flip-flop                    
soc/cpu/instr_rdinstrh_reg                               inferred      flip-flop synchronous reset  
soc/cpu/instr_retirq_reg                                 inferred      flip-flop                    
soc/cpu/instr_sh_reg                                     inferred      flip-flop                    
soc/cpu/instr_sll_reg                                    inferred      flip-flop                    
soc/cpu/instr_slli_reg                                   inferred      flip-flop                    
soc/cpu/instr_slt_reg                                    inferred      flip-flop                    
soc/cpu/instr_slti_reg                                   inferred      flip-flop                    
soc/cpu/instr_sub_reg                                    inferred      flip-flop                    
soc/cpu/instr_timer_reg                                  inferred      flip-flop                    
soc/cpu/instr_waitirq_reg                                inferred      flip-flop                    
soc/cpu/instr_xor_reg                                    inferred      flip-flop                    
soc/cpu/instr_xori_reg                                   inferred      flip-flop                    
soc/cpu/irq_active_reg                                   inferred      flip-flop                    
soc/cpu/irq_mask_reg_0_                                  inferred      flip-flop                    
soc/cpu/irq_mask_reg_1_                                  inferred      flip-flop                    
soc/cpu/irq_mask_reg_2_                                  inferred      flip-flop                    
soc/cpu/irq_pending_reg_0_                               inferred      flip-flop                    
soc/cpu/irq_pending_reg_1_                               inferred      flip-flop                    
soc/cpu/irq_pending_reg_2_                               inferred      flip-flop                    
soc/cpu/irq_state_reg_0_                                 inferred      flip-flop                    
soc/cpu/is_alu_reg_imm_reg                               inferred      flip-flop                    
soc/cpu/is_alu_reg_reg_reg                               inferred      flip-flop                    
soc/cpu/is_beq_bne_blt_bge_bltu_bgeu_reg                 inferred      flip-flop                    
soc/cpu/is_lb_lh_lw_lbu_lhu_reg                          inferred      flip-flop                    
soc/cpu/is_lui_auipc_jal_jalr_addi_add_sub_reg           inferred      flip-flop                    
soc/cpu/is_sb_sh_sw_reg                                  inferred      flip-flop                    
soc/cpu/latched_branch_reg                               inferred      flip-flop                    
soc/cpu/latched_compr_reg                                inferred      flip-flop                    
soc/cpu/latched_is_lb_reg                                inferred      flip-flop                    
soc/cpu/latched_stalu_reg                                inferred      flip-flop                    
soc/cpu/latched_store_reg                                inferred      flip-flop                    
soc/cpu/mem_16bit_buffer_reg_0_                          inferred      flip-flop                    
soc/cpu/mem_16bit_buffer_reg_1_                          inferred      flip-flop                    
soc/cpu/mem_16bit_buffer_reg_2_                          inferred      flip-flop                    
soc/cpu/mem_16bit_buffer_reg_4_                          inferred      flip-flop                    
soc/cpu/mem_16bit_buffer_reg_5_                          inferred      flip-flop                    
soc/cpu/mem_16bit_buffer_reg_6_                          inferred      flip-flop                    
soc/cpu/mem_16bit_buffer_reg_9_                          inferred      flip-flop                    
soc/cpu/mem_16bit_buffer_reg_10_                         inferred      flip-flop                    
soc/cpu/mem_16bit_buffer_reg_11_                         inferred      flip-flop                    
soc/cpu/mem_16bit_buffer_reg_13_                         inferred      flip-flop                    
soc/cpu/mem_16bit_buffer_reg_15_                         inferred      flip-flop                    
soc/cpu/mem_addr_reg_2_                                  inferred      flip-flop                    
soc/cpu/mem_addr_reg_3_                                  inferred      flip-flop                    
soc/cpu/mem_addr_reg_4_                                  inferred      flip-flop                    
soc/cpu/mem_addr_reg_5_                                  inferred      flip-flop                    
soc/cpu/mem_addr_reg_6_                                  inferred      flip-flop                    
soc/cpu/mem_addr_reg_7_                                  inferred      flip-flop                    
soc/cpu/mem_addr_reg_8_                                  inferred      flip-flop                    
soc/cpu/mem_addr_reg_9_                                  inferred      flip-flop                    
soc/cpu/mem_addr_reg_10_                                 inferred      flip-flop                    
soc/cpu/mem_addr_reg_11_                                 inferred      flip-flop                    
soc/cpu/mem_addr_reg_12_                                 inferred      flip-flop                    
soc/cpu/mem_addr_reg_13_                                 inferred      flip-flop                    
soc/cpu/mem_addr_reg_14_                                 inferred      flip-flop                    
soc/cpu/mem_addr_reg_15_                                 inferred      flip-flop                    
soc/cpu/mem_addr_reg_16_                                 inferred      flip-flop                    
soc/cpu/mem_addr_reg_17_                                 inferred      flip-flop                    
soc/cpu/mem_addr_reg_18_                                 inferred      flip-flop                    
soc/cpu/mem_addr_reg_19_                                 inferred      flip-flop                    
soc/cpu/mem_addr_reg_20_                                 inferred      flip-flop                    
soc/cpu/mem_addr_reg_21_                                 inferred      flip-flop                    
soc/cpu/mem_addr_reg_22_                                 inferred      flip-flop                    
soc/cpu/mem_addr_reg_23_                                 inferred      flip-flop                    
soc/cpu/mem_addr_reg_24_                                 inferred      flip-flop                    
soc/cpu/mem_addr_reg_25_                                 inferred      flip-flop                    
soc/cpu/mem_addr_reg_26_                                 inferred      flip-flop                    
soc/cpu/mem_addr_reg_27_                                 inferred      flip-flop                    
soc/cpu/mem_addr_reg_28_                                 inferred      flip-flop                    
soc/cpu/mem_addr_reg_29_                                 inferred      flip-flop                    
soc/cpu/mem_addr_reg_30_                                 inferred      flip-flop                    
soc/cpu/mem_addr_reg_31_                                 inferred      flip-flop                    
soc/cpu/mem_do_prefetch_reg                              inferred      flip-flop                    
soc/cpu/mem_do_rdata_reg                                 inferred      flip-flop                    
soc/cpu/mem_do_rinst_reg                                 inferred      flip-flop                    
soc/cpu/mem_do_wdata_reg                                 inferred      flip-flop                    
soc/cpu/mem_rdata_q_reg_0_                               inferred      flip-flop                    
soc/cpu/mem_rdata_q_reg_1_                               inferred      flip-flop                    
soc/cpu/mem_rdata_q_reg_2_                               inferred      flip-flop                    
soc/cpu/mem_rdata_q_reg_3_                               inferred      flip-flop                    
soc/cpu/mem_rdata_q_reg_4_                               inferred      flip-flop                    
soc/cpu/mem_rdata_q_reg_5_                               inferred      flip-flop                    
soc/cpu/mem_rdata_q_reg_6_                               inferred      flip-flop                    
soc/cpu/mem_rdata_q_reg_7_                               inferred      flip-flop                    
soc/cpu/mem_rdata_q_reg_8_                               inferred      flip-flop                    
soc/cpu/mem_rdata_q_reg_9_                               inferred      flip-flop                    
soc/cpu/mem_rdata_q_reg_10_                              inferred      flip-flop                    
soc/cpu/mem_rdata_q_reg_11_                              inferred      flip-flop                    
soc/cpu/mem_rdata_q_reg_12_                              inferred      flip-flop                    
soc/cpu/mem_rdata_q_reg_13_                              inferred      flip-flop                    
soc/cpu/mem_rdata_q_reg_14_                              inferred      flip-flop                    
soc/cpu/mem_rdata_q_reg_15_                              inferred      flip-flop                    
soc/cpu/mem_rdata_q_reg_16_                              inferred      flip-flop                    
soc/cpu/mem_rdata_q_reg_17_                              inferred      flip-flop                    
soc/cpu/mem_rdata_q_reg_18_                              inferred      flip-flop                    
soc/cpu/mem_rdata_q_reg_19_                              inferred      flip-flop                    
soc/cpu/mem_rdata_q_reg_20_                              inferred      flip-flop                    
soc/cpu/mem_rdata_q_reg_21_                              inferred      flip-flop                    
soc/cpu/mem_rdata_q_reg_22_                              inferred      flip-flop                    
soc/cpu/mem_rdata_q_reg_23_                              inferred      flip-flop                    
soc/cpu/mem_rdata_q_reg_24_                              inferred      flip-flop                    
soc/cpu/mem_rdata_q_reg_26_                              inferred      flip-flop                    
soc/cpu/mem_rdata_q_reg_27_                              inferred      flip-flop                    
soc/cpu/mem_rdata_q_reg_28_                              inferred      flip-flop                    
soc/cpu/mem_rdata_q_reg_29_                              inferred      flip-flop                    
soc/cpu/mem_rdata_q_reg_30_                              inferred      flip-flop                    
soc/cpu/mem_rdata_q_reg_31_                              inferred      flip-flop                    
soc/cpu/mem_state_reg_0_                                 inferred      flip-flop                    
soc/cpu/mem_state_reg_1_                                 inferred      flip-flop                    
soc/cpu/mem_valid_reg                                    inferred      flip-flop                    
soc/cpu/mem_wdata_reg_0_                                 inferred      flip-flop                    
soc/cpu/mem_wdata_reg_1_                                 inferred      flip-flop                    
soc/cpu/mem_wdata_reg_8_                                 inferred      flip-flop                    
soc/cpu/mem_wdata_reg_17_                                inferred      flip-flop                    
soc/cpu/mem_wdata_reg_19_                                inferred      flip-flop                    
soc/cpu/mem_wdata_reg_20_                                inferred      flip-flop                    
soc/cpu/mem_wdata_reg_21_                                inferred      flip-flop                    
soc/cpu/mem_wdata_reg_22_                                inferred      flip-flop                    
soc/cpu/mem_wdata_reg_23_                                inferred      flip-flop                    
soc/cpu/mem_wdata_reg_26_                                inferred      flip-flop                    
soc/cpu/mem_wdata_reg_28_                                inferred      flip-flop                    
soc/cpu/mem_wdata_reg_31_                                inferred      flip-flop                    
soc/cpu/mem_wordsize_reg_0_                              inferred      flip-flop synchronous enable 
soc/cpu/pcpi_insn_reg_4_                                 inferred      flip-flop                    
soc/cpu/pcpi_insn_reg_5_                                 inferred      flip-flop                    
soc/cpu/pcpi_timeout_counter_reg_0_                      inferred      flip-flop                    
soc/cpu/pcpi_timeout_counter_reg_1_                      inferred      flip-flop                    
soc/cpu/pcpi_timeout_counter_reg_2_                      inferred      flip-flop                    
soc/cpu/pcpi_timeout_counter_reg_3_                      inferred      flip-flop                    
soc/cpu/pcpi_valid_reg                                   inferred      flip-flop synchronous reset  
soc/cpu/prefetched_high_word_reg                         inferred      flip-flop                    
soc/cpu/reg_next_pc_reg_1_                               inferred      flip-flop synchronous reset  
soc/cpu/reg_next_pc_reg_2_                               inferred      flip-flop synchronous reset  
soc/cpu/reg_next_pc_reg_3_                               inferred      flip-flop synchronous reset  
soc/cpu/reg_next_pc_reg_4_                               inferred      flip-flop synchronous reset  
soc/cpu/reg_next_pc_reg_5_                               inferred      flip-flop synchronous reset  
soc/cpu/reg_next_pc_reg_6_                               inferred      flip-flop synchronous reset  
soc/cpu/reg_next_pc_reg_7_                               inferred      flip-flop synchronous reset  
soc/cpu/reg_next_pc_reg_8_                               inferred      flip-flop synchronous reset  
soc/cpu/reg_next_pc_reg_9_                               inferred      flip-flop synchronous reset  
soc/cpu/reg_next_pc_reg_10_                              inferred      flip-flop synchronous reset  
soc/cpu/reg_next_pc_reg_11_                              inferred      flip-flop synchronous reset  
soc/cpu/reg_next_pc_reg_12_                              inferred      flip-flop synchronous reset  
soc/cpu/reg_next_pc_reg_13_                              inferred      flip-flop synchronous reset  
soc/cpu/reg_next_pc_reg_14_                              inferred      flip-flop synchronous reset  
soc/cpu/reg_next_pc_reg_15_                              inferred      flip-flop synchronous reset  
soc/cpu/reg_next_pc_reg_16_                              inferred      flip-flop synchronous reset  
soc/cpu/reg_next_pc_reg_17_                              inferred      flip-flop synchronous reset  
soc/cpu/reg_next_pc_reg_18_                              inferred      flip-flop synchronous reset  
soc/cpu/reg_next_pc_reg_19_                              inferred      flip-flop synchronous reset  
soc/cpu/reg_next_pc_reg_20_                              inferred      flip-flop                    
soc/cpu/reg_next_pc_reg_21_                              inferred      flip-flop synchronous reset  
soc/cpu/reg_next_pc_reg_22_                              inferred      flip-flop synchronous reset  
soc/cpu/reg_next_pc_reg_23_                              inferred      flip-flop synchronous reset  
soc/cpu/reg_next_pc_reg_24_                              inferred      flip-flop synchronous reset  
soc/cpu/reg_next_pc_reg_25_                              inferred      flip-flop synchronous reset  
soc/cpu/reg_next_pc_reg_26_                              inferred      flip-flop synchronous reset  
soc/cpu/reg_next_pc_reg_27_                              inferred      flip-flop synchronous reset  
soc/cpu/reg_next_pc_reg_28_                              inferred      flip-flop synchronous reset  
soc/cpu/reg_next_pc_reg_29_                              inferred      flip-flop synchronous reset  
soc/cpu/reg_next_pc_reg_30_                              inferred      flip-flop synchronous reset  
soc/cpu/reg_next_pc_reg_31_                              inferred      flip-flop synchronous reset  
soc/cpu/reg_op1_reg_0_                                   inferred      flip-flop                    
soc/cpu/reg_op1_reg_1_                                   inferred      flip-flop                    
soc/cpu/reg_op1_reg_2_                                   inferred      flip-flop                    
soc/cpu/reg_op1_reg_3_                                   inferred      flip-flop                    
soc/cpu/reg_op1_reg_4_                                   inferred      flip-flop                    
soc/cpu/reg_op1_reg_5_                                   inferred      flip-flop                    
soc/cpu/reg_op1_reg_6_                                   inferred      flip-flop                    
soc/cpu/reg_op1_reg_7_                                   inferred      flip-flop                    
soc/cpu/reg_op1_reg_8_                                   inferred      flip-flop                    
soc/cpu/reg_op1_reg_9_                                   inferred      flip-flop                    
soc/cpu/reg_op1_reg_10_                                  inferred      flip-flop                    
soc/cpu/reg_op1_reg_11_                                  inferred      flip-flop                    
soc/cpu/reg_op1_reg_12_                                  inferred      flip-flop                    
soc/cpu/reg_op1_reg_13_                                  inferred      flip-flop                    
soc/cpu/reg_op1_reg_14_                                  inferred      flip-flop                    
soc/cpu/reg_op1_reg_15_                                  inferred      flip-flop                    
soc/cpu/reg_op1_reg_16_                                  inferred      flip-flop                    
soc/cpu/reg_op1_reg_17_                                  inferred      flip-flop                    
soc/cpu/reg_op1_reg_18_                                  inferred      flip-flop                    
soc/cpu/reg_op1_reg_19_                                  inferred      flip-flop                    
soc/cpu/reg_op1_reg_20_                                  inferred      flip-flop                    
soc/cpu/reg_op1_reg_21_                                  inferred      flip-flop                    
soc/cpu/reg_op1_reg_22_                                  inferred      flip-flop                    
soc/cpu/reg_op1_reg_23_                                  inferred      flip-flop                    
soc/cpu/reg_op1_reg_24_                                  inferred      flip-flop                    
soc/cpu/reg_op1_reg_25_                                  inferred      flip-flop                    
soc/cpu/reg_op1_reg_26_                                  inferred      flip-flop                    
soc/cpu/reg_op1_reg_27_                                  inferred      flip-flop                    
soc/cpu/reg_op1_reg_28_                                  inferred      flip-flop                    
soc/cpu/reg_op1_reg_29_                                  inferred      flip-flop                    
soc/cpu/reg_op1_reg_30_                                  inferred      flip-flop                    
soc/cpu/reg_op1_reg_31_                                  inferred      flip-flop                    
soc/cpu/reg_op2_reg_0_                                   inferred      flip-flop                    
soc/cpu/reg_op2_reg_1_                                   inferred      flip-flop                    
soc/cpu/reg_op2_reg_2_                                   inferred      flip-flop                    
soc/cpu/reg_op2_reg_3_                                   inferred      flip-flop                    
soc/cpu/reg_op2_reg_4_                                   inferred      flip-flop                    
soc/cpu/reg_op2_reg_5_                                   inferred      flip-flop                    
soc/cpu/reg_op2_reg_6_                                   inferred      flip-flop                    
soc/cpu/reg_op2_reg_7_                                   inferred      flip-flop                    
soc/cpu/reg_op2_reg_8_                                   inferred      flip-flop                    
soc/cpu/reg_op2_reg_9_                                   inferred      flip-flop                    
soc/cpu/reg_op2_reg_10_                                  inferred      flip-flop                    
soc/cpu/reg_op2_reg_11_                                  inferred      flip-flop                    
soc/cpu/reg_op2_reg_12_                                  inferred      flip-flop                    
soc/cpu/reg_op2_reg_13_                                  inferred      flip-flop                    
soc/cpu/reg_op2_reg_14_                                  inferred      flip-flop                    
soc/cpu/reg_op2_reg_15_                                  inferred      flip-flop                    
soc/cpu/reg_op2_reg_16_                                  inferred      flip-flop                    
soc/cpu/reg_op2_reg_17_                                  inferred      flip-flop                    
soc/cpu/reg_op2_reg_18_                                  inferred      flip-flop                    
soc/cpu/reg_op2_reg_19_                                  inferred      flip-flop                    
soc/cpu/reg_op2_reg_20_                                  inferred      flip-flop                    
soc/cpu/reg_op2_reg_21_                                  inferred      flip-flop                    
soc/cpu/reg_op2_reg_22_                                  inferred      flip-flop                    
soc/cpu/reg_op2_reg_23_                                  inferred      flip-flop                    
soc/cpu/reg_op2_reg_24_                                  inferred      flip-flop                    
soc/cpu/reg_op2_reg_25_                                  inferred      flip-flop                    
soc/cpu/reg_op2_reg_26_                                  inferred      flip-flop                    
soc/cpu/reg_op2_reg_27_                                  inferred      flip-flop                    
soc/cpu/reg_op2_reg_28_                                  inferred      flip-flop                    
soc/cpu/reg_op2_reg_29_                                  inferred      flip-flop                    
soc/cpu/reg_op2_reg_30_                                  inferred      flip-flop                    
soc/cpu/reg_out_reg_1_                                   inferred      flip-flop                    
soc/cpu/reg_out_reg_2_                                   inferred      flip-flop                    
soc/cpu/reg_out_reg_3_                                   inferred      flip-flop                    
soc/cpu/reg_out_reg_4_                                   inferred      flip-flop                    
soc/cpu/reg_out_reg_5_                                   inferred      flip-flop                    
soc/cpu/reg_out_reg_6_                                   inferred      flip-flop                    
soc/cpu/reg_out_reg_7_                                   inferred      flip-flop                    
soc/cpu/reg_out_reg_8_                                   inferred      flip-flop                    
soc/cpu/reg_out_reg_9_                                   inferred      flip-flop                    
soc/cpu/reg_out_reg_10_                                  inferred      flip-flop                    
soc/cpu/reg_out_reg_11_                                  inferred      flip-flop                    
soc/cpu/reg_out_reg_12_                                  inferred      flip-flop                    
soc/cpu/reg_out_reg_13_                                  inferred      flip-flop                    
soc/cpu/reg_out_reg_14_                                  inferred      flip-flop                    
soc/cpu/reg_out_reg_15_                                  inferred      flip-flop                    
soc/cpu/reg_out_reg_16_                                  inferred      flip-flop                    
soc/cpu/reg_out_reg_17_                                  inferred      flip-flop                    
soc/cpu/reg_out_reg_18_                                  inferred      flip-flop                    
soc/cpu/reg_out_reg_19_                                  inferred      flip-flop                    
soc/cpu/reg_out_reg_20_                                  inferred      flip-flop                    
soc/cpu/reg_out_reg_21_                                  inferred      flip-flop                    
soc/cpu/reg_out_reg_22_                                  inferred      flip-flop                    
soc/cpu/reg_out_reg_23_                                  inferred      flip-flop                    
soc/cpu/reg_out_reg_24_                                  inferred      flip-flop                    
soc/cpu/reg_out_reg_25_                                  inferred      flip-flop                    
soc/cpu/reg_out_reg_26_                                  inferred      flip-flop                    
soc/cpu/reg_out_reg_27_                                  inferred      flip-flop                    
soc/cpu/reg_out_reg_28_                                  inferred      flip-flop                    
soc/cpu/reg_out_reg_29_                                  inferred      flip-flop                    
soc/cpu/reg_out_reg_30_                                  inferred      flip-flop                    
soc/cpu/reg_out_reg_31_                                  inferred      flip-flop                    
soc/cpu/reg_pc_reg_1_                                    inferred      flip-flop                    
soc/cpu/reg_pc_reg_2_                                    inferred      flip-flop                    
soc/cpu/reg_pc_reg_3_                                    inferred      flip-flop                    
soc/cpu/reg_pc_reg_4_                                    inferred      flip-flop                    
soc/cpu/reg_pc_reg_5_                                    inferred      flip-flop                    
soc/cpu/reg_pc_reg_6_                                    inferred      flip-flop                    
soc/cpu/reg_pc_reg_7_                                    inferred      flip-flop                    
soc/cpu/reg_pc_reg_8_                                    inferred      flip-flop                    
soc/cpu/reg_pc_reg_9_                                    inferred      flip-flop                    
soc/cpu/reg_pc_reg_10_                                   inferred      flip-flop                    
soc/cpu/reg_pc_reg_11_                                   inferred      flip-flop                    
soc/cpu/reg_pc_reg_12_                                   inferred      flip-flop                    
soc/cpu/reg_pc_reg_13_                                   inferred      flip-flop                    
soc/cpu/reg_pc_reg_15_                                   inferred      flip-flop                    
soc/cpu/reg_pc_reg_16_                                   inferred      flip-flop                    
soc/cpu/reg_pc_reg_17_                                   inferred      flip-flop                    
soc/cpu/reg_pc_reg_18_                                   inferred      flip-flop                    
soc/cpu/reg_pc_reg_19_                                   inferred      flip-flop                    
soc/cpu/reg_pc_reg_23_                                   inferred      flip-flop                    
soc/cpu/reg_pc_reg_27_                                   inferred      flip-flop                    
soc/cpu/timer_reg_0_                                     inferred      flip-flop                    
soc/cpu/timer_reg_1_                                     inferred      flip-flop                    
soc/cpu/timer_reg_2_                                     inferred      flip-flop                    
soc/cpu/timer_reg_3_                                     inferred      flip-flop                    
soc/cpu/timer_reg_4_                                     inferred      flip-flop                    
soc/cpu/timer_reg_5_                                     inferred      flip-flop                    
soc/cpu/timer_reg_6_                                     inferred      flip-flop                    
soc/cpu/timer_reg_7_                                     inferred      flip-flop                    
soc/cpu/timer_reg_8_                                     inferred      flip-flop                    
soc/cpu/timer_reg_9_                                     inferred      flip-flop                    
soc/cpu/timer_reg_10_                                    inferred      flip-flop                    
soc/cpu/timer_reg_11_                                    inferred      flip-flop                    
soc/cpu/timer_reg_12_                                    inferred      flip-flop                    
soc/cpu/timer_reg_13_                                    inferred      flip-flop                    
soc/cpu/timer_reg_14_                                    inferred      flip-flop                    
soc/cpu/timer_reg_15_                                    inferred      flip-flop                    
soc/cpu/timer_reg_16_                                    inferred      flip-flop                    
soc/cpu/timer_reg_17_                                    inferred      flip-flop                    
soc/cpu/timer_reg_18_                                    inferred      flip-flop                    
soc/cpu/timer_reg_19_                                    inferred      flip-flop                    
soc/cpu/timer_reg_20_                                    inferred      flip-flop                    
soc/cpu/timer_reg_21_                                    inferred      flip-flop                    
soc/cpu/timer_reg_22_                                    inferred      flip-flop                    
soc/cpu/timer_reg_23_                                    inferred      flip-flop                    
soc/cpu/timer_reg_24_                                    inferred      flip-flop                    
soc/cpu/timer_reg_25_                                    inferred      flip-flop                    
soc/cpu/timer_reg_26_                                    inferred      flip-flop                    
soc/cpu/timer_reg_27_                                    inferred      flip-flop                    
soc/cpu/timer_reg_28_                                    inferred      flip-flop                    
soc/cpu/timer_reg_29_                                    inferred      flip-flop                    
soc/cpu/timer_reg_30_                                    inferred      flip-flop                    
soc/cpu/timer_reg_31_                                    inferred      flip-flop                    
soc/cpu/count_instr_reg_33_                              inferred      flip-flop                    
soc/cpu/cpuregs_reg_7__1_                                inferred      flip-flop                    
soc/cpu/cpuregs_reg_7__2_                                inferred      flip-flop                    
soc/cpu/cpuregs_reg_8__1_                                inferred      flip-flop                    
soc/cpu/cpuregs_reg_8__2_                                inferred      flip-flop                    
soc/cpu/cpuregs_reg_9__0_                                inferred      flip-flop                    
soc/cpu/cpuregs_reg_10__0_                               inferred      flip-flop                    
soc/cpu/cpuregs_reg_16__1_                               inferred      flip-flop                    
soc/cpu/cpuregs_reg_17__1_                               inferred      flip-flop                    
soc/cpu/cpuregs_reg_18__2_                               inferred      flip-flop                    
soc/cpu/cpuregs_reg_19__2_                               inferred      flip-flop                    
soc/cpu/cpuregs_reg_22__0_                               inferred      flip-flop                    
soc/cpu/cpuregs_reg_23__0_                               inferred      flip-flop                    
soc/cpu/cpuregs_reg_24__0_                               inferred      flip-flop                    
soc/cpu/cpuregs_reg_24__1_                               inferred      flip-flop                    
soc/cpu/cpuregs_reg_24__2_                               inferred      flip-flop                    
soc/cpu/cpuregs_reg_25__0_                               inferred      flip-flop                    
soc/cpu/cpuregs_reg_25__1_                               inferred      flip-flop                    
soc/cpu/cpuregs_reg_25__2_                               inferred      flip-flop                    
soc/cpu/decoded_rs2_reg_0_                               inferred      flip-flop                    
soc/cpu/decoded_rs2_reg_1_                               inferred      flip-flop                    
soc/cpu/decoded_rs2_reg_2_                               inferred      flip-flop                    
soc/cpu/decoded_rs2_reg_4_                               inferred      flip-flop                    
soc/cpu/irq_state_reg_1_                                 inferred      flip-flop                    
soc/cpu/mem_la_firstword_reg_reg                         inferred      flip-flop                    
soc/cpu/mem_la_secondword_reg                            inferred      flip-flop                    
soc/cpu/mem_rdata_q_reg_25_                              inferred      flip-flop                    
soc/cpu/mem_wordsize_reg_1_                              inferred      flip-flop synchronous enable 
soc/cpu/reg_op2_reg_31_                                  inferred      flip-flop                    
soc/cpu/alu_out_q_reg_8_                                 inferred      flip-flop                    
soc/cpu/alu_out_q_reg_21_                                inferred      flip-flop                    
soc/cpu/cpu_state_reg_5_                                 inferred      flip-flop                    
soc/cpu/cpuregs_reg_1__9_                                inferred      flip-flop synchronous reset  
soc/cpu/cpuregs_reg_1__22_                               inferred      flip-flop synchronous reset  
soc/cpu/cpuregs_reg_1__23_                               inferred      flip-flop synchronous reset  
soc/cpu/cpuregs_reg_2__9_                                inferred      flip-flop synchronous reset  
soc/cpu/cpuregs_reg_2__22_                               inferred      flip-flop synchronous reset  
soc/cpu/cpuregs_reg_2__23_                               inferred      flip-flop synchronous reset  
soc/cpu/cpuregs_reg_3__9_                                inferred      flip-flop synchronous reset  
soc/cpu/cpuregs_reg_3__22_                               inferred      flip-flop synchronous reset  
soc/cpu/cpuregs_reg_3__23_                               inferred      flip-flop synchronous reset  
soc/cpu/cpuregs_reg_4__9_                                inferred      flip-flop synchronous reset  
soc/cpu/cpuregs_reg_4__22_                               inferred      flip-flop synchronous reset  
soc/cpu/cpuregs_reg_4__23_                               inferred      flip-flop synchronous reset  
soc/cpu/cpuregs_reg_5__9_                                inferred      flip-flop synchronous reset  
soc/cpu/cpuregs_reg_5__22_                               inferred      flip-flop synchronous reset  
soc/cpu/cpuregs_reg_5__23_                               inferred      flip-flop synchronous reset  
soc/cpu/cpuregs_reg_6__9_                                inferred      flip-flop synchronous reset  
soc/cpu/cpuregs_reg_6__22_                               inferred      flip-flop synchronous reset  
soc/cpu/cpuregs_reg_6__23_                               inferred      flip-flop synchronous reset  
soc/cpu/cpuregs_reg_7__9_                                inferred      flip-flop synchronous reset  
soc/cpu/cpuregs_reg_7__22_                               inferred      flip-flop synchronous reset  
soc/cpu/cpuregs_reg_7__23_                               inferred      flip-flop synchronous reset  
soc/cpu/cpuregs_reg_8__9_                                inferred      flip-flop synchronous reset  
soc/cpu/cpuregs_reg_8__22_                               inferred      flip-flop synchronous reset  
soc/cpu/cpuregs_reg_8__23_                               inferred      flip-flop synchronous reset  
soc/cpu/cpuregs_reg_9__9_                                inferred      flip-flop synchronous reset  
soc/cpu/cpuregs_reg_9__22_                               inferred      flip-flop synchronous reset  
soc/cpu/cpuregs_reg_9__23_                               inferred      flip-flop synchronous reset  
soc/cpu/cpuregs_reg_10__9_                               inferred      flip-flop synchronous reset  
soc/cpu/cpuregs_reg_10__22_                              inferred      flip-flop synchronous reset  
soc/cpu/cpuregs_reg_10__23_                              inferred      flip-flop synchronous reset  
soc/cpu/cpuregs_reg_11__9_                               inferred      flip-flop synchronous reset  
soc/cpu/cpuregs_reg_11__22_                              inferred      flip-flop synchronous reset  
soc/cpu/cpuregs_reg_11__23_                              inferred      flip-flop synchronous reset  
soc/cpu/cpuregs_reg_12__9_                               inferred      flip-flop synchronous reset  
soc/cpu/cpuregs_reg_12__22_                              inferred      flip-flop synchronous reset  
soc/cpu/cpuregs_reg_12__23_                              inferred      flip-flop synchronous reset  
soc/cpu/cpuregs_reg_13__9_                               inferred      flip-flop synchronous reset  
soc/cpu/cpuregs_reg_13__22_                              inferred      flip-flop synchronous reset  
soc/cpu/cpuregs_reg_13__23_                              inferred      flip-flop synchronous reset  
soc/cpu/cpuregs_reg_14__9_                               inferred      flip-flop synchronous reset  
soc/cpu/cpuregs_reg_14__22_                              inferred      flip-flop synchronous reset  
soc/cpu/cpuregs_reg_14__23_                              inferred      flip-flop synchronous reset  
soc/cpu/cpuregs_reg_15__9_                               inferred      flip-flop synchronous reset  
soc/cpu/cpuregs_reg_15__22_                              inferred      flip-flop synchronous reset  
soc/cpu/cpuregs_reg_15__23_                              inferred      flip-flop synchronous reset  
soc/cpu/cpuregs_reg_16__9_                               inferred      flip-flop synchronous reset  
soc/cpu/cpuregs_reg_16__22_                              inferred      flip-flop synchronous reset  
soc/cpu/cpuregs_reg_16__23_                              inferred      flip-flop synchronous reset  
soc/cpu/cpuregs_reg_17__9_                               inferred      flip-flop synchronous reset  
soc/cpu/cpuregs_reg_17__22_                              inferred      flip-flop synchronous reset  
soc/cpu/cpuregs_reg_17__23_                              inferred      flip-flop synchronous reset  
soc/cpu/cpuregs_reg_18__9_                               inferred      flip-flop synchronous reset  
soc/cpu/cpuregs_reg_18__22_                              inferred      flip-flop synchronous reset  
soc/cpu/cpuregs_reg_18__23_                              inferred      flip-flop synchronous reset  
soc/cpu/cpuregs_reg_19__9_                               inferred      flip-flop synchronous reset  
soc/cpu/cpuregs_reg_19__22_                              inferred      flip-flop synchronous reset  
soc/cpu/cpuregs_reg_19__23_                              inferred      flip-flop synchronous reset  
soc/cpu/cpuregs_reg_20__9_                               inferred      flip-flop synchronous reset  
soc/cpu/cpuregs_reg_20__22_                              inferred      flip-flop synchronous reset  
soc/cpu/cpuregs_reg_20__23_                              inferred      flip-flop synchronous reset  
soc/cpu/cpuregs_reg_21__9_                               inferred      flip-flop synchronous reset  
soc/cpu/cpuregs_reg_21__22_                              inferred      flip-flop synchronous reset  
soc/cpu/cpuregs_reg_21__23_                              inferred      flip-flop synchronous reset  
soc/cpu/cpuregs_reg_22__9_                               inferred      flip-flop synchronous reset  
soc/cpu/cpuregs_reg_22__22_                              inferred      flip-flop synchronous reset  
soc/cpu/cpuregs_reg_22__23_                              inferred      flip-flop synchronous reset  
soc/cpu/cpuregs_reg_23__9_                               inferred      flip-flop synchronous reset  
soc/cpu/cpuregs_reg_23__22_                              inferred      flip-flop synchronous reset  
soc/cpu/cpuregs_reg_23__23_                              inferred      flip-flop synchronous reset  
soc/cpu/cpuregs_reg_24__9_                               inferred      flip-flop synchronous reset  
soc/cpu/cpuregs_reg_24__22_                              inferred      flip-flop synchronous reset  
soc/cpu/cpuregs_reg_24__23_                              inferred      flip-flop synchronous reset  
soc/cpu/cpuregs_reg_25__9_                               inferred      flip-flop synchronous reset  
soc/cpu/cpuregs_reg_25__22_                              inferred      flip-flop synchronous reset  
soc/cpu/cpuregs_reg_25__23_                              inferred      flip-flop synchronous reset  
soc/cpu/cpuregs_reg_26__9_                               inferred      flip-flop synchronous reset  
soc/cpu/cpuregs_reg_26__22_                              inferred      flip-flop synchronous reset  
soc/cpu/cpuregs_reg_26__23_                              inferred      flip-flop synchronous reset  
soc/cpu/cpuregs_reg_27__9_                               inferred      flip-flop synchronous reset  
soc/cpu/cpuregs_reg_27__22_                              inferred      flip-flop synchronous reset  
soc/cpu/cpuregs_reg_27__23_                              inferred      flip-flop synchronous reset  
soc/cpu/cpuregs_reg_28__9_                               inferred      flip-flop synchronous reset  
soc/cpu/cpuregs_reg_28__22_                              inferred      flip-flop synchronous reset  
soc/cpu/cpuregs_reg_28__23_                              inferred      flip-flop synchronous reset  
soc/cpu/cpuregs_reg_29__9_                               inferred      flip-flop synchronous reset  
soc/cpu/cpuregs_reg_29__22_                              inferred      flip-flop synchronous reset  
soc/cpu/cpuregs_reg_29__23_                              inferred      flip-flop synchronous reset  
soc/cpu/cpuregs_reg_30__9_                               inferred      flip-flop synchronous reset  
soc/cpu/cpuregs_reg_30__22_                              inferred      flip-flop synchronous reset  
soc/cpu/cpuregs_reg_30__23_                              inferred      flip-flop synchronous reset  
soc/cpu/cpuregs_reg_31__9_                               inferred      flip-flop synchronous reset  
soc/cpu/cpuregs_reg_31__22_                              inferred      flip-flop synchronous reset  
soc/cpu/cpuregs_reg_31__23_                              inferred      flip-flop synchronous reset  
soc/cpu/decoded_imm_reg_0_                               inferred      flip-flop                    
soc/cpu/decoded_imm_reg_1_                               inferred      flip-flop                    
soc/cpu/decoded_imm_reg_2_                               inferred      flip-flop                    
soc/cpu/decoded_imm_reg_3_                               inferred      flip-flop                    
soc/cpu/decoded_imm_reg_4_                               inferred      flip-flop                    
soc/cpu/decoded_imm_reg_5_                               inferred      flip-flop                    
soc/cpu/decoded_imm_reg_6_                               inferred      flip-flop                    
soc/cpu/decoded_imm_reg_7_                               inferred      flip-flop                    
soc/cpu/decoded_imm_reg_8_                               inferred      flip-flop                    
soc/cpu/decoded_imm_reg_9_                               inferred      flip-flop                    
soc/cpu/decoded_imm_reg_10_                              inferred      flip-flop                    
soc/cpu/decoded_imm_reg_11_                              inferred      flip-flop                    
soc/cpu/decoded_imm_reg_12_                              inferred      flip-flop                    
soc/cpu/decoded_imm_reg_13_                              inferred      flip-flop                    
soc/cpu/decoded_imm_reg_14_                              inferred      flip-flop                    
soc/cpu/decoded_imm_reg_15_                              inferred      flip-flop                    
soc/cpu/decoded_imm_reg_16_                              inferred      flip-flop                    
soc/cpu/decoded_imm_reg_17_                              inferred      flip-flop                    
soc/cpu/decoded_imm_reg_18_                              inferred      flip-flop                    
soc/cpu/decoded_imm_reg_19_                              inferred      flip-flop                    
soc/cpu/decoded_imm_reg_20_                              inferred      flip-flop                    
soc/cpu/decoded_imm_reg_21_                              inferred      flip-flop                    
soc/cpu/decoded_imm_reg_22_                              inferred      flip-flop                    
soc/cpu/decoded_imm_reg_23_                              inferred      flip-flop                    
soc/cpu/decoded_imm_reg_24_                              inferred      flip-flop                    
soc/cpu/decoded_imm_reg_25_                              inferred      flip-flop                    
soc/cpu/decoded_imm_reg_26_                              inferred      flip-flop                    
soc/cpu/decoded_imm_reg_27_                              inferred      flip-flop                    
soc/cpu/decoded_imm_reg_28_                              inferred      flip-flop                    
soc/cpu/decoded_imm_reg_29_                              inferred      flip-flop                    
soc/cpu/decoded_imm_reg_30_                              inferred      flip-flop                    
soc/cpu/decoded_imm_reg_31_                              inferred      flip-flop                    
soc/cpu/decoder_trigger_reg                              inferred      flip-flop                    
soc/cpu/instr_addi_reg                                   inferred      flip-flop                    
soc/cpu/instr_lbu_reg                                    inferred      flip-flop                    
soc/cpu/instr_lh_reg                                     inferred      flip-flop                    
soc/cpu/instr_lhu_reg                                    inferred      flip-flop                    
soc/cpu/instr_sb_reg                                     inferred      flip-flop                    
soc/cpu/irq_mask_reg_3_                                  inferred      flip-flop                    
soc/cpu/irq_mask_reg_4_                                  inferred      flip-flop                    
soc/cpu/irq_mask_reg_5_                                  inferred      flip-flop                    
soc/cpu/irq_mask_reg_6_                                  inferred      flip-flop                    
soc/cpu/irq_mask_reg_7_                                  inferred      flip-flop                    
soc/cpu/irq_mask_reg_8_                                  inferred      flip-flop                    
soc/cpu/irq_mask_reg_9_                                  inferred      flip-flop                    
soc/cpu/irq_mask_reg_10_                                 inferred      flip-flop                    
soc/cpu/irq_mask_reg_11_                                 inferred      flip-flop                    
soc/cpu/irq_mask_reg_12_                                 inferred      flip-flop                    
soc/cpu/irq_mask_reg_13_                                 inferred      flip-flop                    
soc/cpu/irq_mask_reg_14_                                 inferred      flip-flop                    
soc/cpu/irq_mask_reg_15_                                 inferred      flip-flop                    
soc/cpu/irq_mask_reg_16_                                 inferred      flip-flop                    
soc/cpu/irq_mask_reg_17_                                 inferred      flip-flop                    
soc/cpu/irq_mask_reg_18_                                 inferred      flip-flop                    
soc/cpu/irq_mask_reg_19_                                 inferred      flip-flop                    
soc/cpu/irq_mask_reg_20_                                 inferred      flip-flop                    
soc/cpu/irq_mask_reg_21_                                 inferred      flip-flop                    
soc/cpu/irq_mask_reg_22_                                 inferred      flip-flop                    
soc/cpu/irq_mask_reg_23_                                 inferred      flip-flop                    
soc/cpu/irq_mask_reg_24_                                 inferred      flip-flop                    
soc/cpu/irq_mask_reg_25_                                 inferred      flip-flop                    
soc/cpu/irq_mask_reg_26_                                 inferred      flip-flop                    
soc/cpu/irq_mask_reg_27_                                 inferred      flip-flop                    
soc/cpu/irq_mask_reg_28_                                 inferred      flip-flop                    
soc/cpu/irq_mask_reg_29_                                 inferred      flip-flop                    
soc/cpu/irq_mask_reg_30_                                 inferred      flip-flop                    
soc/cpu/irq_mask_reg_31_                                 inferred      flip-flop                    
soc/cpu/is_compare_reg                                   inferred      flip-flop                    
soc/cpu/is_jalr_addi_slti_sltiu_xori_ori_andi_reg        inferred      flip-flop                    
soc/cpu/is_lui_auipc_jal_reg                             inferred      flip-flop                    
soc/cpu/is_slli_srli_srai_reg                            inferred      flip-flop                    
soc/cpu/last_mem_valid_reg                               inferred      flip-flop                    
soc/cpu/latched_is_lh_reg                                inferred      flip-flop                    
soc/cpu/latched_is_lu_reg                                inferred      flip-flop                    
soc/cpu/mem_wdata_reg_2_                                 inferred      flip-flop                    
soc/cpu/mem_wdata_reg_3_                                 inferred      flip-flop                    
soc/cpu/mem_wdata_reg_4_                                 inferred      flip-flop                    
soc/cpu/mem_wdata_reg_5_                                 inferred      flip-flop                    
soc/cpu/mem_wdata_reg_6_                                 inferred      flip-flop                    
soc/cpu/mem_wdata_reg_7_                                 inferred      flip-flop                    
soc/cpu/mem_wdata_reg_9_                                 inferred      flip-flop                    
soc/cpu/mem_wdata_reg_10_                                inferred      flip-flop                    
soc/cpu/mem_wdata_reg_11_                                inferred      flip-flop                    
soc/cpu/mem_wdata_reg_12_                                inferred      flip-flop                    
soc/cpu/mem_wdata_reg_13_                                inferred      flip-flop                    
soc/cpu/mem_wdata_reg_14_                                inferred      flip-flop                    
soc/cpu/mem_wdata_reg_15_                                inferred      flip-flop                    
soc/cpu/mem_wdata_reg_16_                                inferred      flip-flop                    
soc/cpu/mem_wdata_reg_18_                                inferred      flip-flop                    
soc/cpu/mem_wdata_reg_24_                                inferred      flip-flop                    
soc/cpu/mem_wdata_reg_25_                                inferred      flip-flop                    
soc/cpu/mem_wdata_reg_27_                                inferred      flip-flop                    
soc/cpu/mem_wdata_reg_29_                                inferred      flip-flop                    
soc/cpu/mem_wdata_reg_30_                                inferred      flip-flop                    
soc/cpu/mem_wstrb_reg_0_                                 inferred      flip-flop                    
soc/cpu/mem_wstrb_reg_1_                                 inferred      flip-flop                    
soc/cpu/mem_wstrb_reg_2_                                 inferred      flip-flop                    
soc/cpu/mem_wstrb_reg_3_                                 inferred      flip-flop                    
soc/cpu/pcpi_insn_reg_0_                                 inferred      flip-flop                    
soc/cpu/pcpi_insn_reg_1_                                 inferred      flip-flop                    
soc/cpu/pcpi_insn_reg_2_                                 inferred      flip-flop                    
soc/cpu/pcpi_insn_reg_3_                                 inferred      flip-flop                    
soc/cpu/pcpi_insn_reg_6_                                 inferred      flip-flop                    
soc/cpu/pcpi_insn_reg_12_                                inferred      flip-flop                    
soc/cpu/pcpi_insn_reg_13_                                inferred      flip-flop                    
soc/cpu/pcpi_insn_reg_14_                                inferred      flip-flop                    
soc/cpu/pcpi_insn_reg_25_                                inferred      flip-flop                    
soc/cpu/pcpi_insn_reg_26_                                inferred      flip-flop                    
soc/cpu/pcpi_insn_reg_27_                                inferred      flip-flop                    
soc/cpu/pcpi_insn_reg_28_                                inferred      flip-flop                    
soc/cpu/pcpi_insn_reg_29_                                inferred      flip-flop                    
soc/cpu/pcpi_insn_reg_30_                                inferred      flip-flop                    
soc/cpu/pcpi_insn_reg_31_                                inferred      flip-flop                    
soc/cpu/reg_pc_reg_14_                                   inferred      flip-flop                    
soc/cpu/reg_pc_reg_20_                                   inferred      flip-flop                    
soc/cpu/reg_pc_reg_21_                                   inferred      flip-flop                    
soc/cpu/reg_pc_reg_22_                                   inferred      flip-flop                    
soc/cpu/reg_pc_reg_24_                                   inferred      flip-flop                    
soc/cpu/reg_pc_reg_25_                                   inferred      flip-flop                    
soc/cpu/reg_pc_reg_26_                                   inferred      flip-flop                    
soc/cpu/reg_pc_reg_28_                                   inferred      flip-flop                    
soc/cpu/reg_pc_reg_29_                                   inferred      flip-flop                    
soc/cpu/reg_pc_reg_30_                                   inferred      flip-flop                    
soc/cpu/reg_pc_reg_31_                                   inferred      flip-flop                    
soc/cpu/mem_16bit_buffer_reg_12_                         inferred      flip-flop                    
soc/cpu/reg_out_reg_0_                                   inferred      flip-flop                    
soc/simpleuart/recv_buf_data_reg_0_                      inferred      flip-flop asynchronous reset 
soc/simpleuart/recv_buf_data_reg_1_                      inferred      flip-flop asynchronous reset 
soc/simpleuart/recv_buf_data_reg_2_                      inferred      flip-flop asynchronous reset 
soc/simpleuart/recv_buf_data_reg_3_                      inferred      flip-flop asynchronous reset 
soc/simpleuart/recv_buf_data_reg_4_                      inferred      flip-flop asynchronous reset 
soc/simpleuart/recv_buf_data_reg_5_                      inferred      flip-flop asynchronous reset 
soc/simpleuart/recv_buf_data_reg_6_                      inferred      flip-flop asynchronous reset 
soc/simpleuart/recv_buf_data_reg_7_                      inferred      flip-flop asynchronous reset 
soc/simpleuart/recv_pattern_reg_0_                       inferred      flip-flop asynchronous reset 
soc/simpleuart/recv_pattern_reg_1_                       inferred      flip-flop asynchronous reset 
soc/simpleuart/recv_pattern_reg_2_                       inferred      flip-flop asynchronous reset 
soc/simpleuart/recv_pattern_reg_3_                       inferred      flip-flop asynchronous reset 
soc/simpleuart/recv_pattern_reg_4_                       inferred      flip-flop asynchronous reset 
soc/simpleuart/recv_pattern_reg_5_                       inferred      flip-flop asynchronous reset 
soc/simpleuart/recv_pattern_reg_6_                       inferred      flip-flop asynchronous reset 
soc/simpleuart/recv_pattern_reg_7_                       inferred      flip-flop asynchronous reset 
soc/simpleuart/send_pattern_reg_1_                       inferred      flip-flop asynchronous set   
soc/simpleuart/send_pattern_reg_2_                       inferred      flip-flop asynchronous set   
soc/simpleuart/send_pattern_reg_3_                       inferred      flip-flop asynchronous set   
soc/simpleuart/send_pattern_reg_4_                       inferred      flip-flop asynchronous set   
soc/simpleuart/send_pattern_reg_5_                       inferred      flip-flop asynchronous set   
soc/simpleuart/send_pattern_reg_6_                       inferred      flip-flop asynchronous set   
soc/simpleuart/send_pattern_reg_7_                       inferred      flip-flop asynchronous set   
soc/simpleuart/send_pattern_reg_8_                       inferred      flip-flop asynchronous set   
soc/simpleuart/recv_divcnt_reg_30_                       inferred      flip-flop asynchronous reset 
soc/simpleuart/send_bitcnt_reg_0_                        inferred      flip-flop asynchronous reset 
soc/simpleuart/send_bitcnt_reg_1_                        inferred      flip-flop asynchronous reset 
soc/simpleuart/send_bitcnt_reg_2_                        inferred      flip-flop asynchronous reset 
soc/simpleuart/send_bitcnt_reg_3_                        inferred      flip-flop asynchronous reset 
soc/simpleuart/send_pattern_reg_0_                       inferred      flip-flop asynchronous set   
soc/simpleuart/cfg_divider_reg_2_                        inferred      flip-flop asynchronous reset 
soc/simpleuart/cfg_divider_reg_3_                        inferred      flip-flop asynchronous reset 
soc/simpleuart/cfg_divider_reg_29_                       inferred      flip-flop asynchronous reset 
soc/simpleuart/cfg_divider_reg_4_                        inferred      flip-flop asynchronous reset 
soc/simpleuart/cfg_divider_reg_5_                        inferred      flip-flop asynchronous reset 
soc/simpleuart/cfg_divider_reg_0_                        inferred      flip-flop asynchronous set   
soc/simpleuart/cfg_divider_reg_7_                        inferred      flip-flop asynchronous reset 
soc/simpleuart/cfg_divider_reg_8_                        inferred      flip-flop asynchronous reset 
soc/simpleuart/cfg_divider_reg_9_                        inferred      flip-flop asynchronous reset 
soc/simpleuart/cfg_divider_reg_21_                       inferred      flip-flop asynchronous reset 
soc/simpleuart/cfg_divider_reg_11_                       inferred      flip-flop asynchronous reset 
soc/simpleuart/cfg_divider_reg_12_                       inferred      flip-flop asynchronous reset 
soc/simpleuart/cfg_divider_reg_23_                       inferred      flip-flop asynchronous reset 
soc/simpleuart/cfg_divider_reg_14_                       inferred      flip-flop asynchronous reset 
soc/simpleuart/cfg_divider_reg_15_                       inferred      flip-flop asynchronous reset 
soc/simpleuart/cfg_divider_reg_16_                       inferred      flip-flop asynchronous reset 
soc/simpleuart/cfg_divider_reg_19_                       inferred      flip-flop asynchronous reset 
soc/simpleuart/cfg_divider_reg_20_                       inferred      flip-flop asynchronous reset 
soc/simpleuart/cfg_divider_reg_24_                       inferred      flip-flop asynchronous reset 
soc/simpleuart/cfg_divider_reg_25_                       inferred      flip-flop asynchronous reset 
soc/simpleuart/cfg_divider_reg_28_                       inferred      flip-flop asynchronous reset 
soc/simpleuart/cfg_divider_reg_22_                       inferred      flip-flop asynchronous reset 
soc/simpleuart/cfg_divider_reg_30_                       inferred      flip-flop asynchronous reset 
soc/simpleuart/cfg_divider_reg_13_                       inferred      flip-flop asynchronous reset 
soc/simpleuart/recv_divcnt_reg_0_                        inferred      flip-flop asynchronous reset 
soc/simpleuart/cfg_divider_reg_27_                       inferred      flip-flop asynchronous reset 
soc/simpleuart/recv_state_reg_2_                         inferred      flip-flop asynchronous reset 
soc/simpleuart/cfg_divider_reg_6_                        inferred      flip-flop asynchronous reset 
soc/simpleuart/recv_divcnt_reg_1_                        inferred      flip-flop asynchronous reset 
soc/simpleuart/cfg_divider_reg_17_                       inferred      flip-flop asynchronous reset 
soc/simpleuart/cfg_divider_reg_10_                       inferred      flip-flop asynchronous reset 
soc/simpleuart/recv_state_reg_3_                         inferred      flip-flop asynchronous reset 
soc/simpleuart/recv_state_reg_1_                         inferred      flip-flop asynchronous reset 
soc/simpleuart/recv_divcnt_reg_2_                        inferred      flip-flop asynchronous reset 
soc/simpleuart/cfg_divider_reg_18_                       inferred      flip-flop asynchronous reset 
soc/simpleuart/cfg_divider_reg_26_                       inferred      flip-flop asynchronous reset 
soc/simpleuart/send_dummy_reg                            inferred      flip-flop asynchronous set   
soc/simpleuart/recv_divcnt_reg_11_                       inferred      flip-flop asynchronous reset 
soc/simpleuart/recv_divcnt_reg_26_                       inferred      flip-flop asynchronous reset 
soc/simpleuart/recv_state_reg_0_                         inferred      flip-flop asynchronous reset 
soc/simpleuart/recv_divcnt_reg_24_                       inferred      flip-flop asynchronous reset 
soc/simpleuart/recv_divcnt_reg_8_                        inferred      flip-flop asynchronous reset 
soc/simpleuart/cfg_divider_reg_31_                       inferred      flip-flop asynchronous reset 
soc/simpleuart/recv_divcnt_reg_3_                        inferred      flip-flop asynchronous reset 
soc/simpleuart/recv_divcnt_reg_4_                        inferred      flip-flop asynchronous reset 
soc/simpleuart/recv_divcnt_reg_21_                       inferred      flip-flop asynchronous reset 
soc/simpleuart/recv_divcnt_reg_16_                       inferred      flip-flop asynchronous reset 
soc/simpleuart/recv_divcnt_reg_10_                       inferred      flip-flop asynchronous reset 
soc/simpleuart/recv_divcnt_reg_13_                       inferred      flip-flop asynchronous reset 
soc/simpleuart/recv_divcnt_reg_22_                       inferred      flip-flop asynchronous reset 
soc/simpleuart/recv_divcnt_reg_20_                       inferred      flip-flop asynchronous reset 
soc/simpleuart/recv_divcnt_reg_7_                        inferred      flip-flop asynchronous reset 
soc/simpleuart/recv_divcnt_reg_27_                       inferred      flip-flop asynchronous reset 
soc/simpleuart/recv_divcnt_reg_25_                       inferred      flip-flop asynchronous reset 
soc/simpleuart/recv_divcnt_reg_9_                        inferred      flip-flop asynchronous reset 
soc/simpleuart/recv_divcnt_reg_18_                       inferred      flip-flop asynchronous reset 
soc/simpleuart/recv_divcnt_reg_6_                        inferred      flip-flop asynchronous reset 
soc/simpleuart/recv_divcnt_reg_23_                       inferred      flip-flop asynchronous reset 
soc/simpleuart/recv_divcnt_reg_19_                       inferred      flip-flop asynchronous reset 
soc/simpleuart/recv_divcnt_reg_17_                       inferred      flip-flop asynchronous reset 
soc/simpleuart/recv_divcnt_reg_15_                       inferred      flip-flop asynchronous reset 
soc/simpleuart/recv_divcnt_reg_12_                       inferred      flip-flop asynchronous reset 
soc/simpleuart/recv_divcnt_reg_5_                        inferred      flip-flop asynchronous reset 
soc/simpleuart/recv_divcnt_reg_29_                       inferred      flip-flop asynchronous reset 
soc/simpleuart/recv_divcnt_reg_14_                       inferred      flip-flop asynchronous reset 
soc/simpleuart/recv_divcnt_reg_28_                       inferred      flip-flop asynchronous reset 
soc/simpleuart/send_divcnt_reg_24_                       inferred      flip-flop asynchronous reset 
soc/simpleuart/send_divcnt_reg_2_                        inferred      flip-flop asynchronous reset 
soc/simpleuart/send_divcnt_reg_8_                        inferred      flip-flop asynchronous reset 
soc/simpleuart/send_divcnt_reg_3_                        inferred      flip-flop asynchronous reset 
soc/simpleuart/send_divcnt_reg_26_                       inferred      flip-flop asynchronous reset 
soc/simpleuart/send_divcnt_reg_4_                        inferred      flip-flop asynchronous reset 
soc/simpleuart/send_divcnt_reg_21_                       inferred      flip-flop asynchronous reset 
soc/simpleuart/send_divcnt_reg_16_                       inferred      flip-flop asynchronous reset 
soc/simpleuart/send_divcnt_reg_10_                       inferred      flip-flop asynchronous reset 
soc/simpleuart/send_divcnt_reg_13_                       inferred      flip-flop asynchronous reset 
soc/simpleuart/send_divcnt_reg_22_                       inferred      flip-flop asynchronous reset 
soc/simpleuart/send_divcnt_reg_1_                        inferred      flip-flop asynchronous reset 
soc/simpleuart/send_divcnt_reg_20_                       inferred      flip-flop asynchronous reset 
soc/simpleuart/send_divcnt_reg_7_                        inferred      flip-flop asynchronous reset 
soc/simpleuart/send_divcnt_reg_27_                       inferred      flip-flop asynchronous reset 
soc/simpleuart/send_divcnt_reg_25_                       inferred      flip-flop asynchronous reset 
soc/simpleuart/send_divcnt_reg_9_                        inferred      flip-flop asynchronous reset 
soc/simpleuart/send_divcnt_reg_18_                       inferred      flip-flop asynchronous reset 
soc/simpleuart/send_divcnt_reg_6_                        inferred      flip-flop asynchronous reset 
soc/simpleuart/send_divcnt_reg_23_                       inferred      flip-flop asynchronous reset 
soc/simpleuart/send_divcnt_reg_11_                       inferred      flip-flop asynchronous reset 
soc/simpleuart/send_divcnt_reg_19_                       inferred      flip-flop asynchronous reset 
soc/simpleuart/send_divcnt_reg_17_                       inferred      flip-flop asynchronous reset 
soc/simpleuart/send_divcnt_reg_15_                       inferred      flip-flop asynchronous reset 
soc/simpleuart/send_divcnt_reg_12_                       inferred      flip-flop asynchronous reset 
soc/simpleuart/send_divcnt_reg_5_                        inferred      flip-flop asynchronous reset 
soc/simpleuart/send_divcnt_reg_29_                       inferred      flip-flop asynchronous reset 
soc/simpleuart/send_divcnt_reg_14_                       inferred      flip-flop asynchronous reset 
soc/simpleuart/send_divcnt_reg_28_                       inferred      flip-flop asynchronous reset 
soc/simpleuart/recv_divcnt_reg_31_                       inferred      flip-flop asynchronous reset 
soc/simpleuart/send_divcnt_reg_30_                       inferred      flip-flop asynchronous reset 
soc/simpleuart/send_divcnt_reg_31_                       inferred      flip-flop asynchronous reset 
soc/simpleuart/recv_buf_valid_reg                        inferred      flip-flop asynchronous reset 
soc/simpleuart/cfg_divider_reg_1_                        inferred      flip-flop asynchronous reset 
soc/simpleuart/send_divcnt_reg_0_                        inferred      flip-flop asynchronous reset 
soc/spimemio/xfer/last_fetch_reg                         inferred      flip-flop asynchronous set   
soc/spimemio/xfer/fetch_reg                              inferred      flip-flop asynchronous set   
soc/spimemio/xfer/xfer_tag_q_reg_0_                      inferred      flip-flop                    
soc/spimemio/xfer/xfer_tag_q_reg_2_                      inferred      flip-flop                    
soc/spimemio/xfer/xfer_tag_q_reg_1_                      inferred      flip-flop                    
soc/spimemio/xfer/xfer_ddr_q_reg                         inferred      flip-flop                    
soc/spimemio/xfer/xfer_tag_reg_2_                        inferred      flip-flop asynchronous reset 
soc/spimemio/xfer/xfer_tag_reg_1_                        inferred      flip-flop asynchronous reset 
soc/spimemio/xfer/xfer_dspi_reg                          inferred      flip-flop asynchronous reset 
soc/spimemio/xfer/xfer_rd_reg                            inferred      flip-flop asynchronous reset 
soc/spimemio/xfer/flash_csb_reg                          inferred      flip-flop asynchronous set   
soc/spimemio/xfer/xfer_tag_reg_0_                        inferred      flip-flop asynchronous reset 
soc/spimemio/xfer/xfer_ddr_reg                           inferred      flip-flop asynchronous reset 
soc/spimemio/xfer/count_reg_1_                           inferred      flip-flop asynchronous reset 
soc/spimemio/xfer/count_reg_2_                           inferred      flip-flop asynchronous reset 
soc/spimemio/xfer/dummy_count_reg_0_                     inferred      flip-flop asynchronous reset 
soc/spimemio/xfer/dummy_count_reg_1_                     inferred      flip-flop asynchronous reset 
soc/spimemio/xfer/dummy_count_reg_2_                     inferred      flip-flop asynchronous reset 
soc/spimemio/xfer/dummy_count_reg_3_                     inferred      flip-flop asynchronous reset 
soc/spimemio/xfer/flash_clk_reg                          inferred      flip-flop asynchronous reset 
soc/spimemio/xfer/ibuffer_reg_0_                         inferred      flip-flop                    
soc/spimemio/xfer/ibuffer_reg_1_                         inferred      flip-flop                    
soc/spimemio/xfer/ibuffer_reg_2_                         inferred      flip-flop                    
soc/spimemio/xfer/ibuffer_reg_3_                         inferred      flip-flop                    
soc/spimemio/xfer/ibuffer_reg_4_                         inferred      flip-flop                    
soc/spimemio/xfer/ibuffer_reg_5_                         inferred      flip-flop                    
soc/spimemio/xfer/ibuffer_reg_6_                         inferred      flip-flop                    
soc/spimemio/xfer/ibuffer_reg_7_                         inferred      flip-flop synchronous enable 
soc/spimemio/xfer/obuffer_reg_0_                         inferred      flip-flop                    
soc/spimemio/xfer/obuffer_reg_1_                         inferred      flip-flop                    
soc/spimemio/xfer/obuffer_reg_2_                         inferred      flip-flop                    
soc/spimemio/xfer/obuffer_reg_3_                         inferred      flip-flop                    
soc/spimemio/xfer/obuffer_reg_4_                         inferred      flip-flop                    
soc/spimemio/xfer/obuffer_reg_5_                         inferred      flip-flop                    
soc/spimemio/xfer/obuffer_reg_6_                         inferred      flip-flop                    
soc/spimemio/xfer/obuffer_reg_7_                         inferred      flip-flop                    
soc/spimemio/xfer/xfer_qspi_reg                          inferred      flip-flop asynchronous reset 
soc/spimemio/xfer/count_reg_3_                           inferred      flip-flop asynchronous reset 
soc/spimemio/xfer/count_reg_0_                           inferred      flip-flop asynchronous reset 
soc/spimemio/din_tag_reg_2_                              inferred      flip-flop asynchronous reset 
soc/spimemio/din_tag_reg_1_                              inferred      flip-flop asynchronous reset 
soc/spimemio/din_tag_reg_0_                              inferred      flip-flop asynchronous reset 
soc/spimemio/softreset_reg                               inferred      flip-flop asynchronous set   
soc/spimemio/buffer_reg_0_                               inferred      flip-flop                    
soc/spimemio/buffer_reg_1_                               inferred      flip-flop                    
soc/spimemio/buffer_reg_2_                               inferred      flip-flop                    
soc/spimemio/buffer_reg_3_                               inferred      flip-flop                    
soc/spimemio/buffer_reg_4_                               inferred      flip-flop                    
soc/spimemio/buffer_reg_5_                               inferred      flip-flop                    
soc/spimemio/buffer_reg_6_                               inferred      flip-flop                    
soc/spimemio/buffer_reg_7_                               inferred      flip-flop                    
soc/spimemio/buffer_reg_8_                               inferred      flip-flop                    
soc/spimemio/buffer_reg_9_                               inferred      flip-flop                    
soc/spimemio/buffer_reg_10_                              inferred      flip-flop                    
soc/spimemio/buffer_reg_11_                              inferred      flip-flop                    
soc/spimemio/buffer_reg_12_                              inferred      flip-flop                    
soc/spimemio/buffer_reg_13_                              inferred      flip-flop                    
soc/spimemio/buffer_reg_14_                              inferred      flip-flop                    
soc/spimemio/buffer_reg_15_                              inferred      flip-flop                    
soc/spimemio/buffer_reg_16_                              inferred      flip-flop                    
soc/spimemio/buffer_reg_17_                              inferred      flip-flop                    
soc/spimemio/buffer_reg_18_                              inferred      flip-flop                    
soc/spimemio/buffer_reg_19_                              inferred      flip-flop                    
soc/spimemio/buffer_reg_20_                              inferred      flip-flop                    
soc/spimemio/buffer_reg_21_                              inferred      flip-flop                    
soc/spimemio/buffer_reg_22_                              inferred      flip-flop                    
soc/spimemio/buffer_reg_23_                              inferred      flip-flop                    
soc/spimemio/config_clk_reg                              inferred      flip-flop asynchronous reset 
soc/spimemio/config_cont_reg                             inferred      flip-flop asynchronous reset 
soc/spimemio/config_csb_reg                              inferred      flip-flop asynchronous reset 
soc/spimemio/config_do_reg_0_                            inferred      flip-flop asynchronous reset 
soc/spimemio/config_do_reg_1_                            inferred      flip-flop asynchronous reset 
soc/spimemio/config_do_reg_2_                            inferred      flip-flop asynchronous reset 
soc/spimemio/config_do_reg_3_                            inferred      flip-flop asynchronous reset 
soc/spimemio/config_dummy_reg_0_                         inferred      flip-flop asynchronous reset 
soc/spimemio/config_dummy_reg_2_                         inferred      flip-flop asynchronous reset 
soc/spimemio/config_oe_reg_0_                            inferred      flip-flop asynchronous reset 
soc/spimemio/config_oe_reg_1_                            inferred      flip-flop asynchronous reset 
soc/spimemio/config_oe_reg_2_                            inferred      flip-flop asynchronous reset 
soc/spimemio/config_oe_reg_3_                            inferred      flip-flop asynchronous reset 
soc/spimemio/din_data_reg_0_                             inferred      flip-flop                    
soc/spimemio/din_data_reg_1_                             inferred      flip-flop                    
soc/spimemio/din_data_reg_2_                             inferred      flip-flop                    
soc/spimemio/din_data_reg_4_                             inferred      flip-flop                    
soc/spimemio/din_data_reg_5_                             inferred      flip-flop                    
soc/spimemio/din_data_reg_6_                             inferred      flip-flop                    
soc/spimemio/din_data_reg_7_                             inferred      flip-flop                    
soc/spimemio/rdata_reg_0_                                inferred      flip-flop                    
soc/spimemio/rdata_reg_1_                                inferred      flip-flop                    
soc/spimemio/rdata_reg_2_                                inferred      flip-flop                    
soc/spimemio/rdata_reg_3_                                inferred      flip-flop                    
soc/spimemio/rdata_reg_4_                                inferred      flip-flop                    
soc/spimemio/rdata_reg_5_                                inferred      flip-flop                    
soc/spimemio/rdata_reg_6_                                inferred      flip-flop                    
soc/spimemio/rdata_reg_7_                                inferred      flip-flop                    
soc/spimemio/rdata_reg_8_                                inferred      flip-flop                    
soc/spimemio/rdata_reg_9_                                inferred      flip-flop                    
soc/spimemio/rdata_reg_10_                               inferred      flip-flop                    
soc/spimemio/rdata_reg_11_                               inferred      flip-flop                    
soc/spimemio/rdata_reg_12_                               inferred      flip-flop                    
soc/spimemio/rdata_reg_13_                               inferred      flip-flop                    
soc/spimemio/rdata_reg_14_                               inferred      flip-flop                    
soc/spimemio/rdata_reg_15_                               inferred      flip-flop                    
soc/spimemio/rdata_reg_16_                               inferred      flip-flop                    
soc/spimemio/rdata_reg_17_                               inferred      flip-flop                    
soc/spimemio/rdata_reg_18_                               inferred      flip-flop                    
soc/spimemio/rdata_reg_19_                               inferred      flip-flop                    
soc/spimemio/rdata_reg_20_                               inferred      flip-flop                    
soc/spimemio/rdata_reg_21_                               inferred      flip-flop                    
soc/spimemio/rdata_reg_22_                               inferred      flip-flop                    
soc/spimemio/rdata_reg_23_                               inferred      flip-flop                    
soc/spimemio/rdata_reg_24_                               inferred      flip-flop                    
soc/spimemio/rdata_reg_25_                               inferred      flip-flop                    
soc/spimemio/rdata_reg_26_                               inferred      flip-flop                    
soc/spimemio/rdata_reg_27_                               inferred      flip-flop                    
soc/spimemio/rdata_reg_28_                               inferred      flip-flop                    
soc/spimemio/rdata_reg_29_                               inferred      flip-flop                    
soc/spimemio/rdata_reg_30_                               inferred      flip-flop                    
soc/spimemio/rdata_reg_31_                               inferred      flip-flop                    
soc/spimemio/xfer_io1_90_reg                             inferred                                   
soc/spimemio/xfer_io2_90_reg                             inferred                                   
soc/spimemio/xfer_io3_90_reg                             inferred                                   
soc/spimemio/config_dummy_reg_1_                         inferred      flip-flop asynchronous reset 
soc/spimemio/config_dummy_reg_3_                         inferred      flip-flop asynchronous set   
soc/spimemio/din_data_reg_3_                             inferred      flip-flop                    
soc/spimemio/din_ddr_reg                                 inferred      flip-flop asynchronous reset 
soc/spimemio/din_qspi_reg                                inferred      flip-flop asynchronous reset 
soc/spimemio/din_valid_reg                               inferred      flip-flop asynchronous reset 
soc/spimemio/rd_addr_reg_2_                              inferred      flip-flop                    
soc/spimemio/rd_addr_reg_3_                              inferred      flip-flop                    
soc/spimemio/rd_addr_reg_4_                              inferred      flip-flop                    
soc/spimemio/rd_addr_reg_5_                              inferred      flip-flop                    
soc/spimemio/rd_addr_reg_6_                              inferred      flip-flop                    
soc/spimemio/rd_addr_reg_7_                              inferred      flip-flop                    
soc/spimemio/rd_addr_reg_8_                              inferred      flip-flop                    
soc/spimemio/rd_addr_reg_9_                              inferred      flip-flop                    
soc/spimemio/rd_addr_reg_10_                             inferred      flip-flop                    
soc/spimemio/rd_addr_reg_11_                             inferred      flip-flop                    
soc/spimemio/rd_addr_reg_12_                             inferred      flip-flop                    
soc/spimemio/rd_addr_reg_13_                             inferred      flip-flop                    
soc/spimemio/rd_addr_reg_14_                             inferred      flip-flop                    
soc/spimemio/rd_addr_reg_15_                             inferred      flip-flop                    
soc/spimemio/rd_addr_reg_16_                             inferred      flip-flop                    
soc/spimemio/rd_addr_reg_17_                             inferred      flip-flop                    
soc/spimemio/rd_addr_reg_18_                             inferred      flip-flop                    
soc/spimemio/rd_addr_reg_19_                             inferred      flip-flop                    
soc/spimemio/rd_addr_reg_20_                             inferred      flip-flop                    
soc/spimemio/rd_addr_reg_21_                             inferred      flip-flop                    
soc/spimemio/rd_addr_reg_22_                             inferred      flip-flop                    
soc/spimemio/rd_addr_reg_23_                             inferred      flip-flop                    
soc/spimemio/rd_inc_reg                                  inferred      flip-flop asynchronous reset 
soc/spimemio/state_reg_1_                                inferred      flip-flop asynchronous reset 
soc/spimemio/xfer_io0_90_reg                             inferred                                   
soc/spimemio/rd_wait_reg                                 inferred      flip-flop asynchronous reset 
soc/spimemio/state_reg_3_                                inferred      flip-flop asynchronous reset 
soc/spimemio/state_reg_2_                                inferred      flip-flop asynchronous reset 
soc/spimemio/state_reg_0_                                inferred      flip-flop asynchronous reset 
soc/spimemio/config_ddr_reg                              inferred      flip-flop asynchronous reset 
soc/spimemio/config_qspi_reg                             inferred      flip-flop asynchronous reset 
soc/spimemio/config_en_reg                               inferred      flip-flop asynchronous set   
soc/spimemio/din_rd_reg                                  inferred      flip-flop asynchronous reset 
soc/spimemio/rd_valid_reg                                inferred      flip-flop asynchronous reset 
soc/spimemio/xfer_resetn_reg                             inferred      flip-flop asynchronous reset 
soc/ram_ready_reg                                        inferred      flip-flop                    
resetn_sync_reg                                          inferred      flip-flop                    
resetn_sync_int_reg                                      inferred      flip-flop                    
accel/RC_CG_HIER_INST0/RC_CGIC_INST                      inferred      timing_model                 
accel/RC_CG_HIER_INST1/RC_CGIC_INST                      inferred      timing_model                 
accel/RC_CG_HIER_INST2/RC_CGIC_INST                      inferred      timing_model                 
accel/RC_CG_HIER_INST3/RC_CGIC_INST                      inferred      timing_model                 
accel/RC_CG_HIER_INST4/RC_CGIC_INST                      inferred      timing_model                 
accel/RC_CG_HIER_INST5/RC_CGIC_INST                      inferred      timing_model                 
accel/RC_CG_HIER_INST6/RC_CGIC_INST                      inferred      timing_model                 
accel/RC_CG_HIER_INST7/RC_CGIC_INST                      inferred      timing_model                 
accel/RC_CG_HIER_INST8/RC_CGIC_INST                      inferred      timing_model                 
accel/RC_CG_HIER_INST9/RC_CGIC_INST                      inferred      timing_model                 
accel/RC_CG_HIER_INST10/RC_CGIC_INST                     inferred      timing_model                 
accel/RC_CG_HIER_INST11/RC_CGIC_INST                     inferred      timing_model                 
accel/RC_CG_HIER_INST12/RC_CGIC_INST                     inferred      timing_model                 
accel/RC_CG_HIER_INST13/RC_CGIC_INST                     inferred      timing_model                 
accel/RC_CG_HIER_INST14/RC_CGIC_INST                     inferred      timing_model                 
accel/RC_CG_HIER_INST15/RC_CGIC_INST                     inferred      timing_model                 
accel/RC_CG_HIER_INST16/RC_CGIC_INST                     inferred      timing_model                 
accel/fft/RC_CG_HIER_INST17/RC_CGIC_INST                 inferred      timing_model                 
accel/fft/RC_CG_HIER_INST18/RC_CGIC_INST                 inferred      timing_model                 
accel/fft/RC_CG_HIER_INST19/RC_CGIC_INST                 inferred      timing_model                 
accel/fft/RC_CG_HIER_INST20/RC_CGIC_INST                 inferred      timing_model                 
accel/fft/RC_CG_HIER_INST21/RC_CGIC_INST                 inferred      timing_model                 
accel/fft/RC_CG_HIER_INST22/RC_CGIC_INST                 inferred      timing_model                 
accel/fft/RC_CG_HIER_INST23/RC_CGIC_INST                 inferred      timing_model                 
accel/mem/RC_CG_HIER_INST24/RC_CGIC_INST                 inferred      timing_model                 
accel/mem/RC_CG_HIER_INST25/RC_CGIC_INST                 inferred      timing_model                 
accel/mem/RC_CG_HIER_INST26/RC_CGIC_INST                 inferred      timing_model                 
accel/mem/RC_CG_HIER_INST27/RC_CGIC_INST                 inferred      timing_model                 
accel/mem/RC_CG_HIER_INST28/RC_CGIC_INST                 inferred      timing_model                 
accel/mem/RC_CG_HIER_INST29/RC_CGIC_INST                 inferred      timing_model                 
accel/mem/RC_CG_HIER_INST30/RC_CGIC_INST                 inferred      timing_model                 
accel/mem/RC_CG_HIER_INST31/RC_CGIC_INST                 inferred      timing_model                 
accel/mem/RC_CG_HIER_INST32/RC_CGIC_INST                 inferred      timing_model                 
accel/mem/RC_CG_HIER_INST33/RC_CGIC_INST                 inferred      timing_model                 
accel/mem/RC_CG_HIER_INST34/RC_CGIC_INST                 inferred      timing_model                 
accel/mem/RC_CG_HIER_INST35/RC_CGIC_INST                 inferred      timing_model                 
accel/mem/RC_CG_HIER_INST36/RC_CGIC_INST                 inferred      timing_model                 
accel/mem/RC_CG_HIER_INST37/RC_CGIC_INST                 inferred      timing_model                 
accel/mem/RC_CG_HIER_INST38/RC_CGIC_INST                 inferred      timing_model                 
accel/mem/RC_CG_HIER_INST39/RC_CGIC_INST                 inferred      timing_model                 
accel/mem/RC_CG_HIER_INST40/RC_CGIC_INST                 inferred      timing_model                 
accel/mem/RC_CG_HIER_INST41/RC_CGIC_INST                 inferred      timing_model                 
accel/mem/RC_CG_HIER_INST42/RC_CGIC_INST                 inferred      timing_model                 
accel/mem/RC_CG_HIER_INST43/RC_CGIC_INST                 inferred      timing_model                 
accel/mem/RC_CG_HIER_INST44/RC_CGIC_INST                 inferred      timing_model                 
accel/mem/RC_CG_HIER_INST45/RC_CGIC_INST                 inferred      timing_model                 
accel/mem/RC_CG_HIER_INST46/RC_CGIC_INST                 inferred      timing_model                 
accel/mem/RC_CG_HIER_INST47/RC_CGIC_INST                 inferred      timing_model                 
accel/mem/RC_CG_HIER_INST48/RC_CGIC_INST                 inferred      timing_model                 
accel/mem/RC_CG_HIER_INST49/RC_CGIC_INST                 inferred      timing_model                 
accel/mem/RC_CG_HIER_INST50/RC_CGIC_INST                 inferred      timing_model                 
accel/mem/RC_CG_HIER_INST51/RC_CGIC_INST                 inferred      timing_model                 
accel/mem/RC_CG_HIER_INST52/RC_CGIC_INST                 inferred      timing_model                 
accel/mem/RC_CG_HIER_INST53/RC_CGIC_INST                 inferred      timing_model                 
accel/mem/RC_CG_HIER_INST54/RC_CGIC_INST                 inferred      timing_model                 
accel/mem/RC_CG_HIER_INST55/RC_CGIC_INST                 inferred      timing_model                 
accel/mem/RC_CG_HIER_INST56/RC_CGIC_INST                 inferred      timing_model                 
accel/mem/RC_CG_HIER_INST57/RC_CGIC_INST                 inferred      timing_model                 
accel/mem/RC_CG_HIER_INST58/RC_CGIC_INST                 inferred      timing_model                 
accel/mem/RC_CG_HIER_INST59/RC_CGIC_INST                 inferred      timing_model                 
accel/mem/RC_CG_HIER_INST60/RC_CGIC_INST                 inferred      timing_model                 
accel/mem/RC_CG_HIER_INST61/RC_CGIC_INST                 inferred      timing_model                 
accel/mem/RC_CG_HIER_INST62/RC_CGIC_INST                 inferred      timing_model                 
accel/mem/RC_CG_HIER_INST63/RC_CGIC_INST                 inferred      timing_model                 
accel/mem/RC_CG_HIER_INST64/RC_CGIC_INST                 inferred      timing_model                 
accel/mem/RC_CG_HIER_INST65/RC_CGIC_INST                 inferred      timing_model                 
accel/mem/RC_CG_HIER_INST66/RC_CGIC_INST                 inferred      timing_model                 
accel/mem/RC_CG_HIER_INST67/RC_CGIC_INST                 inferred      timing_model                 
accel/mem/RC_CG_HIER_INST68/RC_CGIC_INST                 inferred      timing_model                 
accel/mem/RC_CG_HIER_INST69/RC_CGIC_INST                 inferred      timing_model                 
accel/mem/RC_CG_HIER_INST70/RC_CGIC_INST                 inferred      timing_model                 
accel/mem/RC_CG_HIER_INST71/RC_CGIC_INST                 inferred      timing_model                 
accel/mem/RC_CG_HIER_INST72/RC_CGIC_INST                 inferred      timing_model                 
accel/mem/RC_CG_HIER_INST73/RC_CGIC_INST                 inferred      timing_model                 
accel/mem/RC_CG_HIER_INST74/RC_CGIC_INST                 inferred      timing_model                 
accel/mem/RC_CG_HIER_INST75/RC_CGIC_INST                 inferred      timing_model                 
accel/mem/RC_CG_HIER_INST76/RC_CGIC_INST                 inferred      timing_model                 
accel/mem/RC_CG_HIER_INST77/RC_CGIC_INST                 inferred      timing_model                 
accel/mem/RC_CG_HIER_INST78/RC_CGIC_INST                 inferred      timing_model                 
accel/mem/RC_CG_HIER_INST79/RC_CGIC_INST                 inferred      timing_model                 
accel/mem/RC_CG_HIER_INST80/RC_CGIC_INST                 inferred      timing_model                 
accel/mem/RC_CG_HIER_INST81/RC_CGIC_INST                 inferred      timing_model                 
accel/mem/RC_CG_HIER_INST82/RC_CGIC_INST                 inferred      timing_model                 
accel/mem/RC_CG_HIER_INST83/RC_CGIC_INST                 inferred      timing_model                 
accel/mem/RC_CG_HIER_INST84/RC_CGIC_INST                 inferred      timing_model                 
accel/mem/RC_CG_HIER_INST85/RC_CGIC_INST                 inferred      timing_model                 
accel/mem/RC_CG_HIER_INST86/RC_CGIC_INST                 inferred      timing_model                 
accel/mem/RC_CG_HIER_INST87/RC_CGIC_INST                 inferred      timing_model                 
accel/mem/RC_CG_HIER_INST88/RC_CGIC_INST                 inferred      timing_model                 
accel/mem/RC_CG_HIER_INST89/RC_CGIC_INST                 inferred      timing_model                 
accel/mem/RC_CG_HIER_INST90/RC_CGIC_INST                 inferred      timing_model                 
accel/mem/RC_CG_HIER_INST91/RC_CGIC_INST                 inferred      timing_model                 
accel/mem/RC_CG_HIER_INST92/RC_CGIC_INST                 inferred      timing_model                 
accel/mem/RC_CG_HIER_INST93/RC_CGIC_INST                 inferred      timing_model                 
accel/mem/RC_CG_HIER_INST94/RC_CGIC_INST                 inferred      timing_model                 
accel/mem/RC_CG_HIER_INST95/RC_CGIC_INST                 inferred      timing_model                 
accel/mem/RC_CG_HIER_INST96/RC_CGIC_INST                 inferred      timing_model                 
accel/mem/RC_CG_HIER_INST97/RC_CGIC_INST                 inferred      timing_model                 
accel/mem/RC_CG_HIER_INST98/RC_CGIC_INST                 inferred      timing_model                 
accel/mem/RC_CG_HIER_INST99/RC_CGIC_INST                 inferred      timing_model                 
accel/mem/RC_CG_HIER_INST100/RC_CGIC_INST                inferred      timing_model                 
accel/mem/RC_CG_HIER_INST101/RC_CGIC_INST                inferred      timing_model                 
accel/mem/RC_CG_HIER_INST102/RC_CGIC_INST                inferred      timing_model                 
accel/mem/RC_CG_HIER_INST103/RC_CGIC_INST                inferred      timing_model                 
accel/mem/RC_CG_HIER_INST104/RC_CGIC_INST                inferred      timing_model                 
accel/mem/RC_CG_HIER_INST105/RC_CGIC_INST                inferred      timing_model                 
accel/mem/RC_CG_HIER_INST106/RC_CGIC_INST                inferred      timing_model                 
accel/mem/RC_CG_HIER_INST107/RC_CGIC_INST                inferred      timing_model                 
accel/mem/RC_CG_HIER_INST108/RC_CGIC_INST                inferred      timing_model                 
accel/mem/RC_CG_HIER_INST109/RC_CGIC_INST                inferred      timing_model                 
accel/mem/RC_CG_HIER_INST110/RC_CGIC_INST                inferred      timing_model                 
accel/mem/RC_CG_HIER_INST111/RC_CGIC_INST                inferred      timing_model                 
accel/mem/RC_CG_HIER_INST112/RC_CGIC_INST                inferred      timing_model                 
accel/mem/RC_CG_HIER_INST113/RC_CGIC_INST                inferred      timing_model                 
accel/mem/RC_CG_HIER_INST114/RC_CGIC_INST                inferred      timing_model                 
accel/mem/RC_CG_HIER_INST115/RC_CGIC_INST                inferred      timing_model                 
accel/mem/RC_CG_HIER_INST116/RC_CGIC_INST                inferred      timing_model                 
accel/mem/RC_CG_HIER_INST117/RC_CGIC_INST                inferred      timing_model                 
accel/mem/RC_CG_HIER_INST118/RC_CGIC_INST                inferred      timing_model                 
accel/mem/RC_CG_HIER_INST119/RC_CGIC_INST                inferred      timing_model                 
accel/mem/RC_CG_HIER_INST120/RC_CGIC_INST                inferred      timing_model                 
accel/mem/RC_CG_HIER_INST121/RC_CGIC_INST                inferred      timing_model                 
accel/mem/RC_CG_HIER_INST122/RC_CGIC_INST                inferred      timing_model                 
accel/mem/RC_CG_HIER_INST123/RC_CGIC_INST                inferred      timing_model                 
accel/mem/RC_CG_HIER_INST124/RC_CGIC_INST                inferred      timing_model                 
accel/mem/RC_CG_HIER_INST125/RC_CGIC_INST                inferred      timing_model                 
accel/mem/RC_CG_HIER_INST126/RC_CGIC_INST                inferred      timing_model                 
accel/mem/RC_CG_HIER_INST127/RC_CGIC_INST                inferred      timing_model                 
accel/mem/RC_CG_HIER_INST128/RC_CGIC_INST                inferred      timing_model                 
accel/mem/RC_CG_HIER_INST129/RC_CGIC_INST                inferred      timing_model                 
accel/mem/RC_CG_HIER_INST130/RC_CGIC_INST                inferred      timing_model                 
accel/mem/RC_CG_HIER_INST131/RC_CGIC_INST                inferred      timing_model                 
accel/mem/RC_CG_HIER_INST132/RC_CGIC_INST                inferred      timing_model                 
accel/mem/RC_CG_HIER_INST133/RC_CGIC_INST                inferred      timing_model                 
accel/mem/RC_CG_HIER_INST134/RC_CGIC_INST                inferred      timing_model                 
accel/mem/RC_CG_HIER_INST135/RC_CGIC_INST                inferred      timing_model                 
accel/mem/RC_CG_HIER_INST136/RC_CGIC_INST                inferred      timing_model                 
accel/mem/RC_CG_HIER_INST137/RC_CGIC_INST                inferred      timing_model                 
accel/mem/RC_CG_HIER_INST138/RC_CGIC_INST                inferred      timing_model                 
accel/mem/RC_CG_HIER_INST139/RC_CGIC_INST                inferred      timing_model                 
accel/mem/RC_CG_HIER_INST140/RC_CGIC_INST                inferred      timing_model                 
accel/mem/RC_CG_HIER_INST141/RC_CGIC_INST                inferred      timing_model                 
accel/mem/RC_CG_HIER_INST142/RC_CGIC_INST                inferred      timing_model                 
accel/mem/RC_CG_HIER_INST143/RC_CGIC_INST                inferred      timing_model                 
accel/mem/RC_CG_HIER_INST144/RC_CGIC_INST                inferred      timing_model                 
accel/mem/RC_CG_HIER_INST145/RC_CGIC_INST                inferred      timing_model                 
accel/mem/RC_CG_HIER_INST146/RC_CGIC_INST                inferred      timing_model                 
accel/mem/RC_CG_HIER_INST147/RC_CGIC_INST                inferred      timing_model                 
accel/mem/RC_CG_HIER_INST148/RC_CGIC_INST                inferred      timing_model                 
accel/mem/RC_CG_HIER_INST149/RC_CGIC_INST                inferred      timing_model                 
accel/mem/RC_CG_HIER_INST150/RC_CGIC_INST                inferred      timing_model                 
accel/mem/RC_CG_HIER_INST151/RC_CGIC_INST                inferred      timing_model                 
accel/mem/RC_CG_HIER_INST152/RC_CGIC_INST                inferred      timing_model                 
accel/mem/RC_CG_HIER_INST153/RC_CGIC_INST                inferred      timing_model                 
accel/mem/RC_CG_HIER_INST154/RC_CGIC_INST                inferred      timing_model                 
accel/mem/RC_CG_HIER_INST155/RC_CGIC_INST                inferred      timing_model                 
accel/mem/RC_CG_HIER_INST156/RC_CGIC_INST                inferred      timing_model                 
accel/mem/RC_CG_HIER_INST157/RC_CGIC_INST                inferred      timing_model                 
accel/mem/RC_CG_HIER_INST158/RC_CGIC_INST                inferred      timing_model                 
accel/mem/RC_CG_HIER_INST159/RC_CGIC_INST                inferred      timing_model                 
accel/mem/RC_CG_HIER_INST160/RC_CGIC_INST                inferred      timing_model                 
accel/mem/RC_CG_HIER_INST161/RC_CGIC_INST                inferred      timing_model                 
accel/mem/RC_CG_HIER_INST162/RC_CGIC_INST                inferred      timing_model                 
accel/mem/RC_CG_HIER_INST163/RC_CGIC_INST                inferred      timing_model                 
accel/mem/RC_CG_HIER_INST164/RC_CGIC_INST                inferred      timing_model                 
accel/mem/RC_CG_HIER_INST165/RC_CGIC_INST                inferred      timing_model                 
accel/mem/RC_CG_HIER_INST166/RC_CGIC_INST                inferred      timing_model                 
accel/mem/RC_CG_HIER_INST167/RC_CGIC_INST                inferred      timing_model                 
accel/mem/RC_CG_HIER_INST168/RC_CGIC_INST                inferred      timing_model                 
accel/mem/RC_CG_HIER_INST169/RC_CGIC_INST                inferred      timing_model                 
accel/mem/RC_CG_HIER_INST170/RC_CGIC_INST                inferred      timing_model                 
accel/mem/RC_CG_HIER_INST171/RC_CGIC_INST                inferred      timing_model                 
accel/mem/RC_CG_HIER_INST172/RC_CGIC_INST                inferred      timing_model                 
accel/mem/RC_CG_HIER_INST173/RC_CGIC_INST                inferred      timing_model                 
accel/mem/RC_CG_HIER_INST174/RC_CGIC_INST                inferred      timing_model                 
accel/mem/RC_CG_HIER_INST175/RC_CGIC_INST                inferred      timing_model                 
accel/mem/RC_CG_HIER_INST176/RC_CGIC_INST                inferred      timing_model                 
accel/mem/RC_CG_HIER_INST177/RC_CGIC_INST                inferred      timing_model                 
accel/mem/RC_CG_HIER_INST178/RC_CGIC_INST                inferred      timing_model                 
accel/mem/RC_CG_HIER_INST179/RC_CGIC_INST                inferred      timing_model                 
accel/mem/RC_CG_HIER_INST180/RC_CGIC_INST                inferred      timing_model                 
accel/mem/RC_CG_HIER_INST181/RC_CGIC_INST                inferred      timing_model                 
accel/mem/RC_CG_HIER_INST182/RC_CGIC_INST                inferred      timing_model                 
accel/mem/RC_CG_HIER_INST183/RC_CGIC_INST                inferred      timing_model                 
accel/mem/RC_CG_HIER_INST184/RC_CGIC_INST                inferred      timing_model                 
accel/mem/RC_CG_HIER_INST185/RC_CGIC_INST                inferred      timing_model                 
accel/mem/RC_CG_HIER_INST186/RC_CGIC_INST                inferred      timing_model                 
accel/mem/RC_CG_HIER_INST187/RC_CGIC_INST                inferred      timing_model                 
accel/mem/RC_CG_HIER_INST188/RC_CGIC_INST                inferred      timing_model                 
accel/mem/RC_CG_HIER_INST189/RC_CGIC_INST                inferred      timing_model                 
accel/mem/RC_CG_HIER_INST190/RC_CGIC_INST                inferred      timing_model                 
accel/mem/RC_CG_HIER_INST191/RC_CGIC_INST                inferred      timing_model                 
accel/mem/RC_CG_HIER_INST192/RC_CGIC_INST                inferred      timing_model                 
accel/mem/RC_CG_HIER_INST193/RC_CGIC_INST                inferred      timing_model                 
accel/mem/RC_CG_HIER_INST194/RC_CGIC_INST                inferred      timing_model                 
accel/mem/RC_CG_HIER_INST195/RC_CGIC_INST                inferred      timing_model                 
accel/mem/RC_CG_HIER_INST196/RC_CGIC_INST                inferred      timing_model                 
accel/mem/RC_CG_HIER_INST197/RC_CGIC_INST                inferred      timing_model                 
accel/mem/RC_CG_HIER_INST198/RC_CGIC_INST                inferred      timing_model                 
accel/mem/RC_CG_HIER_INST199/RC_CGIC_INST                inferred      timing_model                 
accel/mem/RC_CG_HIER_INST200/RC_CGIC_INST                inferred      timing_model                 
accel/mem/RC_CG_HIER_INST201/RC_CGIC_INST                inferred      timing_model                 
accel/mem/RC_CG_HIER_INST202/RC_CGIC_INST                inferred      timing_model                 
accel/mem/RC_CG_HIER_INST203/RC_CGIC_INST                inferred      timing_model                 
accel/mem/RC_CG_HIER_INST204/RC_CGIC_INST                inferred      timing_model                 
accel/mem/RC_CG_HIER_INST205/RC_CGIC_INST                inferred      timing_model                 
accel/mem/RC_CG_HIER_INST206/RC_CGIC_INST                inferred      timing_model                 
accel/mem/RC_CG_HIER_INST207/RC_CGIC_INST                inferred      timing_model                 
accel/mem/RC_CG_HIER_INST208/RC_CGIC_INST                inferred      timing_model                 
accel/mem/RC_CG_HIER_INST209/RC_CGIC_INST                inferred      timing_model                 
accel/mem/RC_CG_HIER_INST210/RC_CGIC_INST                inferred      timing_model                 
accel/mem/RC_CG_HIER_INST211/RC_CGIC_INST                inferred      timing_model                 
accel/mem/RC_CG_HIER_INST212/RC_CGIC_INST                inferred      timing_model                 
accel/mem/RC_CG_HIER_INST213/RC_CGIC_INST                inferred      timing_model                 
accel/mem/RC_CG_HIER_INST214/RC_CGIC_INST                inferred      timing_model                 
accel/mem/RC_CG_HIER_INST215/RC_CGIC_INST                inferred      timing_model                 
accel/mem/RC_CG_HIER_INST216/RC_CGIC_INST                inferred      timing_model                 
accel/mem/RC_CG_HIER_INST217/RC_CGIC_INST                inferred      timing_model                 
accel/mem/RC_CG_HIER_INST218/RC_CGIC_INST                inferred      timing_model                 
accel/mem/RC_CG_HIER_INST219/RC_CGIC_INST                inferred      timing_model                 
accel/mem/RC_CG_HIER_INST220/RC_CGIC_INST                inferred      timing_model                 
accel/mem/RC_CG_HIER_INST221/RC_CGIC_INST                inferred      timing_model                 
accel/mem/RC_CG_HIER_INST222/RC_CGIC_INST                inferred      timing_model                 
accel/mem/RC_CG_HIER_INST223/RC_CGIC_INST                inferred      timing_model                 
accel/mem/RC_CG_HIER_INST224/RC_CGIC_INST                inferred      timing_model                 
accel/mem/RC_CG_HIER_INST225/RC_CGIC_INST                inferred      timing_model                 
accel/mem/RC_CG_HIER_INST226/RC_CGIC_INST                inferred      timing_model                 
accel/mem/RC_CG_HIER_INST227/RC_CGIC_INST                inferred      timing_model                 
accel/mem/RC_CG_HIER_INST228/RC_CGIC_INST                inferred      timing_model                 
accel/mem/RC_CG_HIER_INST229/RC_CGIC_INST                inferred      timing_model                 
accel/mem/RC_CG_HIER_INST230/RC_CGIC_INST                inferred      timing_model                 
accel/mem/RC_CG_HIER_INST231/RC_CGIC_INST                inferred      timing_model                 
accel/mem/RC_CG_HIER_INST232/RC_CGIC_INST                inferred      timing_model                 
accel/mem/RC_CG_HIER_INST233/RC_CGIC_INST                inferred      timing_model                 
accel/mem/RC_CG_HIER_INST234/RC_CGIC_INST                inferred      timing_model                 
accel/mem/RC_CG_HIER_INST235/RC_CGIC_INST                inferred      timing_model                 
accel/mem/RC_CG_HIER_INST236/RC_CGIC_INST                inferred      timing_model                 
accel/mem/RC_CG_HIER_INST237/RC_CGIC_INST                inferred      timing_model                 
accel/mem/RC_CG_HIER_INST238/RC_CGIC_INST                inferred      timing_model                 
accel/mem/RC_CG_HIER_INST239/RC_CGIC_INST                inferred      timing_model                 
accel/mem/RC_CG_HIER_INST240/RC_CGIC_INST                inferred      timing_model                 
accel/mem/RC_CG_HIER_INST241/RC_CGIC_INST                inferred      timing_model                 
accel/mem/RC_CG_HIER_INST242/RC_CGIC_INST                inferred      timing_model                 
accel/mem/RC_CG_HIER_INST243/RC_CGIC_INST                inferred      timing_model                 
accel/mem/RC_CG_HIER_INST244/RC_CGIC_INST                inferred      timing_model                 
accel/mem/RC_CG_HIER_INST245/RC_CGIC_INST                inferred      timing_model                 
accel/mem/RC_CG_HIER_INST246/RC_CGIC_INST                inferred      timing_model                 
accel/mem/RC_CG_HIER_INST247/RC_CGIC_INST                inferred      timing_model                 
accel/mem/RC_CG_HIER_INST248/RC_CGIC_INST                inferred      timing_model                 
accel/mem/RC_CG_HIER_INST249/RC_CGIC_INST                inferred      timing_model                 
accel/mem/RC_CG_HIER_INST250/RC_CGIC_INST                inferred      timing_model                 
accel/mem/RC_CG_HIER_INST251/RC_CGIC_INST                inferred      timing_model                 
accel/mem/RC_CG_HIER_INST252/RC_CGIC_INST                inferred      timing_model                 
accel/mem/RC_CG_HIER_INST253/RC_CGIC_INST                inferred      timing_model                 
accel/mem/RC_CG_HIER_INST254/RC_CGIC_INST                inferred      timing_model                 
accel/mem/RC_CG_HIER_INST255/RC_CGIC_INST                inferred      timing_model                 
accel/mem/RC_CG_HIER_INST256/RC_CGIC_INST                inferred      timing_model                 
accel/mem/RC_CG_HIER_INST257/RC_CGIC_INST                inferred      timing_model                 
accel/mem/RC_CG_HIER_INST258/RC_CGIC_INST                inferred      timing_model                 
accel/mem/RC_CG_HIER_INST259/RC_CGIC_INST                inferred      timing_model                 
accel/mem/RC_CG_HIER_INST260/RC_CGIC_INST                inferred      timing_model                 
accel/mem/RC_CG_HIER_INST261/RC_CGIC_INST                inferred      timing_model                 
accel/mem/RC_CG_HIER_INST262/RC_CGIC_INST                inferred      timing_model                 
accel/mem/RC_CG_HIER_INST263/RC_CGIC_INST                inferred      timing_model                 
accel/mem/RC_CG_HIER_INST264/RC_CGIC_INST                inferred      timing_model                 
accel/mem/RC_CG_HIER_INST265/RC_CGIC_INST                inferred      timing_model                 
accel/mem/RC_CG_HIER_INST266/RC_CGIC_INST                inferred      timing_model                 
accel/mem/RC_CG_HIER_INST267/RC_CGIC_INST                inferred      timing_model                 
accel/mem/RC_CG_HIER_INST268/RC_CGIC_INST                inferred      timing_model                 
accel/mem/RC_CG_HIER_INST269/RC_CGIC_INST                inferred      timing_model                 
accel/mem/RC_CG_HIER_INST270/RC_CGIC_INST                inferred      timing_model                 
accel/mem/RC_CG_HIER_INST271/RC_CGIC_INST                inferred      timing_model                 
accel/mem/RC_CG_HIER_INST272/RC_CGIC_INST                inferred      timing_model                 
accel/mem/RC_CG_HIER_INST273/RC_CGIC_INST                inferred      timing_model                 
accel/mem/RC_CG_HIER_INST274/RC_CGIC_INST                inferred      timing_model                 
accel/mem/RC_CG_HIER_INST275/RC_CGIC_INST                inferred      timing_model                 
accel/mem/RC_CG_HIER_INST276/RC_CGIC_INST                inferred      timing_model                 
accel/mem/RC_CG_HIER_INST277/RC_CGIC_INST                inferred      timing_model                 
accel/mem/RC_CG_HIER_INST278/RC_CGIC_INST                inferred      timing_model                 
accel/mem/RC_CG_HIER_INST279/RC_CGIC_INST                inferred      timing_model                 
accel/mem/RC_CG_HIER_INST280/RC_CGIC_INST                inferred      timing_model                 
accel/mem/RC_CG_HIER_INST281/RC_CGIC_INST                inferred      timing_model                 
accel/mem/RC_CG_HIER_INST282/RC_CGIC_INST                inferred      timing_model                 
accel/mem/RC_CG_HIER_INST283/RC_CGIC_INST                inferred      timing_model                 
accel/mem/RC_CG_HIER_INST284/RC_CGIC_INST                inferred      timing_model                 
accel/mem/RC_CG_HIER_INST285/RC_CGIC_INST                inferred      timing_model                 
accel/mem/RC_CG_HIER_INST286/RC_CGIC_INST                inferred      timing_model                 
accel/mem/RC_CG_HIER_INST287/RC_CGIC_INST                inferred      timing_model                 
accel/mem/RC_CG_HIER_INST288/RC_CGIC_INST                inferred      timing_model                 
accel/mem/RC_CG_HIER_INST289/RC_CGIC_INST                inferred      timing_model                 
accel/mem/RC_CG_HIER_INST290/RC_CGIC_INST                inferred      timing_model                 
accel/mem/RC_CG_HIER_INST291/RC_CGIC_INST                inferred      timing_model                 
accel/mem/RC_CG_HIER_INST292/RC_CGIC_INST                inferred      timing_model                 
accel/mem/RC_CG_HIER_INST293/RC_CGIC_INST                inferred      timing_model                 
accel/mem/RC_CG_HIER_INST294/RC_CGIC_INST                inferred      timing_model                 
accel/mem/RC_CG_HIER_INST295/RC_CGIC_INST                inferred      timing_model                 
accel/mem/RC_CG_HIER_INST296/RC_CGIC_INST                inferred      timing_model                 
accel/mem/RC_CG_HIER_INST297/RC_CGIC_INST                inferred      timing_model                 
accel/mem/RC_CG_HIER_INST298/RC_CGIC_INST                inferred      timing_model                 
accel/mem/RC_CG_HIER_INST299/RC_CGIC_INST                inferred      timing_model                 
accel/mem/RC_CG_HIER_INST300/RC_CGIC_INST                inferred      timing_model                 
accel/mem/RC_CG_HIER_INST301/RC_CGIC_INST                inferred      timing_model                 
accel/mem/RC_CG_HIER_INST302/RC_CGIC_INST                inferred      timing_model                 
accel/mem/RC_CG_HIER_INST303/RC_CGIC_INST                inferred      timing_model                 
accel/mem/RC_CG_HIER_INST304/RC_CGIC_INST                inferred      timing_model                 
accel/mem/RC_CG_HIER_INST305/RC_CGIC_INST                inferred      timing_model                 
accel/mem/RC_CG_HIER_INST306/RC_CGIC_INST                inferred      timing_model                 
accel/mem/RC_CG_HIER_INST307/RC_CGIC_INST                inferred      timing_model                 
accel/mem/RC_CG_HIER_INST308/RC_CGIC_INST                inferred      timing_model                 
accel/mem/RC_CG_HIER_INST309/RC_CGIC_INST                inferred      timing_model                 
accel/mem/RC_CG_HIER_INST310/RC_CGIC_INST                inferred      timing_model                 
accel/mem/RC_CG_HIER_INST311/RC_CGIC_INST                inferred      timing_model                 
accel/mem/RC_CG_HIER_INST312/RC_CGIC_INST                inferred      timing_model                 
accel/mem/RC_CG_HIER_INST313/RC_CGIC_INST                inferred      timing_model                 
accel/mem/RC_CG_HIER_INST314/RC_CGIC_INST                inferred      timing_model                 
accel/mem/RC_CG_HIER_INST315/RC_CGIC_INST                inferred      timing_model                 
accel/mem/RC_CG_HIER_INST316/RC_CGIC_INST                inferred      timing_model                 
accel/mem/RC_CG_HIER_INST317/RC_CGIC_INST                inferred      timing_model                 
accel/mem/RC_CG_HIER_INST318/RC_CGIC_INST                inferred      timing_model                 
accel/mem/RC_CG_HIER_INST319/RC_CGIC_INST                inferred      timing_model                 
accel/mem/RC_CG_HIER_INST320/RC_CGIC_INST                inferred      timing_model                 
accel/mem/RC_CG_HIER_INST321/RC_CGIC_INST                inferred      timing_model                 
accel/mem/RC_CG_HIER_INST322/RC_CGIC_INST                inferred      timing_model                 
accel/mem/RC_CG_HIER_INST323/RC_CGIC_INST                inferred      timing_model                 
accel/mem/RC_CG_HIER_INST324/RC_CGIC_INST                inferred      timing_model                 
accel/mem/RC_CG_HIER_INST325/RC_CGIC_INST                inferred      timing_model                 
accel/mem/RC_CG_HIER_INST326/RC_CGIC_INST                inferred      timing_model                 
accel/mem/RC_CG_HIER_INST327/RC_CGIC_INST                inferred      timing_model                 
accel/mem/RC_CG_HIER_INST328/RC_CGIC_INST                inferred      timing_model                 
accel/mem/RC_CG_HIER_INST329/RC_CGIC_INST                inferred      timing_model                 
accel/mem/RC_CG_HIER_INST330/RC_CGIC_INST                inferred      timing_model                 
accel/mem/RC_CG_HIER_INST331/RC_CGIC_INST                inferred      timing_model                 
accel/mem/RC_CG_HIER_INST332/RC_CGIC_INST                inferred      timing_model                 
accel/mem/RC_CG_HIER_INST333/RC_CGIC_INST                inferred      timing_model                 
accel/mem/RC_CG_HIER_INST334/RC_CGIC_INST                inferred      timing_model                 
accel/mem/RC_CG_HIER_INST335/RC_CGIC_INST                inferred      timing_model                 
accel/mem/RC_CG_HIER_INST336/RC_CGIC_INST                inferred      timing_model                 
accel/mem/RC_CG_HIER_INST337/RC_CGIC_INST                inferred      timing_model                 
accel/mem/RC_CG_HIER_INST338/RC_CGIC_INST                inferred      timing_model                 
accel/mem/RC_CG_HIER_INST339/RC_CGIC_INST                inferred      timing_model                 
accel/mem/RC_CG_HIER_INST340/RC_CGIC_INST                inferred      timing_model                 
accel/mem/RC_CG_HIER_INST341/RC_CGIC_INST                inferred      timing_model                 
accel/mem/RC_CG_HIER_INST342/RC_CGIC_INST                inferred      timing_model                 
accel/mem/RC_CG_HIER_INST343/RC_CGIC_INST                inferred      timing_model                 
accel/mem/RC_CG_HIER_INST344/RC_CGIC_INST                inferred      timing_model                 
accel/mem/RC_CG_HIER_INST345/RC_CGIC_INST                inferred      timing_model                 
accel/mem/RC_CG_HIER_INST346/RC_CGIC_INST                inferred      timing_model                 
accel/mem/RC_CG_HIER_INST347/RC_CGIC_INST                inferred      timing_model                 
accel/mem/RC_CG_HIER_INST348/RC_CGIC_INST                inferred      timing_model                 
accel/mem/RC_CG_HIER_INST349/RC_CGIC_INST                inferred      timing_model                 
accel/mem/RC_CG_HIER_INST350/RC_CGIC_INST                inferred      timing_model                 
accel/mem/RC_CG_HIER_INST351/RC_CGIC_INST                inferred      timing_model                 
accel/mem/RC_CG_HIER_INST352/RC_CGIC_INST                inferred      timing_model                 
accel/mem/RC_CG_HIER_INST353/RC_CGIC_INST                inferred      timing_model                 
accel/mem/RC_CG_HIER_INST354/RC_CGIC_INST                inferred      timing_model                 
accel/mem/RC_CG_HIER_INST355/RC_CGIC_INST                inferred      timing_model                 
accel/mem/RC_CG_HIER_INST356/RC_CGIC_INST                inferred      timing_model                 
accel/mem/RC_CG_HIER_INST357/RC_CGIC_INST                inferred      timing_model                 
accel/mem/RC_CG_HIER_INST358/RC_CGIC_INST                inferred      timing_model                 
accel/mem/RC_CG_HIER_INST359/RC_CGIC_INST                inferred      timing_model                 
accel/mem/RC_CG_HIER_INST360/RC_CGIC_INST                inferred      timing_model                 
accel/mem/RC_CG_HIER_INST361/RC_CGIC_INST                inferred      timing_model                 
accel/mem/RC_CG_HIER_INST362/RC_CGIC_INST                inferred      timing_model                 
accel/mem/RC_CG_HIER_INST363/RC_CGIC_INST                inferred      timing_model                 
accel/mem/RC_CG_HIER_INST364/RC_CGIC_INST                inferred      timing_model                 
accel/mem/RC_CG_HIER_INST365/RC_CGIC_INST                inferred      timing_model                 
accel/mem/RC_CG_HIER_INST366/RC_CGIC_INST                inferred      timing_model                 
accel/mem/RC_CG_HIER_INST367/RC_CGIC_INST                inferred      timing_model                 
accel/mem/RC_CG_HIER_INST368/RC_CGIC_INST                inferred      timing_model                 
accel/mem/RC_CG_HIER_INST369/RC_CGIC_INST                inferred      timing_model                 
accel/mem/RC_CG_HIER_INST370/RC_CGIC_INST                inferred      timing_model                 
accel/mem/RC_CG_HIER_INST371/RC_CGIC_INST                inferred      timing_model                 
accel/mem/RC_CG_HIER_INST372/RC_CGIC_INST                inferred      timing_model                 
accel/mem/RC_CG_HIER_INST373/RC_CGIC_INST                inferred      timing_model                 
accel/mem/RC_CG_HIER_INST374/RC_CGIC_INST                inferred      timing_model                 
accel/mem/RC_CG_HIER_INST375/RC_CGIC_INST                inferred      timing_model                 
accel/mem/RC_CG_HIER_INST376/RC_CGIC_INST                inferred      timing_model                 
accel/mem/RC_CG_HIER_INST377/RC_CGIC_INST                inferred      timing_model                 
accel/mem/RC_CG_HIER_INST378/RC_CGIC_INST                inferred      timing_model                 
accel/mem/RC_CG_HIER_INST379/RC_CGIC_INST                inferred      timing_model                 
accel/mem/RC_CG_HIER_INST380/RC_CGIC_INST                inferred      timing_model                 
accel/mem/RC_CG_HIER_INST381/RC_CGIC_INST                inferred      timing_model                 
accel/mem/RC_CG_HIER_INST382/RC_CGIC_INST                inferred      timing_model                 
accel/mem/RC_CG_HIER_INST383/RC_CGIC_INST                inferred      timing_model                 
accel/mem/RC_CG_HIER_INST384/RC_CGIC_INST                inferred      timing_model                 
accel/mem/RC_CG_HIER_INST385/RC_CGIC_INST                inferred      timing_model                 
accel/mem/RC_CG_HIER_INST386/RC_CGIC_INST                inferred      timing_model                 
accel/mem/RC_CG_HIER_INST387/RC_CGIC_INST                inferred      timing_model                 
accel/mem/RC_CG_HIER_INST388/RC_CGIC_INST                inferred      timing_model                 
accel/mem/RC_CG_HIER_INST389/RC_CGIC_INST                inferred      timing_model                 
accel/mem/RC_CG_HIER_INST390/RC_CGIC_INST                inferred      timing_model                 
accel/mem/RC_CG_HIER_INST391/RC_CGIC_INST                inferred      timing_model                 
accel/mem/RC_CG_HIER_INST392/RC_CGIC_INST                inferred      timing_model                 
accel/mem/RC_CG_HIER_INST393/RC_CGIC_INST                inferred      timing_model                 
accel/mem/RC_CG_HIER_INST394/RC_CGIC_INST                inferred      timing_model                 
accel/mem/RC_CG_HIER_INST395/RC_CGIC_INST                inferred      timing_model                 
accel/mem/RC_CG_HIER_INST396/RC_CGIC_INST                inferred      timing_model                 
accel/mem/RC_CG_HIER_INST397/RC_CGIC_INST                inferred      timing_model                 
accel/mem/RC_CG_HIER_INST398/RC_CGIC_INST                inferred      timing_model                 
accel/mem/RC_CG_HIER_INST399/RC_CGIC_INST                inferred      timing_model                 
accel/mem/RC_CG_HIER_INST400/RC_CGIC_INST                inferred      timing_model                 
accel/mem/RC_CG_HIER_INST401/RC_CGIC_INST                inferred      timing_model                 
accel/mem/RC_CG_HIER_INST402/RC_CGIC_INST                inferred      timing_model                 
accel/mem/RC_CG_HIER_INST403/RC_CGIC_INST                inferred      timing_model                 
accel/mem/RC_CG_HIER_INST404/RC_CGIC_INST                inferred      timing_model                 
accel/mem/RC_CG_HIER_INST405/RC_CGIC_INST                inferred      timing_model                 
accel/mem/RC_CG_HIER_INST406/RC_CGIC_INST                inferred      timing_model                 
accel/mem/RC_CG_HIER_INST407/RC_CGIC_INST                inferred      timing_model                 
soc/cpu/RC_CG_HIER_INST408/RC_CGIC_INST                  inferred      timing_model                 
soc/cpu/RC_CG_HIER_INST409/RC_CGIC_INST                  inferred      timing_model                 
soc/cpu/RC_CG_HIER_INST410/RC_CGIC_INST                  inferred      timing_model                 
soc/cpu/RC_CG_HIER_INST411/RC_CGIC_INST                  inferred      timing_model                 
soc/cpu/RC_CG_HIER_INST412/RC_CGIC_INST                  inferred      timing_model                 
soc/cpu/RC_CG_HIER_INST413/RC_CGIC_INST                  inferred      timing_model                 
soc/cpu/RC_CG_HIER_INST414/RC_CGIC_INST                  inferred      timing_model                 
soc/cpu/RC_CG_HIER_INST415/RC_CGIC_INST                  inferred      timing_model                 
soc/cpu/RC_CG_HIER_INST416/RC_CGIC_INST                  inferred      timing_model                 
soc/cpu/RC_CG_HIER_INST417/RC_CGIC_INST                  inferred      timing_model                 
soc/cpu/RC_CG_HIER_INST418/RC_CGIC_INST                  inferred      timing_model                 
soc/cpu/RC_CG_HIER_INST419/RC_CGIC_INST                  inferred      timing_model                 
soc/cpu/RC_CG_HIER_INST420/RC_CGIC_INST                  inferred      timing_model                 
soc/cpu/RC_CG_HIER_INST421/RC_CGIC_INST                  inferred      timing_model                 
soc/cpu/RC_CG_HIER_INST422/RC_CGIC_INST                  inferred      timing_model                 
soc/cpu/RC_CG_HIER_INST423/RC_CGIC_INST                  inferred      timing_model                 
soc/cpu/RC_CG_HIER_INST424/RC_CGIC_INST                  inferred      timing_model                 
soc/cpu/RC_CG_HIER_INST425/RC_CGIC_INST                  inferred      timing_model                 
soc/cpu/RC_CG_HIER_INST426/RC_CGIC_INST                  inferred      timing_model                 
soc/cpu/RC_CG_HIER_INST427/RC_CGIC_INST                  inferred      timing_model                 
soc/cpu/RC_CG_HIER_INST428/RC_CGIC_INST                  inferred      timing_model                 
soc/cpu/RC_CG_HIER_INST429/RC_CGIC_INST                  inferred      timing_model                 
soc/cpu/RC_CG_HIER_INST430/RC_CGIC_INST                  inferred      timing_model                 
soc/cpu/RC_CG_HIER_INST431/RC_CGIC_INST                  inferred      timing_model                 
soc/cpu/RC_CG_HIER_INST432/RC_CGIC_INST                  inferred      timing_model                 
soc/cpu/RC_CG_HIER_INST433/RC_CGIC_INST                  inferred      timing_model                 
soc/cpu/RC_CG_HIER_INST434/RC_CGIC_INST                  inferred      timing_model                 
soc/cpu/RC_CG_HIER_INST435/RC_CGIC_INST                  inferred      timing_model                 
soc/cpu/RC_CG_HIER_INST436/RC_CGIC_INST                  inferred      timing_model                 
soc/cpu/RC_CG_HIER_INST437/RC_CGIC_INST                  inferred      timing_model                 
soc/cpu/RC_CG_HIER_INST438/RC_CGIC_INST                  inferred      timing_model                 
soc/cpu/RC_CG_HIER_INST439/RC_CGIC_INST                  inferred      timing_model                 
soc/cpu/RC_CG_HIER_INST440/RC_CGIC_INST                  inferred      timing_model                 
soc/cpu/RC_CG_HIER_INST441/RC_CGIC_INST                  inferred      timing_model                 
soc/cpu/RC_CG_HIER_INST442/RC_CGIC_INST                  inferred      timing_model                 
soc/cpu/RC_CG_HIER_INST443/RC_CGIC_INST                  inferred      timing_model                 
soc/cpu/RC_CG_HIER_INST444/RC_CGIC_INST                  inferred      timing_model                 
soc/cpu/RC_CG_HIER_INST445/RC_CGIC_INST                  inferred      timing_model                 
soc/cpu/RC_CG_HIER_INST446/RC_CGIC_INST                  inferred      timing_model                 
soc/cpu/RC_CG_HIER_INST447/RC_CGIC_INST                  inferred      timing_model                 
soc/cpu/RC_CG_HIER_INST448/RC_CGIC_INST                  inferred      timing_model                 
soc/cpu/RC_CG_HIER_INST449/RC_CGIC_INST                  inferred      timing_model                 
soc/cpu/RC_CG_HIER_INST450/RC_CGIC_INST                  inferred      timing_model                 
soc/cpu/RC_CG_HIER_INST451/RC_CGIC_INST                  inferred      timing_model                 
soc/cpu/RC_CG_HIER_INST452/RC_CGIC_INST                  inferred      timing_model                 
soc/cpu/RC_CG_HIER_INST453/RC_CGIC_INST                  inferred      timing_model                 
soc/cpu/RC_CG_HIER_INST454/RC_CGIC_INST                  inferred      timing_model                 
soc/cpu/RC_CG_HIER_INST455/RC_CGIC_INST                  inferred      timing_model                 
soc/cpu/RC_CG_HIER_INST456/RC_CGIC_INST                  inferred      timing_model                 
soc/cpu/RC_CG_HIER_INST457/RC_CGIC_INST                  inferred      timing_model                 
soc/cpu/RC_CG_HIER_INST458/RC_CGIC_INST                  inferred      timing_model                 
soc/cpu/RC_CG_HIER_INST459/RC_CGIC_INST                  inferred      timing_model                 
soc/cpu/RC_CG_HIER_INST460/RC_CGIC_INST                  inferred      timing_model                 
soc/cpu/RC_CG_HIER_INST461/RC_CGIC_INST                  inferred      timing_model                 
soc/cpu/RC_CG_HIER_INST463/RC_CGIC_INST                  inferred      timing_model                 
soc/cpu/genblk1.pcpi_mul/RC_CG_HIER_INST464/RC_CGIC_INST inferred      timing_model                 
soc/cpu/genblk1.pcpi_mul/RC_CG_HIER_INST465/RC_CGIC_INST inferred      timing_model                 
soc/cpu/genblk1.pcpi_mul/RC_CG_HIER_INST466/RC_CGIC_INST inferred      timing_model                 
soc/cpu/genblk1.pcpi_mul/RC_CG_HIER_INST467/RC_CGIC_INST inferred      timing_model                 
soc/cpu/genblk1.pcpi_mul/RC_CG_HIER_INST468/RC_CGIC_INST inferred      timing_model                 
soc/cpu/genblk1.pcpi_mul/RC_CG_HIER_INST469/RC_CGIC_INST inferred      timing_model                 
soc/cpu/genblk1.pcpi_mul/RC_CG_HIER_INST470/RC_CGIC_INST inferred      timing_model                 
soc/cpu/genblk1.pcpi_mul/RC_CG_HIER_INST471/RC_CGIC_INST inferred      timing_model                 
soc/cpu/genblk1.pcpi_mul/RC_CG_HIER_INST472/RC_CGIC_INST inferred      timing_model                 
soc/cpu/genblk1.pcpi_mul/RC_CG_HIER_INST473/RC_CGIC_INST inferred      timing_model                 
soc/cpu/genblk1.pcpi_mul/RC_CG_HIER_INST474/RC_CGIC_INST inferred      timing_model                 
soc/cpu/genblk1.pcpi_mul/RC_CG_HIER_INST475/RC_CGIC_INST inferred      timing_model                 
soc/cpu/genblk1.pcpi_mul/RC_CG_HIER_INST476/RC_CGIC_INST inferred      timing_model                 
soc/cpu/genblk1.pcpi_mul/RC_CG_HIER_INST477/RC_CGIC_INST inferred      timing_model                 
soc/cpu/genblk1.pcpi_mul/RC_CG_HIER_INST478/RC_CGIC_INST inferred      timing_model                 
soc/cpu/genblk1.pcpi_mul/RC_CG_HIER_INST479/RC_CGIC_INST inferred      timing_model                 
soc/cpu/genblk1.pcpi_mul/RC_CG_HIER_INST480/RC_CGIC_INST inferred      timing_model                 
soc/cpu/genblk2.pcpi_div/RC_CG_HIER_INST481/RC_CGIC_INST inferred      timing_model                 
soc/cpu/genblk2.pcpi_div/RC_CG_HIER_INST482/RC_CGIC_INST inferred      timing_model                 
soc/cpu/genblk2.pcpi_div/RC_CG_HIER_INST483/RC_CGIC_INST inferred      timing_model                 
soc/memory/sram_0                                        instantiated  timing_model                 
soc/memory/sram_1                                        instantiated  timing_model                 
soc/memory/sram_2                                        instantiated  timing_model                 
soc/memory/sram_3                                        instantiated  timing_model                 
soc/simpleuart/RC_CG_HIER_INST485/RC_CGIC_INST           inferred      timing_model                 
soc/simpleuart/RC_CG_HIER_INST486/RC_CGIC_INST           inferred      timing_model                 
soc/simpleuart/RC_CG_HIER_INST487/RC_CGIC_INST           inferred      timing_model                 
soc/simpleuart/RC_CG_HIER_INST488/RC_CGIC_INST           inferred      timing_model                 
soc/simpleuart/RC_CG_HIER_INST489/RC_CGIC_INST           inferred      timing_model                 
soc/simpleuart/RC_CG_HIER_INST490/RC_CGIC_INST           inferred      timing_model                 
soc/simpleuart/RC_CG_HIER_INST491/RC_CGIC_INST           inferred      timing_model                 
soc/simpleuart/RC_CG_DECLONE_HIER_INST/RC_CGIC_INST      inferred      timing_model                 
soc/spimemio/RC_CG_HIER_INST493/RC_CGIC_INST             inferred      timing_model                 
soc/spimemio/RC_CG_HIER_INST494/RC_CGIC_INST             inferred      timing_model                 
soc/spimemio/RC_CG_HIER_INST495/RC_CGIC_INST             inferred      timing_model                 
soc/spimemio/RC_CG_HIER_INST496/RC_CGIC_INST             inferred      timing_model                 
soc/spimemio/RC_CG_HIER_INST497/RC_CGIC_INST             inferred      timing_model                 
soc/spimemio/RC_CG_HIER_INST498/RC_CGIC_INST             inferred      timing_model                 
soc/spimemio/RC_CG_HIER_INST499/RC_CGIC_INST             inferred      timing_model                 
soc/spimemio/RC_CG_HIER_INST500/RC_CGIC_INST             inferred      timing_model                 
soc/spimemio/RC_CG_HIER_INST501/RC_CGIC_INST             inferred      timing_model                 
soc/spimemio/RC_CG_HIER_INST502/RC_CGIC_INST             inferred      timing_model                 
soc/spimemio/xfer/RC_CG_HIER_INST503/RC_CGIC_INST        inferred      timing_model                 
soc/spimemio/xfer/RC_CG_HIER_INST504/RC_CGIC_INST        inferred      timing_model                 
soc/spimemio/xfer/RC_CG_HIER_INST505/RC_CGIC_INST        inferred      timing_model                 
soc/spimemio/xfer/RC_CG_HIER_INST506/RC_CGIC_INST        inferred      timing_model                 
soc/spimemio/xfer/RC_CG_HIER_INST507/RC_CGIC_INST        inferred      timing_model                 
