============================================================
  Generated by:           Genus(TM) Synthesis Solution 21.10-p002_1
  Generated on:           Apr 06 2026  11:58:46 am
  Module:                 et4351
  Technology libraries:   slow_vdd1v0 1.0
                          saed32sram_ss0p95vn40c 1.0000000
                          physical_cells 
  Operating conditions:   PVT_0P9V_125C 
  Interconnect mode:      global
  Area mode:              physical library
============================================================

path   1:

           Pin                 Type       Fanout Load Slew Delay Arrival   
                                                 (fF) (ps)  (ps)   (ps)    
---------------------------------------------------------------------------
(clock clk)                  launch                                41665 F 
soc
  spimemio
    xfer_io1_90_reg/CKN                                  0    +0   41665 F 
    xfer_io1_90_reg/Q        DFFNSRX1HVT       1  4.1  204  +404   42069 F 
    g8050/A0                                                  +0   42069   
    g8050/Y                  AO22X1HVT         1  4.1  212  +383   42452 F 
    g8019/B0                                                  +0   42452   
    g8019/Y                  AO21X2HVT         1  5.7  168  +345   42796 F 
  spimemio/flash_io1_do 
soc/flash_io1_do 
flash_bufs_1_/soc_o 
  g1/A                                                        +0   42796   
  g1/Y                       TBUFX12HVT        2 60.3  264  +335   43131 F 
flash_bufs_1_/soc_i 
drc_bufs/A                                                    +0   43131   
drc_bufs/Y                   BUFX2HVT          3  8.7  224  +326   43458 F 
soc/flash_io1_di 
  g3477/A                                                     +0   43458   
  g3477/Y                    AND2X1HVT         1  4.2  210  +280   43738 F 
  g3353/C                                                     +0   43738   
  g3353/Y                    OR3X4HVT          4 12.1  206  +438   44175 F 
  cpu/mem_rdata[1] 
    g85267/B                                                  +0   44175   
    g85267/Y                 NAND2X2HVT        1  4.1  124  +172   44348 R 
    g85201/A                                                  +0   44348   
    g85201/Y                 AND2X1HVT         1  4.1  140  +303   44650 R 
    g85073/B                                                  +0   44650   
    g85073/Y                 AND2X2HVT         3  8.9  178  +393   45043 R 
    g85033/B                                                  +0   45043   
    g85033/Y                 OR2X4HVT          6 16.2  153  +295   45339 R 
    g87654/AN                                                 +0   45339   
    g87654/Y                 NOR2BX2HVT        1  4.1  184  +303   45641 R 
    g84971/B                                                  +0   45641   
    g84971/Y                 OR2X1HVT          1  4.1  134  +256   45897 R 
    g84915/C                                                  +0   45897   
    g84915/Y                 AND3X2HVT         3  9.5  220  +545   46442 R 
    g84902/A                                                  +0   46442   
    g84902/Y                 CLKINVX4HVT       6 16.1  248  +251   46693 F 
    g84877/B                                                  +0   46693   
    g84877/Y                 OR2X4HVT          6 15.7  228  +395   47088 F 
    g84857/B                                                  +0   47088   
    g84857/Y                 OR2X6HVT         10 23.9  233  +364   47452 F 
    g84842/B                                                  +0   47452   
    g84842/Y                 OR2X4HVT          5 13.7  205  +374   47826 F 
    g99298/A                                                  +0   47826   
    g99298/Y                 INVX1HVT          1  4.1  162  +210   48037 R 
    g97809/C                                                  +0   48037   
    g97809/Y                 AND3X2HVT         2  6.2  173  +533   48570 R 
    g93743/C                                                  +0   48570   
    g93743/Y                 OR3X1HVT          1  4.2  139  +262   48832 R 
    g93541/C                                                  +0   48832   
    g93541/Y                 OR3X4HVT          4 11.4  120  +260   49092 R 
    g93506/A                                                  +0   49092   
    g93506/Y                 INVX4HVT          6 15.3  219  +186   49278 F 
    g93439/B                                                  +0   49278   
    g93439/Y                 NAND2X2HVT        1  4.1  115  +180   49458 R 
    g105988/B0                                                +0   49458   
    g105988/Y                OA21X1HVT         1  4.1  142  +329   49787 R 
    g93351/B0                                                 +0   49787   
    g93351/Y                 OA21X1HVT         1  5.2  174  +362   50149 R 
    g93275/B                                                  +0   50149   
    g93275/Y                 NAND2X4HVT        1  4.1  189  +209   50358 F 
    g93247/B                                                  +0   50358   
    g93247/Y                 OR2X1HVT          1  4.1  209  +300   50658 F 
    mem_rdata_q_reg_28_/D    DFFHQX4HVT                       +0   50658   
    mem_rdata_q_reg_28_/CK   setup                       0  +179   50837 R 
- - - - - - - - - - - - - - - - - - - - - - - - - - - - - - - - - - - - - -
(clock clk)                  capture                               83330 R 
                             uncertainty                    -250   83080 R 
---------------------------------------------------------------------------
Cost Group   : 'clk' (path_group 'clk')
Timing slack :   32243ps 
Start-point  : soc/spimemio/xfer_io1_90_reg/CKN
End-point    : soc/cpu/mem_rdata_q_reg_28_/D

path   2:

           Pin                 Type       Fanout Load Slew Delay Arrival   
                                                 (fF) (ps)  (ps)   (ps)    
---------------------------------------------------------------------------
(clock clk)                  launch                                41665 F 
soc
  spimemio
    xfer_io0_90_reg/CKN                                  0    +0   41665 F 
    xfer_io0_90_reg/Q        DFFNSRX1HVT       1  4.1  204  +404   42069 F 
    g8049/A0                                                  +0   42069   
    g8049/Y                  AO22X1HVT         1  4.1  212  +383   42452 F 
    g8013/B0                                                  +0   42452   
    g8013/Y                  AO21X2HVT         1  5.7  168  +345   42796 F 
  spimemio/flash_io0_do 
soc/flash_io0_do 
flash_bufs_0_/soc_o 
  g1/A                                                        +0   42796   
  g1/Y                       TBUFX12HVT        3 63.4  277  +342   43138 F 
flash_bufs_0_/soc_i 
soc/flash_io0_di 
  g3479/A                                                     +0   43138   
  g3479/Y                    AND2X1HVT         1  4.2  210  +308   43446 F 
  g3354/C                                                     +0   43446   
  g3354/Y                    OR3X4HVT          4 12.2  207  +438   43884 F 
  cpu/mem_rdata[0] 
    g85261/B                                                  +0   43884   
    g85261/Y                 NAND2X2HVT        1  4.1  124  +173   44057 R 
    g85199/A                                                  +0   44057   
    g85199/Y                 AND2X1HVT         1  4.1  140  +303   44360 R 
    g85072/B                                                  +0   44360   
    g85072/Y                 AND2X2HVT         3  9.6  188  +399   44759 R 
    g85033/A                                                  +0   44759   
    g85033/Y                 OR2X4HVT          6 16.2  153  +315   45074 R 
    g87654/AN                                                 +0   45074   
    g87654/Y                 NOR2BX2HVT        1  4.1  184  +303   45377 R 
    g84971/B                                                  +0   45377   
    g84971/Y                 OR2X1HVT          1  4.1  134  +256   45632 R 
    g84915/C                                                  +0   45632   
    g84915/Y                 AND3X2HVT         3  9.5  220  +545   46177 R 
    g84902/A                                                  +0   46177   
    g84902/Y                 CLKINVX4HVT       6 16.1  248  +251   46428 F 
    g84877/B                                                  +0   46428   
    g84877/Y                 OR2X4HVT          6 15.7  228  +395   46823 F 
    g84857/B                                                  +0   46823   
    g84857/Y                 OR2X6HVT         10 23.9  233  +364   47187 F 
    g84842/B                                                  +0   47187   
    g84842/Y                 OR2X4HVT          5 13.7  205  +374   47562 F 
    g99298/A                                                  +0   47562   
    g99298/Y                 INVX1HVT          1  4.1  162  +210   47772 R 
    g97809/C                                                  +0   47772   
    g97809/Y                 AND3X2HVT         2  6.2  173  +533   48305 R 
    g93743/C                                                  +0   48305   
    g93743/Y                 OR3X1HVT          1  4.2  139  +262   48568 R 
    g93541/C                                                  +0   48568   
    g93541/Y                 OR3X4HVT          4 11.4  120  +260   48828 R 
    g93506/A                                                  +0   48828   
    g93506/Y                 INVX4HVT          6 15.3  219  +186   49013 F 
    g93439/B                                                  +0   49013   
    g93439/Y                 NAND2X2HVT        1  4.1  115  +180   49194 R 
    g105988/B0                                                +0   49194   
    g105988/Y                OA21X1HVT         1  4.1  142  +329   49522 R 
    g93351/B0                                                 +0   49522   
    g93351/Y                 OA21X1HVT         1  5.2  174  +362   49885 R 
    g93275/B                                                  +0   49885   
    g93275/Y                 NAND2X4HVT        1  4.1  189  +209   50093 F 
    g93247/B                                                  +0   50093   
    g93247/Y                 OR2X1HVT          1  4.1  209  +300   50393 F 
    mem_rdata_q_reg_28_/D    DFFHQX4HVT                       +0   50393   
    mem_rdata_q_reg_28_/CK   setup                       0  +179   50572 R 
- - - - - - - - - - - - - - - - - - - - - - - - - - - - - - - - - - - - - -
(clock clk)                  capture                               83330 R 
                             uncertainty                    -250   83080 R 
---------------------------------------------------------------------------
Cost Group   : 'clk' (path_group 'clk')
Timing slack :   32508ps 
Start-point  : soc/spimemio/xfer_io0_90_reg/CKN
End-point    : soc/cpu/mem_rdata_q_reg_28_/D

path   3:

          Pin                  Type       Fanout Load Slew Delay Arrival   
                                                 (fF) (ps)  (ps)   (ps)    
---------------------------------------------------------------------------
(clock clk)                 launch                                 41665 F 
soc
  spimemio
    xfer_io2_90_reg/CKN                                  0    +0   41665 F 
    xfer_io2_90_reg/Q       DFFNSRX1HVT        1  4.1  204  +404   42069 F 
    g8045/A0                                                  +0   42069   
    g8045/Y                 AO22X1HVT          1  4.1  212  +383   42452 F 
    g8020/B0                                                  +0   42452   
    g8020/Y                 AO21X2HVT          1  5.7  168  +345   42796 F 
  spimemio/flash_io2_do 
soc/flash_io2_do 
flash_bufs_2_/soc_o 
  g1/A                                                        +0   42796   
  g1/Y                      TBUFX12HVT         2 60.3  264  +335   43131 F 
flash_bufs_2_/soc_i 
drc_bufs10/A                                                  +0   43131   
drc_bufs10/Y                BUFX2HVT           2  8.1  211  +319   43450 F 
soc/flash_io2_di 
  g3674/A1                                                    +0   43450   
  g3674/Y                   AOI22X4HVT         1  5.2  167  +234   43684 R 
  g3683/B0                                                    +0   43684   
  g3683/Y                   OAI2BB1X4HVT       1  4.1  188  +236   43920 F 
  g3682/B0                                                    +0   43920   
  g3682/Y                   AO21X1HVT          1  4.1  210  +313   44232 F 
  g3356/B                                                     +0   44232   
  g3356/Y                   OR2X2HVT           3  9.2  245  +373   44606 F 
  cpu/mem_rdata[2] 
    g85174/B1                                                 +0   44606   
    g85174/Y                AO22X1HVT          1  4.5  230  +370   44975 F 
    g85058/D                                                  +0   44975   
    g85058/Y                OR4X6HVT           9 21.7  253  +512   45487 F 
    g99242/A                                                  +0   45487   
    g99242/Y                NOR2X2HVT          2  6.6  262  +307   45794 R 
    g98178/B                                                  +0   45794   
    g98178/Y                AND2X2HVT          3  9.3  185  +469   46263 R 
    g103771/B                                                 +0   46263   
    g103771/Y               NAND2BX4HVT        2  6.1  246  +246   46509 F 
    g96248/AN                                                 +0   46509   
    g96248/Y                NAND2BX2HVT        1  4.1  279  +373   46883 F 
    g95957/B                                                  +0   46883   
    g95957/Y                OR2X1HVT           1  4.5  227  +354   47237 F 
    g93935/C                                                  +0   47237   
    g93935/Y                NOR3X2HVT          1  4.1  274  +285   47522 R 
    g105996/AN                                                +0   47522   
    g105996/Y               NOR3BX2HVT         1  4.1  271  +464   47986 R 
    g105989/B                                                 +0   47986   
    g105989/Y               AND3X2HVT          4 10.4  233  +678   48664 R 
    g93438/A                                                  +0   48664   
    g93438/Y                INVX1HVT           1  4.1  240  +285   48949 F 
    g93396/B                                                  +0   48949   
    g93396/Y                AND2X2HVT          3  9.2  237  +329   49277 F 
    g93308/B                                                  +0   49277   
    g93308/Y                NAND2X4HVT         1  4.1   86  +161   49438 R 
    g93294/B0                                                 +0   49438   
    g93294/Y                OA21X1HVT          1  5.2  174  +329   49767 R 
    g93244/B                                                  +0   49767   
    g93244/Y                NAND2X4HVT         1  4.1  189  +209   49976 F 
    g93225/B                                                  +0   49976   
    g93225/Y                OR2X1HVT           1  4.1  209  +300   50276 F 
    decoded_rs1_reg_3_/D    DFFQX4HVT                         +0   50276   
    decoded_rs1_reg_3_/CK   setup                        0  +196   50472 R 
- - - - - - - - - - - - - - - - - - - - - - - - - - - - - - - - - - - - - -
(clock clk)                 capture                                83330 R 
                            uncertainty                     -250   83080 R 
---------------------------------------------------------------------------
Cost Group   : 'clk' (path_group 'clk')
Timing slack :   32608ps 
Start-point  : soc/spimemio/xfer_io2_90_reg/CKN
End-point    : soc/cpu/decoded_rs1_reg_3_/D

path   4:

         Pin                 Type       Fanout Load Slew Delay Arrival   
                                               (fF) (ps)  (ps)   (ps)    
-------------------------------------------------------------------------
(clock clk)               launch                                 41665 F 
soc
  spimemio
    xfer_io1_90_reg/CKN                                0    +0   41665 F 
    xfer_io1_90_reg/Q     DFFNSRX1HVT        1  4.1  204  +404   42069 F 
    g8050/A0                                                +0   42069   
    g8050/Y               AO22X1HVT          1  4.1  212  +383   42452 F 
    g8019/B0                                                +0   42452   
    g8019/Y               AO21X2HVT          1  5.7  168  +345   42796 F 
  spimemio/flash_io1_do 
soc/flash_io1_do 
flash_bufs_1_/soc_o 
  g1/A                                                      +0   42796   
  g1/Y                    TBUFX12HVT         2 60.3  264  +335   43131 F 
flash_bufs_1_/soc_i 
drc_bufs/A                                                  +0   43131   
drc_bufs/Y                BUFX2HVT           3  8.7  224  +326   43458 F 
soc/flash_io1_di 
  g3477/A                                                   +0   43458   
  g3477/Y                 AND2X1HVT          1  4.2  210  +280   43738 F 
  g3353/C                                                   +0   43738   
  g3353/Y                 OR3X4HVT           4 12.1  206  +438   44175 F 
  cpu/mem_rdata[1] 
    g85267/B                                                +0   44175   
    g85267/Y              NAND2X2HVT         1  4.1  124  +172   44348 R 
    g85201/A                                                +0   44348   
    g85201/Y              AND2X1HVT          1  4.1  140  +303   44650 R 
    g85073/B                                                +0   44650   
    g85073/Y              AND2X2HVT          3  8.9  178  +393   45043 R 
    g85033/B                                                +0   45043   
    g85033/Y              OR2X4HVT           6 16.2  153  +295   45339 R 
    g87654/AN                                               +0   45339   
    g87654/Y              NOR2BX2HVT         1  4.1  184  +303   45641 R 
    g84971/B                                                +0   45641   
    g84971/Y              OR2X1HVT           1  4.1  134  +256   45897 R 
    g84915/C                                                +0   45897   
    g84915/Y              AND3X2HVT          3  9.5  220  +545   46442 R 
    g84902/A                                                +0   46442   
    g84902/Y              CLKINVX4HVT        6 16.1  248  +251   46693 F 
    g84876/C                                                +0   46693   
    g84876/Y              OR3X8HVT           8 26.7  235  +469   47162 F 
    g98529/B                                                +0   47162   
    g98529/Y              OR2X2HVT           3  9.9  261  +395   47557 F 
    g98188/A                                                +0   47557   
    g98188/Y              INVX1HVT           1  4.2  175  +250   47807 R 
    g97621/B                                                +0   47807   
    g97621/Y              AND2X4HVT          7 21.8  220  +430   48237 R 
    g96245/B                                                +0   48237   
    g96245/Y              NAND2X2HVT         1  4.1  287  +300   48537 F 
    g96030/B                                                +0   48537   
    g96030/Y              AND2X1HVT          1  4.1  205  +319   48856 F 
    g93933/C                                                +0   48856   
    g93933/Y              AND3X1HVT          1  4.1  206  +277   49134 F 
    g93568/D                                                +0   49134   
    g93568/Y              AND4X1HVT          1  5.1  252  +311   49445 F 
    g106570/B0                                              +0   49445   
    g106570/Y             OAI2BB1X4HVT       1  4.1   96  +175   49620 R 
    g106569/B0                                              +0   49620   
    g106569/Y             AO21X1HVT          1  4.1  144  +221   49840 R 
    g105965/A1                                              +0   49840   
    g105965/Y             OA21X1HVT          1  4.1  143  +349   50189 R 
    reg_out_reg_14_/D     DFFQX2HVT                         +0   50189   
    reg_out_reg_14_/CK    setup                        0  +282   50471 R 
- - - - - - - - - - - - - - - - - - - - - - - - - - - - - - - - - - - - -
(clock clk)               capture                                83330 R 
                          uncertainty                     -250   83080 R 
-------------------------------------------------------------------------
Cost Group   : 'clk' (path_group 'clk')
Timing slack :   32609ps 
Start-point  : soc/spimemio/xfer_io1_90_reg/CKN
End-point    : soc/cpu/reg_out_reg_14_/D

path   5:

         Pin                 Type       Fanout Load Slew Delay Arrival   
                                               (fF) (ps)  (ps)   (ps)    
-------------------------------------------------------------------------
(clock clk)               launch                                 41665 F 
soc
  spimemio
    xfer_io1_90_reg/CKN                                0    +0   41665 F 
    xfer_io1_90_reg/Q     DFFNSRX1HVT        1  4.1  204  +404   42069 F 
    g8050/A0                                                +0   42069   
    g8050/Y               AO22X1HVT          1  4.1  212  +383   42452 F 
    g8019/B0                                                +0   42452   
    g8019/Y               AO21X2HVT          1  5.7  168  +345   42796 F 
  spimemio/flash_io1_do 
soc/flash_io1_do 
flash_bufs_1_/soc_o 
  g1/A                                                      +0   42796   
  g1/Y                    TBUFX12HVT         2 60.3  264  +335   43131 F 
flash_bufs_1_/soc_i 
drc_bufs/A                                                  +0   43131   
drc_bufs/Y                BUFX2HVT           3  8.7  224  +326   43458 F 
soc/flash_io1_di 
  g3477/A                                                   +0   43458   
  g3477/Y                 AND2X1HVT          1  4.2  210  +280   43738 F 
  g3353/C                                                   +0   43738   
  g3353/Y                 OR3X4HVT           4 12.1  206  +438   44175 F 
  cpu/mem_rdata[1] 
    g85267/B                                                +0   44175   
    g85267/Y              NAND2X2HVT         1  4.1  124  +172   44348 R 
    g85201/A                                                +0   44348   
    g85201/Y              AND2X1HVT          1  4.1  140  +303   44650 R 
    g85073/B                                                +0   44650   
    g85073/Y              AND2X2HVT          3  8.9  178  +393   45043 R 
    g85033/B                                                +0   45043   
    g85033/Y              OR2X4HVT           6 16.2  153  +295   45339 R 
    g87654/AN                                               +0   45339   
    g87654/Y              NOR2BX2HVT         1  4.1  184  +303   45641 R 
    g84971/B                                                +0   45641   
    g84971/Y              OR2X1HVT           1  4.1  134  +256   45897 R 
    g84915/C                                                +0   45897   
    g84915/Y              AND3X2HVT          3  9.5  220  +545   46442 R 
    g84902/A                                                +0   46442   
    g84902/Y              CLKINVX4HVT        6 16.1  248  +251   46693 F 
    g84876/C                                                +0   46693   
    g84876/Y              OR3X8HVT           8 26.7  235  +469   47162 F 
    g98529/B                                                +0   47162   
    g98529/Y              OR2X2HVT           3  9.9  261  +395   47557 F 
    g98188/A                                                +0   47557   
    g98188/Y              INVX1HVT           1  4.2  175  +250   47807 R 
    g97621/B                                                +0   47807   
    g97621/Y              AND2X4HVT          7 21.8  220  +430   48237 R 
    g96241/B                                                +0   48237   
    g96241/Y              NAND2X2HVT         1  4.1  287  +300   48537 F 
    g96027/B                                                +0   48537   
    g96027/Y              AND2X1HVT          1  4.1  205  +319   48856 F 
    g93874/C                                                +0   48856   
    g93874/Y              AND3X1HVT          1  4.1  206  +277   49134 F 
    g93565/D                                                +0   49134   
    g93565/Y              AND4X1HVT          1  5.1  252  +311   49445 F 
    g106572/B0                                              +0   49445   
    g106572/Y             OAI2BB1X4HVT       1  4.1   96  +175   49620 R 
    g106571/B0                                              +0   49620   
    g106571/Y             AO21X1HVT          1  4.1  144  +221   49840 R 
    g105961/A1                                              +0   49840   
    g105961/Y             OA21X1HVT          1  4.1  143  +349   50189 R 
    reg_out_reg_11_/D     DFFQX2HVT                         +0   50189   
    reg_out_reg_11_/CK    setup                        0  +282   50471 R 
- - - - - - - - - - - - - - - - - - - - - - - - - - - - - - - - - - - - -
(clock clk)               capture                                83330 R 
                          uncertainty                     -250   83080 R 
-------------------------------------------------------------------------
Cost Group   : 'clk' (path_group 'clk')
Timing slack :   32609ps 
Start-point  : soc/spimemio/xfer_io1_90_reg/CKN
End-point    : soc/cpu/reg_out_reg_11_/D

path   6:

         Pin                 Type       Fanout Load Slew Delay Arrival   
                                               (fF) (ps)  (ps)   (ps)    
-------------------------------------------------------------------------
(clock clk)               launch                                 41665 F 
soc
  spimemio
    xfer_io1_90_reg/CKN                                0    +0   41665 F 
    xfer_io1_90_reg/Q     DFFNSRX1HVT        1  4.1  204  +404   42069 F 
    g8050/A0                                                +0   42069   
    g8050/Y               AO22X1HVT          1  4.1  212  +383   42452 F 
    g8019/B0                                                +0   42452   
    g8019/Y               AO21X2HVT          1  5.7  168  +345   42796 F 
  spimemio/flash_io1_do 
soc/flash_io1_do 
flash_bufs_1_/soc_o 
  g1/A                                                      +0   42796   
  g1/Y                    TBUFX12HVT         2 60.3  264  +335   43131 F 
flash_bufs_1_/soc_i 
drc_bufs/A                                                  +0   43131   
drc_bufs/Y                BUFX2HVT           3  8.7  224  +326   43458 F 
soc/flash_io1_di 
  g3477/A                                                   +0   43458   
  g3477/Y                 AND2X1HVT          1  4.2  210  +280   43738 F 
  g3353/C                                                   +0   43738   
  g3353/Y                 OR3X4HVT           4 12.1  206  +438   44175 F 
  cpu/mem_rdata[1] 
    g85267/B                                                +0   44175   
    g85267/Y              NAND2X2HVT         1  4.1  124  +172   44348 R 
    g85201/A                                                +0   44348   
    g85201/Y              AND2X1HVT          1  4.1  140  +303   44650 R 
    g85073/B                                                +0   44650   
    g85073/Y              AND2X2HVT          3  8.9  178  +393   45043 R 
    g85033/B                                                +0   45043   
    g85033/Y              OR2X4HVT           6 16.2  153  +295   45339 R 
    g87654/AN                                               +0   45339   
    g87654/Y              NOR2BX2HVT         1  4.1  184  +303   45641 R 
    g84971/B                                                +0   45641   
    g84971/Y              OR2X1HVT           1  4.1  134  +256   45897 R 
    g84915/C                                                +0   45897   
    g84915/Y              AND3X2HVT          3  9.5  220  +545   46442 R 
    g84902/A                                                +0   46442   
    g84902/Y              CLKINVX4HVT        6 16.1  248  +251   46693 F 
    g84876/C                                                +0   46693   
    g84876/Y              OR3X8HVT           8 26.7  235  +469   47162 F 
    g99316/A                                                +0   47162   
    g99316/Y              INVX3HVT           4 10.4  149  +202   47364 R 
    g98537/C                                                +0   47364   
    g98537/Y              AND3X1HVT          1  4.6  167  +445   47809 R 
    drc_bufs100414/A                                        +0   47809   
    drc_bufs100414/Y      INVX2HVT           1  7.6  223  +222   48031 F 
    drc_bufs100412/A                                        +0   48032   
    drc_bufs100412/Y      CLKINVX12HVT      16 43.8  152  +189   48221 R 
    g97474/B                                                +0   48221   
    g97474/Y              NAND2X2HVT         1  4.1  280  +259   48480 F 
    g97332/A                                                +0   48480   
    g97332/Y              AND2X1HVT          1  4.1  205  +307   48787 F 
    g93913/D                                                +0   48787   
    g93913/Y              AND4X1HVT          1  4.1  208  +287   49074 F 
    g93612/C                                                +0   49074   
    g93612/Y              AND3X1HVT          1  5.1  251  +303   49376 F 
    g106578/B0                                              +0   49376   
    g106578/Y             OAI2BB1X4HVT       1  4.1   96  +174   49550 R 
    g106577/B0                                              +0   49550   
    g106577/Y             AO21X1HVT          1  4.1  144  +221   49772 R 
    g105979/A1                                              +0   49772   
    g105979/Y             OA21X1HVT          1  4.1  143  +349   50120 R 
    reg_out_reg_25_/D     DFFQX2HVT                         +0   50120   
    reg_out_reg_25_/CK    setup                        0  +282   50402 R 
- - - - - - - - - - - - - - - - - - - - - - - - - - - - - - - - - - - - -
(clock clk)               capture                                83330 R 
                          uncertainty                     -250   83080 R 
-------------------------------------------------------------------------
Cost Group   : 'clk' (path_group 'clk')
Timing slack :   32678ps 
Start-point  : soc/spimemio/xfer_io1_90_reg/CKN
End-point    : soc/cpu/reg_out_reg_25_/D

path   7:

         Pin                 Type       Fanout Load Slew Delay Arrival   
                                               (fF) (ps)  (ps)   (ps)    
-------------------------------------------------------------------------
(clock clk)               launch                                 41665 F 
soc
  spimemio
    xfer_io1_90_reg/CKN                                0    +0   41665 F 
    xfer_io1_90_reg/Q     DFFNSRX1HVT        1  4.1  204  +404   42069 F 
    g8050/A0                                                +0   42069   
    g8050/Y               AO22X1HVT          1  4.1  212  +383   42452 F 
    g8019/B0                                                +0   42452   
    g8019/Y               AO21X2HVT          1  5.7  168  +345   42796 F 
  spimemio/flash_io1_do 
soc/flash_io1_do 
flash_bufs_1_/soc_o 
  g1/A                                                      +0   42796   
  g1/Y                    TBUFX12HVT         2 60.3  264  +335   43131 F 
flash_bufs_1_/soc_i 
drc_bufs/A                                                  +0   43131   
drc_bufs/Y                BUFX2HVT           3  8.7  224  +326   43458 F 
soc/flash_io1_di 
  g3477/A                                                   +0   43458   
  g3477/Y                 AND2X1HVT          1  4.2  210  +280   43738 F 
  g3353/C                                                   +0   43738   
  g3353/Y                 OR3X4HVT           4 12.1  206  +438   44175 F 
  cpu/mem_rdata[1] 
    g85267/B                                                +0   44175   
    g85267/Y              NAND2X2HVT         1  4.1  124  +172   44348 R 
    g85201/A                                                +0   44348   
    g85201/Y              AND2X1HVT          1  4.1  140  +303   44650 R 
    g85073/B                                                +0   44650   
    g85073/Y              AND2X2HVT          3  8.9  178  +393   45043 R 
    g85033/B                                                +0   45043   
    g85033/Y              OR2X4HVT           6 16.2  153  +295   45339 R 
    g87654/AN                                               +0   45339   
    g87654/Y              NOR2BX2HVT         1  4.1  184  +303   45641 R 
    g84971/B                                                +0   45641   
    g84971/Y              OR2X1HVT           1  4.1  134  +256   45897 R 
    g84915/C                                                +0   45897   
    g84915/Y              AND3X2HVT          3  9.5  220  +545   46442 R 
    g84902/A                                                +0   46442   
    g84902/Y              CLKINVX4HVT        6 16.1  248  +251   46693 F 
    g84876/C                                                +0   46693   
    g84876/Y              OR3X8HVT           8 26.7  235  +469   47162 F 
    g99316/A                                                +0   47162   
    g99316/Y              INVX3HVT           4 10.4  149  +202   47364 R 
    g98537/C                                                +0   47364   
    g98537/Y              AND3X1HVT          1  4.6  167  +445   47809 R 
    drc_bufs100414/A                                        +0   47809   
    drc_bufs100414/Y      INVX2HVT           1  7.6  223  +222   48031 F 
    drc_bufs100412/A                                        +0   48032   
    drc_bufs100412/Y      CLKINVX12HVT      16 43.8  152  +189   48221 R 
    g97472/B                                                +0   48221   
    g97472/Y              NAND2X2HVT         1  4.1  280  +259   48480 F 
    g97330/A                                                +0   48480   
    g97330/Y              AND2X1HVT          1  4.1  205  +307   48787 F 
    g93920/D                                                +0   48787   
    g93920/Y              AND4X1HVT          1  4.1  208  +287   49074 F 
    g93610/C                                                +0   49074   
    g93610/Y              AND3X1HVT          1  5.1  251  +303   49376 F 
    g106582/B0                                              +0   49376   
    g106582/Y             OAI2BB1X4HVT       1  4.1   96  +174   49550 R 
    g106581/B0                                              +0   49550   
    g106581/Y             AO21X1HVT          1  4.1  144  +221   49772 R 
    g105967/A1                                              +0   49772   
    g105967/Y             OA21X1HVT          1  4.1  143  +349   50120 R 
    reg_out_reg_23_/D     DFFQX2HVT                         +0   50120   
    reg_out_reg_23_/CK    setup                        0  +282   50402 R 
- - - - - - - - - - - - - - - - - - - - - - - - - - - - - - - - - - - - -
(clock clk)               capture                                83330 R 
                          uncertainty                     -250   83080 R 
-------------------------------------------------------------------------
Cost Group   : 'clk' (path_group 'clk')
Timing slack :   32678ps 
Start-point  : soc/spimemio/xfer_io1_90_reg/CKN
End-point    : soc/cpu/reg_out_reg_23_/D

path   8:

         Pin                 Type       Fanout Load Slew Delay Arrival   
                                               (fF) (ps)  (ps)   (ps)    
-------------------------------------------------------------------------
(clock clk)               launch                                 41665 F 
soc
  spimemio
    xfer_io1_90_reg/CKN                                0    +0   41665 F 
    xfer_io1_90_reg/Q     DFFNSRX1HVT        1  4.1  204  +404   42069 F 
    g8050/A0                                                +0   42069   
    g8050/Y               AO22X1HVT          1  4.1  212  +383   42452 F 
    g8019/B0                                                +0   42452   
    g8019/Y               AO21X2HVT          1  5.7  168  +345   42796 F 
  spimemio/flash_io1_do 
soc/flash_io1_do 
flash_bufs_1_/soc_o 
  g1/A                                                      +0   42796   
  g1/Y                    TBUFX12HVT         2 60.3  264  +335   43131 F 
flash_bufs_1_/soc_i 
drc_bufs/A                                                  +0   43131   
drc_bufs/Y                BUFX2HVT           3  8.7  224  +326   43458 F 
soc/flash_io1_di 
  g3477/A                                                   +0   43458   
  g3477/Y                 AND2X1HVT          1  4.2  210  +280   43738 F 
  g3353/C                                                   +0   43738   
  g3353/Y                 OR3X4HVT           4 12.1  206  +438   44175 F 
  cpu/mem_rdata[1] 
    g85267/B                                                +0   44175   
    g85267/Y              NAND2X2HVT         1  4.1  124  +172   44348 R 
    g85201/A                                                +0   44348   
    g85201/Y              AND2X1HVT          1  4.1  140  +303   44650 R 
    g85073/B                                                +0   44650   
    g85073/Y              AND2X2HVT          3  8.9  178  +393   45043 R 
    g85033/B                                                +0   45043   
    g85033/Y              OR2X4HVT           6 16.2  153  +295   45339 R 
    g87654/AN                                               +0   45339   
    g87654/Y              NOR2BX2HVT         1  4.1  184  +303   45641 R 
    g84971/B                                                +0   45641   
    g84971/Y              OR2X1HVT           1  4.1  134  +256   45897 R 
    g84915/C                                                +0   45897   
    g84915/Y              AND3X2HVT          3  9.5  220  +545   46442 R 
    g84902/A                                                +0   46442   
    g84902/Y              CLKINVX4HVT        6 16.1  248  +251   46693 F 
    g84876/C                                                +0   46693   
    g84876/Y              OR3X8HVT           8 26.7  235  +469   47162 F 
    g99316/A                                                +0   47162   
    g99316/Y              INVX3HVT           4 10.4  149  +202   47364 R 
    g98537/C                                                +0   47364   
    g98537/Y              AND3X1HVT          1  4.6  167  +445   47809 R 
    drc_bufs100414/A                                        +0   47809   
    drc_bufs100414/Y      INVX2HVT           1  7.6  223  +222   48031 F 
    drc_bufs100412/A                                        +0   48032   
    drc_bufs100412/Y      CLKINVX12HVT      16 43.8  152  +189   48221 R 
    g97470/B                                                +0   48221   
    g97470/Y              NAND2X2HVT         1  4.1  280  +259   48480 F 
    g97326/A                                                +0   48480   
    g97326/Y              AND2X1HVT          1  4.1  205  +307   48787 F 
    g93934/D                                                +0   48787   
    g93934/Y              AND4X1HVT          1  4.1  208  +287   49074 F 
    g93607/C                                                +0   49074   
    g93607/Y              AND3X1HVT          1  5.1  251  +303   49376 F 
    g106598/B0                                              +0   49376   
    g106598/Y             OAI2BB1X4HVT       1  4.1   96  +174   49550 R 
    g106597/B0                                              +0   49550   
    g106597/Y             AO21X1HVT          1  4.1  144  +221   49772 R 
    g105974/A1                                              +0   49772   
    g105974/Y             OA21X1HVT          1  4.1  143  +349   50120 R 
    reg_out_reg_20_/D     DFFQX2HVT                         +0   50120   
    reg_out_reg_20_/CK    setup                        0  +282   50402 R 
- - - - - - - - - - - - - - - - - - - - - - - - - - - - - - - - - - - - -
(clock clk)               capture                                83330 R 
                          uncertainty                     -250   83080 R 
-------------------------------------------------------------------------
Cost Group   : 'clk' (path_group 'clk')
Timing slack :   32678ps 
Start-point  : soc/spimemio/xfer_io1_90_reg/CKN
End-point    : soc/cpu/reg_out_reg_20_/D

path   9:

         Pin                 Type       Fanout Load Slew Delay Arrival   
                                               (fF) (ps)  (ps)   (ps)    
-------------------------------------------------------------------------
(clock clk)               launch                                 41665 F 
soc
  spimemio
    xfer_io1_90_reg/CKN                                0    +0   41665 F 
    xfer_io1_90_reg/Q     DFFNSRX1HVT        1  4.1  204  +404   42069 F 
    g8050/A0                                                +0   42069   
    g8050/Y               AO22X1HVT          1  4.1  212  +383   42452 F 
    g8019/B0                                                +0   42452   
    g8019/Y               AO21X2HVT          1  5.7  168  +345   42796 F 
  spimemio/flash_io1_do 
soc/flash_io1_do 
flash_bufs_1_/soc_o 
  g1/A                                                      +0   42796   
  g1/Y                    TBUFX12HVT         2 60.3  264  +335   43131 F 
flash_bufs_1_/soc_i 
drc_bufs/A                                                  +0   43131   
drc_bufs/Y                BUFX2HVT           3  8.7  224  +326   43458 F 
soc/flash_io1_di 
  g3477/A                                                   +0   43458   
  g3477/Y                 AND2X1HVT          1  4.2  210  +280   43738 F 
  g3353/C                                                   +0   43738   
  g3353/Y                 OR3X4HVT           4 12.1  206  +438   44175 F 
  cpu/mem_rdata[1] 
    g85267/B                                                +0   44175   
    g85267/Y              NAND2X2HVT         1  4.1  124  +172   44348 R 
    g85201/A                                                +0   44348   
    g85201/Y              AND2X1HVT          1  4.1  140  +303   44650 R 
    g85073/B                                                +0   44650   
    g85073/Y              AND2X2HVT          3  8.9  178  +393   45043 R 
    g85033/B                                                +0   45043   
    g85033/Y              OR2X4HVT           6 16.2  153  +295   45339 R 
    g87654/AN                                               +0   45339   
    g87654/Y              NOR2BX2HVT         1  4.1  184  +303   45641 R 
    g84971/B                                                +0   45641   
    g84971/Y              OR2X1HVT           1  4.1  134  +256   45897 R 
    g84915/C                                                +0   45897   
    g84915/Y              AND3X2HVT          3  9.5  220  +545   46442 R 
    g84902/A                                                +0   46442   
    g84902/Y              CLKINVX4HVT        6 16.1  248  +251   46693 F 
    g84876/C                                                +0   46693   
    g84876/Y              OR3X8HVT           8 26.7  235  +469   47162 F 
    g99316/A                                                +0   47162   
    g99316/Y              INVX3HVT           4 10.4  149  +202   47364 R 
    g98537/C                                                +0   47364   
    g98537/Y              AND3X1HVT          1  4.6  167  +445   47809 R 
    drc_bufs100414/A                                        +0   47809   
    drc_bufs100414/Y      INVX2HVT           1  7.6  223  +222   48031 F 
    drc_bufs100412/A                                        +0   48032   
    drc_bufs100412/Y      CLKINVX12HVT      16 43.8  152  +189   48221 R 
    g97467/B                                                +0   48221   
    g97467/Y              NAND2X2HVT         1  4.1  280  +259   48480 F 
    g97323/A                                                +0   48480   
    g97323/Y              AND2X1HVT          1  4.1  205  +307   48787 F 
    g93940/D                                                +0   48787   
    g93940/Y              AND4X1HVT          1  4.1  208  +287   49074 F 
    g93604/C                                                +0   49074   
    g93604/Y              AND3X1HVT          1  5.1  251  +303   49376 F 
    g106592/B0                                              +0   49376   
    g106592/Y             OAI2BB1X4HVT       1  4.1   96  +174   49550 R 
    g106591/B0                                              +0   49550   
    g106591/Y             AO21X1HVT          1  4.1  144  +221   49772 R 
    g105971/A1                                              +0   49772   
    g105971/Y             OA21X1HVT          1  4.1  143  +349   50120 R 
    reg_out_reg_17_/D     DFFQX2HVT                         +0   50120   
    reg_out_reg_17_/CK    setup                        0  +282   50402 R 
- - - - - - - - - - - - - - - - - - - - - - - - - - - - - - - - - - - - -
(clock clk)               capture                                83330 R 
                          uncertainty                     -250   83080 R 
-------------------------------------------------------------------------
Cost Group   : 'clk' (path_group 'clk')
Timing slack :   32678ps 
Start-point  : soc/spimemio/xfer_io1_90_reg/CKN
End-point    : soc/cpu/reg_out_reg_17_/D

path  10:

         Pin                 Type       Fanout Load Slew Delay Arrival   
                                               (fF) (ps)  (ps)   (ps)    
-------------------------------------------------------------------------
(clock clk)               launch                                 41665 F 
soc
  spimemio
    xfer_io1_90_reg/CKN                                0    +0   41665 F 
    xfer_io1_90_reg/Q     DFFNSRX1HVT        1  4.1  204  +404   42069 F 
    g8050/A0                                                +0   42069   
    g8050/Y               AO22X1HVT          1  4.1  212  +383   42452 F 
    g8019/B0                                                +0   42452   
    g8019/Y               AO21X2HVT          1  5.7  168  +345   42796 F 
  spimemio/flash_io1_do 
soc/flash_io1_do 
flash_bufs_1_/soc_o 
  g1/A                                                      +0   42796   
  g1/Y                    TBUFX12HVT         2 60.3  264  +335   43131 F 
flash_bufs_1_/soc_i 
drc_bufs/A                                                  +0   43131   
drc_bufs/Y                BUFX2HVT           3  8.7  224  +326   43458 F 
soc/flash_io1_di 
  g3477/A                                                   +0   43458   
  g3477/Y                 AND2X1HVT          1  4.2  210  +280   43738 F 
  g3353/C                                                   +0   43738   
  g3353/Y                 OR3X4HVT           4 12.1  206  +438   44175 F 
  cpu/mem_rdata[1] 
    g85267/B                                                +0   44175   
    g85267/Y              NAND2X2HVT         1  4.1  124  +172   44348 R 
    g85201/A                                                +0   44348   
    g85201/Y              AND2X1HVT          1  4.1  140  +303   44650 R 
    g85073/B                                                +0   44650   
    g85073/Y              AND2X2HVT          3  8.9  178  +393   45043 R 
    g85033/B                                                +0   45043   
    g85033/Y              OR2X4HVT           6 16.2  153  +295   45339 R 
    g87654/AN                                               +0   45339   
    g87654/Y              NOR2BX2HVT         1  4.1  184  +303   45641 R 
    g84971/B                                                +0   45641   
    g84971/Y              OR2X1HVT           1  4.1  134  +256   45897 R 
    g84915/C                                                +0   45897   
    g84915/Y              AND3X2HVT          3  9.5  220  +545   46442 R 
    g84902/A                                                +0   46442   
    g84902/Y              CLKINVX4HVT        6 16.1  248  +251   46693 F 
    g84876/C                                                +0   46693   
    g84876/Y              OR3X8HVT           8 26.7  235  +469   47162 F 
    g99316/A                                                +0   47162   
    g99316/Y              INVX3HVT           4 10.4  149  +202   47364 R 
    g98537/C                                                +0   47364   
    g98537/Y              AND3X1HVT          1  4.6  167  +445   47809 R 
    drc_bufs100414/A                                        +0   47809   
    drc_bufs100414/Y      INVX2HVT           1  7.6  223  +222   48031 F 
    drc_bufs100412/A                                        +0   48032   
    drc_bufs100412/Y      CLKINVX12HVT      16 43.8  152  +189   48221 R 
    g97466/B                                                +0   48221   
    g97466/Y              NAND2X2HVT         1  4.1  280  +259   48480 F 
    g97322/A                                                +0   48480   
    g97322/Y              AND2X1HVT          1  4.1  205  +307   48787 F 
    g93939/D                                                +0   48787   
    g93939/Y              AND4X1HVT          1  4.1  208  +287   49074 F 
    g93603/C                                                +0   49074   
    g93603/Y              AND3X1HVT          1  5.1  251  +303   49376 F 
    g106590/B0                                              +0   49376   
    g106590/Y             OAI2BB1X4HVT       1  4.1   96  +174   49550 R 
    g106589/B0                                              +0   49550   
    g106589/Y             AO21X1HVT          1  4.1  144  +221   49772 R 
    g105970/A1                                              +0   49772   
    g105970/Y             OA21X1HVT          1  4.1  143  +349   50120 R 
    reg_out_reg_16_/D     DFFQX2HVT                         +0   50120   
    reg_out_reg_16_/CK    setup                        0  +282   50402 R 
- - - - - - - - - - - - - - - - - - - - - - - - - - - - - - - - - - - - -
(clock clk)               capture                                83330 R 
                          uncertainty                     -250   83080 R 
-------------------------------------------------------------------------
Cost Group   : 'clk' (path_group 'clk')
Timing slack :   32678ps 
Start-point  : soc/spimemio/xfer_io1_90_reg/CKN
End-point    : soc/cpu/reg_out_reg_16_/D

path  11:

         Pin                 Type       Fanout Load Slew Delay Arrival   
                                               (fF) (ps)  (ps)   (ps)    
-------------------------------------------------------------------------
(clock clk)               launch                                 41665 F 
soc
  spimemio
    xfer_io1_90_reg/CKN                                0    +0   41665 F 
    xfer_io1_90_reg/Q     DFFNSRX1HVT        1  4.1  204  +404   42069 F 
    g8050/A0                                                +0   42069   
    g8050/Y               AO22X1HVT          1  4.1  212  +383   42452 F 
    g8019/B0                                                +0   42452   
    g8019/Y               AO21X2HVT          1  5.7  168  +345   42796 F 
  spimemio/flash_io1_do 
soc/flash_io1_do 
flash_bufs_1_/soc_o 
  g1/A                                                      +0   42796   
  g1/Y                    TBUFX12HVT         2 60.3  264  +335   43131 F 
flash_bufs_1_/soc_i 
drc_bufs/A                                                  +0   43131   
drc_bufs/Y                BUFX2HVT           3  8.7  224  +326   43458 F 
soc/flash_io1_di 
  g3477/A                                                   +0   43458   
  g3477/Y                 AND2X1HVT          1  4.2  210  +280   43738 F 
  g3353/C                                                   +0   43738   
  g3353/Y                 OR3X4HVT           4 12.1  206  +438   44175 F 
  cpu/mem_rdata[1] 
    g85267/B                                                +0   44175   
    g85267/Y              NAND2X2HVT         1  4.1  124  +172   44348 R 
    g85201/A                                                +0   44348   
    g85201/Y              AND2X1HVT          1  4.1  140  +303   44650 R 
    g85073/B                                                +0   44650   
    g85073/Y              AND2X2HVT          3  8.9  178  +393   45043 R 
    g85033/B                                                +0   45043   
    g85033/Y              OR2X4HVT           6 16.2  153  +295   45339 R 
    g87654/AN                                               +0   45339   
    g87654/Y              NOR2BX2HVT         1  4.1  184  +303   45641 R 
    g84971/B                                                +0   45641   
    g84971/Y              OR2X1HVT           1  4.1  134  +256   45897 R 
    g84915/C                                                +0   45897   
    g84915/Y              AND3X2HVT          3  9.5  220  +545   46442 R 
    g84902/A                                                +0   46442   
    g84902/Y              CLKINVX4HVT        6 16.1  248  +251   46693 F 
    g84876/C                                                +0   46693   
    g84876/Y              OR3X8HVT           8 26.7  235  +469   47162 F 
    g99316/A                                                +0   47162   
    g99316/Y              INVX3HVT           4 10.4  149  +202   47364 R 
    g98537/C                                                +0   47364   
    g98537/Y              AND3X1HVT          1  4.6  167  +445   47809 R 
    drc_bufs100414/A                                        +0   47809   
    drc_bufs100414/Y      INVX2HVT           1  7.6  223  +222   48031 F 
    drc_bufs100412/A                                        +0   48032   
    drc_bufs100412/Y      CLKINVX12HVT      16 43.8  152  +189   48221 R 
    g97475/B                                                +0   48221   
    g97475/Y              NAND2X2HVT         1  4.1  280  +259   48480 F 
    g97334/A                                                +0   48480   
    g97334/Y              AND2X1HVT          1  4.1  205  +307   48787 F 
    g93912/D                                                +0   48787   
    g93912/Y              AND4X1HVT          1  4.1  208  +287   49074 F 
    g93613/C                                                +0   49074   
    g93613/Y              AND3X1HVT          1  5.1  251  +303   49376 F 
    g106576/B0                                              +0   49376   
    g106576/Y             OAI2BB1X4HVT       1  4.1   96  +174   49550 R 
    g106575/B0                                              +0   49550   
    g106575/Y             AO21X1HVT          1  4.1  144  +221   49771 R 
    g105980/A1                                              +0   49771   
    g105980/Y             OA21X1HVT          1  4.1  143  +349   50120 R 
    reg_out_reg_26_/D     DFFQX2HVT                         +0   50120   
    reg_out_reg_26_/CK    setup                        0  +282   50402 R 
- - - - - - - - - - - - - - - - - - - - - - - - - - - - - - - - - - - - -
(clock clk)               capture                                83330 R 
                          uncertainty                     -250   83080 R 
-------------------------------------------------------------------------
Cost Group   : 'clk' (path_group 'clk')
Timing slack :   32678ps 
Start-point  : soc/spimemio/xfer_io1_90_reg/CKN
End-point    : soc/cpu/reg_out_reg_26_/D

path  12:

         Pin                 Type       Fanout Load Slew Delay Arrival   
                                               (fF) (ps)  (ps)   (ps)    
-------------------------------------------------------------------------
(clock clk)               launch                                 41665 F 
soc
  spimemio
    xfer_io1_90_reg/CKN                                0    +0   41665 F 
    xfer_io1_90_reg/Q     DFFNSRX1HVT        1  4.1  204  +404   42069 F 
    g8050/A0                                                +0   42069   
    g8050/Y               AO22X1HVT          1  4.1  212  +383   42452 F 
    g8019/B0                                                +0   42452   
    g8019/Y               AO21X2HVT          1  5.7  168  +345   42796 F 
  spimemio/flash_io1_do 
soc/flash_io1_do 
flash_bufs_1_/soc_o 
  g1/A                                                      +0   42796   
  g1/Y                    TBUFX12HVT         2 60.3  264  +335   43131 F 
flash_bufs_1_/soc_i 
drc_bufs/A                                                  +0   43131   
drc_bufs/Y                BUFX2HVT           3  8.7  224  +326   43458 F 
soc/flash_io1_di 
  g3477/A                                                   +0   43458   
  g3477/Y                 AND2X1HVT          1  4.2  210  +280   43738 F 
  g3353/C                                                   +0   43738   
  g3353/Y                 OR3X4HVT           4 12.1  206  +438   44175 F 
  cpu/mem_rdata[1] 
    g85267/B                                                +0   44175   
    g85267/Y              NAND2X2HVT         1  4.1  124  +172   44348 R 
    g85201/A                                                +0   44348   
    g85201/Y              AND2X1HVT          1  4.1  140  +303   44650 R 
    g85073/B                                                +0   44650   
    g85073/Y              AND2X2HVT          3  8.9  178  +393   45043 R 
    g85033/B                                                +0   45043   
    g85033/Y              OR2X4HVT           6 16.2  153  +295   45339 R 
    g87654/AN                                               +0   45339   
    g87654/Y              NOR2BX2HVT         1  4.1  184  +303   45641 R 
    g84971/B                                                +0   45641   
    g84971/Y              OR2X1HVT           1  4.1  134  +256   45897 R 
    g84915/C                                                +0   45897   
    g84915/Y              AND3X2HVT          3  9.5  220  +545   46442 R 
    g84902/A                                                +0   46442   
    g84902/Y              CLKINVX4HVT        6 16.1  248  +251   46693 F 
    g84876/C                                                +0   46693   
    g84876/Y              OR3X8HVT           8 26.7  235  +469   47162 F 
    g99316/A                                                +0   47162   
    g99316/Y              INVX3HVT           4 10.4  149  +202   47364 R 
    g98537/C                                                +0   47364   
    g98537/Y              AND3X1HVT          1  4.6  167  +445   47809 R 
    drc_bufs100414/A                                        +0   47809   
    drc_bufs100414/Y      INVX2HVT           1  7.6  223  +222   48031 F 
    drc_bufs100412/A                                        +0   48032   
    drc_bufs100412/Y      CLKINVX12HVT      16 43.8  152  +189   48221 R 
    g97473/B                                                +0   48221   
    g97473/Y              NAND2X2HVT         1  4.1  280  +259   48480 F 
    g97331/A                                                +0   48480   
    g97331/Y              AND2X1HVT          1  4.1  205  +307   48787 F 
    g93914/D                                                +0   48787   
    g93914/Y              AND4X1HVT          1  4.1  208  +287   49074 F 
    g93611/C                                                +0   49074   
    g93611/Y              AND3X1HVT          1  5.1  251  +303   49376 F 
    g106580/B0                                              +0   49376   
    g106580/Y             OAI2BB1X4HVT       1  4.1   96  +174   49550 R 
    g106579/B0                                              +0   49550   
    g106579/Y             AO21X1HVT          1  4.1  144  +221   49771 R 
    g105978/A1                                              +0   49771   
    g105978/Y             OA21X1HVT          1  4.1  143  +349   50120 R 
    reg_out_reg_24_/D     DFFQX2HVT                         +0   50120   
    reg_out_reg_24_/CK    setup                        0  +282   50402 R 
- - - - - - - - - - - - - - - - - - - - - - - - - - - - - - - - - - - - -
(clock clk)               capture                                83330 R 
                          uncertainty                     -250   83080 R 
-------------------------------------------------------------------------
Cost Group   : 'clk' (path_group 'clk')
Timing slack :   32678ps 
Start-point  : soc/spimemio/xfer_io1_90_reg/CKN
End-point    : soc/cpu/reg_out_reg_24_/D

path  13:

         Pin                 Type       Fanout Load Slew Delay Arrival   
                                               (fF) (ps)  (ps)   (ps)    
-------------------------------------------------------------------------
(clock clk)               launch                                 41665 F 
soc
  spimemio
    xfer_io1_90_reg/CKN                                0    +0   41665 F 
    xfer_io1_90_reg/Q     DFFNSRX1HVT        1  4.1  204  +404   42069 F 
    g8050/A0                                                +0   42069   
    g8050/Y               AO22X1HVT          1  4.1  212  +383   42452 F 
    g8019/B0                                                +0   42452   
    g8019/Y               AO21X2HVT          1  5.7  168  +345   42796 F 
  spimemio/flash_io1_do 
soc/flash_io1_do 
flash_bufs_1_/soc_o 
  g1/A                                                      +0   42796   
  g1/Y                    TBUFX12HVT         2 60.3  264  +335   43131 F 
flash_bufs_1_/soc_i 
drc_bufs/A                                                  +0   43131   
drc_bufs/Y                BUFX2HVT           3  8.7  224  +326   43458 F 
soc/flash_io1_di 
  g3477/A                                                   +0   43458   
  g3477/Y                 AND2X1HVT          1  4.2  210  +280   43738 F 
  g3353/C                                                   +0   43738   
  g3353/Y                 OR3X4HVT           4 12.1  206  +438   44175 F 
  cpu/mem_rdata[1] 
    g85267/B                                                +0   44175   
    g85267/Y              NAND2X2HVT         1  4.1  124  +172   44348 R 
    g85201/A                                                +0   44348   
    g85201/Y              AND2X1HVT          1  4.1  140  +303   44650 R 
    g85073/B                                                +0   44650   
    g85073/Y              AND2X2HVT          3  8.9  178  +393   45043 R 
    g85033/B                                                +0   45043   
    g85033/Y              OR2X4HVT           6 16.2  153  +295   45339 R 
    g87654/AN                                               +0   45339   
    g87654/Y              NOR2BX2HVT         1  4.1  184  +303   45641 R 
    g84971/B                                                +0   45641   
    g84971/Y              OR2X1HVT           1  4.1  134  +256   45897 R 
    g84915/C                                                +0   45897   
    g84915/Y              AND3X2HVT          3  9.5  220  +545   46442 R 
    g84902/A                                                +0   46442   
    g84902/Y              CLKINVX4HVT        6 16.1  248  +251   46693 F 
    g84876/C                                                +0   46693   
    g84876/Y              OR3X8HVT           8 26.7  235  +469   47162 F 
    g99316/A                                                +0   47162   
    g99316/Y              INVX3HVT           4 10.4  149  +202   47364 R 
    g98537/C                                                +0   47364   
    g98537/Y              AND3X1HVT          1  4.6  167  +445   47809 R 
    drc_bufs100414/A                                        +0   47809   
    drc_bufs100414/Y      INVX2HVT           1  7.6  223  +222   48031 F 
    drc_bufs100412/A                                        +0   48032   
    drc_bufs100412/Y      CLKINVX12HVT      16 43.8  152  +189   48221 R 
    g97471/B                                                +0   48221   
    g97471/Y              NAND2X2HVT         1  4.1  280  +259   48480 F 
    g97327/A                                                +0   48480   
    g97327/Y              AND2X1HVT          1  4.1  205  +307   48787 F 
    g93930/D                                                +0   48787   
    g93930/Y              AND4X1HVT          1  4.1  208  +287   49074 F 
    g93608/C                                                +0   49074   
    g93608/Y              AND3X1HVT          1  5.1  251  +303   49376 F 
    g106586/B0                                              +0   49376   
    g106586/Y             OAI2BB1X4HVT       1  4.1   96  +174   49550 R 
    g106585/B0                                              +0   49550   
    g106585/Y             AO21X1HVT          1  4.1  144  +221   49772 R 
    g105975/A1                                              +0   49772   
    g105975/Y             OA21X1HVT          1  4.1  143  +349   50120 R 
    reg_out_reg_21_/D     DFFQX2HVT                         +0   50120   
    reg_out_reg_21_/CK    setup                        0  +282   50402 R 
- - - - - - - - - - - - - - - - - - - - - - - - - - - - - - - - - - - - -
(clock clk)               capture                                83330 R 
                          uncertainty                     -250   83080 R 
-------------------------------------------------------------------------
Cost Group   : 'clk' (path_group 'clk')
Timing slack :   32678ps 
Start-point  : soc/spimemio/xfer_io1_90_reg/CKN
End-point    : soc/cpu/reg_out_reg_21_/D

path  14:

         Pin                 Type       Fanout Load Slew Delay Arrival   
                                               (fF) (ps)  (ps)   (ps)    
-------------------------------------------------------------------------
(clock clk)               launch                                 41665 F 
soc
  spimemio
    xfer_io1_90_reg/CKN                                0    +0   41665 F 
    xfer_io1_90_reg/Q     DFFNSRX1HVT        1  4.1  204  +404   42069 F 
    g8050/A0                                                +0   42069   
    g8050/Y               AO22X1HVT          1  4.1  212  +383   42452 F 
    g8019/B0                                                +0   42452   
    g8019/Y               AO21X2HVT          1  5.7  168  +345   42796 F 
  spimemio/flash_io1_do 
soc/flash_io1_do 
flash_bufs_1_/soc_o 
  g1/A                                                      +0   42796   
  g1/Y                    TBUFX12HVT         2 60.3  264  +335   43131 F 
flash_bufs_1_/soc_i 
drc_bufs/A                                                  +0   43131   
drc_bufs/Y                BUFX2HVT           3  8.7  224  +326   43458 F 
soc/flash_io1_di 
  g3477/A                                                   +0   43458   
  g3477/Y                 AND2X1HVT          1  4.2  210  +280   43738 F 
  g3353/C                                                   +0   43738   
  g3353/Y                 OR3X4HVT           4 12.1  206  +438   44175 F 
  cpu/mem_rdata[1] 
    g85267/B                                                +0   44175   
    g85267/Y              NAND2X2HVT         1  4.1  124  +172   44348 R 
    g85201/A                                                +0   44348   
    g85201/Y              AND2X1HVT          1  4.1  140  +303   44650 R 
    g85073/B                                                +0   44650   
    g85073/Y              AND2X2HVT          3  8.9  178  +393   45043 R 
    g85033/B                                                +0   45043   
    g85033/Y              OR2X4HVT           6 16.2  153  +295   45339 R 
    g87654/AN                                               +0   45339   
    g87654/Y              NOR2BX2HVT         1  4.1  184  +303   45641 R 
    g84971/B                                                +0   45641   
    g84971/Y              OR2X1HVT           1  4.1  134  +256   45897 R 
    g84915/C                                                +0   45897   
    g84915/Y              AND3X2HVT          3  9.5  220  +545   46442 R 
    g84902/A                                                +0   46442   
    g84902/Y              CLKINVX4HVT        6 16.1  248  +251   46693 F 
    g84876/C                                                +0   46693   
    g84876/Y              OR3X8HVT           8 26.7  235  +469   47162 F 
    g99316/A                                                +0   47162   
    g99316/Y              INVX3HVT           4 10.4  149  +202   47364 R 
    g98537/C                                                +0   47364   
    g98537/Y              AND3X1HVT          1  4.6  167  +445   47809 R 
    drc_bufs100414/A                                        +0   47809   
    drc_bufs100414/Y      INVX2HVT           1  7.6  223  +222   48031 F 
    drc_bufs100412/A                                        +0   48032   
    drc_bufs100412/Y      CLKINVX12HVT      16 43.8  152  +189   48221 R 
    g97469/B                                                +0   48221   
    g97469/Y              NAND2X2HVT         1  4.1  280  +259   48480 F 
    g97325/A                                                +0   48480   
    g97325/Y              AND2X1HVT          1  4.1  205  +307   48787 F 
    g93942/D                                                +0   48787   
    g93942/Y              AND4X1HVT          1  4.1  208  +287   49074 F 
    g93606/C                                                +0   49074   
    g93606/Y              AND3X1HVT          1  5.1  251  +303   49376 F 
    g106596/B0                                              +0   49376   
    g106596/Y             OAI2BB1X4HVT       1  4.1   96  +174   49550 R 
    g106595/B0                                              +0   49550   
    g106595/Y             AO21X1HVT          1  4.1  144  +221   49771 R 
    g105972/A1                                              +0   49771   
    g105972/Y             OA21X1HVT          1  4.1  143  +349   50120 R 
    reg_out_reg_19_/D     DFFQX2HVT                         +0   50120   
    reg_out_reg_19_/CK    setup                        0  +282   50402 R 
- - - - - - - - - - - - - - - - - - - - - - - - - - - - - - - - - - - - -
(clock clk)               capture                                83330 R 
                          uncertainty                     -250   83080 R 
-------------------------------------------------------------------------
Cost Group   : 'clk' (path_group 'clk')
Timing slack :   32678ps 
Start-point  : soc/spimemio/xfer_io1_90_reg/CKN
End-point    : soc/cpu/reg_out_reg_19_/D

path  15:

         Pin                 Type       Fanout Load Slew Delay Arrival   
                                               (fF) (ps)  (ps)   (ps)    
-------------------------------------------------------------------------
(clock clk)               launch                                 41665 F 
soc
  spimemio
    xfer_io1_90_reg/CKN                                0    +0   41665 F 
    xfer_io1_90_reg/Q     DFFNSRX1HVT        1  4.1  204  +404   42069 F 
    g8050/A0                                                +0   42069   
    g8050/Y               AO22X1HVT          1  4.1  212  +383   42452 F 
    g8019/B0                                                +0   42452   
    g8019/Y               AO21X2HVT          1  5.7  168  +345   42796 F 
  spimemio/flash_io1_do 
soc/flash_io1_do 
flash_bufs_1_/soc_o 
  g1/A                                                      +0   42796   
  g1/Y                    TBUFX12HVT         2 60.3  264  +335   43131 F 
flash_bufs_1_/soc_i 
drc_bufs/A                                                  +0   43131   
drc_bufs/Y                BUFX2HVT           3  8.7  224  +326   43458 F 
soc/flash_io1_di 
  g3477/A                                                   +0   43458   
  g3477/Y                 AND2X1HVT          1  4.2  210  +280   43738 F 
  g3353/C                                                   +0   43738   
  g3353/Y                 OR3X4HVT           4 12.1  206  +438   44175 F 
  cpu/mem_rdata[1] 
    g85267/B                                                +0   44175   
    g85267/Y              NAND2X2HVT         1  4.1  124  +172   44348 R 
    g85201/A                                                +0   44348   
    g85201/Y              AND2X1HVT          1  4.1  140  +303   44650 R 
    g85073/B                                                +0   44650   
    g85073/Y              AND2X2HVT          3  8.9  178  +393   45043 R 
    g85033/B                                                +0   45043   
    g85033/Y              OR2X4HVT           6 16.2  153  +295   45339 R 
    g87654/AN                                               +0   45339   
    g87654/Y              NOR2BX2HVT         1  4.1  184  +303   45641 R 
    g84971/B                                                +0   45641   
    g84971/Y              OR2X1HVT           1  4.1  134  +256   45897 R 
    g84915/C                                                +0   45897   
    g84915/Y              AND3X2HVT          3  9.5  220  +545   46442 R 
    g84902/A                                                +0   46442   
    g84902/Y              CLKINVX4HVT        6 16.1  248  +251   46693 F 
    g84876/C                                                +0   46693   
    g84876/Y              OR3X8HVT           8 26.7  235  +469   47162 F 
    g99316/A                                                +0   47162   
    g99316/Y              INVX3HVT           4 10.4  149  +202   47364 R 
    g98537/C                                                +0   47364   
    g98537/Y              AND3X1HVT          1  4.6  167  +445   47809 R 
    drc_bufs100414/A                                        +0   47809   
    drc_bufs100414/Y      INVX2HVT           1  7.6  223  +222   48031 F 
    drc_bufs100412/A                                        +0   48032   
    drc_bufs100412/Y      CLKINVX12HVT      16 43.8  152  +189   48221 R 
    g97468/B                                                +0   48221   
    g97468/Y              NAND2X2HVT         1  4.1  280  +259   48480 F 
    g97324/A                                                +0   48480   
    g97324/Y              AND2X1HVT          1  4.1  205  +307   48787 F 
    g93941/D                                                +0   48787   
    g93941/Y              AND4X1HVT          1  4.1  208  +287   49074 F 
    g93605/C                                                +0   49074   
    g93605/Y              AND3X1HVT          1  5.1  251  +303   49376 F 
    g106594/B0                                              +0   49376   
    g106594/Y             OAI2BB1X4HVT       1  4.1   96  +174   49550 R 
    g106593/B0                                              +0   49550   
    g106593/Y             AO21X1HVT          1  4.1  144  +221   49772 R 
    g105973/A1                                              +0   49772   
    g105973/Y             OA21X1HVT          1  4.1  143  +349   50120 R 
    reg_out_reg_18_/D     DFFQX2HVT                         +0   50120   
    reg_out_reg_18_/CK    setup                        0  +282   50402 R 
- - - - - - - - - - - - - - - - - - - - - - - - - - - - - - - - - - - - -
(clock clk)               capture                                83330 R 
                          uncertainty                     -250   83080 R 
-------------------------------------------------------------------------
Cost Group   : 'clk' (path_group 'clk')
Timing slack :   32678ps 
Start-point  : soc/spimemio/xfer_io1_90_reg/CKN
End-point    : soc/cpu/reg_out_reg_18_/D

path  16:

           Pin                 Type       Fanout Load Slew Delay Arrival   
                                                 (fF) (ps)  (ps)   (ps)    
---------------------------------------------------------------------------
(clock clk)                  launch                                41665 F 
soc
  spimemio
    xfer_io1_90_reg/CKN                                  0    +0   41665 F 
    xfer_io1_90_reg/Q        DFFNSRX1HVT       1  4.1  204  +404   42069 F 
    g8050/A0                                                  +0   42069   
    g8050/Y                  AO22X1HVT         1  4.1  212  +383   42452 F 
    g8019/B0                                                  +0   42452   
    g8019/Y                  AO21X2HVT         1  5.7  168  +345   42796 F 
  spimemio/flash_io1_do 
soc/flash_io1_do 
flash_bufs_1_/soc_o 
  g1/A                                                        +0   42796   
  g1/Y                       TBUFX12HVT        2 60.3  264  +335   43131 F 
flash_bufs_1_/soc_i 
drc_bufs/A                                                    +0   43131   
drc_bufs/Y                   BUFX2HVT          3  8.7  224  +326   43458 F 
soc/flash_io1_di 
  g3477/A                                                     +0   43458   
  g3477/Y                    AND2X1HVT         1  4.2  210  +280   43738 F 
  g3353/C                                                     +0   43738   
  g3353/Y                    OR3X4HVT          4 12.1  206  +438   44175 F 
  cpu/mem_rdata[1] 
    g85267/B                                                  +0   44175   
    g85267/Y                 NAND2X2HVT        1  4.1  124  +172   44348 R 
    g85201/A                                                  +0   44348   
    g85201/Y                 AND2X1HVT         1  4.1  140  +303   44650 R 
    g85073/B                                                  +0   44650   
    g85073/Y                 AND2X2HVT         3  8.9  178  +393   45043 R 
    g85033/B                                                  +0   45043   
    g85033/Y                 OR2X4HVT          6 16.2  153  +295   45339 R 
    g87654/AN                                                 +0   45339   
    g87654/Y                 NOR2BX2HVT        1  4.1  184  +303   45641 R 
    g84971/B                                                  +0   45641   
    g84971/Y                 OR2X1HVT          1  4.1  134  +256   45897 R 
    g84915/C                                                  +0   45897   
    g84915/Y                 AND3X2HVT         3  9.5  220  +545   46442 R 
    g84902/A                                                  +0   46442   
    g84902/Y                 CLKINVX4HVT       6 16.1  248  +251   46693 F 
    g84877/B                                                  +0   46693   
    g84877/Y                 OR2X4HVT          6 15.7  228  +395   47088 F 
    g84857/B                                                  +0   47088   
    g84857/Y                 OR2X6HVT         10 23.9  233  +364   47452 F 
    g98528/B                                                  +0   47452   
    g98528/Y                 OR2X2HVT          3  8.3  225  +374   47826 F 
    g98187/A                                                  +0   47826   
    g98187/Y                 INVX1HVT          1  4.1  166  +224   48050 R 
    g97593/A                                                  +0   48050   
    g97593/Y                 OR2X2HVT          3  8.9  157  +307   48357 R 
    g93541/B                                                  +0   48357   
    g93541/Y                 OR3X4HVT          4 11.4  120  +285   48642 R 
    g93506/A                                                  +0   48642   
    g93506/Y                 INVX4HVT          6 15.3  219  +186   48828 F 
    g93439/B                                                  +0   48828   
    g93439/Y                 NAND2X2HVT        1  4.1  115  +180   49008 R 
    g105988/B0                                                +0   49008   
    g105988/Y                OA21X1HVT         1  4.1  142  +329   49337 R 
    g93351/B0                                                 +0   49337   
    g93351/Y                 OA21X1HVT         1  5.2  174  +362   49699 R 
    g93275/B                                                  +0   49699   
    g93275/Y                 NAND2X4HVT        1  4.1  189  +209   49908 F 
    g93247/B                                                  +0   49908   
    g93247/Y                 OR2X1HVT          1  4.1  209  +300   50208 F 
    mem_rdata_q_reg_28_/D    DFFHQX4HVT                       +0   50208   
    mem_rdata_q_reg_28_/CK   setup                       0  +179   50387 R 
- - - - - - - - - - - - - - - - - - - - - - - - - - - - - - - - - - - - - -
(clock clk)                  capture                               83330 R 
                             uncertainty                    -250   83080 R 
---------------------------------------------------------------------------
Cost Group   : 'clk' (path_group 'clk')
Timing slack :   32693ps 
Start-point  : soc/spimemio/xfer_io1_90_reg/CKN
End-point    : soc/cpu/mem_rdata_q_reg_28_/D

path  17:

         Pin                 Type       Fanout Load Slew Delay Arrival   
                                               (fF) (ps)  (ps)   (ps)    
-------------------------------------------------------------------------
(clock clk)               launch                                 41665 F 
soc
  spimemio
    xfer_io1_90_reg/CKN                                0    +0   41665 F 
    xfer_io1_90_reg/Q     DFFNSRX1HVT        1  4.1  204  +404   42069 F 
    g8050/A0                                                +0   42069   
    g8050/Y               AO22X1HVT          1  4.1  212  +383   42452 F 
    g8019/B0                                                +0   42452   
    g8019/Y               AO21X2HVT          1  5.7  168  +345   42796 F 
  spimemio/flash_io1_do 
soc/flash_io1_do 
flash_bufs_1_/soc_o 
  g1/A                                                      +0   42796   
  g1/Y                    TBUFX12HVT         2 60.3  264  +335   43131 F 
flash_bufs_1_/soc_i 
drc_bufs/A                                                  +0   43131   
drc_bufs/Y                BUFX2HVT           3  8.7  224  +326   43458 F 
soc/flash_io1_di 
  g3477/A                                                   +0   43458   
  g3477/Y                 AND2X1HVT          1  4.2  210  +280   43738 F 
  g3353/C                                                   +0   43738   
  g3353/Y                 OR3X4HVT           4 12.1  206  +438   44175 F 
  cpu/mem_rdata[1] 
    g85267/B                                                +0   44175   
    g85267/Y              NAND2X2HVT         1  4.1  124  +172   44348 R 
    g85201/A                                                +0   44348   
    g85201/Y              AND2X1HVT          1  4.1  140  +303   44650 R 
    g85073/B                                                +0   44650   
    g85073/Y              AND2X2HVT          3  8.9  178  +393   45043 R 
    g85033/B                                                +0   45043   
    g85033/Y              OR2X4HVT           6 16.2  153  +295   45339 R 
    g87654/AN                                               +0   45339   
    g87654/Y              NOR2BX2HVT         1  4.1  184  +303   45641 R 
    g84971/B                                                +0   45641   
    g84971/Y              OR2X1HVT           1  4.1  134  +256   45897 R 
    g84915/C                                                +0   45897   
    g84915/Y              AND3X2HVT          3  9.5  220  +545   46442 R 
    g84902/A                                                +0   46442   
    g84902/Y              CLKINVX4HVT        6 16.1  248  +251   46693 F 
    g84876/C                                                +0   46693   
    g84876/Y              OR3X8HVT           8 26.7  235  +469   47162 F 
    g98529/B                                                +0   47162   
    g98529/Y              OR2X2HVT           3  9.9  261  +395   47557 F 
    g98188/A                                                +0   47557   
    g98188/Y              INVX1HVT           1  4.2  175  +250   47807 R 
    g97621/B                                                +0   47807   
    g97621/Y              AND2X4HVT          7 21.8  220  +430   48237 R 
    g96242/B                                                +0   48237   
    g96242/Y              NAND2X4HVT         1  4.1  196  +235   48472 F 
    g96028/B                                                +0   48472   
    g96028/Y              AND2X1HVT          1  4.1  205  +270   48742 F 
    g93931/C                                                +0   48742   
    g93931/Y              AND3X1HVT          1  4.1  206  +277   49019 F 
    g93566/D                                                +0   49019   
    g93566/Y              AND4X1HVT          1  5.1  252  +311   49330 F 
    g106574/B0                                              +0   49330   
    g106574/Y             OAI2BB1X4HVT       1  4.1   96  +175   49505 R 
    g106573/B0                                              +0   49505   
    g106573/Y             AO21X1HVT          1  4.1  144  +221   49726 R 
    g105963/A1                                              +0   49726   
    g105963/Y             OA21X1HVT          1  4.1  143  +349   50075 R 
    reg_out_reg_12_/D     DFFQX2HVT                         +0   50075   
    reg_out_reg_12_/CK    setup                        0  +282   50356 R 
- - - - - - - - - - - - - - - - - - - - - - - - - - - - - - - - - - - - -
(clock clk)               capture                                83330 R 
                          uncertainty                     -250   83080 R 
-------------------------------------------------------------------------
Cost Group   : 'clk' (path_group 'clk')
Timing slack :   32724ps 
Start-point  : soc/spimemio/xfer_io1_90_reg/CKN
End-point    : soc/cpu/reg_out_reg_12_/D

path  18:

           Pin                 Type       Fanout Load Slew Delay Arrival   
                                                 (fF) (ps)  (ps)   (ps)    
---------------------------------------------------------------------------
(clock clk)                  launch                                41665 F 
soc
  spimemio
    xfer_io1_90_reg/CKN                                  0    +0   41665 F 
    xfer_io1_90_reg/Q        DFFNSRX1HVT       1  4.1  204  +404   42069 F 
    g8050/A0                                                  +0   42069   
    g8050/Y                  AO22X1HVT         1  4.1  212  +383   42452 F 
    g8019/B0                                                  +0   42452   
    g8019/Y                  AO21X2HVT         1  5.7  168  +345   42796 F 
  spimemio/flash_io1_do 
soc/flash_io1_do 
flash_bufs_1_/soc_o 
  g1/A                                                        +0   42796   
  g1/Y                       TBUFX12HVT        2 60.3  264  +335   43131 F 
flash_bufs_1_/soc_i 
drc_bufs/A                                                    +0   43131   
drc_bufs/Y                   BUFX2HVT          3  8.7  224  +326   43458 F 
soc/flash_io1_di 
  g3477/A                                                     +0   43458   
  g3477/Y                    AND2X1HVT         1  4.2  210  +280   43738 F 
  g3353/C                                                     +0   43738   
  g3353/Y                    OR3X4HVT          4 12.1  206  +438   44175 F 
  cpu/mem_rdata[1] 
    g85267/B                                                  +0   44175   
    g85267/Y                 NAND2X2HVT        1  4.1  124  +172   44348 R 
    g85201/A                                                  +0   44348   
    g85201/Y                 AND2X1HVT         1  4.1  140  +303   44650 R 
    g85073/B                                                  +0   44650   
    g85073/Y                 AND2X2HVT         3  8.9  178  +393   45043 R 
    g85033/B                                                  +0   45043   
    g85033/Y                 OR2X4HVT          6 16.2  153  +295   45339 R 
    g87654/AN                                                 +0   45339   
    g87654/Y                 NOR2BX2HVT        1  4.1  184  +303   45641 R 
    g84971/B                                                  +0   45641   
    g84971/Y                 OR2X1HVT          1  4.1  134  +256   45897 R 
    g84915/C                                                  +0   45897   
    g84915/Y                 AND3X2HVT         3  9.5  220  +545   46442 R 
    g84902/A                                                  +0   46442   
    g84902/Y                 CLKINVX4HVT       6 16.1  248  +251   46693 F 
    g84877/B                                                  +0   46693   
    g84877/Y                 OR2X4HVT          6 15.7  228  +395   47088 F 
    g84854/B                                                  +0   47088   
    g84854/Y                 OR2X4HVT          7 17.7  252  +397   47485 F 
    g99369/A                                                  +0   47485   
    g99369/Y                 INVX2HVT          2  6.1  144  +213   47698 R 
    g99229/B                                                  +0   47698   
    g99229/Y                 AND2X2HVT         2  6.6  145  +377   48075 R 
    g93743/A                                                  +0   48075   
    g93743/Y                 OR3X1HVT          1  4.2  139  +272   48346 R 
    g93541/C                                                  +0   48346   
    g93541/Y                 OR3X4HVT          4 11.4  120  +260   48606 R 
    g93506/A                                                  +0   48606   
    g93506/Y                 INVX4HVT          6 15.3  219  +186   48792 F 
    g93439/B                                                  +0   48792   
    g93439/Y                 NAND2X2HVT        1  4.1  115  +180   48972 R 
    g105988/B0                                                +0   48972   
    g105988/Y                OA21X1HVT         1  4.1  142  +329   49301 R 
    g93351/B0                                                 +0   49301   
    g93351/Y                 OA21X1HVT         1  5.2  174  +362   49663 R 
    g93275/B                                                  +0   49663   
    g93275/Y                 NAND2X4HVT        1  4.1  189  +209   49872 F 
    g93247/B                                                  +0   49872   
    g93247/Y                 OR2X1HVT          1  4.1  209  +300   50172 F 
    mem_rdata_q_reg_28_/D    DFFHQX4HVT                       +0   50172   
    mem_rdata_q_reg_28_/CK   setup                       0  +179   50351 R 
- - - - - - - - - - - - - - - - - - - - - - - - - - - - - - - - - - - - - -
(clock clk)                  capture                               83330 R 
                             uncertainty                    -250   83080 R 
---------------------------------------------------------------------------
Cost Group   : 'clk' (path_group 'clk')
Timing slack :   32729ps 
Start-point  : soc/spimemio/xfer_io1_90_reg/CKN
End-point    : soc/cpu/mem_rdata_q_reg_28_/D

path  19:

           Pin                 Type       Fanout Load Slew Delay Arrival   
                                                 (fF) (ps)  (ps)   (ps)    
---------------------------------------------------------------------------
(clock clk)                  launch                                41665 F 
soc
  spimemio
    xfer_io1_90_reg/CKN                                  0    +0   41665 F 
    xfer_io1_90_reg/Q        DFFNSRX1HVT       1  4.1  204  +404   42069 F 
    g8050/A0                                                  +0   42069   
    g8050/Y                  AO22X1HVT         1  4.1  212  +383   42452 F 
    g8019/B0                                                  +0   42452   
    g8019/Y                  AO21X2HVT         1  5.7  168  +345   42796 F 
  spimemio/flash_io1_do 
soc/flash_io1_do 
flash_bufs_1_/soc_o 
  g1/A                                                        +0   42796   
  g1/Y                       TBUFX12HVT        2 60.3  264  +335   43131 F 
flash_bufs_1_/soc_i 
drc_bufs/A                                                    +0   43131   
drc_bufs/Y                   BUFX2HVT          3  8.7  224  +326   43458 F 
soc/flash_io1_di 
  g3477/A                                                     +0   43458   
  g3477/Y                    AND2X1HVT         1  4.2  210  +280   43738 F 
  g3353/C                                                     +0   43738   
  g3353/Y                    OR3X4HVT          4 12.1  206  +438   44175 F 
  cpu/mem_rdata[1] 
    g85267/B                                                  +0   44175   
    g85267/Y                 NAND2X2HVT        1  4.1  124  +172   44348 R 
    g85201/A                                                  +0   44348   
    g85201/Y                 AND2X1HVT         1  4.1  140  +303   44650 R 
    g85073/B                                                  +0   44650   
    g85073/Y                 AND2X2HVT         3  8.9  178  +393   45043 R 
    g85033/B                                                  +0   45043   
    g85033/Y                 OR2X4HVT          6 16.2  153  +295   45339 R 
    g87654/AN                                                 +0   45339   
    g87654/Y                 NOR2BX2HVT        1  4.1  184  +303   45641 R 
    g84971/B                                                  +0   45641   
    g84971/Y                 OR2X1HVT          1  4.1  134  +256   45897 R 
    g84915/C                                                  +0   45897   
    g84915/Y                 AND3X2HVT         3  9.5  220  +545   46442 R 
    g84902/A                                                  +0   46442   
    g84902/Y                 CLKINVX4HVT       6 16.1  248  +251   46693 F 
    g84877/B                                                  +0   46693   
    g84877/Y                 OR2X4HVT          6 15.7  228  +395   47088 F 
    g84857/B                                                  +0   47088   
    g84857/Y                 OR2X6HVT         10 23.9  233  +364   47452 F 
    g84843/B                                                  +0   47452   
    g84843/Y                 OR2X6HVT          7 18.7  191  +344   47796 F 
    g99317/A                                                  +0   47796   
    g99317/Y                 INVX2HVT          4 10.3  193  +210   48006 R 
    g97593/B                                                  +0   48006   
    g97593/Y                 OR2X2HVT          3  8.9  157  +310   48316 R 
    g93541/B                                                  +0   48316   
    g93541/Y                 OR3X4HVT          4 11.4  120  +285   48601 R 
    g93506/A                                                  +0   48601   
    g93506/Y                 INVX4HVT          6 15.3  219  +186   48787 F 
    g93439/B                                                  +0   48787   
    g93439/Y                 NAND2X2HVT        1  4.1  115  +180   48967 R 
    g105988/B0                                                +0   48967   
    g105988/Y                OA21X1HVT         1  4.1  142  +329   49296 R 
    g93351/B0                                                 +0   49296   
    g93351/Y                 OA21X1HVT         1  5.2  174  +362   49658 R 
    g93275/B                                                  +0   49658   
    g93275/Y                 NAND2X4HVT        1  4.1  189  +209   49867 F 
    g93247/B                                                  +0   49867   
    g93247/Y                 OR2X1HVT          1  4.1  209  +300   50167 F 
    mem_rdata_q_reg_28_/D    DFFHQX4HVT                       +0   50167   
    mem_rdata_q_reg_28_/CK   setup                       0  +179   50346 R 
- - - - - - - - - - - - - - - - - - - - - - - - - - - - - - - - - - - - - -
(clock clk)                  capture                               83330 R 
                             uncertainty                    -250   83080 R 
---------------------------------------------------------------------------
Cost Group   : 'clk' (path_group 'clk')
Timing slack :   32734ps 
Start-point  : soc/spimemio/xfer_io1_90_reg/CKN
End-point    : soc/cpu/mem_rdata_q_reg_28_/D

path  20:

           Pin                 Type       Fanout Load Slew Delay Arrival   
                                                 (fF) (ps)  (ps)   (ps)    
---------------------------------------------------------------------------
(clock clk)                  launch                                41665 F 
soc
  spimemio
    xfer_io1_90_reg/CKN                                  0    +0   41665 F 
    xfer_io1_90_reg/Q        DFFNSRX1HVT       1  4.1  204  +404   42069 F 
    g8050/A0                                                  +0   42069   
    g8050/Y                  AO22X1HVT         1  4.1  212  +383   42452 F 
    g8019/B0                                                  +0   42452   
    g8019/Y                  AO21X2HVT         1  5.7  168  +345   42796 F 
  spimemio/flash_io1_do 
soc/flash_io1_do 
flash_bufs_1_/soc_o 
  g1/A                                                        +0   42796   
  g1/Y                       TBUFX12HVT        2 60.3  264  +335   43131 F 
flash_bufs_1_/soc_i 
drc_bufs/A                                                    +0   43131   
drc_bufs/Y                   BUFX2HVT          3  8.7  224  +326   43458 F 
soc/flash_io1_di 
  g3477/A                                                     +0   43458   
  g3477/Y                    AND2X1HVT         1  4.2  210  +280   43738 F 
  g3353/C                                                     +0   43738   
  g3353/Y                    OR3X4HVT          4 12.1  206  +438   44175 F 
  cpu/mem_rdata[1] 
    g85267/B                                                  +0   44175   
    g85267/Y                 NAND2X2HVT        1  4.1  124  +172   44348 R 
    g85201/A                                                  +0   44348   
    g85201/Y                 AND2X1HVT         1  4.1  140  +303   44650 R 
    g85073/B                                                  +0   44650   
    g85073/Y                 AND2X2HVT         3  8.9  178  +393   45043 R 
    g85033/B                                                  +0   45043   
    g85033/Y                 OR2X4HVT          6 16.2  153  +295   45339 R 
    g87654/AN                                                 +0   45339   
    g87654/Y                 NOR2BX2HVT        1  4.1  184  +303   45641 R 
    g84971/B                                                  +0   45641   
    g84971/Y                 OR2X1HVT          1  4.1  134  +256   45897 R 
    g84915/C                                                  +0   45897   
    g84915/Y                 AND3X2HVT         3  9.5  220  +545   46442 R 
    g84902/A                                                  +0   46442   
    g84902/Y                 CLKINVX4HVT       6 16.1  248  +251   46693 F 
    g84877/B                                                  +0   46693   
    g84877/Y                 OR2X4HVT          6 15.7  228  +395   47088 F 
    g84856/B                                                  +0   47088   
    g84856/Y                 OR2X6HVT          8 21.2  211  +353   47441 F 
    g95974/C                                                  +0   47441   
    g95974/Y                 NOR3X2HVT         1  4.1  273  +276   47717 R 
    g94159/B0                                                 +0   47717   
    g94159/Y                 AO21X1HVT         1  4.1  144  +332   48049 R 
    g93743/B                                                  +0   48049   
    g93743/Y                 OR3X1HVT          1  4.2  139  +260   48309 R 
    g93541/C                                                  +0   48309   
    g93541/Y                 OR3X4HVT          4 11.4  120  +260   48569 R 
    g93506/A                                                  +0   48569   
    g93506/Y                 INVX4HVT          6 15.3  219  +186   48754 F 
    g93439/B                                                  +0   48754   
    g93439/Y                 NAND2X2HVT        1  4.1  115  +180   48935 R 
    g105988/B0                                                +0   48935   
    g105988/Y                OA21X1HVT         1  4.1  142  +329   49264 R 
    g93351/B0                                                 +0   49264   
    g93351/Y                 OA21X1HVT         1  5.2  174  +362   49626 R 
    g93275/B                                                  +0   49626   
    g93275/Y                 NAND2X4HVT        1  4.1  189  +209   49834 F 
    g93247/B                                                  +0   49834   
    g93247/Y                 OR2X1HVT          1  4.1  209  +300   50134 F 
    mem_rdata_q_reg_28_/D    DFFHQX4HVT                       +0   50134   
    mem_rdata_q_reg_28_/CK   setup                       0  +179   50313 R 
- - - - - - - - - - - - - - - - - - - - - - - - - - - - - - - - - - - - - -
(clock clk)                  capture                               83330 R 
                             uncertainty                    -250   83080 R 
---------------------------------------------------------------------------
Cost Group   : 'clk' (path_group 'clk')
Timing slack :   32767ps 
Start-point  : soc/spimemio/xfer_io1_90_reg/CKN
End-point    : soc/cpu/mem_rdata_q_reg_28_/D

path  21:

           Pin                 Type       Fanout Load Slew Delay Arrival   
                                                 (fF) (ps)  (ps)   (ps)    
---------------------------------------------------------------------------
(clock clk)                  launch                                41665 F 
soc
  spimemio
    xfer_io1_90_reg/CKN                                  0    +0   41665 F 
    xfer_io1_90_reg/Q        DFFNSRX1HVT       1  4.1  204  +404   42069 F 
    g8050/A0                                                  +0   42069   
    g8050/Y                  AO22X1HVT         1  4.1  212  +383   42452 F 
    g8019/B0                                                  +0   42452   
    g8019/Y                  AO21X2HVT         1  5.7  168  +345   42796 F 
  spimemio/flash_io1_do 
soc/flash_io1_do 
flash_bufs_1_/soc_o 
  g1/A                                                        +0   42796   
  g1/Y                       TBUFX12HVT        2 60.3  264  +335   43131 F 
flash_bufs_1_/soc_i 
drc_bufs/A                                                    +0   43131   
drc_bufs/Y                   BUFX2HVT          3  8.7  224  +326   43458 F 
soc/flash_io1_di 
  g3477/A                                                     +0   43458   
  g3477/Y                    AND2X1HVT         1  4.2  210  +280   43738 F 
  g3353/C                                                     +0   43738   
  g3353/Y                    OR3X4HVT          4 12.1  206  +438   44175 F 
  cpu/mem_rdata[1] 
    g85267/B                                                  +0   44175   
    g85267/Y                 NAND2X2HVT        1  4.1  124  +172   44348 R 
    g85201/A                                                  +0   44348   
    g85201/Y                 AND2X1HVT         1  4.1  140  +303   44650 R 
    g85073/B                                                  +0   44650   
    g85073/Y                 AND2X2HVT         3  8.9  178  +393   45043 R 
    g85033/B                                                  +0   45043   
    g85033/Y                 OR2X4HVT          6 16.2  153  +295   45339 R 
    g87654/AN                                                 +0   45339   
    g87654/Y                 NOR2BX2HVT        1  4.1  184  +303   45641 R 
    g84971/B                                                  +0   45641   
    g84971/Y                 OR2X1HVT          1  4.1  134  +256   45897 R 
    g84915/C                                                  +0   45897   
    g84915/Y                 AND3X2HVT         3  9.5  220  +545   46442 R 
    g84902/A                                                  +0   46442   
    g84902/Y                 CLKINVX4HVT       6 16.1  248  +251   46693 F 
    g84877/B                                                  +0   46693   
    g84877/Y                 OR2X4HVT          6 15.7  228  +395   47088 F 
    g84857/B                                                  +0   47088   
    g84857/Y                 OR2X6HVT         10 23.9  233  +364   47452 F 
    g99306/A                                                  +0   47452   
    g99306/Y                 INVX1HVT          1  4.1  167  +229   47681 R 
    g94159/A1                                                 +0   47681   
    g94159/Y                 AO21X1HVT         1  4.1  144  +365   48046 R 
    g93743/B                                                  +0   48046   
    g93743/Y                 OR3X1HVT          1  4.2  139  +260   48306 R 
    g93541/C                                                  +0   48306   
    g93541/Y                 OR3X4HVT          4 11.4  120  +260   48566 R 
    g93506/A                                                  +0   48566   
    g93506/Y                 INVX4HVT          6 15.3  219  +186   48751 F 
    g93439/B                                                  +0   48751   
    g93439/Y                 NAND2X2HVT        1  4.1  115  +180   48932 R 
    g105988/B0                                                +0   48932   
    g105988/Y                OA21X1HVT         1  4.1  142  +329   49261 R 
    g93351/B0                                                 +0   49261   
    g93351/Y                 OA21X1HVT         1  5.2  174  +362   49623 R 
    g93275/B                                                  +0   49623   
    g93275/Y                 NAND2X4HVT        1  4.1  189  +209   49831 F 
    g93247/B                                                  +0   49831   
    g93247/Y                 OR2X1HVT          1  4.1  209  +300   50131 F 
    mem_rdata_q_reg_28_/D    DFFHQX4HVT                       +0   50131   
    mem_rdata_q_reg_28_/CK   setup                       0  +179   50310 R 
- - - - - - - - - - - - - - - - - - - - - - - - - - - - - - - - - - - - - -
(clock clk)                  capture                               83330 R 
                             uncertainty                    -250   83080 R 
---------------------------------------------------------------------------
Cost Group   : 'clk' (path_group 'clk')
Timing slack :   32770ps 
Start-point  : soc/spimemio/xfer_io1_90_reg/CKN
End-point    : soc/cpu/mem_rdata_q_reg_28_/D

path  22:

           Pin                 Type       Fanout Load Slew Delay Arrival   
                                                 (fF) (ps)  (ps)   (ps)    
---------------------------------------------------------------------------
(clock clk)                  launch                                41665 F 
soc
  spimemio
    xfer_io1_90_reg/CKN                                  0    +0   41665 F 
    xfer_io1_90_reg/Q        DFFNSRX1HVT       1  4.1  204  +404   42069 F 
    g8050/A0                                                  +0   42069   
    g8050/Y                  AO22X1HVT         1  4.1  212  +383   42452 F 
    g8019/B0                                                  +0   42452   
    g8019/Y                  AO21X2HVT         1  5.7  168  +345   42796 F 
  spimemio/flash_io1_do 
soc/flash_io1_do 
flash_bufs_1_/soc_o 
  g1/A                                                        +0   42796   
  g1/Y                       TBUFX12HVT        2 60.3  264  +335   43131 F 
flash_bufs_1_/soc_i 
drc_bufs/A                                                    +0   43131   
drc_bufs/Y                   BUFX2HVT          3  8.7  224  +326   43458 F 
soc/flash_io1_di 
  g3477/A                                                     +0   43458   
  g3477/Y                    AND2X1HVT         1  4.2  210  +280   43738 F 
  g3353/C                                                     +0   43738   
  g3353/Y                    OR3X4HVT          4 12.1  206  +438   44175 F 
  cpu/mem_rdata[1] 
    g85267/B                                                  +0   44175   
    g85267/Y                 NAND2X2HVT        1  4.1  124  +172   44348 R 
    g85201/A                                                  +0   44348   
    g85201/Y                 AND2X1HVT         1  4.1  140  +303   44650 R 
    g85073/B                                                  +0   44650   
    g85073/Y                 AND2X2HVT         3  8.9  178  +393   45043 R 
    g85033/B                                                  +0   45043   
    g85033/Y                 OR2X4HVT          6 16.2  153  +295   45339 R 
    g87654/AN                                                 +0   45339   
    g87654/Y                 NOR2BX2HVT        1  4.1  184  +303   45641 R 
    g84971/B                                                  +0   45641   
    g84971/Y                 OR2X1HVT          1  4.1  134  +256   45897 R 
    g84915/C                                                  +0   45897   
    g84915/Y                 AND3X2HVT         3  9.5  220  +545   46442 R 
    g84902/A                                                  +0   46442   
    g84902/Y                 CLKINVX4HVT       6 16.1  248  +251   46693 F 
    g84877/B                                                  +0   46693   
    g84877/Y                 OR2X4HVT          6 15.7  228  +395   47088 F 
    g84857/B                                                  +0   47088   
    g84857/Y                 OR2X6HVT         10 23.9  233  +364   47452 F 
    g84842/B                                                  +0   47452   
    g84842/Y                 OR2X4HVT          5 13.7  205  +374   47826 F 
    g99298/A                                                  +0   47826   
    g99298/Y                 INVX1HVT          1  4.1  162  +210   48037 R 
    g97809/C                                                  +0   48037   
    g97809/Y                 AND3X2HVT         2  6.2  173  +533   48570 R 
    g93743/C                                                  +0   48570   
    g93743/Y                 OR3X1HVT          1  4.2  139  +262   48832 R 
    g93541/C                                                  +0   48832   
    g93541/Y                 OR3X4HVT          4 11.4  120  +260   49092 R 
    g93506/A                                                  +0   49092   
    g93506/Y                 INVX4HVT          6 15.3  219  +186   49278 F 
    g93435/A1                                                 +0   49278   
    g93435/Y                 AO22X1HVT         1  4.1  212  +379   49657 F 
    g105959/D                                                 +0   49657   
    g105959/Y                OR4X1HVT          1  4.1  220  +449   50106 F 
    mem_rdata_q_reg_27_/D    DFFHQX8HVT                       +0   50106   
    mem_rdata_q_reg_27_/CK   setup                       0  +186   50292 R 
- - - - - - - - - - - - - - - - - - - - - - - - - - - - - - - - - - - - - -
(clock clk)                  capture                               83330 R 
                             uncertainty                    -250   83080 R 
---------------------------------------------------------------------------
Cost Group   : 'clk' (path_group 'clk')
Timing slack :   32788ps 
Start-point  : soc/spimemio/xfer_io1_90_reg/CKN
End-point    : soc/cpu/mem_rdata_q_reg_27_/D

path  23:

         Pin                Type       Fanout Load Slew Delay Arrival   
                                              (fF) (ps)  (ps)   (ps)    
------------------------------------------------------------------------
(clock clk)               launch                                41665 F 
soc
  spimemio
    xfer_io1_90_reg/CKN                               0    +0   41665 F 
    xfer_io1_90_reg/Q     DFFNSRX1HVT       1  4.1  204  +404   42069 F 
    g8050/A0                                               +0   42069   
    g8050/Y               AO22X1HVT         1  4.1  212  +383   42452 F 
    g8019/B0                                               +0   42452   
    g8019/Y               AO21X2HVT         1  5.7  168  +345   42796 F 
  spimemio/flash_io1_do 
soc/flash_io1_do 
flash_bufs_1_/soc_o 
  g1/A                                                     +0   42796   
  g1/Y                    TBUFX12HVT        2 60.3  264  +335   43131 F 
flash_bufs_1_/soc_i 
drc_bufs/A                                                 +0   43131   
drc_bufs/Y                BUFX2HVT          3  8.7  224  +326   43458 F 
soc/flash_io1_di 
  g3477/A                                                  +0   43458   
  g3477/Y                 AND2X1HVT         1  4.2  210  +280   43738 F 
  g3353/C                                                  +0   43738   
  g3353/Y                 OR3X4HVT          4 12.1  206  +438   44175 F 
  cpu/mem_rdata[1] 
    g85267/B                                               +0   44175   
    g85267/Y              NAND2X2HVT        1  4.1  124  +172   44348 R 
    g85201/A                                               +0   44348   
    g85201/Y              AND2X1HVT         1  4.1  140  +303   44650 R 
    g85073/B                                               +0   44650   
    g85073/Y              AND2X2HVT         3  8.9  178  +393   45043 R 
    g85033/B                                               +0   45043   
    g85033/Y              OR2X4HVT          6 16.2  153  +295   45339 R 
    g87654/AN                                              +0   45339   
    g87654/Y              NOR2BX2HVT        1  4.1  184  +303   45641 R 
    g84971/B                                               +0   45641   
    g84971/Y              OR2X1HVT          1  4.1  134  +256   45897 R 
    g84915/C                                               +0   45897   
    g84915/Y              AND3X2HVT         3  9.5  220  +545   46442 R 
    g84902/A                                               +0   46442   
    g84902/Y              CLKINVX4HVT       6 16.1  248  +251   46693 F 
    g84876/C                                               +0   46693   
    g84876/Y              OR3X8HVT          8 26.7  235  +469   47162 F 
    g98529/B                                               +0   47162   
    g98529/Y              OR2X2HVT          3  9.9  261  +395   47557 F 
    g98188/A                                               +0   47557   
    g98188/Y              INVX1HVT          1  4.2  175  +250   47807 R 
    g97621/B                                               +0   47807   
    g97621/Y              AND2X4HVT         7 21.8  220  +430   48237 R 
    g96243/B                                               +0   48237   
    g96243/Y              NAND2X2HVT        1  4.1  287  +300   48537 F 
    g96029/B                                               +0   48537   
    g96029/Y              AND2X1HVT         1  4.1  205  +319   48856 F 
    g93932/C                                               +0   48856   
    g93932/Y              AND3X1HVT         1  4.1  206  +277   49134 F 
    g93567/D                                               +0   49134   
    g93567/Y              AND4X1HVT         1  5.1  252  +311   49445 F 
    g93448/B                                               +0   49445   
    g93448/Y              NAND2X4HVT        1  4.1   88  +169   49614 R 
    g105964/A1                                             +0   49614   
    g105964/Y             OA21X1HVT         1  4.1  143  +313   49927 R 
    reg_out_reg_13_/D     DFFQX2HVT                        +0   49927   
    reg_out_reg_13_/CK    setup                       0  +282   50209 R 
- - - - - - - - - - - - - - - - - - - - - - - - - - - - - - - - - - - - 
(clock clk)               capture                               83330 R 
                          uncertainty                    -250   83080 R 
------------------------------------------------------------------------
Cost Group   : 'clk' (path_group 'clk')
Timing slack :   32871ps 
Start-point  : soc/spimemio/xfer_io1_90_reg/CKN
End-point    : soc/cpu/reg_out_reg_13_/D

path  24:

         Pin                 Type       Fanout Load Slew Delay Arrival   
                                               (fF) (ps)  (ps)   (ps)    
-------------------------------------------------------------------------
(clock clk)               launch                                 41665 F 
soc
  spimemio
    xfer_io0_90_reg/CKN                                0    +0   41665 F 
    xfer_io0_90_reg/Q     DFFNSRX1HVT        1  4.1  204  +404   42069 F 
    g8049/A0                                                +0   42069   
    g8049/Y               AO22X1HVT          1  4.1  212  +383   42452 F 
    g8013/B0                                                +0   42452   
    g8013/Y               AO21X2HVT          1  5.7  168  +345   42796 F 
  spimemio/flash_io0_do 
soc/flash_io0_do 
flash_bufs_0_/soc_o 
  g1/A                                                      +0   42796   
  g1/Y                    TBUFX12HVT         3 63.4  277  +342   43138 F 
flash_bufs_0_/soc_i 
soc/flash_io0_di 
  g3479/A                                                   +0   43138   
  g3479/Y                 AND2X1HVT          1  4.2  210  +308   43446 F 
  g3354/C                                                   +0   43446   
  g3354/Y                 OR3X4HVT           4 12.2  207  +438   43884 F 
  cpu/mem_rdata[0] 
    g85261/B                                                +0   43884   
    g85261/Y              NAND2X2HVT         1  4.1  124  +173   44057 R 
    g85199/A                                                +0   44057   
    g85199/Y              AND2X1HVT          1  4.1  140  +303   44360 R 
    g85072/B                                                +0   44360   
    g85072/Y              AND2X2HVT          3  9.6  188  +399   44759 R 
    g85033/A                                                +0   44759   
    g85033/Y              OR2X4HVT           6 16.2  153  +315   45074 R 
    g87654/AN                                               +0   45074   
    g87654/Y              NOR2BX2HVT         1  4.1  184  +303   45377 R 
    g84971/B                                                +0   45377   
    g84971/Y              OR2X1HVT           1  4.1  134  +256   45632 R 
    g84915/C                                                +0   45632   
    g84915/Y              AND3X2HVT          3  9.5  220  +545   46177 R 
    g84902/A                                                +0   46177   
    g84902/Y              CLKINVX4HVT        6 16.1  248  +251   46428 F 
    g84876/C                                                +0   46428   
    g84876/Y              OR3X8HVT           8 26.7  235  +469   46897 F 
    g98529/B                                                +0   46897   
    g98529/Y              OR2X2HVT           3  9.9  261  +395   47292 F 
    g98188/A                                                +0   47292   
    g98188/Y              INVX1HVT           1  4.2  175  +250   47542 R 
    g97621/B                                                +0   47542   
    g97621/Y              AND2X4HVT          7 21.8  220  +430   47972 R 
    g96245/B                                                +0   47972   
    g96245/Y              NAND2X2HVT         1  4.1  287  +300   48272 F 
    g96030/B                                                +0   48272   
    g96030/Y              AND2X1HVT          1  4.1  205  +319   48591 F 
    g93933/C                                                +0   48591   
    g93933/Y              AND3X1HVT          1  4.1  206  +277   48869 F 
    g93568/D                                                +0   48869   
    g93568/Y              AND4X1HVT          1  5.1  252  +311   49180 F 
    g106570/B0                                              +0   49180   
    g106570/Y             OAI2BB1X4HVT       1  4.1   96  +175   49355 R 
    g106569/B0                                              +0   49355   
    g106569/Y             AO21X1HVT          1  4.1  144  +221   49576 R 
    g105965/A1                                              +0   49576   
    g105965/Y             OA21X1HVT          1  4.1  143  +349   49924 R 
    reg_out_reg_14_/D     DFFQX2HVT                         +0   49924   
    reg_out_reg_14_/CK    setup                        0  +282   50206 R 
- - - - - - - - - - - - - - - - - - - - - - - - - - - - - - - - - - - - -
(clock clk)               capture                                83330 R 
                          uncertainty                     -250   83080 R 
-------------------------------------------------------------------------
Cost Group   : 'clk' (path_group 'clk')
Timing slack :   32874ps 
Start-point  : soc/spimemio/xfer_io0_90_reg/CKN
End-point    : soc/cpu/reg_out_reg_14_/D

path  25:

         Pin                 Type       Fanout Load Slew Delay Arrival   
                                               (fF) (ps)  (ps)   (ps)    
-------------------------------------------------------------------------
(clock clk)               launch                                 41665 F 
soc
  spimemio
    xfer_io0_90_reg/CKN                                0    +0   41665 F 
    xfer_io0_90_reg/Q     DFFNSRX1HVT        1  4.1  204  +404   42069 F 
    g8049/A0                                                +0   42069   
    g8049/Y               AO22X1HVT          1  4.1  212  +383   42452 F 
    g8013/B0                                                +0   42452   
    g8013/Y               AO21X2HVT          1  5.7  168  +345   42796 F 
  spimemio/flash_io0_do 
soc/flash_io0_do 
flash_bufs_0_/soc_o 
  g1/A                                                      +0   42796   
  g1/Y                    TBUFX12HVT         3 63.4  277  +342   43138 F 
flash_bufs_0_/soc_i 
soc/flash_io0_di 
  g3479/A                                                   +0   43138   
  g3479/Y                 AND2X1HVT          1  4.2  210  +308   43446 F 
  g3354/C                                                   +0   43446   
  g3354/Y                 OR3X4HVT           4 12.2  207  +438   43884 F 
  cpu/mem_rdata[0] 
    g85261/B                                                +0   43884   
    g85261/Y              NAND2X2HVT         1  4.1  124  +173   44057 R 
    g85199/A                                                +0   44057   
    g85199/Y              AND2X1HVT          1  4.1  140  +303   44360 R 
    g85072/B                                                +0   44360   
    g85072/Y              AND2X2HVT          3  9.6  188  +399   44759 R 
    g85033/A                                                +0   44759   
    g85033/Y              OR2X4HVT           6 16.2  153  +315   45074 R 
    g87654/AN                                               +0   45074   
    g87654/Y              NOR2BX2HVT         1  4.1  184  +303   45377 R 
    g84971/B                                                +0   45377   
    g84971/Y              OR2X1HVT           1  4.1  134  +256   45632 R 
    g84915/C                                                +0   45632   
    g84915/Y              AND3X2HVT          3  9.5  220  +545   46177 R 
    g84902/A                                                +0   46177   
    g84902/Y              CLKINVX4HVT        6 16.1  248  +251   46428 F 
    g84876/C                                                +0   46428   
    g84876/Y              OR3X8HVT           8 26.7  235  +469   46897 F 
    g98529/B                                                +0   46897   
    g98529/Y              OR2X2HVT           3  9.9  261  +395   47292 F 
    g98188/A                                                +0   47292   
    g98188/Y              INVX1HVT           1  4.2  175  +250   47542 R 
    g97621/B                                                +0   47542   
    g97621/Y              AND2X4HVT          7 21.8  220  +430   47972 R 
    g96241/B                                                +0   47972   
    g96241/Y              NAND2X2HVT         1  4.1  287  +300   48272 F 
    g96027/B                                                +0   48272   
    g96027/Y              AND2X1HVT          1  4.1  205  +319   48591 F 
    g93874/C                                                +0   48591   
    g93874/Y              AND3X1HVT          1  4.1  206  +277   48869 F 
    g93565/D                                                +0   48869   
    g93565/Y              AND4X1HVT          1  5.1  252  +311   49180 F 
    g106572/B0                                              +0   49180   
    g106572/Y             OAI2BB1X4HVT       1  4.1   96  +175   49355 R 
    g106571/B0                                              +0   49355   
    g106571/Y             AO21X1HVT          1  4.1  144  +221   49576 R 
    g105961/A1                                              +0   49576   
    g105961/Y             OA21X1HVT          1  4.1  143  +349   49924 R 
    reg_out_reg_11_/D     DFFQX2HVT                         +0   49924   
    reg_out_reg_11_/CK    setup                        0  +282   50206 R 
- - - - - - - - - - - - - - - - - - - - - - - - - - - - - - - - - - - - -
(clock clk)               capture                                83330 R 
                          uncertainty                     -250   83080 R 
-------------------------------------------------------------------------
Cost Group   : 'clk' (path_group 'clk')
Timing slack :   32874ps 
Start-point  : soc/spimemio/xfer_io0_90_reg/CKN
End-point    : soc/cpu/reg_out_reg_11_/D

path  26:

          Pin                 Type       Fanout Load Slew Delay Arrival   
                                                (fF) (ps)  (ps)   (ps)    
--------------------------------------------------------------------------
(clock clk)                 launch                                41665 F 
soc
  spimemio
    xfer_io1_90_reg/CKN                                 0    +0   41665 F 
    xfer_io1_90_reg/Q       DFFNSRX1HVT       1  4.1  132  +380   42045 R 
    g8050/A0                                                 +0   42045   
    g8050/Y                 AO22X1HVT         1  4.1  150  +442   42487 R 
    g8019/B0                                                 +0   42487   
    g8019/Y                 AO21X2HVT         1  5.9  139  +278   42764 R 
  spimemio/flash_io1_do 
soc/flash_io1_do 
flash_bufs_1_/soc_o 
  g1/A                                                       +0   42764   
  g1/Y                      TBUFX12HVT        2 60.1  188  +363   43127 R 
flash_bufs_1_/soc_i 
drc_bufs/A                                                   +0   43127   
drc_bufs/Y                  BUFX2HVT          3  8.8  154  +295   43422 R 
soc/flash_io1_di 
  g3477/A                                                    +0   43422   
  g3477/Y                   AND2X1HVT         1  4.2  143  +321   43743 R 
  g3353/C                                                    +0   43743   
  g3353/Y                   OR3X4HVT          4 12.4  126  +267   44010 R 
  cpu/mem_rdata[1] 
    g85267/B                                                 +0   44010   
    g85267/Y                NAND2X2HVT        1  4.1  279  +244   44254 F 
    g85201/A                                                 +0   44254   
    g85201/Y                AND2X1HVT         1  4.1  205  +307   44560 F 
    g85073/B                                                 +0   44560   
    g85073/Y                AND2X2HVT         3  8.8  228  +304   44865 F 
    g85033/B                                                 +0   44865   
    g85033/Y                OR2X4HVT          6 15.9  230  +385   45250 F 
    g99242/B                                                 +0   45250   
    g99242/Y                NOR2X2HVT         2  6.6  262  +277   45527 R 
    g98178/B                                                 +0   45527   
    g98178/Y                AND2X2HVT         3  9.3  185  +469   45996 R 
    g103771/B                                                +0   45996   
    g103771/Y               NAND2BX4HVT       2  6.1  246  +246   46242 F 
    g96248/AN                                                +0   46242   
    g96248/Y                NAND2BX2HVT       1  4.1  279  +373   46616 F 
    g95957/B                                                 +0   46616   
    g95957/Y                OR2X1HVT          1  4.5  227  +354   46970 F 
    g93935/C                                                 +0   46970   
    g93935/Y                NOR3X2HVT         1  4.1  274  +285   47254 R 
    g105996/AN                                               +0   47254   
    g105996/Y               NOR3BX2HVT        1  4.1  271  +464   47718 R 
    g105989/B                                                +0   47718   
    g105989/Y               AND3X2HVT         4 10.4  233  +678   48397 R 
    g93438/A                                                 +0   48397   
    g93438/Y                INVX1HVT          1  4.1  240  +285   48681 F 
    g93396/B                                                 +0   48681   
    g93396/Y                AND2X2HVT         3  9.2  237  +329   49010 F 
    g93308/B                                                 +0   49010   
    g93308/Y                NAND2X4HVT        1  4.1   86  +161   49171 R 
    g93294/B0                                                +0   49171   
    g93294/Y                OA21X1HVT         1  5.2  174  +329   49500 R 
    g93244/B                                                 +0   49500   
    g93244/Y                NAND2X4HVT        1  4.1  189  +209   49709 F 
    g93225/B                                                 +0   49709   
    g93225/Y                OR2X1HVT          1  4.1  209  +300   50009 F 
    decoded_rs1_reg_3_/D    DFFQX4HVT                        +0   50009   
    decoded_rs1_reg_3_/CK   setup                       0  +196   50205 R 
- - - - - - - - - - - - - - - - - - - - - - - - - - - - - - - - - - - - - 
(clock clk)                 capture                               83330 R 
                            uncertainty                    -250   83080 R 
--------------------------------------------------------------------------
Cost Group   : 'clk' (path_group 'clk')
Timing slack :   32875ps 
Start-point  : soc/spimemio/xfer_io1_90_reg/CKN
End-point    : soc/cpu/decoded_rs1_reg_3_/D

path  27:

         Pin                 Type       Fanout Load Slew Delay Arrival   
                                               (fF) (ps)  (ps)   (ps)    
-------------------------------------------------------------------------
(clock clk)               launch                                 41665 F 
soc
  spimemio
    xfer_io1_90_reg/CKN                                0    +0   41665 F 
    xfer_io1_90_reg/Q     DFFNSRX1HVT        1  4.1  132  +380   42045 R 
    g8050/A0                                                +0   42045   
    g8050/Y               AO22X1HVT          1  4.1  150  +442   42487 R 
    g8019/B0                                                +0   42487   
    g8019/Y               AO21X2HVT          1  5.9  139  +278   42764 R 
  spimemio/flash_io1_do 
soc/flash_io1_do 
flash_bufs_1_/soc_o 
  g1/A                                                      +0   42764   
  g1/Y                    TBUFX12HVT         2 60.1  188  +363   43127 R 
flash_bufs_1_/soc_i 
drc_bufs/A                                                  +0   43127   
drc_bufs/Y                BUFX2HVT           3  8.8  154  +295   43422 R 
soc/flash_io1_di 
  g3477/A                                                   +0   43422   
  g3477/Y                 AND2X1HVT          1  4.2  143  +321   43743 R 
  g3353/C                                                   +0   43743   
  g3353/Y                 OR3X4HVT           4 12.4  126  +267   44010 R 
  cpu/mem_rdata[1] 
    g85267/B                                                +0   44010   
    g85267/Y              NAND2X2HVT         1  4.1  279  +244   44254 F 
    g85201/A                                                +0   44254   
    g85201/Y              AND2X1HVT          1  4.1  205  +307   44560 F 
    g85073/B                                                +0   44560   
    g85073/Y              AND2X2HVT          3  8.8  228  +304   44865 F 
    g85033/B                                                +0   44865   
    g85033/Y              OR2X4HVT           6 15.9  230  +385   45250 F 
    g87654/AN                                               +0   45250   
    g87654/Y              NOR2BX2HVT         1  4.1  143  +263   45514 F 
    g84971/B                                                +0   45514   
    g84971/Y              OR2X1HVT           1  4.1  209  +276   45790 F 
    g84915/C                                                +0   45790   
    g84915/Y              AND3X2HVT          3  9.4  242  +323   46113 F 
    g84902/A                                                +0   46113   
    g84902/Y              CLKINVX4HVT        6 16.5  166  +212   46325 R 
    g84876/C                                                +0   46325   
    g84876/Y              OR3X8HVT           8 27.9  143  +287   46612 R 
    g98529/B                                                +0   46612   
    g98529/Y              OR2X2HVT           3 10.1  174  +288   46900 R 
    g98188/A                                                +0   46900   
    g98188/Y              INVX1HVT           1  4.2  234  +244   47144 F 
    g97621/B                                                +0   47144   
    g97621/Y              AND2X4HVT          7 21.1  278  +354   47498 F 
    g96245/B                                                +0   47498   
    g96245/Y              NAND2X2HVT         1  4.1  126  +216   47714 R 
    g96030/B                                                +0   47714   
    g96030/Y              AND2X1HVT          1  4.1  140  +328   48042 R 
    g93933/C                                                +0   48042   
    g93933/Y              AND3X1HVT          1  4.1  153  +432   48474 R 
    g93568/D                                                +0   48474   
    g93568/Y              AND4X1HVT          1  5.2  208  +601   49076 R 
    g106570/B0                                              +0   49076   
    g106570/Y             OAI2BB1X4HVT       1  4.1  192  +261   49337 F 
    g106569/B0                                              +0   49337   
    g106569/Y             AO21X1HVT          1  4.1  210  +315   49652 F 
    g105965/A1                                              +0   49652   
    g105965/Y             OA21X1HVT          1  4.1  212  +332   49984 F 
    reg_out_reg_14_/D     DFFQX2HVT                         +0   49984   
    reg_out_reg_14_/CK    setup                        0  +195   50180 R 
- - - - - - - - - - - - - - - - - - - - - - - - - - - - - - - - - - - - -
(clock clk)               capture                                83330 R 
                          uncertainty                     -250   83080 R 
-------------------------------------------------------------------------
Cost Group   : 'clk' (path_group 'clk')
Timing slack :   32900ps 
Start-point  : soc/spimemio/xfer_io1_90_reg/CKN
End-point    : soc/cpu/reg_out_reg_14_/D

path  28:

         Pin                 Type       Fanout Load Slew Delay Arrival   
                                               (fF) (ps)  (ps)   (ps)    
-------------------------------------------------------------------------
(clock clk)               launch                                 41665 F 
soc
  spimemio
    xfer_io1_90_reg/CKN                                0    +0   41665 F 
    xfer_io1_90_reg/Q     DFFNSRX1HVT        1  4.1  132  +380   42045 R 
    g8050/A0                                                +0   42045   
    g8050/Y               AO22X1HVT          1  4.1  150  +442   42487 R 
    g8019/B0                                                +0   42487   
    g8019/Y               AO21X2HVT          1  5.9  139  +278   42764 R 
  spimemio/flash_io1_do 
soc/flash_io1_do 
flash_bufs_1_/soc_o 
  g1/A                                                      +0   42764   
  g1/Y                    TBUFX12HVT         2 60.1  188  +363   43127 R 
flash_bufs_1_/soc_i 
drc_bufs/A                                                  +0   43127   
drc_bufs/Y                BUFX2HVT           3  8.8  154  +295   43422 R 
soc/flash_io1_di 
  g3477/A                                                   +0   43422   
  g3477/Y                 AND2X1HVT          1  4.2  143  +321   43743 R 
  g3353/C                                                   +0   43743   
  g3353/Y                 OR3X4HVT           4 12.4  126  +267   44010 R 
  cpu/mem_rdata[1] 
    g85267/B                                                +0   44010   
    g85267/Y              NAND2X2HVT         1  4.1  279  +244   44254 F 
    g85201/A                                                +0   44254   
    g85201/Y              AND2X1HVT          1  4.1  205  +307   44560 F 
    g85073/B                                                +0   44560   
    g85073/Y              AND2X2HVT          3  8.8  228  +304   44865 F 
    g85033/B                                                +0   44865   
    g85033/Y              OR2X4HVT           6 15.9  230  +385   45250 F 
    g87654/AN                                               +0   45250   
    g87654/Y              NOR2BX2HVT         1  4.1  143  +263   45514 F 
    g84971/B                                                +0   45514   
    g84971/Y              OR2X1HVT           1  4.1  209  +276   45790 F 
    g84915/C                                                +0   45790   
    g84915/Y              AND3X2HVT          3  9.4  242  +323   46113 F 
    g84902/A                                                +0   46113   
    g84902/Y              CLKINVX4HVT        6 16.5  166  +212   46325 R 
    g84876/C                                                +0   46325   
    g84876/Y              OR3X8HVT           8 27.9  143  +287   46612 R 
    g98529/B                                                +0   46612   
    g98529/Y              OR2X2HVT           3 10.1  174  +288   46900 R 
    g98188/A                                                +0   46900   
    g98188/Y              INVX1HVT           1  4.2  234  +244   47144 F 
    g97621/B                                                +0   47144   
    g97621/Y              AND2X4HVT          7 21.1  278  +354   47498 F 
    g96241/B                                                +0   47498   
    g96241/Y              NAND2X2HVT         1  4.1  126  +216   47714 R 
    g96027/B                                                +0   47714   
    g96027/Y              AND2X1HVT          1  4.1  140  +328   48042 R 
    g93874/C                                                +0   48042   
    g93874/Y              AND3X1HVT          1  4.1  153  +432   48474 R 
    g93565/D                                                +0   48474   
    g93565/Y              AND4X1HVT          1  5.2  208  +601   49076 R 
    g106572/B0                                              +0   49076   
    g106572/Y             OAI2BB1X4HVT       1  4.1  192  +261   49337 F 
    g106571/B0                                              +0   49337   
    g106571/Y             AO21X1HVT          1  4.1  210  +315   49652 F 
    g105961/A1                                              +0   49652   
    g105961/Y             OA21X1HVT          1  4.1  212  +332   49984 F 
    reg_out_reg_11_/D     DFFQX2HVT                         +0   49984   
    reg_out_reg_11_/CK    setup                        0  +195   50180 R 
- - - - - - - - - - - - - - - - - - - - - - - - - - - - - - - - - - - - -
(clock clk)               capture                                83330 R 
                          uncertainty                     -250   83080 R 
-------------------------------------------------------------------------
Cost Group   : 'clk' (path_group 'clk')
Timing slack :   32900ps 
Start-point  : soc/spimemio/xfer_io1_90_reg/CKN
End-point    : soc/cpu/reg_out_reg_11_/D

path  29:

           Pin                 Type       Fanout Load Slew Delay Arrival   
                                                 (fF) (ps)  (ps)   (ps)    
---------------------------------------------------------------------------
(clock clk)                  launch                                41665 F 
soc
  spimemio
    xfer_io1_90_reg/CKN                                  0    +0   41665 F 
    xfer_io1_90_reg/Q        DFFNSRX1HVT       1  4.1  204  +404   42069 F 
    g8050/A0                                                  +0   42069   
    g8050/Y                  AO22X1HVT         1  4.1  212  +383   42452 F 
    g8019/B0                                                  +0   42452   
    g8019/Y                  AO21X2HVT         1  5.7  168  +345   42796 F 
  spimemio/flash_io1_do 
soc/flash_io1_do 
flash_bufs_1_/soc_o 
  g1/A                                                        +0   42796   
  g1/Y                       TBUFX12HVT        2 60.3  264  +335   43131 F 
flash_bufs_1_/soc_i 
drc_bufs/A                                                    +0   43131   
drc_bufs/Y                   BUFX2HVT          3  8.7  224  +326   43458 F 
soc/flash_io1_di 
  g3477/A                                                     +0   43458   
  g3477/Y                    AND2X1HVT         1  4.2  210  +280   43738 F 
  g3353/C                                                     +0   43738   
  g3353/Y                    OR3X4HVT          4 12.1  206  +438   44175 F 
  cpu/mem_rdata[1] 
    g85267/B                                                  +0   44175   
    g85267/Y                 NAND2X2HVT        1  4.1  124  +172   44348 R 
    g85201/A                                                  +0   44348   
    g85201/Y                 AND2X1HVT         1  4.1  140  +303   44650 R 
    g85073/B                                                  +0   44650   
    g85073/Y                 AND2X2HVT         3  8.9  178  +393   45043 R 
    g85033/B                                                  +0   45043   
    g85033/Y                 OR2X4HVT          6 16.2  153  +295   45339 R 
    g87654/AN                                                 +0   45339   
    g87654/Y                 NOR2BX2HVT        1  4.1  184  +303   45641 R 
    g84971/B                                                  +0   45641   
    g84971/Y                 OR2X1HVT          1  4.1  134  +256   45897 R 
    g84915/C                                                  +0   45897   
    g84915/Y                 AND3X2HVT         3  9.5  220  +545   46442 R 
    g84902/A                                                  +0   46442   
    g84902/Y                 CLKINVX4HVT       6 16.1  248  +251   46693 F 
    g84877/B                                                  +0   46693   
    g84877/Y                 OR2X4HVT          6 15.7  228  +395   47088 F 
    g84857/B                                                  +0   47088   
    g84857/Y                 OR2X6HVT         10 23.9  233  +364   47452 F 
    g84842/B                                                  +0   47452   
    g84842/Y                 OR2X4HVT          5 13.7  205  +374   47826 F 
    g99298/A                                                  +0   47826   
    g99298/Y                 INVX1HVT          1  4.1  162  +210   48037 R 
    g97809/C                                                  +0   48037   
    g97809/Y                 AND3X2HVT         2  6.2  173  +533   48570 R 
    g93743/C                                                  +0   48570   
    g93743/Y                 OR3X1HVT          1  4.2  139  +262   48832 R 
    g93541/C                                                  +0   48832   
    g93541/Y                 OR3X4HVT          4 11.4  120  +260   49092 R 
    g93506/A                                                  +0   49092   
    g93506/Y                 INVX4HVT          6 15.3  219  +186   49278 F 
    g93432/A1                                                 +0   49278   
    g93432/Y                 AO21X1HVT         1  4.1  210  +342   49620 F 
    g105958/C                                                 +0   49620   
    g105958/Y                OR3X1HVT          1  4.1  213  +373   49993 F 
    mem_rdata_q_reg_12_/D    DFFHQX4HVT                       +0   49993   
    mem_rdata_q_reg_12_/CK   setup                       0  +181   50174 R 
- - - - - - - - - - - - - - - - - - - - - - - - - - - - - - - - - - - - - -
(clock clk)                  capture                               83330 R 
                             uncertainty                    -250   83080 R 
---------------------------------------------------------------------------
Cost Group   : 'clk' (path_group 'clk')
Timing slack :   32906ps 
Start-point  : soc/spimemio/xfer_io1_90_reg/CKN
End-point    : soc/cpu/mem_rdata_q_reg_12_/D

path  30:

           Pin                 Type       Fanout Load Slew Delay Arrival   
                                                 (fF) (ps)  (ps)   (ps)    
---------------------------------------------------------------------------
(clock clk)                  launch                                41665 F 
soc
  spimemio
    xfer_io1_90_reg/CKN                                  0    +0   41665 F 
    xfer_io1_90_reg/Q        DFFNSRX1HVT       1  4.1  204  +404   42069 F 
    g8050/A0                                                  +0   42069   
    g8050/Y                  AO22X1HVT         1  4.1  212  +383   42452 F 
    g8019/B0                                                  +0   42452   
    g8019/Y                  AO21X2HVT         1  5.7  168  +345   42796 F 
  spimemio/flash_io1_do 
soc/flash_io1_do 
flash_bufs_1_/soc_o 
  g1/A                                                        +0   42796   
  g1/Y                       TBUFX12HVT        2 60.3  264  +335   43131 F 
flash_bufs_1_/soc_i 
drc_bufs/A                                                    +0   43131   
drc_bufs/Y                   BUFX2HVT          3  8.7  224  +326   43458 F 
soc/flash_io1_di 
  g3477/A                                                     +0   43458   
  g3477/Y                    AND2X1HVT         1  4.2  210  +280   43738 F 
  g3353/C                                                     +0   43738   
  g3353/Y                    OR3X4HVT          4 12.1  206  +438   44175 F 
  cpu/mem_rdata[1] 
    g85267/B                                                  +0   44175   
    g85267/Y                 NAND2X2HVT        1  4.1  124  +172   44348 R 
    g85201/A                                                  +0   44348   
    g85201/Y                 AND2X1HVT         1  4.1  140  +303   44650 R 
    g85073/B                                                  +0   44650   
    g85073/Y                 AND2X2HVT         3  8.9  178  +393   45043 R 
    g85033/B                                                  +0   45043   
    g85033/Y                 OR2X4HVT          6 16.2  153  +295   45339 R 
    g87654/AN                                                 +0   45339   
    g87654/Y                 NOR2BX2HVT        1  4.1  184  +303   45641 R 
    g84971/B                                                  +0   45641   
    g84971/Y                 OR2X1HVT          1  4.1  134  +256   45897 R 
    g84915/C                                                  +0   45897   
    g84915/Y                 AND3X2HVT         3  9.5  220  +545   46442 R 
    g84902/A                                                  +0   46442   
    g84902/Y                 CLKINVX4HVT       6 16.1  248  +251   46693 F 
    g84877/B                                                  +0   46693   
    g84877/Y                 OR2X4HVT          6 15.7  228  +395   47088 F 
    g84857/B                                                  +0   47088   
    g84857/Y                 OR2X6HVT         10 23.9  233  +364   47452 F 
    g84842/B                                                  +0   47452   
    g84842/Y                 OR2X4HVT          5 13.7  205  +374   47826 F 
    g99298/A                                                  +0   47826   
    g99298/Y                 INVX1HVT          1  4.1  162  +210   48037 R 
    g97809/C                                                  +0   48037   
    g97809/Y                 AND3X2HVT         2  6.2  173  +533   48570 R 
    g93743/C                                                  +0   48570   
    g93743/Y                 OR3X1HVT          1  4.2  139  +262   48832 R 
    g93541/C                                                  +0   48832   
    g93541/Y                 OR3X4HVT          4 11.4  120  +260   49092 R 
    g93506/A                                                  +0   49092   
    g93506/Y                 INVX4HVT          6 15.3  219  +186   49278 F 
    g93453/B                                                  +0   49278   
    g93453/Y                 NAND2X2HVT        1  4.1  115  +180   49458 R 
    g93424/A                                                  +0   49458   
    g93424/Y                 AND2X1HVT         1  5.2  170  +315   49773 R 
    g93304/B                                                  +0   49773   
    g93304/Y                 NAND2BX4HVT       1  4.1  192  +208   49982 F 
    mem_rdata_q_reg_25_/D    DFFX4HVT                         +0   49982   
    mem_rdata_q_reg_25_/CK   setup                       0  +187   50168 R 
- - - - - - - - - - - - - - - - - - - - - - - - - - - - - - - - - - - - - -
(clock clk)                  capture                               83330 R 
                             uncertainty                    -250   83080 R 
---------------------------------------------------------------------------
Cost Group   : 'clk' (path_group 'clk')
Timing slack :   32912ps 
Start-point  : soc/spimemio/xfer_io1_90_reg/CKN
End-point    : soc/cpu/mem_rdata_q_reg_25_/D

path  31:

           Pin                 Type       Fanout Load Slew Delay Arrival   
                                                 (fF) (ps)  (ps)   (ps)    
---------------------------------------------------------------------------
(clock clk)                  launch                                41665 F 
soc
  spimemio
    xfer_io1_90_reg/CKN                                  0    +0   41665 F 
    xfer_io1_90_reg/Q        DFFNSRX1HVT       1  4.1  204  +404   42069 F 
    g8050/A0                                                  +0   42069   
    g8050/Y                  AO22X1HVT         1  4.1  212  +383   42452 F 
    g8019/B0                                                  +0   42452   
    g8019/Y                  AO21X2HVT         1  5.7  168  +345   42796 F 
  spimemio/flash_io1_do 
soc/flash_io1_do 
flash_bufs_1_/soc_o 
  g1/A                                                        +0   42796   
  g1/Y                       TBUFX12HVT        2 60.3  264  +335   43131 F 
flash_bufs_1_/soc_i 
drc_bufs/A                                                    +0   43131   
drc_bufs/Y                   BUFX2HVT          3  8.7  224  +326   43458 F 
soc/flash_io1_di 
  g3477/A                                                     +0   43458   
  g3477/Y                    AND2X1HVT         1  4.2  210  +280   43738 F 
  g3353/C                                                     +0   43738   
  g3353/Y                    OR3X4HVT          4 12.1  206  +438   44175 F 
  cpu/mem_rdata[1] 
    g85267/B                                                  +0   44175   
    g85267/Y                 NAND2X2HVT        1  4.1  124  +172   44348 R 
    g85201/A                                                  +0   44348   
    g85201/Y                 AND2X1HVT         1  4.1  140  +303   44650 R 
    g85073/B                                                  +0   44650   
    g85073/Y                 AND2X2HVT         3  8.9  178  +393   45043 R 
    g85033/B                                                  +0   45043   
    g85033/Y                 OR2X4HVT          6 16.2  153  +295   45339 R 
    g87654/AN                                                 +0   45339   
    g87654/Y                 NOR2BX2HVT        1  4.1  184  +303   45641 R 
    g84971/B                                                  +0   45641   
    g84971/Y                 OR2X1HVT          1  4.1  134  +256   45897 R 
    g84915/C                                                  +0   45897   
    g84915/Y                 AND3X2HVT         3  9.5  220  +545   46442 R 
    g84902/A                                                  +0   46442   
    g84902/Y                 CLKINVX4HVT       6 16.1  248  +251   46693 F 
    g84877/B                                                  +0   46693   
    g84877/Y                 OR2X4HVT          6 15.7  228  +395   47088 F 
    g84857/B                                                  +0   47088   
    g84857/Y                 OR2X6HVT         10 23.9  233  +364   47452 F 
    g84841/B                                                  +0   47452   
    g84841/Y                 OR2X4HVT          7 18.5  261  +404   47857 F 
    g99374/A                                                  +0   47857   
    g99374/Y                 INVX3HVT          6 14.6  194  +240   48097 R 
    g93541/A                                                  +0   48097   
    g93541/Y                 OR3X4HVT          4 11.4  120  +319   48416 R 
    g93506/A                                                  +0   48416   
    g93506/Y                 INVX4HVT          6 15.3  219  +186   48602 F 
    g93439/B                                                  +0   48602   
    g93439/Y                 NAND2X2HVT        1  4.1  115  +180   48782 R 
    g105988/B0                                                +0   48782   
    g105988/Y                OA21X1HVT         1  4.1  142  +329   49111 R 
    g93351/B0                                                 +0   49111   
    g93351/Y                 OA21X1HVT         1  5.2  174  +362   49473 R 
    g93275/B                                                  +0   49473   
    g93275/Y                 NAND2X4HVT        1  4.1  189  +209   49682 F 
    g93247/B                                                  +0   49682   
    g93247/Y                 OR2X1HVT          1  4.1  209  +300   49982 F 
    mem_rdata_q_reg_28_/D    DFFHQX4HVT                       +0   49982   
    mem_rdata_q_reg_28_/CK   setup                       0  +179   50160 R 
- - - - - - - - - - - - - - - - - - - - - - - - - - - - - - - - - - - - - -
(clock clk)                  capture                               83330 R 
                             uncertainty                    -250   83080 R 
---------------------------------------------------------------------------
Cost Group   : 'clk' (path_group 'clk')
Timing slack :   32920ps 
Start-point  : soc/spimemio/xfer_io1_90_reg/CKN
End-point    : soc/cpu/mem_rdata_q_reg_28_/D

path  32:

           Pin                 Type       Fanout Load Slew Delay Arrival   
                                                 (fF) (ps)  (ps)   (ps)    
---------------------------------------------------------------------------
(clock clk)                  launch                                41665 F 
soc
  spimemio
    xfer_io1_90_reg/CKN                                  0    +0   41665 F 
    xfer_io1_90_reg/Q        DFFNSRX1HVT       1  4.1  132  +380   42045 R 
    g8050/A0                                                  +0   42045   
    g8050/Y                  AO22X1HVT         1  4.1  150  +442   42487 R 
    g8019/B0                                                  +0   42487   
    g8019/Y                  AO21X2HVT         1  5.9  139  +278   42764 R 
  spimemio/flash_io1_do 
soc/flash_io1_do 
flash_bufs_1_/soc_o 
  g1/A                                                        +0   42764   
  g1/Y                       TBUFX12HVT        2 60.1  188  +363   43127 R 
flash_bufs_1_/soc_i 
drc_bufs/A                                                    +0   43127   
drc_bufs/Y                   BUFX2HVT          3  8.8  154  +295   43422 R 
soc/flash_io1_di 
  g3477/A                                                     +0   43422   
  g3477/Y                    AND2X1HVT         1  4.2  143  +321   43743 R 
  g3353/C                                                     +0   43743   
  g3353/Y                    OR3X4HVT          4 12.4  126  +267   44010 R 
  cpu/mem_rdata[1] 
    g85267/B                                                  +0   44010   
    g85267/Y                 NAND2X2HVT        1  4.1  279  +244   44254 F 
    g85201/A                                                  +0   44254   
    g85201/Y                 AND2X1HVT         1  4.1  205  +307   44560 F 
    g85073/B                                                  +0   44560   
    g85073/Y                 AND2X2HVT         3  8.8  228  +304   44865 F 
    g85033/B                                                  +0   44865   
    g85033/Y                 OR2X4HVT          6 15.9  230  +385   45250 F 
    g87654/AN                                                 +0   45250   
    g87654/Y                 NOR2BX2HVT        1  4.1  143  +263   45514 F 
    g84971/B                                                  +0   45514   
    g84971/Y                 OR2X1HVT          1  4.1  209  +276   45790 F 
    g84915/C                                                  +0   45790   
    g84915/Y                 AND3X2HVT         3  9.4  242  +323   46113 F 
    g84902/A                                                  +0   46113   
    g84902/Y                 CLKINVX4HVT       6 16.5  166  +212   46325 R 
    g84877/B                                                  +0   46325   
    g84877/Y                 OR2X4HVT          6 16.0  151  +287   46612 R 
    g84857/B                                                  +0   46612   
    g84857/Y                 OR2X6HVT         10 24.1  147  +258   46869 R 
    g84842/B                                                  +0   46869   
    g84842/Y                 OR2X4HVT          5 14.0  135  +267   47136 R 
    g99298/A                                                  +0   47136   
    g99298/Y                 INVX1HVT          1  4.1  222  +213   47349 F 
    g97809/C                                                  +0   47349   
    g97809/Y                 AND3X2HVT         2  6.2  169  +291   47640 F 
    g93743/C                                                  +0   47640   
    g93743/Y                 OR3X1HVT          1  4.2  218  +356   47996 F 
    g93541/C                                                  +0   47996   
    g93541/Y                 OR3X4HVT          4 11.3  196  +437   48433 F 
    g93506/A                                                  +0   48433   
    g93506/Y                 INVX4HVT          6 15.5  152  +183   48616 R 
    g93439/B                                                  +0   48616   
    g93439/Y                 NAND2X2HVT        1  4.1  280  +259   48874 F 
    g105988/B0                                                +0   48874   
    g105988/Y                OA21X1HVT         1  4.1  212  +326   49200 F 
    g93351/B0                                                 +0   49200   
    g93351/Y                 OA21X1HVT         1  5.1  256  +312   49513 F 
    g93275/B                                                  +0   49513   
    g93275/Y                 NAND2X4HVT        1  4.1   86  +171   49684 R 
    g93247/B                                                  +0   49684   
    g93247/Y                 OR2X1HVT          1  4.2  137  +198   49882 R 
    mem_rdata_q_reg_28_/D    DFFHQX4HVT                       +0   49882   
    mem_rdata_q_reg_28_/CK   setup                       0  +271   50152 R 
- - - - - - - - - - - - - - - - - - - - - - - - - - - - - - - - - - - - - -
(clock clk)                  capture                               83330 R 
                             uncertainty                    -250   83080 R 
---------------------------------------------------------------------------
Cost Group   : 'clk' (path_group 'clk')
Timing slack :   32928ps 
Start-point  : soc/spimemio/xfer_io1_90_reg/CKN
End-point    : soc/cpu/mem_rdata_q_reg_28_/D

path  33:

         Pin                 Type       Fanout Load Slew Delay Arrival   
                                               (fF) (ps)  (ps)   (ps)    
-------------------------------------------------------------------------
(clock clk)               launch                                 41665 F 
soc
  spimemio
    xfer_io1_90_reg/CKN                                0    +0   41665 F 
    xfer_io1_90_reg/Q     DFFNSRX1HVT        1  4.1  204  +404   42069 F 
    g8050/A0                                                +0   42069   
    g8050/Y               AO22X1HVT          1  4.1  212  +383   42452 F 
    g8019/B0                                                +0   42452   
    g8019/Y               AO21X2HVT          1  5.7  168  +345   42796 F 
  spimemio/flash_io1_do 
soc/flash_io1_do 
flash_bufs_1_/soc_o 
  g1/A                                                      +0   42796   
  g1/Y                    TBUFX12HVT         2 60.3  264  +335   43131 F 
flash_bufs_1_/soc_i 
drc_bufs/A                                                  +0   43131   
drc_bufs/Y                BUFX2HVT           3  8.7  224  +326   43458 F 
soc/flash_io1_di 
  g3477/A                                                   +0   43458   
  g3477/Y                 AND2X1HVT          1  4.2  210  +280   43738 F 
  g3353/C                                                   +0   43738   
  g3353/Y                 OR3X4HVT           4 12.1  206  +438   44175 F 
  cpu/mem_rdata[1] 
    g85267/B                                                +0   44175   
    g85267/Y              NAND2X2HVT         1  4.1  124  +172   44348 R 
    g85201/A                                                +0   44348   
    g85201/Y              AND2X1HVT          1  4.1  140  +303   44650 R 
    g85073/B                                                +0   44650   
    g85073/Y              AND2X2HVT          3  8.9  178  +393   45043 R 
    g85033/B                                                +0   45043   
    g85033/Y              OR2X4HVT           6 16.2  153  +295   45339 R 
    g87654/AN                                               +0   45339   
    g87654/Y              NOR2BX2HVT         1  4.1  184  +303   45641 R 
    g84971/B                                                +0   45641   
    g84971/Y              OR2X1HVT           1  4.1  134  +256   45897 R 
    g84915/C                                                +0   45897   
    g84915/Y              AND3X2HVT          3  9.5  220  +545   46442 R 
    g84902/A                                                +0   46442   
    g84902/Y              CLKINVX4HVT        6 16.1  248  +251   46693 F 
    g84876/C                                                +0   46693   
    g84876/Y              OR3X8HVT           8 26.7  235  +469   47162 F 
    g99316/A                                                +0   47162   
    g99316/Y              INVX3HVT           4 10.4  149  +202   47364 R 
    g98537/C                                                +0   47364   
    g98537/Y              AND3X1HVT          1  4.6  167  +445   47809 R 
    drc_bufs100414/A                                        +0   47809   
    drc_bufs100414/Y      INVX2HVT           1  7.6  223  +222   48031 F 
    drc_bufs100412/A                                        +0   48032   
    drc_bufs100412/Y      CLKINVX12HVT      16 43.8  152  +189   48221 R 
    g97479/B                                                +0   48221   
    g97479/Y              NAND2X2HVT         1  4.1  280  +259   48480 F 
    g97339/A                                                +0   48480   
    g97339/Y              AND2X1HVT          1  4.1  205  +307   48787 F 
    g93907/D                                                +0   48787   
    g93907/Y              AND4X1HVT          1  4.1  208  +287   49074 F 
    g93618/C                                                +0   49074   
    g93618/Y              AND3X1HVT          1  5.1  251  +303   49376 F 
    g93508/B                                                +0   49376   
    g93508/Y              NAND2X4HVT         1  4.1   88  +168   49545 R 
    g105985/A1                                              +0   49545   
    g105985/Y             OA21X1HVT          1  4.1  143  +313   49858 R 
    reg_out_reg_31_/D     DFFQX2HVT                         +0   49858   
    reg_out_reg_31_/CK    setup                        0  +282   50139 R 
- - - - - - - - - - - - - - - - - - - - - - - - - - - - - - - - - - - - -
(clock clk)               capture                                83330 R 
                          uncertainty                     -250   83080 R 
-------------------------------------------------------------------------
Cost Group   : 'clk' (path_group 'clk')
Timing slack :   32941ps 
Start-point  : soc/spimemio/xfer_io1_90_reg/CKN
End-point    : soc/cpu/reg_out_reg_31_/D

path  34:

         Pin                 Type       Fanout Load Slew Delay Arrival   
                                               (fF) (ps)  (ps)   (ps)    
-------------------------------------------------------------------------
(clock clk)               launch                                 41665 F 
soc
  spimemio
    xfer_io1_90_reg/CKN                                0    +0   41665 F 
    xfer_io1_90_reg/Q     DFFNSRX1HVT        1  4.1  204  +404   42069 F 
    g8050/A0                                                +0   42069   
    g8050/Y               AO22X1HVT          1  4.1  212  +383   42452 F 
    g8019/B0                                                +0   42452   
    g8019/Y               AO21X2HVT          1  5.7  168  +345   42796 F 
  spimemio/flash_io1_do 
soc/flash_io1_do 
flash_bufs_1_/soc_o 
  g1/A                                                      +0   42796   
  g1/Y                    TBUFX12HVT         2 60.3  264  +335   43131 F 
flash_bufs_1_/soc_i 
drc_bufs/A                                                  +0   43131   
drc_bufs/Y                BUFX2HVT           3  8.7  224  +326   43458 F 
soc/flash_io1_di 
  g3477/A                                                   +0   43458   
  g3477/Y                 AND2X1HVT          1  4.2  210  +280   43738 F 
  g3353/C                                                   +0   43738   
  g3353/Y                 OR3X4HVT           4 12.1  206  +438   44175 F 
  cpu/mem_rdata[1] 
    g85267/B                                                +0   44175   
    g85267/Y              NAND2X2HVT         1  4.1  124  +172   44348 R 
    g85201/A                                                +0   44348   
    g85201/Y              AND2X1HVT          1  4.1  140  +303   44650 R 
    g85073/B                                                +0   44650   
    g85073/Y              AND2X2HVT          3  8.9  178  +393   45043 R 
    g85033/B                                                +0   45043   
    g85033/Y              OR2X4HVT           6 16.2  153  +295   45339 R 
    g87654/AN                                               +0   45339   
    g87654/Y              NOR2BX2HVT         1  4.1  184  +303   45641 R 
    g84971/B                                                +0   45641   
    g84971/Y              OR2X1HVT           1  4.1  134  +256   45897 R 
    g84915/C                                                +0   45897   
    g84915/Y              AND3X2HVT          3  9.5  220  +545   46442 R 
    g84902/A                                                +0   46442   
    g84902/Y              CLKINVX4HVT        6 16.1  248  +251   46693 F 
    g84876/C                                                +0   46693   
    g84876/Y              OR3X8HVT           8 26.7  235  +469   47162 F 
    g99316/A                                                +0   47162   
    g99316/Y              INVX3HVT           4 10.4  149  +202   47364 R 
    g98537/C                                                +0   47364   
    g98537/Y              AND3X1HVT          1  4.6  167  +445   47809 R 
    drc_bufs100414/A                                        +0   47809   
    drc_bufs100414/Y      INVX2HVT           1  7.6  223  +222   48031 F 
    drc_bufs100412/A                                        +0   48032   
    drc_bufs100412/Y      CLKINVX12HVT      16 43.8  152  +189   48221 R 
    g97462/B                                                +0   48221   
    g97462/Y              NAND2X2HVT         1  4.1  280  +259   48480 F 
    g97338/A                                                +0   48480   
    g97338/Y              AND2X1HVT          1  4.1  205  +307   48787 F 
    g93908/D                                                +0   48787   
    g93908/Y              AND4X1HVT          1  4.1  208  +287   49074 F 
    g93617/C                                                +0   49074   
    g93617/Y              AND3X1HVT          1  5.1  251  +303   49376 F 
    g93509/B                                                +0   49376   
    g93509/Y              NAND2X4HVT         1  4.1   88  +168   49545 R 
    g105984/A1                                              +0   49545   
    g105984/Y             OA21X1HVT          1  4.1  143  +313   49858 R 
    reg_out_reg_30_/D     DFFQX2HVT                         +0   49858   
    reg_out_reg_30_/CK    setup                        0  +282   50139 R 
- - - - - - - - - - - - - - - - - - - - - - - - - - - - - - - - - - - - -
(clock clk)               capture                                83330 R 
                          uncertainty                     -250   83080 R 
-------------------------------------------------------------------------
Cost Group   : 'clk' (path_group 'clk')
Timing slack :   32941ps 
Start-point  : soc/spimemio/xfer_io1_90_reg/CKN
End-point    : soc/cpu/reg_out_reg_30_/D

path  35:

         Pin                 Type       Fanout Load Slew Delay Arrival   
                                               (fF) (ps)  (ps)   (ps)    
-------------------------------------------------------------------------
(clock clk)               launch                                 41665 F 
soc
  spimemio
    xfer_io1_90_reg/CKN                                0    +0   41665 F 
    xfer_io1_90_reg/Q     DFFNSRX1HVT        1  4.1  204  +404   42069 F 
    g8050/A0                                                +0   42069   
    g8050/Y               AO22X1HVT          1  4.1  212  +383   42452 F 
    g8019/B0                                                +0   42452   
    g8019/Y               AO21X2HVT          1  5.7  168  +345   42796 F 
  spimemio/flash_io1_do 
soc/flash_io1_do 
flash_bufs_1_/soc_o 
  g1/A                                                      +0   42796   
  g1/Y                    TBUFX12HVT         2 60.3  264  +335   43131 F 
flash_bufs_1_/soc_i 
drc_bufs/A                                                  +0   43131   
drc_bufs/Y                BUFX2HVT           3  8.7  224  +326   43458 F 
soc/flash_io1_di 
  g3477/A                                                   +0   43458   
  g3477/Y                 AND2X1HVT          1  4.2  210  +280   43738 F 
  g3353/C                                                   +0   43738   
  g3353/Y                 OR3X4HVT           4 12.1  206  +438   44175 F 
  cpu/mem_rdata[1] 
    g85267/B                                                +0   44175   
    g85267/Y              NAND2X2HVT         1  4.1  124  +172   44348 R 
    g85201/A                                                +0   44348   
    g85201/Y              AND2X1HVT          1  4.1  140  +303   44650 R 
    g85073/B                                                +0   44650   
    g85073/Y              AND2X2HVT          3  8.9  178  +393   45043 R 
    g85033/B                                                +0   45043   
    g85033/Y              OR2X4HVT           6 16.2  153  +295   45339 R 
    g87654/AN                                               +0   45339   
    g87654/Y              NOR2BX2HVT         1  4.1  184  +303   45641 R 
    g84971/B                                                +0   45641   
    g84971/Y              OR2X1HVT           1  4.1  134  +256   45897 R 
    g84915/C                                                +0   45897   
    g84915/Y              AND3X2HVT          3  9.5  220  +545   46442 R 
    g84902/A                                                +0   46442   
    g84902/Y              CLKINVX4HVT        6 16.1  248  +251   46693 F 
    g84876/C                                                +0   46693   
    g84876/Y              OR3X8HVT           8 26.7  235  +469   47162 F 
    g99316/A                                                +0   47162   
    g99316/Y              INVX3HVT           4 10.4  149  +202   47364 R 
    g98537/C                                                +0   47364   
    g98537/Y              AND3X1HVT          1  4.6  167  +445   47809 R 
    drc_bufs100414/A                                        +0   47809   
    drc_bufs100414/Y      INVX2HVT           1  7.6  223  +222   48031 F 
    drc_bufs100412/A                                        +0   48032   
    drc_bufs100412/Y      CLKINVX12HVT      16 43.8  152  +189   48221 R 
    g97478/B                                                +0   48221   
    g97478/Y              NAND2X2HVT         1  4.1  280  +259   48480 F 
    g97337/A                                                +0   48480   
    g97337/Y              AND2X1HVT          1  4.1  205  +307   48787 F 
    g93909/D                                                +0   48787   
    g93909/Y              AND4X1HVT          1  4.1  208  +287   49074 F 
    g93616/C                                                +0   49074   
    g93616/Y              AND3X1HVT          1  5.1  251  +303   49376 F 
    g93510/B                                                +0   49376   
    g93510/Y              NAND2X4HVT         1  4.1   88  +168   49545 R 
    g105983/A1                                              +0   49545   
    g105983/Y             OA21X1HVT          1  4.1  143  +313   49858 R 
    reg_out_reg_29_/D     DFFQX2HVT                         +0   49858   
    reg_out_reg_29_/CK    setup                        0  +282   50139 R 
- - - - - - - - - - - - - - - - - - - - - - - - - - - - - - - - - - - - -
(clock clk)               capture                                83330 R 
                          uncertainty                     -250   83080 R 
-------------------------------------------------------------------------
Cost Group   : 'clk' (path_group 'clk')
Timing slack :   32941ps 
Start-point  : soc/spimemio/xfer_io1_90_reg/CKN
End-point    : soc/cpu/reg_out_reg_29_/D

path  36:

         Pin                 Type       Fanout Load Slew Delay Arrival   
                                               (fF) (ps)  (ps)   (ps)    
-------------------------------------------------------------------------
(clock clk)               launch                                 41665 F 
soc
  spimemio
    xfer_io1_90_reg/CKN                                0    +0   41665 F 
    xfer_io1_90_reg/Q     DFFNSRX1HVT        1  4.1  204  +404   42069 F 
    g8050/A0                                                +0   42069   
    g8050/Y               AO22X1HVT          1  4.1  212  +383   42452 F 
    g8019/B0                                                +0   42452   
    g8019/Y               AO21X2HVT          1  5.7  168  +345   42796 F 
  spimemio/flash_io1_do 
soc/flash_io1_do 
flash_bufs_1_/soc_o 
  g1/A                                                      +0   42796   
  g1/Y                    TBUFX12HVT         2 60.3  264  +335   43131 F 
flash_bufs_1_/soc_i 
drc_bufs/A                                                  +0   43131   
drc_bufs/Y                BUFX2HVT           3  8.7  224  +326   43458 F 
soc/flash_io1_di 
  g3477/A                                                   +0   43458   
  g3477/Y                 AND2X1HVT          1  4.2  210  +280   43738 F 
  g3353/C                                                   +0   43738   
  g3353/Y                 OR3X4HVT           4 12.1  206  +438   44175 F 
  cpu/mem_rdata[1] 
    g85267/B                                                +0   44175   
    g85267/Y              NAND2X2HVT         1  4.1  124  +172   44348 R 
    g85201/A                                                +0   44348   
    g85201/Y              AND2X1HVT          1  4.1  140  +303   44650 R 
    g85073/B                                                +0   44650   
    g85073/Y              AND2X2HVT          3  8.9  178  +393   45043 R 
    g85033/B                                                +0   45043   
    g85033/Y              OR2X4HVT           6 16.2  153  +295   45339 R 
    g87654/AN                                               +0   45339   
    g87654/Y              NOR2BX2HVT         1  4.1  184  +303   45641 R 
    g84971/B                                                +0   45641   
    g84971/Y              OR2X1HVT           1  4.1  134  +256   45897 R 
    g84915/C                                                +0   45897   
    g84915/Y              AND3X2HVT          3  9.5  220  +545   46442 R 
    g84902/A                                                +0   46442   
    g84902/Y              CLKINVX4HVT        6 16.1  248  +251   46693 F 
    g84876/C                                                +0   46693   
    g84876/Y              OR3X8HVT           8 26.7  235  +469   47162 F 
    g99316/A                                                +0   47162   
    g99316/Y              INVX3HVT           4 10.4  149  +202   47364 R 
    g98537/C                                                +0   47364   
    g98537/Y              AND3X1HVT          1  4.6  167  +445   47809 R 
    drc_bufs100414/A                                        +0   47809   
    drc_bufs100414/Y      INVX2HVT           1  7.6  223  +222   48031 F 
    drc_bufs100412/A                                        +0   48032   
    drc_bufs100412/Y      CLKINVX12HVT      16 43.8  152  +189   48221 R 
    g97477/B                                                +0   48221   
    g97477/Y              NAND2X2HVT         1  4.1  280  +259   48480 F 
    g97336/A                                                +0   48480   
    g97336/Y              AND2X1HVT          1  4.1  205  +307   48787 F 
    g93910/D                                                +0   48787   
    g93910/Y              AND4X1HVT          1  4.1  208  +287   49074 F 
    g93615/C                                                +0   49074   
    g93615/Y              AND3X1HVT          1  5.1  251  +303   49376 F 
    g93511/B                                                +0   49376   
    g93511/Y              NAND2X4HVT         1  4.1   88  +168   49545 R 
    g105982/A1                                              +0   49545   
    g105982/Y             OA21X1HVT          1  4.1  143  +313   49858 R 
    reg_out_reg_28_/D     DFFQX2HVT                         +0   49858   
    reg_out_reg_28_/CK    setup                        0  +282   50139 R 
- - - - - - - - - - - - - - - - - - - - - - - - - - - - - - - - - - - - -
(clock clk)               capture                                83330 R 
                          uncertainty                     -250   83080 R 
-------------------------------------------------------------------------
Cost Group   : 'clk' (path_group 'clk')
Timing slack :   32941ps 
Start-point  : soc/spimemio/xfer_io1_90_reg/CKN
End-point    : soc/cpu/reg_out_reg_28_/D

path  37:

         Pin                 Type       Fanout Load Slew Delay Arrival   
                                               (fF) (ps)  (ps)   (ps)    
-------------------------------------------------------------------------
(clock clk)               launch                                 41665 F 
soc
  spimemio
    xfer_io1_90_reg/CKN                                0    +0   41665 F 
    xfer_io1_90_reg/Q     DFFNSRX1HVT        1  4.1  204  +404   42069 F 
    g8050/A0                                                +0   42069   
    g8050/Y               AO22X1HVT          1  4.1  212  +383   42452 F 
    g8019/B0                                                +0   42452   
    g8019/Y               AO21X2HVT          1  5.7  168  +345   42796 F 
  spimemio/flash_io1_do 
soc/flash_io1_do 
flash_bufs_1_/soc_o 
  g1/A                                                      +0   42796   
  g1/Y                    TBUFX12HVT         2 60.3  264  +335   43131 F 
flash_bufs_1_/soc_i 
drc_bufs/A                                                  +0   43131   
drc_bufs/Y                BUFX2HVT           3  8.7  224  +326   43458 F 
soc/flash_io1_di 
  g3477/A                                                   +0   43458   
  g3477/Y                 AND2X1HVT          1  4.2  210  +280   43738 F 
  g3353/C                                                   +0   43738   
  g3353/Y                 OR3X4HVT           4 12.1  206  +438   44175 F 
  cpu/mem_rdata[1] 
    g85267/B                                                +0   44175   
    g85267/Y              NAND2X2HVT         1  4.1  124  +172   44348 R 
    g85201/A                                                +0   44348   
    g85201/Y              AND2X1HVT          1  4.1  140  +303   44650 R 
    g85073/B                                                +0   44650   
    g85073/Y              AND2X2HVT          3  8.9  178  +393   45043 R 
    g85033/B                                                +0   45043   
    g85033/Y              OR2X4HVT           6 16.2  153  +295   45339 R 
    g87654/AN                                               +0   45339   
    g87654/Y              NOR2BX2HVT         1  4.1  184  +303   45641 R 
    g84971/B                                                +0   45641   
    g84971/Y              OR2X1HVT           1  4.1  134  +256   45897 R 
    g84915/C                                                +0   45897   
    g84915/Y              AND3X2HVT          3  9.5  220  +545   46442 R 
    g84902/A                                                +0   46442   
    g84902/Y              CLKINVX4HVT        6 16.1  248  +251   46693 F 
    g84876/C                                                +0   46693   
    g84876/Y              OR3X8HVT           8 26.7  235  +469   47162 F 
    g99316/A                                                +0   47162   
    g99316/Y              INVX3HVT           4 10.4  149  +202   47364 R 
    g98537/C                                                +0   47364   
    g98537/Y              AND3X1HVT          1  4.6  167  +445   47809 R 
    drc_bufs100414/A                                        +0   47809   
    drc_bufs100414/Y      INVX2HVT           1  7.6  223  +222   48031 F 
    drc_bufs100412/A                                        +0   48032   
    drc_bufs100412/Y      CLKINVX12HVT      16 43.8  152  +189   48221 R 
    g97476/B                                                +0   48221   
    g97476/Y              NAND2X2HVT         1  4.1  280  +259   48480 F 
    g97335/A                                                +0   48480   
    g97335/Y              AND2X1HVT          1  4.1  205  +307   48787 F 
    g93911/D                                                +0   48787   
    g93911/Y              AND4X1HVT          1  4.1  208  +287   49074 F 
    g93614/C                                                +0   49074   
    g93614/Y              AND3X1HVT          1  5.1  251  +303   49376 F 
    g93512/B                                                +0   49376   
    g93512/Y              NAND2X4HVT         1  4.1   88  +168   49545 R 
    g105981/A1                                              +0   49545   
    g105981/Y             OA21X1HVT          1  4.1  143  +313   49858 R 
    reg_out_reg_27_/D     DFFQX2HVT                         +0   49858   
    reg_out_reg_27_/CK    setup                        0  +282   50139 R 
- - - - - - - - - - - - - - - - - - - - - - - - - - - - - - - - - - - - -
(clock clk)               capture                                83330 R 
                          uncertainty                     -250   83080 R 
-------------------------------------------------------------------------
Cost Group   : 'clk' (path_group 'clk')
Timing slack :   32941ps 
Start-point  : soc/spimemio/xfer_io1_90_reg/CKN
End-point    : soc/cpu/reg_out_reg_27_/D

path  38:

         Pin                 Type       Fanout Load Slew Delay Arrival   
                                               (fF) (ps)  (ps)   (ps)    
-------------------------------------------------------------------------
(clock clk)               launch                                 41665 F 
soc
  spimemio
    xfer_io0_90_reg/CKN                                0    +0   41665 F 
    xfer_io0_90_reg/Q     DFFNSRX1HVT        1  4.1  204  +404   42069 F 
    g8049/A0                                                +0   42069   
    g8049/Y               AO22X1HVT          1  4.1  212  +383   42452 F 
    g8013/B0                                                +0   42452   
    g8013/Y               AO21X2HVT          1  5.7  168  +345   42796 F 
  spimemio/flash_io0_do 
soc/flash_io0_do 
flash_bufs_0_/soc_o 
  g1/A                                                      +0   42796   
  g1/Y                    TBUFX12HVT         3 63.4  277  +342   43138 F 
flash_bufs_0_/soc_i 
soc/flash_io0_di 
  g3479/A                                                   +0   43138   
  g3479/Y                 AND2X1HVT          1  4.2  210  +308   43446 F 
  g3354/C                                                   +0   43446   
  g3354/Y                 OR3X4HVT           4 12.2  207  +438   43884 F 
  cpu/mem_rdata[0] 
    g85261/B                                                +0   43884   
    g85261/Y              NAND2X2HVT         1  4.1  124  +173   44057 R 
    g85199/A                                                +0   44057   
    g85199/Y              AND2X1HVT          1  4.1  140  +303   44360 R 
    g85072/B                                                +0   44360   
    g85072/Y              AND2X2HVT          3  9.6  188  +399   44759 R 
    g85033/A                                                +0   44759   
    g85033/Y              OR2X4HVT           6 16.2  153  +315   45074 R 
    g87654/AN                                               +0   45074   
    g87654/Y              NOR2BX2HVT         1  4.1  184  +303   45377 R 
    g84971/B                                                +0   45377   
    g84971/Y              OR2X1HVT           1  4.1  134  +256   45632 R 
    g84915/C                                                +0   45632   
    g84915/Y              AND3X2HVT          3  9.5  220  +545   46177 R 
    g84902/A                                                +0   46177   
    g84902/Y              CLKINVX4HVT        6 16.1  248  +251   46428 F 
    g84876/C                                                +0   46428   
    g84876/Y              OR3X8HVT           8 26.7  235  +469   46897 F 
    g99316/A                                                +0   46897   
    g99316/Y              INVX3HVT           4 10.4  149  +202   47099 R 
    g98537/C                                                +0   47099   
    g98537/Y              AND3X1HVT          1  4.6  167  +445   47544 R 
    drc_bufs100414/A                                        +0   47544   
    drc_bufs100414/Y      INVX2HVT           1  7.6  223  +222   47767 F 
    drc_bufs100412/A                                        +0   47767   
    drc_bufs100412/Y      CLKINVX12HVT      16 43.8  152  +189   47956 R 
    g97474/B                                                +0   47956   
    g97474/Y              NAND2X2HVT         1  4.1  280  +259   48215 F 
    g97332/A                                                +0   48215   
    g97332/Y              AND2X1HVT          1  4.1  205  +307   48522 F 
    g93913/D                                                +0   48522   
    g93913/Y              AND4X1HVT          1  4.1  208  +287   48809 F 
    g93612/C                                                +0   48809   
    g93612/Y              AND3X1HVT          1  5.1  251  +303   49112 F 
    g106578/B0                                              +0   49112   
    g106578/Y             OAI2BB1X4HVT       1  4.1   96  +174   49286 R 
    g106577/B0                                              +0   49286   
    g106577/Y             AO21X1HVT          1  4.1  144  +221   49507 R 
    g105979/A1                                              +0   49507   
    g105979/Y             OA21X1HVT          1  4.1  143  +349   49856 R 
    reg_out_reg_25_/D     DFFQX2HVT                         +0   49856   
    reg_out_reg_25_/CK    setup                        0  +282   50137 R 
- - - - - - - - - - - - - - - - - - - - - - - - - - - - - - - - - - - - -
(clock clk)               capture                                83330 R 
                          uncertainty                     -250   83080 R 
-------------------------------------------------------------------------
Cost Group   : 'clk' (path_group 'clk')
Timing slack :   32943ps 
Start-point  : soc/spimemio/xfer_io0_90_reg/CKN
End-point    : soc/cpu/reg_out_reg_25_/D

path  39:

         Pin                 Type       Fanout Load Slew Delay Arrival   
                                               (fF) (ps)  (ps)   (ps)    
-------------------------------------------------------------------------
(clock clk)               launch                                 41665 F 
soc
  spimemio
    xfer_io0_90_reg/CKN                                0    +0   41665 F 
    xfer_io0_90_reg/Q     DFFNSRX1HVT        1  4.1  204  +404   42069 F 
    g8049/A0                                                +0   42069   
    g8049/Y               AO22X1HVT          1  4.1  212  +383   42452 F 
    g8013/B0                                                +0   42452   
    g8013/Y               AO21X2HVT          1  5.7  168  +345   42796 F 
  spimemio/flash_io0_do 
soc/flash_io0_do 
flash_bufs_0_/soc_o 
  g1/A                                                      +0   42796   
  g1/Y                    TBUFX12HVT         3 63.4  277  +342   43138 F 
flash_bufs_0_/soc_i 
soc/flash_io0_di 
  g3479/A                                                   +0   43138   
  g3479/Y                 AND2X1HVT          1  4.2  210  +308   43446 F 
  g3354/C                                                   +0   43446   
  g3354/Y                 OR3X4HVT           4 12.2  207  +438   43884 F 
  cpu/mem_rdata[0] 
    g85261/B                                                +0   43884   
    g85261/Y              NAND2X2HVT         1  4.1  124  +173   44057 R 
    g85199/A                                                +0   44057   
    g85199/Y              AND2X1HVT          1  4.1  140  +303   44360 R 
    g85072/B                                                +0   44360   
    g85072/Y              AND2X2HVT          3  9.6  188  +399   44759 R 
    g85033/A                                                +0   44759   
    g85033/Y              OR2X4HVT           6 16.2  153  +315   45074 R 
    g87654/AN                                               +0   45074   
    g87654/Y              NOR2BX2HVT         1  4.1  184  +303   45377 R 
    g84971/B                                                +0   45377   
    g84971/Y              OR2X1HVT           1  4.1  134  +256   45632 R 
    g84915/C                                                +0   45632   
    g84915/Y              AND3X2HVT          3  9.5  220  +545   46177 R 
    g84902/A                                                +0   46177   
    g84902/Y              CLKINVX4HVT        6 16.1  248  +251   46428 F 
    g84876/C                                                +0   46428   
    g84876/Y              OR3X8HVT           8 26.7  235  +469   46897 F 
    g99316/A                                                +0   46897   
    g99316/Y              INVX3HVT           4 10.4  149  +202   47099 R 
    g98537/C                                                +0   47099   
    g98537/Y              AND3X1HVT          1  4.6  167  +445   47544 R 
    drc_bufs100414/A                                        +0   47544   
    drc_bufs100414/Y      INVX2HVT           1  7.6  223  +222   47767 F 
    drc_bufs100412/A                                        +0   47767   
    drc_bufs100412/Y      CLKINVX12HVT      16 43.8  152  +189   47956 R 
    g97472/B                                                +0   47956   
    g97472/Y              NAND2X2HVT         1  4.1  280  +259   48215 F 
    g97330/A                                                +0   48215   
    g97330/Y              AND2X1HVT          1  4.1  205  +307   48522 F 
    g93920/D                                                +0   48522   
    g93920/Y              AND4X1HVT          1  4.1  208  +287   48809 F 
    g93610/C                                                +0   48809   
    g93610/Y              AND3X1HVT          1  5.1  251  +303   49112 F 
    g106582/B0                                              +0   49112   
    g106582/Y             OAI2BB1X4HVT       1  4.1   96  +174   49286 R 
    g106581/B0                                              +0   49286   
    g106581/Y             AO21X1HVT          1  4.1  144  +221   49507 R 
    g105967/A1                                              +0   49507   
    g105967/Y             OA21X1HVT          1  4.1  143  +349   49856 R 
    reg_out_reg_23_/D     DFFQX2HVT                         +0   49856   
    reg_out_reg_23_/CK    setup                        0  +282   50137 R 
- - - - - - - - - - - - - - - - - - - - - - - - - - - - - - - - - - - - -
(clock clk)               capture                                83330 R 
                          uncertainty                     -250   83080 R 
-------------------------------------------------------------------------
Cost Group   : 'clk' (path_group 'clk')
Timing slack :   32943ps 
Start-point  : soc/spimemio/xfer_io0_90_reg/CKN
End-point    : soc/cpu/reg_out_reg_23_/D

path  40:

         Pin                 Type       Fanout Load Slew Delay Arrival   
                                               (fF) (ps)  (ps)   (ps)    
-------------------------------------------------------------------------
(clock clk)               launch                                 41665 F 
soc
  spimemio
    xfer_io0_90_reg/CKN                                0    +0   41665 F 
    xfer_io0_90_reg/Q     DFFNSRX1HVT        1  4.1  204  +404   42069 F 
    g8049/A0                                                +0   42069   
    g8049/Y               AO22X1HVT          1  4.1  212  +383   42452 F 
    g8013/B0                                                +0   42452   
    g8013/Y               AO21X2HVT          1  5.7  168  +345   42796 F 
  spimemio/flash_io0_do 
soc/flash_io0_do 
flash_bufs_0_/soc_o 
  g1/A                                                      +0   42796   
  g1/Y                    TBUFX12HVT         3 63.4  277  +342   43138 F 
flash_bufs_0_/soc_i 
soc/flash_io0_di 
  g3479/A                                                   +0   43138   
  g3479/Y                 AND2X1HVT          1  4.2  210  +308   43446 F 
  g3354/C                                                   +0   43446   
  g3354/Y                 OR3X4HVT           4 12.2  207  +438   43884 F 
  cpu/mem_rdata[0] 
    g85261/B                                                +0   43884   
    g85261/Y              NAND2X2HVT         1  4.1  124  +173   44057 R 
    g85199/A                                                +0   44057   
    g85199/Y              AND2X1HVT          1  4.1  140  +303   44360 R 
    g85072/B                                                +0   44360   
    g85072/Y              AND2X2HVT          3  9.6  188  +399   44759 R 
    g85033/A                                                +0   44759   
    g85033/Y              OR2X4HVT           6 16.2  153  +315   45074 R 
    g87654/AN                                               +0   45074   
    g87654/Y              NOR2BX2HVT         1  4.1  184  +303   45377 R 
    g84971/B                                                +0   45377   
    g84971/Y              OR2X1HVT           1  4.1  134  +256   45632 R 
    g84915/C                                                +0   45632   
    g84915/Y              AND3X2HVT          3  9.5  220  +545   46177 R 
    g84902/A                                                +0   46177   
    g84902/Y              CLKINVX4HVT        6 16.1  248  +251   46428 F 
    g84876/C                                                +0   46428   
    g84876/Y              OR3X8HVT           8 26.7  235  +469   46897 F 
    g99316/A                                                +0   46897   
    g99316/Y              INVX3HVT           4 10.4  149  +202   47099 R 
    g98537/C                                                +0   47099   
    g98537/Y              AND3X1HVT          1  4.6  167  +445   47544 R 
    drc_bufs100414/A                                        +0   47544   
    drc_bufs100414/Y      INVX2HVT           1  7.6  223  +222   47767 F 
    drc_bufs100412/A                                        +0   47767   
    drc_bufs100412/Y      CLKINVX12HVT      16 43.8  152  +189   47956 R 
    g97470/B                                                +0   47956   
    g97470/Y              NAND2X2HVT         1  4.1  280  +259   48215 F 
    g97326/A                                                +0   48215   
    g97326/Y              AND2X1HVT          1  4.1  205  +307   48522 F 
    g93934/D                                                +0   48522   
    g93934/Y              AND4X1HVT          1  4.1  208  +287   48809 F 
    g93607/C                                                +0   48809   
    g93607/Y              AND3X1HVT          1  5.1  251  +303   49112 F 
    g106598/B0                                              +0   49112   
    g106598/Y             OAI2BB1X4HVT       1  4.1   96  +174   49286 R 
    g106597/B0                                              +0   49286   
    g106597/Y             AO21X1HVT          1  4.1  144  +221   49507 R 
    g105974/A1                                              +0   49507   
    g105974/Y             OA21X1HVT          1  4.1  143  +349   49856 R 
    reg_out_reg_20_/D     DFFQX2HVT                         +0   49856   
    reg_out_reg_20_/CK    setup                        0  +282   50137 R 
- - - - - - - - - - - - - - - - - - - - - - - - - - - - - - - - - - - - -
(clock clk)               capture                                83330 R 
                          uncertainty                     -250   83080 R 
-------------------------------------------------------------------------
Cost Group   : 'clk' (path_group 'clk')
Timing slack :   32943ps 
Start-point  : soc/spimemio/xfer_io0_90_reg/CKN
End-point    : soc/cpu/reg_out_reg_20_/D

path  41:

         Pin                 Type       Fanout Load Slew Delay Arrival   
                                               (fF) (ps)  (ps)   (ps)    
-------------------------------------------------------------------------
(clock clk)               launch                                 41665 F 
soc
  spimemio
    xfer_io0_90_reg/CKN                                0    +0   41665 F 
    xfer_io0_90_reg/Q     DFFNSRX1HVT        1  4.1  204  +404   42069 F 
    g8049/A0                                                +0   42069   
    g8049/Y               AO22X1HVT          1  4.1  212  +383   42452 F 
    g8013/B0                                                +0   42452   
    g8013/Y               AO21X2HVT          1  5.7  168  +345   42796 F 
  spimemio/flash_io0_do 
soc/flash_io0_do 
flash_bufs_0_/soc_o 
  g1/A                                                      +0   42796   
  g1/Y                    TBUFX12HVT         3 63.4  277  +342   43138 F 
flash_bufs_0_/soc_i 
soc/flash_io0_di 
  g3479/A                                                   +0   43138   
  g3479/Y                 AND2X1HVT          1  4.2  210  +308   43446 F 
  g3354/C                                                   +0   43446   
  g3354/Y                 OR3X4HVT           4 12.2  207  +438   43884 F 
  cpu/mem_rdata[0] 
    g85261/B                                                +0   43884   
    g85261/Y              NAND2X2HVT         1  4.1  124  +173   44057 R 
    g85199/A                                                +0   44057   
    g85199/Y              AND2X1HVT          1  4.1  140  +303   44360 R 
    g85072/B                                                +0   44360   
    g85072/Y              AND2X2HVT          3  9.6  188  +399   44759 R 
    g85033/A                                                +0   44759   
    g85033/Y              OR2X4HVT           6 16.2  153  +315   45074 R 
    g87654/AN                                               +0   45074   
    g87654/Y              NOR2BX2HVT         1  4.1  184  +303   45377 R 
    g84971/B                                                +0   45377   
    g84971/Y              OR2X1HVT           1  4.1  134  +256   45632 R 
    g84915/C                                                +0   45632   
    g84915/Y              AND3X2HVT          3  9.5  220  +545   46177 R 
    g84902/A                                                +0   46177   
    g84902/Y              CLKINVX4HVT        6 16.1  248  +251   46428 F 
    g84876/C                                                +0   46428   
    g84876/Y              OR3X8HVT           8 26.7  235  +469   46897 F 
    g99316/A                                                +0   46897   
    g99316/Y              INVX3HVT           4 10.4  149  +202   47099 R 
    g98537/C                                                +0   47099   
    g98537/Y              AND3X1HVT          1  4.6  167  +445   47544 R 
    drc_bufs100414/A                                        +0   47544   
    drc_bufs100414/Y      INVX2HVT           1  7.6  223  +222   47767 F 
    drc_bufs100412/A                                        +0   47767   
    drc_bufs100412/Y      CLKINVX12HVT      16 43.8  152  +189   47956 R 
    g97467/B                                                +0   47956   
    g97467/Y              NAND2X2HVT         1  4.1  280  +259   48215 F 
    g97323/A                                                +0   48215   
    g97323/Y              AND2X1HVT          1  4.1  205  +307   48522 F 
    g93940/D                                                +0   48522   
    g93940/Y              AND4X1HVT          1  4.1  208  +287   48809 F 
    g93604/C                                                +0   48809   
    g93604/Y              AND3X1HVT          1  5.1  251  +303   49112 F 
    g106592/B0                                              +0   49112   
    g106592/Y             OAI2BB1X4HVT       1  4.1   96  +174   49286 R 
    g106591/B0                                              +0   49286   
    g106591/Y             AO21X1HVT          1  4.1  144  +221   49507 R 
    g105971/A1                                              +0   49507   
    g105971/Y             OA21X1HVT          1  4.1  143  +349   49856 R 
    reg_out_reg_17_/D     DFFQX2HVT                         +0   49856   
    reg_out_reg_17_/CK    setup                        0  +282   50137 R 
- - - - - - - - - - - - - - - - - - - - - - - - - - - - - - - - - - - - -
(clock clk)               capture                                83330 R 
                          uncertainty                     -250   83080 R 
-------------------------------------------------------------------------
Cost Group   : 'clk' (path_group 'clk')
Timing slack :   32943ps 
Start-point  : soc/spimemio/xfer_io0_90_reg/CKN
End-point    : soc/cpu/reg_out_reg_17_/D

path  42:

         Pin                 Type       Fanout Load Slew Delay Arrival   
                                               (fF) (ps)  (ps)   (ps)    
-------------------------------------------------------------------------
(clock clk)               launch                                 41665 F 
soc
  spimemio
    xfer_io0_90_reg/CKN                                0    +0   41665 F 
    xfer_io0_90_reg/Q     DFFNSRX1HVT        1  4.1  204  +404   42069 F 
    g8049/A0                                                +0   42069   
    g8049/Y               AO22X1HVT          1  4.1  212  +383   42452 F 
    g8013/B0                                                +0   42452   
    g8013/Y               AO21X2HVT          1  5.7  168  +345   42796 F 
  spimemio/flash_io0_do 
soc/flash_io0_do 
flash_bufs_0_/soc_o 
  g1/A                                                      +0   42796   
  g1/Y                    TBUFX12HVT         3 63.4  277  +342   43138 F 
flash_bufs_0_/soc_i 
soc/flash_io0_di 
  g3479/A                                                   +0   43138   
  g3479/Y                 AND2X1HVT          1  4.2  210  +308   43446 F 
  g3354/C                                                   +0   43446   
  g3354/Y                 OR3X4HVT           4 12.2  207  +438   43884 F 
  cpu/mem_rdata[0] 
    g85261/B                                                +0   43884   
    g85261/Y              NAND2X2HVT         1  4.1  124  +173   44057 R 
    g85199/A                                                +0   44057   
    g85199/Y              AND2X1HVT          1  4.1  140  +303   44360 R 
    g85072/B                                                +0   44360   
    g85072/Y              AND2X2HVT          3  9.6  188  +399   44759 R 
    g85033/A                                                +0   44759   
    g85033/Y              OR2X4HVT           6 16.2  153  +315   45074 R 
    g87654/AN                                               +0   45074   
    g87654/Y              NOR2BX2HVT         1  4.1  184  +303   45377 R 
    g84971/B                                                +0   45377   
    g84971/Y              OR2X1HVT           1  4.1  134  +256   45632 R 
    g84915/C                                                +0   45632   
    g84915/Y              AND3X2HVT          3  9.5  220  +545   46177 R 
    g84902/A                                                +0   46177   
    g84902/Y              CLKINVX4HVT        6 16.1  248  +251   46428 F 
    g84876/C                                                +0   46428   
    g84876/Y              OR3X8HVT           8 26.7  235  +469   46897 F 
    g99316/A                                                +0   46897   
    g99316/Y              INVX3HVT           4 10.4  149  +202   47099 R 
    g98537/C                                                +0   47099   
    g98537/Y              AND3X1HVT          1  4.6  167  +445   47544 R 
    drc_bufs100414/A                                        +0   47544   
    drc_bufs100414/Y      INVX2HVT           1  7.6  223  +222   47767 F 
    drc_bufs100412/A                                        +0   47767   
    drc_bufs100412/Y      CLKINVX12HVT      16 43.8  152  +189   47956 R 
    g97466/B                                                +0   47956   
    g97466/Y              NAND2X2HVT         1  4.1  280  +259   48215 F 
    g97322/A                                                +0   48215   
    g97322/Y              AND2X1HVT          1  4.1  205  +307   48522 F 
    g93939/D                                                +0   48522   
    g93939/Y              AND4X1HVT          1  4.1  208  +287   48809 F 
    g93603/C                                                +0   48809   
    g93603/Y              AND3X1HVT          1  5.1  251  +303   49112 F 
    g106590/B0                                              +0   49112   
    g106590/Y             OAI2BB1X4HVT       1  4.1   96  +174   49286 R 
    g106589/B0                                              +0   49286   
    g106589/Y             AO21X1HVT          1  4.1  144  +221   49507 R 
    g105970/A1                                              +0   49507   
    g105970/Y             OA21X1HVT          1  4.1  143  +349   49856 R 
    reg_out_reg_16_/D     DFFQX2HVT                         +0   49856   
    reg_out_reg_16_/CK    setup                        0  +282   50137 R 
- - - - - - - - - - - - - - - - - - - - - - - - - - - - - - - - - - - - -
(clock clk)               capture                                83330 R 
                          uncertainty                     -250   83080 R 
-------------------------------------------------------------------------
Cost Group   : 'clk' (path_group 'clk')
Timing slack :   32943ps 
Start-point  : soc/spimemio/xfer_io0_90_reg/CKN
End-point    : soc/cpu/reg_out_reg_16_/D

path  43:

         Pin                 Type       Fanout Load Slew Delay Arrival   
                                               (fF) (ps)  (ps)   (ps)    
-------------------------------------------------------------------------
(clock clk)               launch                                 41665 F 
soc
  spimemio
    xfer_io0_90_reg/CKN                                0    +0   41665 F 
    xfer_io0_90_reg/Q     DFFNSRX1HVT        1  4.1  204  +404   42069 F 
    g8049/A0                                                +0   42069   
    g8049/Y               AO22X1HVT          1  4.1  212  +383   42452 F 
    g8013/B0                                                +0   42452   
    g8013/Y               AO21X2HVT          1  5.7  168  +345   42796 F 
  spimemio/flash_io0_do 
soc/flash_io0_do 
flash_bufs_0_/soc_o 
  g1/A                                                      +0   42796   
  g1/Y                    TBUFX12HVT         3 63.4  277  +342   43138 F 
flash_bufs_0_/soc_i 
soc/flash_io0_di 
  g3479/A                                                   +0   43138   
  g3479/Y                 AND2X1HVT          1  4.2  210  +308   43446 F 
  g3354/C                                                   +0   43446   
  g3354/Y                 OR3X4HVT           4 12.2  207  +438   43884 F 
  cpu/mem_rdata[0] 
    g85261/B                                                +0   43884   
    g85261/Y              NAND2X2HVT         1  4.1  124  +173   44057 R 
    g85199/A                                                +0   44057   
    g85199/Y              AND2X1HVT          1  4.1  140  +303   44360 R 
    g85072/B                                                +0   44360   
    g85072/Y              AND2X2HVT          3  9.6  188  +399   44759 R 
    g85033/A                                                +0   44759   
    g85033/Y              OR2X4HVT           6 16.2  153  +315   45074 R 
    g87654/AN                                               +0   45074   
    g87654/Y              NOR2BX2HVT         1  4.1  184  +303   45377 R 
    g84971/B                                                +0   45377   
    g84971/Y              OR2X1HVT           1  4.1  134  +256   45632 R 
    g84915/C                                                +0   45632   
    g84915/Y              AND3X2HVT          3  9.5  220  +545   46177 R 
    g84902/A                                                +0   46177   
    g84902/Y              CLKINVX4HVT        6 16.1  248  +251   46428 F 
    g84876/C                                                +0   46428   
    g84876/Y              OR3X8HVT           8 26.7  235  +469   46897 F 
    g99316/A                                                +0   46897   
    g99316/Y              INVX3HVT           4 10.4  149  +202   47099 R 
    g98537/C                                                +0   47099   
    g98537/Y              AND3X1HVT          1  4.6  167  +445   47544 R 
    drc_bufs100414/A                                        +0   47544   
    drc_bufs100414/Y      INVX2HVT           1  7.6  223  +222   47767 F 
    drc_bufs100412/A                                        +0   47767   
    drc_bufs100412/Y      CLKINVX12HVT      16 43.8  152  +189   47956 R 
    g97475/B                                                +0   47956   
    g97475/Y              NAND2X2HVT         1  4.1  280  +259   48215 F 
    g97334/A                                                +0   48215   
    g97334/Y              AND2X1HVT          1  4.1  205  +307   48522 F 
    g93912/D                                                +0   48522   
    g93912/Y              AND4X1HVT          1  4.1  208  +287   48809 F 
    g93613/C                                                +0   48809   
    g93613/Y              AND3X1HVT          1  5.1  251  +303   49112 F 
    g106576/B0                                              +0   49112   
    g106576/Y             OAI2BB1X4HVT       1  4.1   96  +174   49286 R 
    g106575/B0                                              +0   49286   
    g106575/Y             AO21X1HVT          1  4.1  144  +221   49507 R 
    g105980/A1                                              +0   49507   
    g105980/Y             OA21X1HVT          1  4.1  143  +349   49855 R 
    reg_out_reg_26_/D     DFFQX2HVT                         +0   49855   
    reg_out_reg_26_/CK    setup                        0  +282   50137 R 
- - - - - - - - - - - - - - - - - - - - - - - - - - - - - - - - - - - - -
(clock clk)               capture                                83330 R 
                          uncertainty                     -250   83080 R 
-------------------------------------------------------------------------
Cost Group   : 'clk' (path_group 'clk')
Timing slack :   32943ps 
Start-point  : soc/spimemio/xfer_io0_90_reg/CKN
End-point    : soc/cpu/reg_out_reg_26_/D

path  44:

         Pin                 Type       Fanout Load Slew Delay Arrival   
                                               (fF) (ps)  (ps)   (ps)    
-------------------------------------------------------------------------
(clock clk)               launch                                 41665 F 
soc
  spimemio
    xfer_io0_90_reg/CKN                                0    +0   41665 F 
    xfer_io0_90_reg/Q     DFFNSRX1HVT        1  4.1  204  +404   42069 F 
    g8049/A0                                                +0   42069   
    g8049/Y               AO22X1HVT          1  4.1  212  +383   42452 F 
    g8013/B0                                                +0   42452   
    g8013/Y               AO21X2HVT          1  5.7  168  +345   42796 F 
  spimemio/flash_io0_do 
soc/flash_io0_do 
flash_bufs_0_/soc_o 
  g1/A                                                      +0   42796   
  g1/Y                    TBUFX12HVT         3 63.4  277  +342   43138 F 
flash_bufs_0_/soc_i 
soc/flash_io0_di 
  g3479/A                                                   +0   43138   
  g3479/Y                 AND2X1HVT          1  4.2  210  +308   43446 F 
  g3354/C                                                   +0   43446   
  g3354/Y                 OR3X4HVT           4 12.2  207  +438   43884 F 
  cpu/mem_rdata[0] 
    g85261/B                                                +0   43884   
    g85261/Y              NAND2X2HVT         1  4.1  124  +173   44057 R 
    g85199/A                                                +0   44057   
    g85199/Y              AND2X1HVT          1  4.1  140  +303   44360 R 
    g85072/B                                                +0   44360   
    g85072/Y              AND2X2HVT          3  9.6  188  +399   44759 R 
    g85033/A                                                +0   44759   
    g85033/Y              OR2X4HVT           6 16.2  153  +315   45074 R 
    g87654/AN                                               +0   45074   
    g87654/Y              NOR2BX2HVT         1  4.1  184  +303   45377 R 
    g84971/B                                                +0   45377   
    g84971/Y              OR2X1HVT           1  4.1  134  +256   45632 R 
    g84915/C                                                +0   45632   
    g84915/Y              AND3X2HVT          3  9.5  220  +545   46177 R 
    g84902/A                                                +0   46177   
    g84902/Y              CLKINVX4HVT        6 16.1  248  +251   46428 F 
    g84876/C                                                +0   46428   
    g84876/Y              OR3X8HVT           8 26.7  235  +469   46897 F 
    g99316/A                                                +0   46897   
    g99316/Y              INVX3HVT           4 10.4  149  +202   47099 R 
    g98537/C                                                +0   47099   
    g98537/Y              AND3X1HVT          1  4.6  167  +445   47544 R 
    drc_bufs100414/A                                        +0   47544   
    drc_bufs100414/Y      INVX2HVT           1  7.6  223  +222   47767 F 
    drc_bufs100412/A                                        +0   47767   
    drc_bufs100412/Y      CLKINVX12HVT      16 43.8  152  +189   47956 R 
    g97473/B                                                +0   47956   
    g97473/Y              NAND2X2HVT         1  4.1  280  +259   48215 F 
    g97331/A                                                +0   48215   
    g97331/Y              AND2X1HVT          1  4.1  205  +307   48522 F 
    g93914/D                                                +0   48522   
    g93914/Y              AND4X1HVT          1  4.1  208  +287   48809 F 
    g93611/C                                                +0   48809   
    g93611/Y              AND3X1HVT          1  5.1  251  +303   49112 F 
    g106580/B0                                              +0   49112   
    g106580/Y             OAI2BB1X4HVT       1  4.1   96  +174   49286 R 
    g106579/B0                                              +0   49286   
    g106579/Y             AO21X1HVT          1  4.1  144  +221   49507 R 
    g105978/A1                                              +0   49507   
    g105978/Y             OA21X1HVT          1  4.1  143  +349   49855 R 
    reg_out_reg_24_/D     DFFQX2HVT                         +0   49855   
    reg_out_reg_24_/CK    setup                        0  +282   50137 R 
- - - - - - - - - - - - - - - - - - - - - - - - - - - - - - - - - - - - -
(clock clk)               capture                                83330 R 
                          uncertainty                     -250   83080 R 
-------------------------------------------------------------------------
Cost Group   : 'clk' (path_group 'clk')
Timing slack :   32943ps 
Start-point  : soc/spimemio/xfer_io0_90_reg/CKN
End-point    : soc/cpu/reg_out_reg_24_/D

path  45:

         Pin                 Type       Fanout Load Slew Delay Arrival   
                                               (fF) (ps)  (ps)   (ps)    
-------------------------------------------------------------------------
(clock clk)               launch                                 41665 F 
soc
  spimemio
    xfer_io0_90_reg/CKN                                0    +0   41665 F 
    xfer_io0_90_reg/Q     DFFNSRX1HVT        1  4.1  204  +404   42069 F 
    g8049/A0                                                +0   42069   
    g8049/Y               AO22X1HVT          1  4.1  212  +383   42452 F 
    g8013/B0                                                +0   42452   
    g8013/Y               AO21X2HVT          1  5.7  168  +345   42796 F 
  spimemio/flash_io0_do 
soc/flash_io0_do 
flash_bufs_0_/soc_o 
  g1/A                                                      +0   42796   
  g1/Y                    TBUFX12HVT         3 63.4  277  +342   43138 F 
flash_bufs_0_/soc_i 
soc/flash_io0_di 
  g3479/A                                                   +0   43138   
  g3479/Y                 AND2X1HVT          1  4.2  210  +308   43446 F 
  g3354/C                                                   +0   43446   
  g3354/Y                 OR3X4HVT           4 12.2  207  +438   43884 F 
  cpu/mem_rdata[0] 
    g85261/B                                                +0   43884   
    g85261/Y              NAND2X2HVT         1  4.1  124  +173   44057 R 
    g85199/A                                                +0   44057   
    g85199/Y              AND2X1HVT          1  4.1  140  +303   44360 R 
    g85072/B                                                +0   44360   
    g85072/Y              AND2X2HVT          3  9.6  188  +399   44759 R 
    g85033/A                                                +0   44759   
    g85033/Y              OR2X4HVT           6 16.2  153  +315   45074 R 
    g87654/AN                                               +0   45074   
    g87654/Y              NOR2BX2HVT         1  4.1  184  +303   45377 R 
    g84971/B                                                +0   45377   
    g84971/Y              OR2X1HVT           1  4.1  134  +256   45632 R 
    g84915/C                                                +0   45632   
    g84915/Y              AND3X2HVT          3  9.5  220  +545   46177 R 
    g84902/A                                                +0   46177   
    g84902/Y              CLKINVX4HVT        6 16.1  248  +251   46428 F 
    g84876/C                                                +0   46428   
    g84876/Y              OR3X8HVT           8 26.7  235  +469   46897 F 
    g99316/A                                                +0   46897   
    g99316/Y              INVX3HVT           4 10.4  149  +202   47099 R 
    g98537/C                                                +0   47099   
    g98537/Y              AND3X1HVT          1  4.6  167  +445   47544 R 
    drc_bufs100414/A                                        +0   47544   
    drc_bufs100414/Y      INVX2HVT           1  7.6  223  +222   47767 F 
    drc_bufs100412/A                                        +0   47767   
    drc_bufs100412/Y      CLKINVX12HVT      16 43.8  152  +189   47956 R 
    g97471/B                                                +0   47956   
    g97471/Y              NAND2X2HVT         1  4.1  280  +259   48215 F 
    g97327/A                                                +0   48215   
    g97327/Y              AND2X1HVT          1  4.1  205  +307   48522 F 
    g93930/D                                                +0   48522   
    g93930/Y              AND4X1HVT          1  4.1  208  +287   48809 F 
    g93608/C                                                +0   48809   
    g93608/Y              AND3X1HVT          1  5.1  251  +303   49112 F 
    g106586/B0                                              +0   49112   
    g106586/Y             OAI2BB1X4HVT       1  4.1   96  +174   49286 R 
    g106585/B0                                              +0   49286   
    g106585/Y             AO21X1HVT          1  4.1  144  +221   49507 R 
    g105975/A1                                              +0   49507   
    g105975/Y             OA21X1HVT          1  4.1  143  +349   49856 R 
    reg_out_reg_21_/D     DFFQX2HVT                         +0   49856   
    reg_out_reg_21_/CK    setup                        0  +282   50137 R 
- - - - - - - - - - - - - - - - - - - - - - - - - - - - - - - - - - - - -
(clock clk)               capture                                83330 R 
                          uncertainty                     -250   83080 R 
-------------------------------------------------------------------------
Cost Group   : 'clk' (path_group 'clk')
Timing slack :   32943ps 
Start-point  : soc/spimemio/xfer_io0_90_reg/CKN
End-point    : soc/cpu/reg_out_reg_21_/D

path  46:

         Pin                 Type       Fanout Load Slew Delay Arrival   
                                               (fF) (ps)  (ps)   (ps)    
-------------------------------------------------------------------------
(clock clk)               launch                                 41665 F 
soc
  spimemio
    xfer_io0_90_reg/CKN                                0    +0   41665 F 
    xfer_io0_90_reg/Q     DFFNSRX1HVT        1  4.1  204  +404   42069 F 
    g8049/A0                                                +0   42069   
    g8049/Y               AO22X1HVT          1  4.1  212  +383   42452 F 
    g8013/B0                                                +0   42452   
    g8013/Y               AO21X2HVT          1  5.7  168  +345   42796 F 
  spimemio/flash_io0_do 
soc/flash_io0_do 
flash_bufs_0_/soc_o 
  g1/A                                                      +0   42796   
  g1/Y                    TBUFX12HVT         3 63.4  277  +342   43138 F 
flash_bufs_0_/soc_i 
soc/flash_io0_di 
  g3479/A                                                   +0   43138   
  g3479/Y                 AND2X1HVT          1  4.2  210  +308   43446 F 
  g3354/C                                                   +0   43446   
  g3354/Y                 OR3X4HVT           4 12.2  207  +438   43884 F 
  cpu/mem_rdata[0] 
    g85261/B                                                +0   43884   
    g85261/Y              NAND2X2HVT         1  4.1  124  +173   44057 R 
    g85199/A                                                +0   44057   
    g85199/Y              AND2X1HVT          1  4.1  140  +303   44360 R 
    g85072/B                                                +0   44360   
    g85072/Y              AND2X2HVT          3  9.6  188  +399   44759 R 
    g85033/A                                                +0   44759   
    g85033/Y              OR2X4HVT           6 16.2  153  +315   45074 R 
    g87654/AN                                               +0   45074   
    g87654/Y              NOR2BX2HVT         1  4.1  184  +303   45377 R 
    g84971/B                                                +0   45377   
    g84971/Y              OR2X1HVT           1  4.1  134  +256   45632 R 
    g84915/C                                                +0   45632   
    g84915/Y              AND3X2HVT          3  9.5  220  +545   46177 R 
    g84902/A                                                +0   46177   
    g84902/Y              CLKINVX4HVT        6 16.1  248  +251   46428 F 
    g84876/C                                                +0   46428   
    g84876/Y              OR3X8HVT           8 26.7  235  +469   46897 F 
    g99316/A                                                +0   46897   
    g99316/Y              INVX3HVT           4 10.4  149  +202   47099 R 
    g98537/C                                                +0   47099   
    g98537/Y              AND3X1HVT          1  4.6  167  +445   47544 R 
    drc_bufs100414/A                                        +0   47544   
    drc_bufs100414/Y      INVX2HVT           1  7.6  223  +222   47767 F 
    drc_bufs100412/A                                        +0   47767   
    drc_bufs100412/Y      CLKINVX12HVT      16 43.8  152  +189   47956 R 
    g97469/B                                                +0   47956   
    g97469/Y              NAND2X2HVT         1  4.1  280  +259   48215 F 
    g97325/A                                                +0   48215   
    g97325/Y              AND2X1HVT          1  4.1  205  +307   48522 F 
    g93942/D                                                +0   48522   
    g93942/Y              AND4X1HVT          1  4.1  208  +287   48809 F 
    g93606/C                                                +0   48809   
    g93606/Y              AND3X1HVT          1  5.1  251  +303   49112 F 
    g106596/B0                                              +0   49112   
    g106596/Y             OAI2BB1X4HVT       1  4.1   96  +174   49286 R 
    g106595/B0                                              +0   49286   
    g106595/Y             AO21X1HVT          1  4.1  144  +221   49507 R 
    g105972/A1                                              +0   49507   
    g105972/Y             OA21X1HVT          1  4.1  143  +349   49855 R 
    reg_out_reg_19_/D     DFFQX2HVT                         +0   49855   
    reg_out_reg_19_/CK    setup                        0  +282   50137 R 
- - - - - - - - - - - - - - - - - - - - - - - - - - - - - - - - - - - - -
(clock clk)               capture                                83330 R 
                          uncertainty                     -250   83080 R 
-------------------------------------------------------------------------
Cost Group   : 'clk' (path_group 'clk')
Timing slack :   32943ps 
Start-point  : soc/spimemio/xfer_io0_90_reg/CKN
End-point    : soc/cpu/reg_out_reg_19_/D

path  47:

         Pin                 Type       Fanout Load Slew Delay Arrival   
                                               (fF) (ps)  (ps)   (ps)    
-------------------------------------------------------------------------
(clock clk)               launch                                 41665 F 
soc
  spimemio
    xfer_io0_90_reg/CKN                                0    +0   41665 F 
    xfer_io0_90_reg/Q     DFFNSRX1HVT        1  4.1  204  +404   42069 F 
    g8049/A0                                                +0   42069   
    g8049/Y               AO22X1HVT          1  4.1  212  +383   42452 F 
    g8013/B0                                                +0   42452   
    g8013/Y               AO21X2HVT          1  5.7  168  +345   42796 F 
  spimemio/flash_io0_do 
soc/flash_io0_do 
flash_bufs_0_/soc_o 
  g1/A                                                      +0   42796   
  g1/Y                    TBUFX12HVT         3 63.4  277  +342   43138 F 
flash_bufs_0_/soc_i 
soc/flash_io0_di 
  g3479/A                                                   +0   43138   
  g3479/Y                 AND2X1HVT          1  4.2  210  +308   43446 F 
  g3354/C                                                   +0   43446   
  g3354/Y                 OR3X4HVT           4 12.2  207  +438   43884 F 
  cpu/mem_rdata[0] 
    g85261/B                                                +0   43884   
    g85261/Y              NAND2X2HVT         1  4.1  124  +173   44057 R 
    g85199/A                                                +0   44057   
    g85199/Y              AND2X1HVT          1  4.1  140  +303   44360 R 
    g85072/B                                                +0   44360   
    g85072/Y              AND2X2HVT          3  9.6  188  +399   44759 R 
    g85033/A                                                +0   44759   
    g85033/Y              OR2X4HVT           6 16.2  153  +315   45074 R 
    g87654/AN                                               +0   45074   
    g87654/Y              NOR2BX2HVT         1  4.1  184  +303   45377 R 
    g84971/B                                                +0   45377   
    g84971/Y              OR2X1HVT           1  4.1  134  +256   45632 R 
    g84915/C                                                +0   45632   
    g84915/Y              AND3X2HVT          3  9.5  220  +545   46177 R 
    g84902/A                                                +0   46177   
    g84902/Y              CLKINVX4HVT        6 16.1  248  +251   46428 F 
    g84876/C                                                +0   46428   
    g84876/Y              OR3X8HVT           8 26.7  235  +469   46897 F 
    g99316/A                                                +0   46897   
    g99316/Y              INVX3HVT           4 10.4  149  +202   47099 R 
    g98537/C                                                +0   47099   
    g98537/Y              AND3X1HVT          1  4.6  167  +445   47544 R 
    drc_bufs100414/A                                        +0   47544   
    drc_bufs100414/Y      INVX2HVT           1  7.6  223  +222   47767 F 
    drc_bufs100412/A                                        +0   47767   
    drc_bufs100412/Y      CLKINVX12HVT      16 43.8  152  +189   47956 R 
    g97468/B                                                +0   47956   
    g97468/Y              NAND2X2HVT         1  4.1  280  +259   48215 F 
    g97324/A                                                +0   48215   
    g97324/Y              AND2X1HVT          1  4.1  205  +307   48522 F 
    g93941/D                                                +0   48522   
    g93941/Y              AND4X1HVT          1  4.1  208  +287   48809 F 
    g93605/C                                                +0   48809   
    g93605/Y              AND3X1HVT          1  5.1  251  +303   49112 F 
    g106594/B0                                              +0   49112   
    g106594/Y             OAI2BB1X4HVT       1  4.1   96  +174   49286 R 
    g106593/B0                                              +0   49286   
    g106593/Y             AO21X1HVT          1  4.1  144  +221   49507 R 
    g105973/A1                                              +0   49507   
    g105973/Y             OA21X1HVT          1  4.1  143  +349   49856 R 
    reg_out_reg_18_/D     DFFQX2HVT                         +0   49856   
    reg_out_reg_18_/CK    setup                        0  +282   50137 R 
- - - - - - - - - - - - - - - - - - - - - - - - - - - - - - - - - - - - -
(clock clk)               capture                                83330 R 
                          uncertainty                     -250   83080 R 
-------------------------------------------------------------------------
Cost Group   : 'clk' (path_group 'clk')
Timing slack :   32943ps 
Start-point  : soc/spimemio/xfer_io0_90_reg/CKN
End-point    : soc/cpu/reg_out_reg_18_/D

path  48:

         Pin                 Type       Fanout Load Slew Delay Arrival   
                                               (fF) (ps)  (ps)   (ps)    
-------------------------------------------------------------------------
(clock clk)               launch                                 41665 F 
soc
  spimemio
    xfer_io1_90_reg/CKN                                0    +0   41665 F 
    xfer_io1_90_reg/Q     DFFNSRX1HVT        1  4.1  132  +380   42045 R 
    g8050/A0                                                +0   42045   
    g8050/Y               AO22X1HVT          1  4.1  150  +442   42487 R 
    g8019/B0                                                +0   42487   
    g8019/Y               AO21X2HVT          1  5.9  139  +278   42764 R 
  spimemio/flash_io1_do 
soc/flash_io1_do 
flash_bufs_1_/soc_o 
  g1/A                                                      +0   42764   
  g1/Y                    TBUFX12HVT         2 60.1  188  +363   43127 R 
flash_bufs_1_/soc_i 
drc_bufs/A                                                  +0   43127   
drc_bufs/Y                BUFX2HVT           3  8.8  154  +295   43422 R 
soc/flash_io1_di 
  g3477/A                                                   +0   43422   
  g3477/Y                 AND2X1HVT          1  4.2  143  +321   43743 R 
  g3353/C                                                   +0   43743   
  g3353/Y                 OR3X4HVT           4 12.4  126  +267   44010 R 
  cpu/mem_rdata[1] 
    g85267/B                                                +0   44010   
    g85267/Y              NAND2X2HVT         1  4.1  279  +244   44254 F 
    g85201/A                                                +0   44254   
    g85201/Y              AND2X1HVT          1  4.1  205  +307   44560 F 
    g85073/B                                                +0   44560   
    g85073/Y              AND2X2HVT          3  8.8  228  +304   44865 F 
    g85033/B                                                +0   44865   
    g85033/Y              OR2X4HVT           6 15.9  230  +385   45250 F 
    g87654/AN                                               +0   45250   
    g87654/Y              NOR2BX2HVT         1  4.1  143  +263   45514 F 
    g84971/B                                                +0   45514   
    g84971/Y              OR2X1HVT           1  4.1  209  +276   45790 F 
    g84915/C                                                +0   45790   
    g84915/Y              AND3X2HVT          3  9.4  242  +323   46113 F 
    g84902/A                                                +0   46113   
    g84902/Y              CLKINVX4HVT        6 16.5  166  +212   46325 R 
    g84876/C                                                +0   46325   
    g84876/Y              OR3X8HVT           8 27.9  143  +287   46612 R 
    g99316/A                                                +0   46612   
    g99316/Y              INVX3HVT           4 10.4  205  +193   46805 F 
    g98537/C                                                +0   46805   
    g98537/Y              AND3X1HVT          1  4.5  224  +287   47092 F 
    drc_bufs100414/A                                        +0   47092   
    drc_bufs100414/Y      INVX2HVT           1  8.0  166  +212   47303 R 
    drc_bufs100412/A                                        +0   47303   
    drc_bufs100412/Y      CLKINVX12HVT      16 42.2  218  +207   47510 F 
    g97474/B                                                +0   47510   
    g97474/Y              NAND2X2HVT         1  4.1  124  +180   47690 R 
    g97332/A                                                +0   47690   
    g97332/Y              AND2X1HVT          1  4.1  140  +303   47993 R 
    g93913/D                                                +0   47993   
    g93913/Y              AND4X1HVT          1  4.1  177  +577   48570 R 
    g93612/C                                                +0   48570   
    g93612/Y              AND3X1HVT          1  5.2  184  +469   49039 R 
    g106578/B0                                              +0   49039   
    g106578/Y             OAI2BB1X4HVT       1  4.1  190  +246   49285 F 
    g106577/B0                                              +0   49285   
    g106577/Y             AO21X1HVT          1  4.1  210  +314   49599 F 
    g105979/A1                                              +0   49599   
    g105979/Y             OA21X1HVT          1  4.1  212  +332   49932 F 
    reg_out_reg_25_/D     DFFQX2HVT                         +0   49932   
    reg_out_reg_25_/CK    setup                        0  +195   50127 R 
- - - - - - - - - - - - - - - - - - - - - - - - - - - - - - - - - - - - -
(clock clk)               capture                                83330 R 
                          uncertainty                     -250   83080 R 
-------------------------------------------------------------------------
Cost Group   : 'clk' (path_group 'clk')
Timing slack :   32953ps 
Start-point  : soc/spimemio/xfer_io1_90_reg/CKN
End-point    : soc/cpu/reg_out_reg_25_/D

path  49:

         Pin                 Type       Fanout Load Slew Delay Arrival   
                                               (fF) (ps)  (ps)   (ps)    
-------------------------------------------------------------------------
(clock clk)               launch                                 41665 F 
soc
  spimemio
    xfer_io1_90_reg/CKN                                0    +0   41665 F 
    xfer_io1_90_reg/Q     DFFNSRX1HVT        1  4.1  132  +380   42045 R 
    g8050/A0                                                +0   42045   
    g8050/Y               AO22X1HVT          1  4.1  150  +442   42487 R 
    g8019/B0                                                +0   42487   
    g8019/Y               AO21X2HVT          1  5.9  139  +278   42764 R 
  spimemio/flash_io1_do 
soc/flash_io1_do 
flash_bufs_1_/soc_o 
  g1/A                                                      +0   42764   
  g1/Y                    TBUFX12HVT         2 60.1  188  +363   43127 R 
flash_bufs_1_/soc_i 
drc_bufs/A                                                  +0   43127   
drc_bufs/Y                BUFX2HVT           3  8.8  154  +295   43422 R 
soc/flash_io1_di 
  g3477/A                                                   +0   43422   
  g3477/Y                 AND2X1HVT          1  4.2  143  +321   43743 R 
  g3353/C                                                   +0   43743   
  g3353/Y                 OR3X4HVT           4 12.4  126  +267   44010 R 
  cpu/mem_rdata[1] 
    g85267/B                                                +0   44010   
    g85267/Y              NAND2X2HVT         1  4.1  279  +244   44254 F 
    g85201/A                                                +0   44254   
    g85201/Y              AND2X1HVT          1  4.1  205  +307   44560 F 
    g85073/B                                                +0   44560   
    g85073/Y              AND2X2HVT          3  8.8  228  +304   44865 F 
    g85033/B                                                +0   44865   
    g85033/Y              OR2X4HVT           6 15.9  230  +385   45250 F 
    g87654/AN                                               +0   45250   
    g87654/Y              NOR2BX2HVT         1  4.1  143  +263   45514 F 
    g84971/B                                                +0   45514   
    g84971/Y              OR2X1HVT           1  4.1  209  +276   45790 F 
    g84915/C                                                +0   45790   
    g84915/Y              AND3X2HVT          3  9.4  242  +323   46113 F 
    g84902/A                                                +0   46113   
    g84902/Y              CLKINVX4HVT        6 16.5  166  +212   46325 R 
    g84876/C                                                +0   46325   
    g84876/Y              OR3X8HVT           8 27.9  143  +287   46612 R 
    g99316/A                                                +0   46612   
    g99316/Y              INVX3HVT           4 10.4  205  +193   46805 F 
    g98537/C                                                +0   46805   
    g98537/Y              AND3X1HVT          1  4.5  224  +287   47092 F 
    drc_bufs100414/A                                        +0   47092   
    drc_bufs100414/Y      INVX2HVT           1  8.0  166  +212   47303 R 
    drc_bufs100412/A                                        +0   47303   
    drc_bufs100412/Y      CLKINVX12HVT      16 42.2  218  +207   47510 F 
    g97466/B                                                +0   47510   
    g97466/Y              NAND2X2HVT         1  4.1  122  +180   47690 R 
    g97322/A                                                +0   47690   
    g97322/Y              AND2X1HVT          1  4.1  140  +301   47992 R 
    g93939/D                                                +0   47992   
    g93939/Y              AND4X1HVT          1  4.1  177  +577   48568 R 
    g93603/C                                                +0   48568   
    g93603/Y              AND3X1HVT          1  5.2  184  +469   49038 R 
    g106590/B0                                              +0   49038   
    g106590/Y             OAI2BB1X4HVT       1  4.1  190  +246   49284 F 
    g106589/B0                                              +0   49284   
    g106589/Y             AO21X1HVT          1  4.1  210  +314   49598 F 
    g105970/A1                                              +0   49598   
    g105970/Y             OA21X1HVT          1  4.1  212  +332   49930 F 
    reg_out_reg_16_/D     DFFQX2HVT                         +0   49930   
    reg_out_reg_16_/CK    setup                        0  +195   50126 R 
- - - - - - - - - - - - - - - - - - - - - - - - - - - - - - - - - - - - -
(clock clk)               capture                                83330 R 
                          uncertainty                     -250   83080 R 
-------------------------------------------------------------------------
Cost Group   : 'clk' (path_group 'clk')
Timing slack :   32954ps 
Start-point  : soc/spimemio/xfer_io1_90_reg/CKN
End-point    : soc/cpu/reg_out_reg_16_/D

path  50:

         Pin                 Type       Fanout Load Slew Delay Arrival   
                                               (fF) (ps)  (ps)   (ps)    
-------------------------------------------------------------------------
(clock clk)               launch                                 41665 F 
soc
  spimemio
    xfer_io1_90_reg/CKN                                0    +0   41665 F 
    xfer_io1_90_reg/Q     DFFNSRX1HVT        1  4.1  132  +380   42045 R 
    g8050/A0                                                +0   42045   
    g8050/Y               AO22X1HVT          1  4.1  150  +442   42487 R 
    g8019/B0                                                +0   42487   
    g8019/Y               AO21X2HVT          1  5.9  139  +278   42764 R 
  spimemio/flash_io1_do 
soc/flash_io1_do 
flash_bufs_1_/soc_o 
  g1/A                                                      +0   42764   
  g1/Y                    TBUFX12HVT         2 60.1  188  +363   43127 R 
flash_bufs_1_/soc_i 
drc_bufs/A                                                  +0   43127   
drc_bufs/Y                BUFX2HVT           3  8.8  154  +295   43422 R 
soc/flash_io1_di 
  g3477/A                                                   +0   43422   
  g3477/Y                 AND2X1HVT          1  4.2  143  +321   43743 R 
  g3353/C                                                   +0   43743   
  g3353/Y                 OR3X4HVT           4 12.4  126  +267   44010 R 
  cpu/mem_rdata[1] 
    g85267/B                                                +0   44010   
    g85267/Y              NAND2X2HVT         1  4.1  279  +244   44254 F 
    g85201/A                                                +0   44254   
    g85201/Y              AND2X1HVT          1  4.1  205  +307   44560 F 
    g85073/B                                                +0   44560   
    g85073/Y              AND2X2HVT          3  8.8  228  +304   44865 F 
    g85033/B                                                +0   44865   
    g85033/Y              OR2X4HVT           6 15.9  230  +385   45250 F 
    g87654/AN                                               +0   45250   
    g87654/Y              NOR2BX2HVT         1  4.1  143  +263   45514 F 
    g84971/B                                                +0   45514   
    g84971/Y              OR2X1HVT           1  4.1  209  +276   45790 F 
    g84915/C                                                +0   45790   
    g84915/Y              AND3X2HVT          3  9.4  242  +323   46113 F 
    g84902/A                                                +0   46113   
    g84902/Y              CLKINVX4HVT        6 16.5  166  +212   46325 R 
    g84876/C                                                +0   46325   
    g84876/Y              OR3X8HVT           8 27.9  143  +287   46612 R 
    g99316/A                                                +0   46612   
    g99316/Y              INVX3HVT           4 10.4  205  +193   46805 F 
    g98537/C                                                +0   46805   
    g98537/Y              AND3X1HVT          1  4.5  224  +287   47092 F 
    drc_bufs100414/A                                        +0   47092   
    drc_bufs100414/Y      INVX2HVT           1  8.0  166  +212   47303 R 
    drc_bufs100412/A                                        +0   47303   
    drc_bufs100412/Y      CLKINVX12HVT      16 42.2  218  +207   47510 F 
    g97470/B                                                +0   47510   
    g97470/Y              NAND2X2HVT         1  4.1  121  +180   47690 R 
    g97326/A                                                +0   47690   
    g97326/Y              AND2X1HVT          1  4.1  140  +301   47991 R 
    g93934/D                                                +0   47991   
    g93934/Y              AND4X1HVT          1  4.1  177  +577   48568 R 
    g93607/C                                                +0   48568   
    g93607/Y              AND3X1HVT          1  5.2  184  +469   49037 R 
    g106598/B0                                              +0   49037   
    g106598/Y             OAI2BB1X4HVT       1  4.1  190  +246   49284 F 
    g106597/B0                                              +0   49284   
    g106597/Y             AO21X1HVT          1  4.1  210  +314   49597 F 
    g105974/A1                                              +0   49597   
    g105974/Y             OA21X1HVT          1  4.1  212  +332   49930 F 
    reg_out_reg_20_/D     DFFQX2HVT                         +0   49930   
    reg_out_reg_20_/CK    setup                        0  +195   50125 R 
- - - - - - - - - - - - - - - - - - - - - - - - - - - - - - - - - - - - -
(clock clk)               capture                                83330 R 
                          uncertainty                     -250   83080 R 
-------------------------------------------------------------------------
Cost Group   : 'clk' (path_group 'clk')
Timing slack :   32955ps 
Start-point  : soc/spimemio/xfer_io1_90_reg/CKN
End-point    : soc/cpu/reg_out_reg_20_/D

path  51:

         Pin                 Type       Fanout Load Slew Delay Arrival   
                                               (fF) (ps)  (ps)   (ps)    
-------------------------------------------------------------------------
(clock clk)               launch                                 41665 F 
soc
  spimemio
    xfer_io1_90_reg/CKN                                0    +0   41665 F 
    xfer_io1_90_reg/Q     DFFNSRX1HVT        1  4.1  132  +380   42045 R 
    g8050/A0                                                +0   42045   
    g8050/Y               AO22X1HVT          1  4.1  150  +442   42487 R 
    g8019/B0                                                +0   42487   
    g8019/Y               AO21X2HVT          1  5.9  139  +278   42764 R 
  spimemio/flash_io1_do 
soc/flash_io1_do 
flash_bufs_1_/soc_o 
  g1/A                                                      +0   42764   
  g1/Y                    TBUFX12HVT         2 60.1  188  +363   43127 R 
flash_bufs_1_/soc_i 
drc_bufs/A                                                  +0   43127   
drc_bufs/Y                BUFX2HVT           3  8.8  154  +295   43422 R 
soc/flash_io1_di 
  g3477/A                                                   +0   43422   
  g3477/Y                 AND2X1HVT          1  4.2  143  +321   43743 R 
  g3353/C                                                   +0   43743   
  g3353/Y                 OR3X4HVT           4 12.4  126  +267   44010 R 
  cpu/mem_rdata[1] 
    g85267/B                                                +0   44010   
    g85267/Y              NAND2X2HVT         1  4.1  279  +244   44254 F 
    g85201/A                                                +0   44254   
    g85201/Y              AND2X1HVT          1  4.1  205  +307   44560 F 
    g85073/B                                                +0   44560   
    g85073/Y              AND2X2HVT          3  8.8  228  +304   44865 F 
    g85033/B                                                +0   44865   
    g85033/Y              OR2X4HVT           6 15.9  230  +385   45250 F 
    g87654/AN                                               +0   45250   
    g87654/Y              NOR2BX2HVT         1  4.1  143  +263   45514 F 
    g84971/B                                                +0   45514   
    g84971/Y              OR2X1HVT           1  4.1  209  +276   45790 F 
    g84915/C                                                +0   45790   
    g84915/Y              AND3X2HVT          3  9.4  242  +323   46113 F 
    g84902/A                                                +0   46113   
    g84902/Y              CLKINVX4HVT        6 16.5  166  +212   46325 R 
    g84876/C                                                +0   46325   
    g84876/Y              OR3X8HVT           8 27.9  143  +287   46612 R 
    g99316/A                                                +0   46612   
    g99316/Y              INVX3HVT           4 10.4  205  +193   46805 F 
    g98537/C                                                +0   46805   
    g98537/Y              AND3X1HVT          1  4.5  224  +287   47092 F 
    drc_bufs100414/A                                        +0   47092   
    drc_bufs100414/Y      INVX2HVT           1  8.0  166  +212   47303 R 
    drc_bufs100412/A                                        +0   47303   
    drc_bufs100412/Y      CLKINVX12HVT      16 42.2  218  +207   47510 F 
    g97467/B                                                +0   47510   
    g97467/Y              NAND2X2HVT         1  4.1  120  +180   47690 R 
    g97323/A                                                +0   47690   
    g97323/Y              AND2X1HVT          1  4.1  140  +300   47990 R 
    g93940/D                                                +0   47990   
    g93940/Y              AND4X1HVT          1  4.1  177  +577   48567 R 
    g93604/C                                                +0   48567   
    g93604/Y              AND3X1HVT          1  5.2  184  +469   49036 R 
    g106592/B0                                              +0   49036   
    g106592/Y             OAI2BB1X4HVT       1  4.1  190  +246   49283 F 
    g106591/B0                                              +0   49283   
    g106591/Y             AO21X1HVT          1  4.1  210  +314   49597 F 
    g105971/A1                                              +0   49597   
    g105971/Y             OA21X1HVT          1  4.1  212  +332   49929 F 
    reg_out_reg_17_/D     DFFQX2HVT                         +0   49929   
    reg_out_reg_17_/CK    setup                        0  +195   50125 R 
- - - - - - - - - - - - - - - - - - - - - - - - - - - - - - - - - - - - -
(clock clk)               capture                                83330 R 
                          uncertainty                     -250   83080 R 
-------------------------------------------------------------------------
Cost Group   : 'clk' (path_group 'clk')
Timing slack :   32955ps 
Start-point  : soc/spimemio/xfer_io1_90_reg/CKN
End-point    : soc/cpu/reg_out_reg_17_/D

path  52:

         Pin                 Type       Fanout Load Slew Delay Arrival   
                                               (fF) (ps)  (ps)   (ps)    
-------------------------------------------------------------------------
(clock clk)               launch                                 41665 F 
soc
  spimemio
    xfer_io1_90_reg/CKN                                0    +0   41665 F 
    xfer_io1_90_reg/Q     DFFNSRX1HVT        1  4.1  132  +380   42045 R 
    g8050/A0                                                +0   42045   
    g8050/Y               AO22X1HVT          1  4.1  150  +442   42487 R 
    g8019/B0                                                +0   42487   
    g8019/Y               AO21X2HVT          1  5.9  139  +278   42764 R 
  spimemio/flash_io1_do 
soc/flash_io1_do 
flash_bufs_1_/soc_o 
  g1/A                                                      +0   42764   
  g1/Y                    TBUFX12HVT         2 60.1  188  +363   43127 R 
flash_bufs_1_/soc_i 
drc_bufs/A                                                  +0   43127   
drc_bufs/Y                BUFX2HVT           3  8.8  154  +295   43422 R 
soc/flash_io1_di 
  g3477/A                                                   +0   43422   
  g3477/Y                 AND2X1HVT          1  4.2  143  +321   43743 R 
  g3353/C                                                   +0   43743   
  g3353/Y                 OR3X4HVT           4 12.4  126  +267   44010 R 
  cpu/mem_rdata[1] 
    g85267/B                                                +0   44010   
    g85267/Y              NAND2X2HVT         1  4.1  279  +244   44254 F 
    g85201/A                                                +0   44254   
    g85201/Y              AND2X1HVT          1  4.1  205  +307   44560 F 
    g85073/B                                                +0   44560   
    g85073/Y              AND2X2HVT          3  8.8  228  +304   44865 F 
    g85033/B                                                +0   44865   
    g85033/Y              OR2X4HVT           6 15.9  230  +385   45250 F 
    g87654/AN                                               +0   45250   
    g87654/Y              NOR2BX2HVT         1  4.1  143  +263   45514 F 
    g84971/B                                                +0   45514   
    g84971/Y              OR2X1HVT           1  4.1  209  +276   45790 F 
    g84915/C                                                +0   45790   
    g84915/Y              AND3X2HVT          3  9.4  242  +323   46113 F 
    g84902/A                                                +0   46113   
    g84902/Y              CLKINVX4HVT        6 16.5  166  +212   46325 R 
    g84876/C                                                +0   46325   
    g84876/Y              OR3X8HVT           8 27.9  143  +287   46612 R 
    g99316/A                                                +0   46612   
    g99316/Y              INVX3HVT           4 10.4  205  +193   46805 F 
    g98537/C                                                +0   46805   
    g98537/Y              AND3X1HVT          1  4.5  224  +287   47092 F 
    drc_bufs100414/A                                        +0   47092   
    drc_bufs100414/Y      INVX2HVT           1  8.0  166  +212   47303 R 
    drc_bufs100412/A                                        +0   47303   
    drc_bufs100412/Y      CLKINVX12HVT      16 42.2  218  +207   47510 F 
    g97472/B                                                +0   47510   
    g97472/Y              NAND2X2HVT         1  4.1  119  +180   47690 R 
    g97330/A                                                +0   47690   
    g97330/Y              AND2X1HVT          1  4.1  140  +300   47990 R 
    g93920/D                                                +0   47990   
    g93920/Y              AND4X1HVT          1  4.1  177  +577   48567 R 
    g93610/C                                                +0   48567   
    g93610/Y              AND3X1HVT          1  5.2  184  +469   49036 R 
    g106582/B0                                              +0   49036   
    g106582/Y             OAI2BB1X4HVT       1  4.1  190  +246   49282 F 
    g106581/B0                                              +0   49282   
    g106581/Y             AO21X1HVT          1  4.1  210  +314   49596 F 
    g105967/A1                                              +0   49596   
    g105967/Y             OA21X1HVT          1  4.1  212  +332   49929 F 
    reg_out_reg_23_/D     DFFQX2HVT                         +0   49929   
    reg_out_reg_23_/CK    setup                        0  +195   50124 R 
- - - - - - - - - - - - - - - - - - - - - - - - - - - - - - - - - - - - -
(clock clk)               capture                                83330 R 
                          uncertainty                     -250   83080 R 
-------------------------------------------------------------------------
Cost Group   : 'clk' (path_group 'clk')
Timing slack :   32956ps 
Start-point  : soc/spimemio/xfer_io1_90_reg/CKN
End-point    : soc/cpu/reg_out_reg_23_/D

path  53:

         Pin                 Type       Fanout Load Slew Delay Arrival   
                                               (fF) (ps)  (ps)   (ps)    
-------------------------------------------------------------------------
(clock clk)               launch                                 41665 F 
soc
  spimemio
    xfer_io1_90_reg/CKN                                0    +0   41665 F 
    xfer_io1_90_reg/Q     DFFNSRX1HVT        1  4.1  132  +380   42045 R 
    g8050/A0                                                +0   42045   
    g8050/Y               AO22X1HVT          1  4.1  150  +442   42487 R 
    g8019/B0                                                +0   42487   
    g8019/Y               AO21X2HVT          1  5.9  139  +278   42764 R 
  spimemio/flash_io1_do 
soc/flash_io1_do 
flash_bufs_1_/soc_o 
  g1/A                                                      +0   42764   
  g1/Y                    TBUFX12HVT         2 60.1  188  +363   43127 R 
flash_bufs_1_/soc_i 
drc_bufs/A                                                  +0   43127   
drc_bufs/Y                BUFX2HVT           3  8.8  154  +295   43422 R 
soc/flash_io1_di 
  g3477/A                                                   +0   43422   
  g3477/Y                 AND2X1HVT          1  4.2  143  +321   43743 R 
  g3353/C                                                   +0   43743   
  g3353/Y                 OR3X4HVT           4 12.4  126  +267   44010 R 
  cpu/mem_rdata[1] 
    g85267/B                                                +0   44010   
    g85267/Y              NAND2X2HVT         1  4.1  279  +244   44254 F 
    g85201/A                                                +0   44254   
    g85201/Y              AND2X1HVT          1  4.1  205  +307   44560 F 
    g85073/B                                                +0   44560   
    g85073/Y              AND2X2HVT          3  8.8  228  +304   44865 F 
    g85033/B                                                +0   44865   
    g85033/Y              OR2X4HVT           6 15.9  230  +385   45250 F 
    g87654/AN                                               +0   45250   
    g87654/Y              NOR2BX2HVT         1  4.1  143  +263   45514 F 
    g84971/B                                                +0   45514   
    g84971/Y              OR2X1HVT           1  4.1  209  +276   45790 F 
    g84915/C                                                +0   45790   
    g84915/Y              AND3X2HVT          3  9.4  242  +323   46113 F 
    g84902/A                                                +0   46113   
    g84902/Y              CLKINVX4HVT        6 16.5  166  +212   46325 R 
    g84876/C                                                +0   46325   
    g84876/Y              OR3X8HVT           8 27.9  143  +287   46612 R 
    g99316/A                                                +0   46612   
    g99316/Y              INVX3HVT           4 10.4  205  +193   46805 F 
    g98537/C                                                +0   46805   
    g98537/Y              AND3X1HVT          1  4.5  224  +287   47092 F 
    drc_bufs100414/A                                        +0   47092   
    drc_bufs100414/Y      INVX2HVT           1  8.0  166  +212   47303 R 
    drc_bufs100412/A                                        +0   47303   
    drc_bufs100412/Y      CLKINVX12HVT      16 42.2  218  +207   47510 F 
    g97471/B                                                +0   47510   
    g97471/Y              NAND2X2HVT         1  4.1  119  +180   47690 R 
    g97327/A                                                +0   47690   
    g97327/Y              AND2X1HVT          1  4.1  140  +300   47990 R 
    g93930/D                                                +0   47990   
    g93930/Y              AND4X1HVT          1  4.1  177  +577   48567 R 
    g93608/C                                                +0   48567   
    g93608/Y              AND3X1HVT          1  5.2  184  +469   49036 R 
    g106586/B0                                              +0   49036   
    g106586/Y             OAI2BB1X4HVT       1  4.1  190  +246   49282 F 
    g106585/B0                                              +0   49282   
    g106585/Y             AO21X1HVT          1  4.1  210  +314   49596 F 
    g105975/A1                                              +0   49596   
    g105975/Y             OA21X1HVT          1  4.1  212  +332   49929 F 
    reg_out_reg_21_/D     DFFQX2HVT                         +0   49929   
    reg_out_reg_21_/CK    setup                        0  +195   50124 R 
- - - - - - - - - - - - - - - - - - - - - - - - - - - - - - - - - - - - -
(clock clk)               capture                                83330 R 
                          uncertainty                     -250   83080 R 
-------------------------------------------------------------------------
Cost Group   : 'clk' (path_group 'clk')
Timing slack :   32956ps 
Start-point  : soc/spimemio/xfer_io1_90_reg/CKN
End-point    : soc/cpu/reg_out_reg_21_/D

path  54:

         Pin                 Type       Fanout Load Slew Delay Arrival   
                                               (fF) (ps)  (ps)   (ps)    
-------------------------------------------------------------------------
(clock clk)               launch                                 41665 F 
soc
  spimemio
    xfer_io1_90_reg/CKN                                0    +0   41665 F 
    xfer_io1_90_reg/Q     DFFNSRX1HVT        1  4.1  132  +380   42045 R 
    g8050/A0                                                +0   42045   
    g8050/Y               AO22X1HVT          1  4.1  150  +442   42487 R 
    g8019/B0                                                +0   42487   
    g8019/Y               AO21X2HVT          1  5.9  139  +278   42764 R 
  spimemio/flash_io1_do 
soc/flash_io1_do 
flash_bufs_1_/soc_o 
  g1/A                                                      +0   42764   
  g1/Y                    TBUFX12HVT         2 60.1  188  +363   43127 R 
flash_bufs_1_/soc_i 
drc_bufs/A                                                  +0   43127   
drc_bufs/Y                BUFX2HVT           3  8.8  154  +295   43422 R 
soc/flash_io1_di 
  g3477/A                                                   +0   43422   
  g3477/Y                 AND2X1HVT          1  4.2  143  +321   43743 R 
  g3353/C                                                   +0   43743   
  g3353/Y                 OR3X4HVT           4 12.4  126  +267   44010 R 
  cpu/mem_rdata[1] 
    g85267/B                                                +0   44010   
    g85267/Y              NAND2X2HVT         1  4.1  279  +244   44254 F 
    g85201/A                                                +0   44254   
    g85201/Y              AND2X1HVT          1  4.1  205  +307   44560 F 
    g85073/B                                                +0   44560   
    g85073/Y              AND2X2HVT          3  8.8  228  +304   44865 F 
    g85033/B                                                +0   44865   
    g85033/Y              OR2X4HVT           6 15.9  230  +385   45250 F 
    g87654/AN                                               +0   45250   
    g87654/Y              NOR2BX2HVT         1  4.1  143  +263   45514 F 
    g84971/B                                                +0   45514   
    g84971/Y              OR2X1HVT           1  4.1  209  +276   45790 F 
    g84915/C                                                +0   45790   
    g84915/Y              AND3X2HVT          3  9.4  242  +323   46113 F 
    g84902/A                                                +0   46113   
    g84902/Y              CLKINVX4HVT        6 16.5  166  +212   46325 R 
    g84876/C                                                +0   46325   
    g84876/Y              OR3X8HVT           8 27.9  143  +287   46612 R 
    g99316/A                                                +0   46612   
    g99316/Y              INVX3HVT           4 10.4  205  +193   46805 F 
    g98537/C                                                +0   46805   
    g98537/Y              AND3X1HVT          1  4.5  224  +287   47092 F 
    drc_bufs100414/A                                        +0   47092   
    drc_bufs100414/Y      INVX2HVT           1  8.0  166  +212   47303 R 
    drc_bufs100412/A                                        +0   47303   
    drc_bufs100412/Y      CLKINVX12HVT      16 42.2  218  +207   47510 F 
    g97469/B                                                +0   47510   
    g97469/Y              NAND2X2HVT         1  4.1  119  +180   47690 R 
    g97325/A                                                +0   47690   
    g97325/Y              AND2X1HVT          1  4.1  140  +300   47990 R 
    g93942/D                                                +0   47990   
    g93942/Y              AND4X1HVT          1  4.1  177  +577   48567 R 
    g93606/C                                                +0   48567   
    g93606/Y              AND3X1HVT          1  5.2  184  +469   49036 R 
    g106596/B0                                              +0   49036   
    g106596/Y             OAI2BB1X4HVT       1  4.1  190  +246   49282 F 
    g106595/B0                                              +0   49282   
    g106595/Y             AO21X1HVT          1  4.1  210  +314   49596 F 
    g105972/A1                                              +0   49596   
    g105972/Y             OA21X1HVT          1  4.1  212  +332   49929 F 
    reg_out_reg_19_/D     DFFQX2HVT                         +0   49929   
    reg_out_reg_19_/CK    setup                        0  +195   50124 R 
- - - - - - - - - - - - - - - - - - - - - - - - - - - - - - - - - - - - -
(clock clk)               capture                                83330 R 
                          uncertainty                     -250   83080 R 
-------------------------------------------------------------------------
Cost Group   : 'clk' (path_group 'clk')
Timing slack :   32956ps 
Start-point  : soc/spimemio/xfer_io1_90_reg/CKN
End-point    : soc/cpu/reg_out_reg_19_/D

path  55:

         Pin                 Type       Fanout Load Slew Delay Arrival   
                                               (fF) (ps)  (ps)   (ps)    
-------------------------------------------------------------------------
(clock clk)               launch                                 41665 F 
soc
  spimemio
    xfer_io1_90_reg/CKN                                0    +0   41665 F 
    xfer_io1_90_reg/Q     DFFNSRX1HVT        1  4.1  132  +380   42045 R 
    g8050/A0                                                +0   42045   
    g8050/Y               AO22X1HVT          1  4.1  150  +442   42487 R 
    g8019/B0                                                +0   42487   
    g8019/Y               AO21X2HVT          1  5.9  139  +278   42764 R 
  spimemio/flash_io1_do 
soc/flash_io1_do 
flash_bufs_1_/soc_o 
  g1/A                                                      +0   42764   
  g1/Y                    TBUFX12HVT         2 60.1  188  +363   43127 R 
flash_bufs_1_/soc_i 
drc_bufs/A                                                  +0   43127   
drc_bufs/Y                BUFX2HVT           3  8.8  154  +295   43422 R 
soc/flash_io1_di 
  g3477/A                                                   +0   43422   
  g3477/Y                 AND2X1HVT          1  4.2  143  +321   43743 R 
  g3353/C                                                   +0   43743   
  g3353/Y                 OR3X4HVT           4 12.4  126  +267   44010 R 
  cpu/mem_rdata[1] 
    g85267/B                                                +0   44010   
    g85267/Y              NAND2X2HVT         1  4.1  279  +244   44254 F 
    g85201/A                                                +0   44254   
    g85201/Y              AND2X1HVT          1  4.1  205  +307   44560 F 
    g85073/B                                                +0   44560   
    g85073/Y              AND2X2HVT          3  8.8  228  +304   44865 F 
    g85033/B                                                +0   44865   
    g85033/Y              OR2X4HVT           6 15.9  230  +385   45250 F 
    g87654/AN                                               +0   45250   
    g87654/Y              NOR2BX2HVT         1  4.1  143  +263   45514 F 
    g84971/B                                                +0   45514   
    g84971/Y              OR2X1HVT           1  4.1  209  +276   45790 F 
    g84915/C                                                +0   45790   
    g84915/Y              AND3X2HVT          3  9.4  242  +323   46113 F 
    g84902/A                                                +0   46113   
    g84902/Y              CLKINVX4HVT        6 16.5  166  +212   46325 R 
    g84876/C                                                +0   46325   
    g84876/Y              OR3X8HVT           8 27.9  143  +287   46612 R 
    g99316/A                                                +0   46612   
    g99316/Y              INVX3HVT           4 10.4  205  +193   46805 F 
    g98537/C                                                +0   46805   
    g98537/Y              AND3X1HVT          1  4.5  224  +287   47092 F 
    drc_bufs100414/A                                        +0   47092   
    drc_bufs100414/Y      INVX2HVT           1  8.0  166  +212   47303 R 
    drc_bufs100412/A                                        +0   47303   
    drc_bufs100412/Y      CLKINVX12HVT      16 42.2  218  +207   47510 F 
    g97468/B                                                +0   47510   
    g97468/Y              NAND2X2HVT         1  4.1  119  +180   47690 R 
    g97324/A                                                +0   47690   
    g97324/Y              AND2X1HVT          1  4.1  140  +300   47990 R 
    g93941/D                                                +0   47990   
    g93941/Y              AND4X1HVT          1  4.1  177  +577   48567 R 
    g93605/C                                                +0   48567   
    g93605/Y              AND3X1HVT          1  5.2  184  +469   49036 R 
    g106594/B0                                              +0   49036   
    g106594/Y             OAI2BB1X4HVT       1  4.1  190  +246   49282 F 
    g106593/B0                                              +0   49282   
    g106593/Y             AO21X1HVT          1  4.1  210  +314   49596 F 
    g105973/A1                                              +0   49596   
    g105973/Y             OA21X1HVT          1  4.1  212  +332   49929 F 
    reg_out_reg_18_/D     DFFQX2HVT                         +0   49929   
    reg_out_reg_18_/CK    setup                        0  +195   50124 R 
- - - - - - - - - - - - - - - - - - - - - - - - - - - - - - - - - - - - -
(clock clk)               capture                                83330 R 
                          uncertainty                     -250   83080 R 
-------------------------------------------------------------------------
Cost Group   : 'clk' (path_group 'clk')
Timing slack :   32956ps 
Start-point  : soc/spimemio/xfer_io1_90_reg/CKN
End-point    : soc/cpu/reg_out_reg_18_/D

path  56:

         Pin                 Type       Fanout Load Slew Delay Arrival   
                                               (fF) (ps)  (ps)   (ps)    
-------------------------------------------------------------------------
(clock clk)               launch                                 41665 F 
soc
  spimemio
    xfer_io1_90_reg/CKN                                0    +0   41665 F 
    xfer_io1_90_reg/Q     DFFNSRX1HVT        1  4.1  132  +380   42045 R 
    g8050/A0                                                +0   42045   
    g8050/Y               AO22X1HVT          1  4.1  150  +442   42487 R 
    g8019/B0                                                +0   42487   
    g8019/Y               AO21X2HVT          1  5.9  139  +278   42764 R 
  spimemio/flash_io1_do 
soc/flash_io1_do 
flash_bufs_1_/soc_o 
  g1/A                                                      +0   42764   
  g1/Y                    TBUFX12HVT         2 60.1  188  +363   43127 R 
flash_bufs_1_/soc_i 
drc_bufs/A                                                  +0   43127   
drc_bufs/Y                BUFX2HVT           3  8.8  154  +295   43422 R 
soc/flash_io1_di 
  g3477/A                                                   +0   43422   
  g3477/Y                 AND2X1HVT          1  4.2  143  +321   43743 R 
  g3353/C                                                   +0   43743   
  g3353/Y                 OR3X4HVT           4 12.4  126  +267   44010 R 
  cpu/mem_rdata[1] 
    g85267/B                                                +0   44010   
    g85267/Y              NAND2X2HVT         1  4.1  279  +244   44254 F 
    g85201/A                                                +0   44254   
    g85201/Y              AND2X1HVT          1  4.1  205  +307   44560 F 
    g85073/B                                                +0   44560   
    g85073/Y              AND2X2HVT          3  8.8  228  +304   44865 F 
    g85033/B                                                +0   44865   
    g85033/Y              OR2X4HVT           6 15.9  230  +385   45250 F 
    g87654/AN                                               +0   45250   
    g87654/Y              NOR2BX2HVT         1  4.1  143  +263   45514 F 
    g84971/B                                                +0   45514   
    g84971/Y              OR2X1HVT           1  4.1  209  +276   45790 F 
    g84915/C                                                +0   45790   
    g84915/Y              AND3X2HVT          3  9.4  242  +323   46113 F 
    g84902/A                                                +0   46113   
    g84902/Y              CLKINVX4HVT        6 16.5  166  +212   46325 R 
    g84876/C                                                +0   46325   
    g84876/Y              OR3X8HVT           8 27.9  143  +287   46612 R 
    g98529/B                                                +0   46612   
    g98529/Y              OR2X2HVT           3 10.1  174  +288   46900 R 
    g98188/A                                                +0   46900   
    g98188/Y              INVX1HVT           1  4.2  234  +244   47144 F 
    g97621/B                                                +0   47144   
    g97621/Y              AND2X4HVT          7 21.1  278  +354   47498 F 
    g96242/B                                                +0   47498   
    g96242/Y              NAND2X4HVT         1  4.1   89  +183   47681 R 
    g96028/B                                                +0   47681   
    g96028/Y              AND2X1HVT          1  4.1  140  +304   47986 R 
    g93931/C                                                +0   47986   
    g93931/Y              AND3X1HVT          1  4.1  153  +432   48418 R 
    g93566/D                                                +0   48418   
    g93566/Y              AND4X1HVT          1  5.2  208  +601   49019 R 
    g106574/B0                                              +0   49019   
    g106574/Y             OAI2BB1X4HVT       1  4.1  192  +261   49280 F 
    g106573/B0                                              +0   49280   
    g106573/Y             AO21X1HVT          1  4.1  210  +315   49595 F 
    g105963/A1                                              +0   49595   
    g105963/Y             OA21X1HVT          1  4.1  212  +332   49928 F 
    reg_out_reg_12_/D     DFFQX2HVT                         +0   49928   
    reg_out_reg_12_/CK    setup                        0  +195   50123 R 
- - - - - - - - - - - - - - - - - - - - - - - - - - - - - - - - - - - - -
(clock clk)               capture                                83330 R 
                          uncertainty                     -250   83080 R 
-------------------------------------------------------------------------
Cost Group   : 'clk' (path_group 'clk')
Timing slack :   32957ps 
Start-point  : soc/spimemio/xfer_io1_90_reg/CKN
End-point    : soc/cpu/reg_out_reg_12_/D

path  57:

         Pin                 Type       Fanout Load Slew Delay Arrival   
                                               (fF) (ps)  (ps)   (ps)    
-------------------------------------------------------------------------
(clock clk)               launch                                 41665 F 
soc
  spimemio
    xfer_io1_90_reg/CKN                                0    +0   41665 F 
    xfer_io1_90_reg/Q     DFFNSRX1HVT        1  4.1  132  +380   42045 R 
    g8050/A0                                                +0   42045   
    g8050/Y               AO22X1HVT          1  4.1  150  +442   42487 R 
    g8019/B0                                                +0   42487   
    g8019/Y               AO21X2HVT          1  5.9  139  +278   42764 R 
  spimemio/flash_io1_do 
soc/flash_io1_do 
flash_bufs_1_/soc_o 
  g1/A                                                      +0   42764   
  g1/Y                    TBUFX12HVT         2 60.1  188  +363   43127 R 
flash_bufs_1_/soc_i 
drc_bufs/A                                                  +0   43127   
drc_bufs/Y                BUFX2HVT           3  8.8  154  +295   43422 R 
soc/flash_io1_di 
  g3477/A                                                   +0   43422   
  g3477/Y                 AND2X1HVT          1  4.2  143  +321   43743 R 
  g3353/C                                                   +0   43743   
  g3353/Y                 OR3X4HVT           4 12.4  126  +267   44010 R 
  cpu/mem_rdata[1] 
    g85267/B                                                +0   44010   
    g85267/Y              NAND2X2HVT         1  4.1  279  +244   44254 F 
    g85201/A                                                +0   44254   
    g85201/Y              AND2X1HVT          1  4.1  205  +307   44560 F 
    g85073/B                                                +0   44560   
    g85073/Y              AND2X2HVT          3  8.8  228  +304   44865 F 
    g85033/B                                                +0   44865   
    g85033/Y              OR2X4HVT           6 15.9  230  +385   45250 F 
    g87654/AN                                               +0   45250   
    g87654/Y              NOR2BX2HVT         1  4.1  143  +263   45514 F 
    g84971/B                                                +0   45514   
    g84971/Y              OR2X1HVT           1  4.1  209  +276   45790 F 
    g84915/C                                                +0   45790   
    g84915/Y              AND3X2HVT          3  9.4  242  +323   46113 F 
    g84902/A                                                +0   46113   
    g84902/Y              CLKINVX4HVT        6 16.5  166  +212   46325 R 
    g84876/C                                                +0   46325   
    g84876/Y              OR3X8HVT           8 27.9  143  +287   46612 R 
    g99316/A                                                +0   46612   
    g99316/Y              INVX3HVT           4 10.4  205  +193   46805 F 
    g98537/C                                                +0   46805   
    g98537/Y              AND3X1HVT          1  4.5  224  +287   47092 F 
    drc_bufs100414/A                                        +0   47092   
    drc_bufs100414/Y      INVX2HVT           1  8.0  166  +212   47303 R 
    drc_bufs100412/A                                        +0   47303   
    drc_bufs100412/Y      CLKINVX12HVT      16 42.2  218  +207   47510 F 
    g97475/B                                                +0   47510   
    g97475/Y              NAND2X2HVT         1  4.1  115  +180   47690 R 
    g97334/A                                                +0   47690   
    g97334/Y              AND2X1HVT          1  4.1  140  +298   47988 R 
    g93912/D                                                +0   47988   
    g93912/Y              AND4X1HVT          1  4.1  177  +577   48565 R 
    g93613/C                                                +0   48565   
    g93613/Y              AND3X1HVT          1  5.2  184  +469   49034 R 
    g106576/B0                                              +0   49034   
    g106576/Y             OAI2BB1X4HVT       1  4.1  190  +246   49280 F 
    g106575/B0                                              +0   49280   
    g106575/Y             AO21X1HVT          1  4.1  210  +314   49594 F 
    g105980/A1                                              +0   49594   
    g105980/Y             OA21X1HVT          1  4.1  212  +332   49927 F 
    reg_out_reg_26_/D     DFFQX2HVT                         +0   49927   
    reg_out_reg_26_/CK    setup                        0  +195   50122 R 
- - - - - - - - - - - - - - - - - - - - - - - - - - - - - - - - - - - - -
(clock clk)               capture                                83330 R 
                          uncertainty                     -250   83080 R 
-------------------------------------------------------------------------
Cost Group   : 'clk' (path_group 'clk')
Timing slack :   32958ps 
Start-point  : soc/spimemio/xfer_io1_90_reg/CKN
End-point    : soc/cpu/reg_out_reg_26_/D

path  58:

         Pin                 Type       Fanout Load Slew Delay Arrival   
                                               (fF) (ps)  (ps)   (ps)    
-------------------------------------------------------------------------
(clock clk)               launch                                 41665 F 
soc
  spimemio
    xfer_io1_90_reg/CKN                                0    +0   41665 F 
    xfer_io1_90_reg/Q     DFFNSRX1HVT        1  4.1  132  +380   42045 R 
    g8050/A0                                                +0   42045   
    g8050/Y               AO22X1HVT          1  4.1  150  +442   42487 R 
    g8019/B0                                                +0   42487   
    g8019/Y               AO21X2HVT          1  5.9  139  +278   42764 R 
  spimemio/flash_io1_do 
soc/flash_io1_do 
flash_bufs_1_/soc_o 
  g1/A                                                      +0   42764   
  g1/Y                    TBUFX12HVT         2 60.1  188  +363   43127 R 
flash_bufs_1_/soc_i 
drc_bufs/A                                                  +0   43127   
drc_bufs/Y                BUFX2HVT           3  8.8  154  +295   43422 R 
soc/flash_io1_di 
  g3477/A                                                   +0   43422   
  g3477/Y                 AND2X1HVT          1  4.2  143  +321   43743 R 
  g3353/C                                                   +0   43743   
  g3353/Y                 OR3X4HVT           4 12.4  126  +267   44010 R 
  cpu/mem_rdata[1] 
    g85267/B                                                +0   44010   
    g85267/Y              NAND2X2HVT         1  4.1  279  +244   44254 F 
    g85201/A                                                +0   44254   
    g85201/Y              AND2X1HVT          1  4.1  205  +307   44560 F 
    g85073/B                                                +0   44560   
    g85073/Y              AND2X2HVT          3  8.8  228  +304   44865 F 
    g85033/B                                                +0   44865   
    g85033/Y              OR2X4HVT           6 15.9  230  +385   45250 F 
    g87654/AN                                               +0   45250   
    g87654/Y              NOR2BX2HVT         1  4.1  143  +263   45514 F 
    g84971/B                                                +0   45514   
    g84971/Y              OR2X1HVT           1  4.1  209  +276   45790 F 
    g84915/C                                                +0   45790   
    g84915/Y              AND3X2HVT          3  9.4  242  +323   46113 F 
    g84902/A                                                +0   46113   
    g84902/Y              CLKINVX4HVT        6 16.5  166  +212   46325 R 
    g84876/C                                                +0   46325   
    g84876/Y              OR3X8HVT           8 27.9  143  +287   46612 R 
    g99316/A                                                +0   46612   
    g99316/Y              INVX3HVT           4 10.4  205  +193   46805 F 
    g98537/C                                                +0   46805   
    g98537/Y              AND3X1HVT          1  4.5  224  +287   47092 F 
    drc_bufs100414/A                                        +0   47092   
    drc_bufs100414/Y      INVX2HVT           1  8.0  166  +212   47303 R 
    drc_bufs100412/A                                        +0   47303   
    drc_bufs100412/Y      CLKINVX12HVT      16 42.2  218  +207   47510 F 
    g97473/B                                                +0   47510   
    g97473/Y              NAND2X2HVT         1  4.1  115  +180   47690 R 
    g97331/A                                                +0   47690   
    g97331/Y              AND2X1HVT          1  4.1  140  +298   47988 R 
    g93914/D                                                +0   47988   
    g93914/Y              AND4X1HVT          1  4.1  177  +577   48565 R 
    g93611/C                                                +0   48565   
    g93611/Y              AND3X1HVT          1  5.2  184  +469   49034 R 
    g106580/B0                                              +0   49034   
    g106580/Y             OAI2BB1X4HVT       1  4.1  190  +246   49280 F 
    g106579/B0                                              +0   49280   
    g106579/Y             AO21X1HVT          1  4.1  210  +314   49594 F 
    g105978/A1                                              +0   49594   
    g105978/Y             OA21X1HVT          1  4.1  212  +332   49927 F 
    reg_out_reg_24_/D     DFFQX2HVT                         +0   49927   
    reg_out_reg_24_/CK    setup                        0  +195   50122 R 
- - - - - - - - - - - - - - - - - - - - - - - - - - - - - - - - - - - - -
(clock clk)               capture                                83330 R 
                          uncertainty                     -250   83080 R 
-------------------------------------------------------------------------
Cost Group   : 'clk' (path_group 'clk')
Timing slack :   32958ps 
Start-point  : soc/spimemio/xfer_io1_90_reg/CKN
End-point    : soc/cpu/reg_out_reg_24_/D

path  59:

           Pin                 Type       Fanout Load Slew Delay Arrival   
                                                 (fF) (ps)  (ps)   (ps)    
---------------------------------------------------------------------------
(clock clk)                  launch                                41665 F 
soc
  spimemio
    xfer_io0_90_reg/CKN                                  0    +0   41665 F 
    xfer_io0_90_reg/Q        DFFNSRX1HVT       1  4.1  204  +404   42069 F 
    g8049/A0                                                  +0   42069   
    g8049/Y                  AO22X1HVT         1  4.1  212  +383   42452 F 
    g8013/B0                                                  +0   42452   
    g8013/Y                  AO21X2HVT         1  5.7  168  +345   42796 F 
  spimemio/flash_io0_do 
soc/flash_io0_do 
flash_bufs_0_/soc_o 
  g1/A                                                        +0   42796   
  g1/Y                       TBUFX12HVT        3 63.4  277  +342   43138 F 
flash_bufs_0_/soc_i 
soc/flash_io0_di 
  g3479/A                                                     +0   43138   
  g3479/Y                    AND2X1HVT         1  4.2  210  +308   43446 F 
  g3354/C                                                     +0   43446   
  g3354/Y                    OR3X4HVT          4 12.2  207  +438   43884 F 
  cpu/mem_rdata[0] 
    g85261/B                                                  +0   43884   
    g85261/Y                 NAND2X2HVT        1  4.1  124  +173   44057 R 
    g85199/A                                                  +0   44057   
    g85199/Y                 AND2X1HVT         1  4.1  140  +303   44360 R 
    g85072/B                                                  +0   44360   
    g85072/Y                 AND2X2HVT         3  9.6  188  +399   44759 R 
    g85033/A                                                  +0   44759   
    g85033/Y                 OR2X4HVT          6 16.2  153  +315   45074 R 
    g87654/AN                                                 +0   45074   
    g87654/Y                 NOR2BX2HVT        1  4.1  184  +303   45377 R 
    g84971/B                                                  +0   45377   
    g84971/Y                 OR2X1HVT          1  4.1  134  +256   45632 R 
    g84915/C                                                  +0   45632   
    g84915/Y                 AND3X2HVT         3  9.5  220  +545   46177 R 
    g84902/A                                                  +0   46177   
    g84902/Y                 CLKINVX4HVT       6 16.1  248  +251   46428 F 
    g84877/B                                                  +0   46428   
    g84877/Y                 OR2X4HVT          6 15.7  228  +395   46823 F 
    g84857/B                                                  +0   46823   
    g84857/Y                 OR2X6HVT         10 23.9  233  +364   47187 F 
    g98528/B                                                  +0   47187   
    g98528/Y                 OR2X2HVT          3  8.3  225  +374   47562 F 
    g98187/A                                                  +0   47562   
    g98187/Y                 INVX1HVT          1  4.1  166  +224   47786 R 
    g97593/A                                                  +0   47786   
    g97593/Y                 OR2X2HVT          3  8.9  157  +307   48092 R 
    g93541/B                                                  +0   48092   
    g93541/Y                 OR3X4HVT          4 11.4  120  +285   48377 R 
    g93506/A                                                  +0   48377   
    g93506/Y                 INVX4HVT          6 15.3  219  +186   48563 F 
    g93439/B                                                  +0   48563   
    g93439/Y                 NAND2X2HVT        1  4.1  115  +180   48743 R 
    g105988/B0                                                +0   48743   
    g105988/Y                OA21X1HVT         1  4.1  142  +329   49072 R 
    g93351/B0                                                 +0   49072   
    g93351/Y                 OA21X1HVT         1  5.2  174  +362   49434 R 
    g93275/B                                                  +0   49434   
    g93275/Y                 NAND2X4HVT        1  4.1  189  +209   49643 F 
    g93247/B                                                  +0   49643   
    g93247/Y                 OR2X1HVT          1  4.1  209  +300   49943 F 
    mem_rdata_q_reg_28_/D    DFFHQX4HVT                       +0   49943   
    mem_rdata_q_reg_28_/CK   setup                       0  +179   50122 R 
- - - - - - - - - - - - - - - - - - - - - - - - - - - - - - - - - - - - - -
(clock clk)                  capture                               83330 R 
                             uncertainty                    -250   83080 R 
---------------------------------------------------------------------------
Cost Group   : 'clk' (path_group 'clk')
Timing slack :   32958ps 
Start-point  : soc/spimemio/xfer_io0_90_reg/CKN
End-point    : soc/cpu/mem_rdata_q_reg_28_/D

path  60:

           Pin                 Type       Fanout Load Slew Delay Arrival   
                                                 (fF) (ps)  (ps)   (ps)    
---------------------------------------------------------------------------
(clock clk)                  launch                                41665 F 
soc
  spimemio
    xfer_io1_90_reg/CKN                                  0    +0   41665 F 
    xfer_io1_90_reg/Q        DFFNSRX1HVT       1  4.1  204  +404   42069 F 
    g8050/A0                                                  +0   42069   
    g8050/Y                  AO22X1HVT         1  4.1  212  +383   42452 F 
    g8019/B0                                                  +0   42452   
    g8019/Y                  AO21X2HVT         1  5.7  168  +345   42796 F 
  spimemio/flash_io1_do 
soc/flash_io1_do 
flash_bufs_1_/soc_o 
  g1/A                                                        +0   42796   
  g1/Y                       TBUFX12HVT        2 60.3  264  +335   43131 F 
flash_bufs_1_/soc_i 
drc_bufs/A                                                    +0   43131   
drc_bufs/Y                   BUFX2HVT          3  8.7  224  +326   43458 F 
soc/flash_io1_di 
  g3477/A                                                     +0   43458   
  g3477/Y                    AND2X1HVT         1  4.2  210  +280   43738 F 
  g3353/C                                                     +0   43738   
  g3353/Y                    OR3X4HVT          4 12.1  206  +438   44175 F 
  cpu/mem_rdata[1] 
    g85267/B                                                  +0   44175   
    g85267/Y                 NAND2X2HVT        1  4.1  124  +172   44348 R 
    g85201/A                                                  +0   44348   
    g85201/Y                 AND2X1HVT         1  4.1  140  +303   44650 R 
    g85073/B                                                  +0   44650   
    g85073/Y                 AND2X2HVT         3  8.9  178  +393   45043 R 
    g85033/B                                                  +0   45043   
    g85033/Y                 OR2X4HVT          6 16.2  153  +295   45339 R 
    g87654/AN                                                 +0   45339   
    g87654/Y                 NOR2BX2HVT        1  4.1  184  +303   45641 R 
    g84971/B                                                  +0   45641   
    g84971/Y                 OR2X1HVT          1  4.1  134  +256   45897 R 
    g84915/C                                                  +0   45897   
    g84915/Y                 AND3X2HVT         3  9.5  220  +545   46442 R 
    g84902/A                                                  +0   46442   
    g84902/Y                 CLKINVX4HVT       6 16.1  248  +251   46693 F 
    g84877/B                                                  +0   46693   
    g84877/Y                 OR2X4HVT          6 15.7  228  +395   47088 F 
    g84857/B                                                  +0   47088   
    g84857/Y                 OR2X6HVT         10 23.9  233  +364   47452 F 
    g84842/B                                                  +0   47452   
    g84842/Y                 OR2X4HVT          5 13.7  205  +374   47826 F 
    g99298/A                                                  +0   47826   
    g99298/Y                 INVX1HVT          1  4.1  162  +210   48037 R 
    g97809/C                                                  +0   48037   
    g97809/Y                 AND3X2HVT         2  6.2  173  +533   48570 R 
    g93743/C                                                  +0   48570   
    g93743/Y                 OR3X1HVT          1  4.2  139  +262   48832 R 
    g93541/C                                                  +0   48832   
    g93541/Y                 OR3X4HVT          4 11.4  120  +260   49092 R 
    g93506/A                                                  +0   49092   
    g93506/Y                 INVX4HVT          6 15.3  219  +186   49278 F 
    g106547/A1                                                +0   49278   
    g106547/Y                AO21X1HVT         1  4.1  211  +342   49620 F 
    g93276/B                                                  +0   49620   
    g93276/Y                 OR2X1HVT          1  4.1  209  +310   49930 F 
    mem_rdata_q_reg_26_/D    DFFHQX8HVT                       +0   49930   
    mem_rdata_q_reg_26_/CK   setup                       0  +180   50110 R 
- - - - - - - - - - - - - - - - - - - - - - - - - - - - - - - - - - - - - -
(clock clk)                  capture                               83330 R 
                             uncertainty                    -250   83080 R 
---------------------------------------------------------------------------
Cost Group   : 'clk' (path_group 'clk')
Timing slack :   32970ps 
Start-point  : soc/spimemio/xfer_io1_90_reg/CKN
End-point    : soc/cpu/mem_rdata_q_reg_26_/D

path  61:

         Pin                 Type       Fanout Load Slew Delay Arrival   
                                               (fF) (ps)  (ps)   (ps)    
-------------------------------------------------------------------------
(clock clk)               launch                                 41665 F 
soc
  spimemio
    xfer_io1_90_reg/CKN                                0    +0   41665 F 
    xfer_io1_90_reg/Q     DFFNSRX1HVT        1  4.1  204  +404   42069 F 
    g8050/A0                                                +0   42069   
    g8050/Y               AO22X1HVT          1  4.1  212  +383   42452 F 
    g8019/B0                                                +0   42452   
    g8019/Y               AO21X2HVT          1  5.7  168  +345   42796 F 
  spimemio/flash_io1_do 
soc/flash_io1_do 
flash_bufs_1_/soc_o 
  g1/A                                                      +0   42796   
  g1/Y                    TBUFX12HVT         2 60.3  264  +335   43131 F 
flash_bufs_1_/soc_i 
drc_bufs/A                                                  +0   43131   
drc_bufs/Y                BUFX2HVT           3  8.7  224  +326   43458 F 
soc/flash_io1_di 
  g3477/A                                                   +0   43458   
  g3477/Y                 AND2X1HVT          1  4.2  210  +280   43738 F 
  g3353/C                                                   +0   43738   
  g3353/Y                 OR3X4HVT           4 12.1  206  +438   44175 F 
  cpu/mem_rdata[1] 
    g85267/B                                                +0   44175   
    g85267/Y              NAND2X2HVT         1  4.1  124  +172   44348 R 
    g85201/A                                                +0   44348   
    g85201/Y              AND2X1HVT          1  4.1  140  +303   44650 R 
    g85073/B                                                +0   44650   
    g85073/Y              AND2X2HVT          3  8.9  178  +393   45043 R 
    g85033/B                                                +0   45043   
    g85033/Y              OR2X4HVT           6 16.2  153  +295   45339 R 
    g87654/AN                                               +0   45339   
    g87654/Y              NOR2BX2HVT         1  4.1  184  +303   45641 R 
    g84971/B                                                +0   45641   
    g84971/Y              OR2X1HVT           1  4.1  134  +256   45897 R 
    g84915/C                                                +0   45897   
    g84915/Y              AND3X2HVT          3  9.5  220  +545   46442 R 
    g84902/A                                                +0   46442   
    g84902/Y              CLKINVX4HVT        6 16.1  248  +251   46693 F 
    g84876/C                                                +0   46693   
    g84876/Y              OR3X8HVT           8 26.7  235  +469   47162 F 
    g99316/A                                                +0   47162   
    g99316/Y              INVX3HVT           4 10.4  149  +202   47364 R 
    g98537/C                                                +0   47364   
    g98537/Y              AND3X1HVT          1  4.6  167  +445   47809 R 
    drc_bufs100414/A                                        +0   47809   
    drc_bufs100414/Y      INVX2HVT           1  7.6  223  +222   48031 F 
    drc_bufs100412/A                                        +0   48032   
    drc_bufs100412/Y      CLKINVX12HVT      16 43.8  152  +189   48221 R 
    g106358/A1                                              +0   48221   
    g106358/Y             AOI22X4HVT         1  4.1  232  +258   48478 F 
    g93921/D                                                +0   48478   
    g93921/Y              AND4X1HVT          1  4.1  208  +302   48780 F 
    g93609/C                                                +0   48780   
    g93609/Y              AND3X1HVT          1  5.1  251  +303   49083 F 
    g106584/B0                                              +0   49083   
    g106584/Y             OAI2BB1X4HVT       1  4.1   96  +174   49257 R 
    g106583/B0                                              +0   49257   
    g106583/Y             AO21X1HVT          1  4.1  144  +221   49478 R 
    g105976/A1                                              +0   49478   
    g105976/Y             OA21X1HVT          1  4.1  143  +349   49826 R 
    reg_out_reg_22_/D     DFFQX2HVT                         +0   49826   
    reg_out_reg_22_/CK    setup                        0  +282   50108 R 
- - - - - - - - - - - - - - - - - - - - - - - - - - - - - - - - - - - - -
(clock clk)               capture                                83330 R 
                          uncertainty                     -250   83080 R 
-------------------------------------------------------------------------
Cost Group   : 'clk' (path_group 'clk')
Timing slack :   32972ps 
Start-point  : soc/spimemio/xfer_io1_90_reg/CKN
End-point    : soc/cpu/reg_out_reg_22_/D

path  62:

         Pin                 Type       Fanout Load Slew Delay Arrival   
                                               (fF) (ps)  (ps)   (ps)    
-------------------------------------------------------------------------
(clock clk)               launch                                 41665 F 
soc
  spimemio
    xfer_io1_90_reg/CKN                                0    +0   41665 F 
    xfer_io1_90_reg/Q     DFFNSRX1HVT        1  4.1  204  +404   42069 F 
    g8050/A0                                                +0   42069   
    g8050/Y               AO22X1HVT          1  4.1  212  +383   42452 F 
    g8019/B0                                                +0   42452   
    g8019/Y               AO21X2HVT          1  5.7  168  +345   42796 F 
  spimemio/flash_io1_do 
soc/flash_io1_do 
flash_bufs_1_/soc_o 
  g1/A                                                      +0   42796   
  g1/Y                    TBUFX12HVT         2 60.3  264  +335   43131 F 
flash_bufs_1_/soc_i 
drc_bufs/A                                                  +0   43131   
drc_bufs/Y                BUFX2HVT           3  8.7  224  +326   43458 F 
soc/flash_io1_di 
  g3477/A                                                   +0   43458   
  g3477/Y                 AND2X1HVT          1  4.2  210  +280   43738 F 
  g3353/C                                                   +0   43738   
  g3353/Y                 OR3X4HVT           4 12.1  206  +438   44175 F 
  cpu/mem_rdata[1] 
    g85267/B                                                +0   44175   
    g85267/Y              NAND2X2HVT         1  4.1  124  +172   44348 R 
    g85201/A                                                +0   44348   
    g85201/Y              AND2X1HVT          1  4.1  140  +303   44650 R 
    g85073/B                                                +0   44650   
    g85073/Y              AND2X2HVT          3  8.9  178  +393   45043 R 
    g85033/B                                                +0   45043   
    g85033/Y              OR2X4HVT           6 16.2  153  +295   45339 R 
    g87654/AN                                               +0   45339   
    g87654/Y              NOR2BX2HVT         1  4.1  184  +303   45641 R 
    g84971/B                                                +0   45641   
    g84971/Y              OR2X1HVT           1  4.1  134  +256   45897 R 
    g84915/C                                                +0   45897   
    g84915/Y              AND3X2HVT          3  9.5  220  +545   46442 R 
    g84902/A                                                +0   46442   
    g84902/Y              CLKINVX4HVT        6 16.1  248  +251   46693 F 
    g84876/C                                                +0   46693   
    g84876/Y              OR3X8HVT           8 26.7  235  +469   47162 F 
    g98529/B                                                +0   47162   
    g98529/Y              OR2X2HVT           3  9.9  261  +395   47557 F 
    g97620/B                                                +0   47557   
    g97620/Y              NOR2X6HVT          7 21.2  278  +285   47842 R 
    g96412/B                                                +0   47842   
    g96412/Y              NAND2X2HVT         1  4.1  293  +335   48178 F 
    g96030/A                                                +0   48178   
    g96030/Y              AND2X1HVT          1  4.1  205  +314   48492 F 
    g93933/C                                                +0   48492   
    g93933/Y              AND3X1HVT          1  4.1  206  +277   48769 F 
    g93568/D                                                +0   48769   
    g93568/Y              AND4X1HVT          1  5.1  252  +311   49080 F 
    g106570/B0                                              +0   49080   
    g106570/Y             OAI2BB1X4HVT       1  4.1   96  +175   49255 R 
    g106569/B0                                              +0   49255   
    g106569/Y             AO21X1HVT          1  4.1  144  +221   49476 R 
    g105965/A1                                              +0   49476   
    g105965/Y             OA21X1HVT          1  4.1  143  +349   49824 R 
    reg_out_reg_14_/D     DFFQX2HVT                         +0   49824   
    reg_out_reg_14_/CK    setup                        0  +282   50106 R 
- - - - - - - - - - - - - - - - - - - - - - - - - - - - - - - - - - - - -
(clock clk)               capture                                83330 R 
                          uncertainty                     -250   83080 R 
-------------------------------------------------------------------------
Cost Group   : 'clk' (path_group 'clk')
Timing slack :   32974ps 
Start-point  : soc/spimemio/xfer_io1_90_reg/CKN
End-point    : soc/cpu/reg_out_reg_14_/D

path  63:

         Pin                 Type       Fanout Load Slew Delay Arrival   
                                               (fF) (ps)  (ps)   (ps)    
-------------------------------------------------------------------------
(clock clk)               launch                                 41665 F 
soc
  spimemio
    xfer_io1_90_reg/CKN                                0    +0   41665 F 
    xfer_io1_90_reg/Q     DFFNSRX1HVT        1  4.1  204  +404   42069 F 
    g8050/A0                                                +0   42069   
    g8050/Y               AO22X1HVT          1  4.1  212  +383   42452 F 
    g8019/B0                                                +0   42452   
    g8019/Y               AO21X2HVT          1  5.7  168  +345   42796 F 
  spimemio/flash_io1_do 
soc/flash_io1_do 
flash_bufs_1_/soc_o 
  g1/A                                                      +0   42796   
  g1/Y                    TBUFX12HVT         2 60.3  264  +335   43131 F 
flash_bufs_1_/soc_i 
drc_bufs/A                                                  +0   43131   
drc_bufs/Y                BUFX2HVT           3  8.7  224  +326   43458 F 
soc/flash_io1_di 
  g3477/A                                                   +0   43458   
  g3477/Y                 AND2X1HVT          1  4.2  210  +280   43738 F 
  g3353/C                                                   +0   43738   
  g3353/Y                 OR3X4HVT           4 12.1  206  +438   44175 F 
  cpu/mem_rdata[1] 
    g85267/B                                                +0   44175   
    g85267/Y              NAND2X2HVT         1  4.1  124  +172   44348 R 
    g85201/A                                                +0   44348   
    g85201/Y              AND2X1HVT          1  4.1  140  +303   44650 R 
    g85073/B                                                +0   44650   
    g85073/Y              AND2X2HVT          3  8.9  178  +393   45043 R 
    g85033/B                                                +0   45043   
    g85033/Y              OR2X4HVT           6 16.2  153  +295   45339 R 
    g87654/AN                                               +0   45339   
    g87654/Y              NOR2BX2HVT         1  4.1  184  +303   45641 R 
    g84971/B                                                +0   45641   
    g84971/Y              OR2X1HVT           1  4.1  134  +256   45897 R 
    g84915/C                                                +0   45897   
    g84915/Y              AND3X2HVT          3  9.5  220  +545   46442 R 
    g84902/A                                                +0   46442   
    g84902/Y              CLKINVX4HVT        6 16.1  248  +251   46693 F 
    g84876/C                                                +0   46693   
    g84876/Y              OR3X8HVT           8 26.7  235  +469   47162 F 
    g98529/B                                                +0   47162   
    g98529/Y              OR2X2HVT           3  9.9  261  +395   47557 F 
    g97620/B                                                +0   47557   
    g97620/Y              NOR2X6HVT          7 21.2  278  +285   47842 R 
    g96409/B                                                +0   47842   
    g96409/Y              NAND2X2HVT         1  4.1  293  +335   48178 F 
    g96027/A                                                +0   48178   
    g96027/Y              AND2X1HVT          1  4.1  205  +314   48492 F 
    g93874/C                                                +0   48492   
    g93874/Y              AND3X1HVT          1  4.1  206  +277   48769 F 
    g93565/D                                                +0   48769   
    g93565/Y              AND4X1HVT          1  5.1  252  +311   49080 F 
    g106572/B0                                              +0   49080   
    g106572/Y             OAI2BB1X4HVT       1  4.1   96  +175   49255 R 
    g106571/B0                                              +0   49255   
    g106571/Y             AO21X1HVT          1  4.1  144  +221   49476 R 
    g105961/A1                                              +0   49476   
    g105961/Y             OA21X1HVT          1  4.1  143  +349   49824 R 
    reg_out_reg_11_/D     DFFQX2HVT                         +0   49824   
    reg_out_reg_11_/CK    setup                        0  +282   50106 R 
- - - - - - - - - - - - - - - - - - - - - - - - - - - - - - - - - - - - -
(clock clk)               capture                                83330 R 
                          uncertainty                     -250   83080 R 
-------------------------------------------------------------------------
Cost Group   : 'clk' (path_group 'clk')
Timing slack :   32974ps 
Start-point  : soc/spimemio/xfer_io1_90_reg/CKN
End-point    : soc/cpu/reg_out_reg_11_/D

path  64:

         Pin                 Type       Fanout Load Slew Delay Arrival   
                                               (fF) (ps)  (ps)   (ps)    
-------------------------------------------------------------------------
(clock clk)               launch                                 41665 F 
soc
  spimemio
    xfer_io1_90_reg/CKN                                0    +0   41665 F 
    xfer_io1_90_reg/Q     DFFNSRX1HVT        1  4.1  204  +404   42069 F 
    g8050/A0                                                +0   42069   
    g8050/Y               AO22X1HVT          1  4.1  212  +383   42452 F 
    g8019/B0                                                +0   42452   
    g8019/Y               AO21X2HVT          1  5.7  168  +345   42796 F 
  spimemio/flash_io1_do 
soc/flash_io1_do 
flash_bufs_1_/soc_o 
  g1/A                                                      +0   42796   
  g1/Y                    TBUFX12HVT         2 60.3  264  +335   43131 F 
flash_bufs_1_/soc_i 
drc_bufs/A                                                  +0   43131   
drc_bufs/Y                BUFX2HVT           3  8.7  224  +326   43458 F 
soc/flash_io1_di 
  g3477/A                                                   +0   43458   
  g3477/Y                 AND2X1HVT          1  4.2  210  +280   43738 F 
  g3353/C                                                   +0   43738   
  g3353/Y                 OR3X4HVT           4 12.1  206  +438   44175 F 
  cpu/mem_rdata[1] 
    g85267/B                                                +0   44175   
    g85267/Y              NAND2X2HVT         1  4.1  124  +172   44348 R 
    g85201/A                                                +0   44348   
    g85201/Y              AND2X1HVT          1  4.1  140  +303   44650 R 
    g85073/B                                                +0   44650   
    g85073/Y              AND2X2HVT          3  8.9  178  +393   45043 R 
    g85033/B                                                +0   45043   
    g85033/Y              OR2X4HVT           6 16.2  153  +295   45339 R 
    g87654/AN                                               +0   45339   
    g87654/Y              NOR2BX2HVT         1  4.1  184  +303   45641 R 
    g84971/B                                                +0   45641   
    g84971/Y              OR2X1HVT           1  4.1  134  +256   45897 R 
    g84915/C                                                +0   45897   
    g84915/Y              AND3X2HVT          3  9.5  220  +545   46442 R 
    g84902/A                                                +0   46442   
    g84902/Y              CLKINVX4HVT        6 16.1  248  +251   46693 F 
    g84876/C                                                +0   46693   
    g84876/Y              OR3X8HVT           8 26.7  235  +469   47162 F 
    g98529/B                                                +0   47162   
    g98529/Y              OR2X2HVT           3  9.9  261  +395   47557 F 
    g97620/B                                                +0   47557   
    g97620/Y              NOR2X6HVT          7 21.2  278  +285   47842 R 
    g96403/B                                                +0   47842   
    g96403/Y              NAND2X2HVT         1  4.1  293  +335   48178 F 
    g96028/A                                                +0   48178   
    g96028/Y              AND2X1HVT          1  4.1  205  +314   48492 F 
    g93931/C                                                +0   48492   
    g93931/Y              AND3X1HVT          1  4.1  206  +277   48769 F 
    g93566/D                                                +0   48769   
    g93566/Y              AND4X1HVT          1  5.1  252  +311   49080 F 
    g106574/B0                                              +0   49080   
    g106574/Y             OAI2BB1X4HVT       1  4.1   96  +175   49255 R 
    g106573/B0                                              +0   49255   
    g106573/Y             AO21X1HVT          1  4.1  144  +221   49476 R 
    g105963/A1                                              +0   49476   
    g105963/Y             OA21X1HVT          1  4.1  143  +349   49824 R 
    reg_out_reg_12_/D     DFFQX2HVT                         +0   49824   
    reg_out_reg_12_/CK    setup                        0  +282   50106 R 
- - - - - - - - - - - - - - - - - - - - - - - - - - - - - - - - - - - - -
(clock clk)               capture                                83330 R 
                          uncertainty                     -250   83080 R 
-------------------------------------------------------------------------
Cost Group   : 'clk' (path_group 'clk')
Timing slack :   32974ps 
Start-point  : soc/spimemio/xfer_io1_90_reg/CKN
End-point    : soc/cpu/reg_out_reg_12_/D

path  65:

         Pin                Type       Fanout Load Slew Delay Arrival   
                                              (fF) (ps)  (ps)   (ps)    
------------------------------------------------------------------------
(clock clk)               launch                                41665 F 
soc
  spimemio
    xfer_io1_90_reg/CKN                               0    +0   41665 F 
    xfer_io1_90_reg/Q     DFFNSRX1HVT       1  4.1  204  +404   42069 F 
    g8050/A0                                               +0   42069   
    g8050/Y               AO22X1HVT         1  4.1  212  +383   42452 F 
    g8019/B0                                               +0   42452   
    g8019/Y               AO21X2HVT         1  5.7  168  +345   42796 F 
  spimemio/flash_io1_do 
soc/flash_io1_do 
flash_bufs_1_/soc_o 
  g1/A                                                     +0   42796   
  g1/Y                    TBUFX12HVT        2 60.3  264  +335   43131 F 
flash_bufs_1_/soc_i 
drc_bufs/A                                                 +0   43131   
drc_bufs/Y                BUFX2HVT          3  8.7  224  +326   43458 F 
soc/flash_io1_di 
  g3477/A                                                  +0   43458   
  g3477/Y                 AND2X1HVT         1  4.2  210  +280   43738 F 
  g3353/C                                                  +0   43738   
  g3353/Y                 OR3X4HVT          4 12.1  206  +438   44175 F 
  cpu/mem_rdata[1] 
    g85267/B                                               +0   44175   
    g85267/Y              NAND2X2HVT        1  4.1  124  +172   44348 R 
    g85201/A                                               +0   44348   
    g85201/Y              AND2X1HVT         1  4.1  140  +303   44650 R 
    g85073/B                                               +0   44650   
    g85073/Y              AND2X2HVT         3  8.9  178  +393   45043 R 
    g85033/B                                               +0   45043   
    g85033/Y              OR2X4HVT          6 16.2  153  +295   45339 R 
    g87654/AN                                              +0   45339   
    g87654/Y              NOR2BX2HVT        1  4.1  184  +303   45641 R 
    g84971/B                                               +0   45641   
    g84971/Y              OR2X1HVT          1  4.1  134  +256   45897 R 
    g84915/C                                               +0   45897   
    g84915/Y              AND3X2HVT         3  9.5  220  +545   46442 R 
    g84902/A                                               +0   46442   
    g84902/Y              CLKINVX4HVT       6 16.1  248  +251   46693 F 
    g84876/C                                               +0   46693   
    g84876/Y              OR3X8HVT          8 26.7  235  +469   47162 F 
    g98529/B                                               +0   47162   
    g98529/Y              OR2X2HVT          3  9.9  261  +395   47557 F 
    g98188/A                                               +0   47557   
    g98188/Y              INVX1HVT          1  4.2  175  +250   47807 R 
    g97621/B                                               +0   47807   
    g97621/Y              AND2X4HVT         7 21.8  220  +430   48237 R 
    g96240/B                                               +0   48237   
    g96240/Y              NAND2X2HVT        1  4.1  287  +300   48537 F 
    g96026/B                                               +0   48537   
    g96026/Y              AND2X1HVT         1  4.1  205  +319   48856 F 
    g93929/C                                               +0   48856   
    g93929/Y              AND3X1HVT         1  4.1  206  +277   49134 F 
    g93564/D                                               +0   49134   
    g93564/Y              AND4X1HVT         1  5.1  252  +311   49445 F 
    g93459/B                                               +0   49445   
    g93459/Y              NAND2X4HVT        1  4.1   88  +169   49614 R 
    g105966/C                                              +0   49614   
    g105966/Y             OR3X1HVT          1  4.1  136  +208   49822 R 
    reg_out_reg_10_/D     DFFQX2HVT                        +0   49822   
    reg_out_reg_10_/CK    setup                       0  +277   50100 R 
- - - - - - - - - - - - - - - - - - - - - - - - - - - - - - - - - - - - 
(clock clk)               capture                               83330 R 
                          uncertainty                    -250   83080 R 
------------------------------------------------------------------------
Cost Group   : 'clk' (path_group 'clk')
Timing slack :   32980ps 
Start-point  : soc/spimemio/xfer_io1_90_reg/CKN
End-point    : soc/cpu/reg_out_reg_10_/D

path  66:

         Pin                Type       Fanout Load Slew Delay Arrival   
                                              (fF) (ps)  (ps)   (ps)    
------------------------------------------------------------------------
(clock clk)               launch                                41665 F 
soc
  spimemio
    xfer_io1_90_reg/CKN                               0    +0   41665 F 
    xfer_io1_90_reg/Q     DFFNSRX1HVT       1  4.1  204  +404   42069 F 
    g8050/A0                                               +0   42069   
    g8050/Y               AO22X1HVT         1  4.1  212  +383   42452 F 
    g8019/B0                                               +0   42452   
    g8019/Y               AO21X2HVT         1  5.7  168  +345   42796 F 
  spimemio/flash_io1_do 
soc/flash_io1_do 
flash_bufs_1_/soc_o 
  g1/A                                                     +0   42796   
  g1/Y                    TBUFX12HVT        2 60.3  264  +335   43131 F 
flash_bufs_1_/soc_i 
drc_bufs/A                                                 +0   43131   
drc_bufs/Y                BUFX2HVT          3  8.7  224  +326   43458 F 
soc/flash_io1_di 
  g3477/A                                                  +0   43458   
  g3477/Y                 AND2X1HVT         1  4.2  210  +280   43738 F 
  g3353/C                                                  +0   43738   
  g3353/Y                 OR3X4HVT          4 12.1  206  +438   44175 F 
  cpu/mem_rdata[1] 
    g85267/B                                               +0   44175   
    g85267/Y              NAND2X2HVT        1  4.1  124  +172   44348 R 
    g85201/A                                               +0   44348   
    g85201/Y              AND2X1HVT         1  4.1  140  +303   44650 R 
    g85073/B                                               +0   44650   
    g85073/Y              AND2X2HVT         3  8.9  178  +393   45043 R 
    g85033/B                                               +0   45043   
    g85033/Y              OR2X4HVT          6 16.2  153  +295   45339 R 
    g87654/AN                                              +0   45339   
    g87654/Y              NOR2BX2HVT        1  4.1  184  +303   45641 R 
    g84971/B                                               +0   45641   
    g84971/Y              OR2X1HVT          1  4.1  134  +256   45897 R 
    g84915/C                                               +0   45897   
    g84915/Y              AND3X2HVT         3  9.5  220  +545   46442 R 
    g84902/A                                               +0   46442   
    g84902/Y              CLKINVX4HVT       6 16.1  248  +251   46693 F 
    g84876/C                                               +0   46693   
    g84876/Y              OR3X8HVT          8 26.7  235  +469   47162 F 
    g98529/B                                               +0   47162   
    g98529/Y              OR2X2HVT          3  9.9  261  +395   47557 F 
    g98188/A                                               +0   47557   
    g98188/Y              INVX1HVT          1  4.2  175  +250   47807 R 
    g97621/B                                               +0   47807   
    g97621/Y              AND2X4HVT         7 21.8  220  +430   48237 R 
    g96238/B                                               +0   48237   
    g96238/Y              NAND2X4HVT        1  4.1  196  +235   48472 F 
    g96025/B                                               +0   48472   
    g96025/Y              AND2X1HVT         1  4.1  205  +270   48742 F 
    g93928/C                                               +0   48742   
    g93928/Y              AND3X1HVT         1  4.1  206  +277   49019 F 
    g93563/D                                               +0   49019   
    g93563/Y              AND4X1HVT         1  5.1  252  +311   49330 F 
    g93458/B                                               +0   49330   
    g93458/Y              NAND2X4HVT        1  4.1   88  +169   49500 R 
    g105960/A1                                             +0   49500   
    g105960/Y             OA21X1HVT         1  4.1  143  +313   49813 R 
    reg_out_reg_9_/D      DFFQX2HVT                        +0   49813   
    reg_out_reg_9_/CK     setup                       0  +282   50094 R 
- - - - - - - - - - - - - - - - - - - - - - - - - - - - - - - - - - - - 
(clock clk)               capture                               83330 R 
                          uncertainty                    -250   83080 R 
------------------------------------------------------------------------
Cost Group   : 'clk' (path_group 'clk')
Timing slack :   32986ps 
Start-point  : soc/spimemio/xfer_io1_90_reg/CKN
End-point    : soc/cpu/reg_out_reg_9_/D

path  67:

         Pin                 Type       Fanout Load Slew Delay Arrival   
                                               (fF) (ps)  (ps)   (ps)    
-------------------------------------------------------------------------
(clock clk)               launch                                 41665 F 
soc
  spimemio
    xfer_io0_90_reg/CKN                                0    +0   41665 F 
    xfer_io0_90_reg/Q     DFFNSRX1HVT        1  4.1  204  +404   42069 F 
    g8049/A0                                                +0   42069   
    g8049/Y               AO22X1HVT          1  4.1  212  +383   42452 F 
    g8013/B0                                                +0   42452   
    g8013/Y               AO21X2HVT          1  5.7  168  +345   42796 F 
  spimemio/flash_io0_do 
soc/flash_io0_do 
flash_bufs_0_/soc_o 
  g1/A                                                      +0   42796   
  g1/Y                    TBUFX12HVT         3 63.4  277  +342   43138 F 
flash_bufs_0_/soc_i 
soc/flash_io0_di 
  g3479/A                                                   +0   43138   
  g3479/Y                 AND2X1HVT          1  4.2  210  +308   43446 F 
  g3354/C                                                   +0   43446   
  g3354/Y                 OR3X4HVT           4 12.2  207  +438   43884 F 
  cpu/mem_rdata[0] 
    g85261/B                                                +0   43884   
    g85261/Y              NAND2X2HVT         1  4.1  124  +173   44057 R 
    g85199/A                                                +0   44057   
    g85199/Y              AND2X1HVT          1  4.1  140  +303   44360 R 
    g85072/B                                                +0   44360   
    g85072/Y              AND2X2HVT          3  9.6  188  +399   44759 R 
    g85033/A                                                +0   44759   
    g85033/Y              OR2X4HVT           6 16.2  153  +315   45074 R 
    g87654/AN                                               +0   45074   
    g87654/Y              NOR2BX2HVT         1  4.1  184  +303   45377 R 
    g84971/B                                                +0   45377   
    g84971/Y              OR2X1HVT           1  4.1  134  +256   45632 R 
    g84915/C                                                +0   45632   
    g84915/Y              AND3X2HVT          3  9.5  220  +545   46177 R 
    g84902/A                                                +0   46177   
    g84902/Y              CLKINVX4HVT        6 16.1  248  +251   46428 F 
    g84876/C                                                +0   46428   
    g84876/Y              OR3X8HVT           8 26.7  235  +469   46897 F 
    g98529/B                                                +0   46897   
    g98529/Y              OR2X2HVT           3  9.9  261  +395   47292 F 
    g98188/A                                                +0   47292   
    g98188/Y              INVX1HVT           1  4.2  175  +250   47542 R 
    g97621/B                                                +0   47542   
    g97621/Y              AND2X4HVT          7 21.8  220  +430   47972 R 
    g96242/B                                                +0   47972   
    g96242/Y              NAND2X4HVT         1  4.1  196  +235   48207 F 
    g96028/B                                                +0   48207   
    g96028/Y              AND2X1HVT          1  4.1  205  +270   48477 F 
    g93931/C                                                +0   48477   
    g93931/Y              AND3X1HVT          1  4.1  206  +277   48754 F 
    g93566/D                                                +0   48754   
    g93566/Y              AND4X1HVT          1  5.1  252  +311   49066 F 
    g106574/B0                                              +0   49066   
    g106574/Y             OAI2BB1X4HVT       1  4.1   96  +175   49240 R 
    g106573/B0                                              +0   49240   
    g106573/Y             AO21X1HVT          1  4.1  144  +221   49461 R 
    g105963/A1                                              +0   49461   
    g105963/Y             OA21X1HVT          1  4.1  143  +349   49810 R 
    reg_out_reg_12_/D     DFFQX2HVT                         +0   49810   
    reg_out_reg_12_/CK    setup                        0  +282   50092 R 
- - - - - - - - - - - - - - - - - - - - - - - - - - - - - - - - - - - - -
(clock clk)               capture                                83330 R 
                          uncertainty                     -250   83080 R 
-------------------------------------------------------------------------
Cost Group   : 'clk' (path_group 'clk')
Timing slack :   32988ps 
Start-point  : soc/spimemio/xfer_io0_90_reg/CKN
End-point    : soc/cpu/reg_out_reg_12_/D

path  68:

           Pin                 Type       Fanout Load Slew Delay Arrival   
                                                 (fF) (ps)  (ps)   (ps)    
---------------------------------------------------------------------------
(clock clk)                  launch                                41665 F 
soc
  spimemio
    xfer_io0_90_reg/CKN                                  0    +0   41665 F 
    xfer_io0_90_reg/Q        DFFNSRX1HVT       1  4.1  204  +404   42069 F 
    g8049/A0                                                  +0   42069   
    g8049/Y                  AO22X1HVT         1  4.1  212  +383   42452 F 
    g8013/B0                                                  +0   42452   
    g8013/Y                  AO21X2HVT         1  5.7  168  +345   42796 F 
  spimemio/flash_io0_do 
soc/flash_io0_do 
flash_bufs_0_/soc_o 
  g1/A                                                        +0   42796   
  g1/Y                       TBUFX12HVT        3 63.4  277  +342   43138 F 
flash_bufs_0_/soc_i 
soc/flash_io0_di 
  g3479/A                                                     +0   43138   
  g3479/Y                    AND2X1HVT         1  4.2  210  +308   43446 F 
  g3354/C                                                     +0   43446   
  g3354/Y                    OR3X4HVT          4 12.2  207  +438   43884 F 
  cpu/mem_rdata[0] 
    g85261/B                                                  +0   43884   
    g85261/Y                 NAND2X2HVT        1  4.1  124  +173   44057 R 
    g85199/A                                                  +0   44057   
    g85199/Y                 AND2X1HVT         1  4.1  140  +303   44360 R 
    g85072/B                                                  +0   44360   
    g85072/Y                 AND2X2HVT         3  9.6  188  +399   44759 R 
    g85033/A                                                  +0   44759   
    g85033/Y                 OR2X4HVT          6 16.2  153  +315   45074 R 
    g87654/AN                                                 +0   45074   
    g87654/Y                 NOR2BX2HVT        1  4.1  184  +303   45377 R 
    g84971/B                                                  +0   45377   
    g84971/Y                 OR2X1HVT          1  4.1  134  +256   45632 R 
    g84915/C                                                  +0   45632   
    g84915/Y                 AND3X2HVT         3  9.5  220  +545   46177 R 
    g84902/A                                                  +0   46177   
    g84902/Y                 CLKINVX4HVT       6 16.1  248  +251   46428 F 
    g84877/B                                                  +0   46428   
    g84877/Y                 OR2X4HVT          6 15.7  228  +395   46823 F 
    g84854/B                                                  +0   46823   
    g84854/Y                 OR2X4HVT          7 17.7  252  +397   47220 F 
    g99369/A                                                  +0   47220   
    g99369/Y                 INVX2HVT          2  6.1  144  +213   47433 R 
    g99229/B                                                  +0   47433   
    g99229/Y                 AND2X2HVT         2  6.6  145  +377   47810 R 
    g93743/A                                                  +0   47810   
    g93743/Y                 OR3X1HVT          1  4.2  139  +272   48082 R 
    g93541/C                                                  +0   48082   
    g93541/Y                 OR3X4HVT          4 11.4  120  +260   48342 R 
    g93506/A                                                  +0   48342   
    g93506/Y                 INVX4HVT          6 15.3  219  +186   48527 F 
    g93439/B                                                  +0   48527   
    g93439/Y                 NAND2X2HVT        1  4.1  115  +180   48708 R 
    g105988/B0                                                +0   48708   
    g105988/Y                OA21X1HVT         1  4.1  142  +329   49036 R 
    g93351/B0                                                 +0   49036   
    g93351/Y                 OA21X1HVT         1  5.2  174  +362   49399 R 
    g93275/B                                                  +0   49399   
    g93275/Y                 NAND2X4HVT        1  4.1  189  +209   49607 F 
    g93247/B                                                  +0   49607   
    g93247/Y                 OR2X1HVT          1  4.1  209  +300   49907 F 
    mem_rdata_q_reg_28_/D    DFFHQX4HVT                       +0   49907   
    mem_rdata_q_reg_28_/CK   setup                       0  +179   50086 R 
- - - - - - - - - - - - - - - - - - - - - - - - - - - - - - - - - - - - - -
(clock clk)                  capture                               83330 R 
                             uncertainty                    -250   83080 R 
---------------------------------------------------------------------------
Cost Group   : 'clk' (path_group 'clk')
Timing slack :   32994ps 
Start-point  : soc/spimemio/xfer_io0_90_reg/CKN
End-point    : soc/cpu/mem_rdata_q_reg_28_/D

path  69:

           Pin                 Type       Fanout Load Slew Delay Arrival   
                                                 (fF) (ps)  (ps)   (ps)    
---------------------------------------------------------------------------
(clock clk)                  launch                                41665 F 
soc
  spimemio
    xfer_io0_90_reg/CKN                                  0    +0   41665 F 
    xfer_io0_90_reg/Q        DFFNSRX1HVT       1  4.1  204  +404   42069 F 
    g8049/A0                                                  +0   42069   
    g8049/Y                  AO22X1HVT         1  4.1  212  +383   42452 F 
    g8013/B0                                                  +0   42452   
    g8013/Y                  AO21X2HVT         1  5.7  168  +345   42796 F 
  spimemio/flash_io0_do 
soc/flash_io0_do 
flash_bufs_0_/soc_o 
  g1/A                                                        +0   42796   
  g1/Y                       TBUFX12HVT        3 63.4  277  +342   43138 F 
flash_bufs_0_/soc_i 
soc/flash_io0_di 
  g3479/A                                                     +0   43138   
  g3479/Y                    AND2X1HVT         1  4.2  210  +308   43446 F 
  g3354/C                                                     +0   43446   
  g3354/Y                    OR3X4HVT          4 12.2  207  +438   43884 F 
  cpu/mem_rdata[0] 
    g85261/B                                                  +0   43884   
    g85261/Y                 NAND2X2HVT        1  4.1  124  +173   44057 R 
    g85199/A                                                  +0   44057   
    g85199/Y                 AND2X1HVT         1  4.1  140  +303   44360 R 
    g85072/B                                                  +0   44360   
    g85072/Y                 AND2X2HVT         3  9.6  188  +399   44759 R 
    g85033/A                                                  +0   44759   
    g85033/Y                 OR2X4HVT          6 16.2  153  +315   45074 R 
    g87654/AN                                                 +0   45074   
    g87654/Y                 NOR2BX2HVT        1  4.1  184  +303   45377 R 
    g84971/B                                                  +0   45377   
    g84971/Y                 OR2X1HVT          1  4.1  134  +256   45632 R 
    g84915/C                                                  +0   45632   
    g84915/Y                 AND3X2HVT         3  9.5  220  +545   46177 R 
    g84902/A                                                  +0   46177   
    g84902/Y                 CLKINVX4HVT       6 16.1  248  +251   46428 F 
    g84877/B                                                  +0   46428   
    g84877/Y                 OR2X4HVT          6 15.7  228  +395   46823 F 
    g84857/B                                                  +0   46823   
    g84857/Y                 OR2X6HVT         10 23.9  233  +364   47187 F 
    g84843/B                                                  +0   47187   
    g84843/Y                 OR2X6HVT          7 18.7  191  +344   47532 F 
    g99317/A                                                  +0   47532   
    g99317/Y                 INVX2HVT          4 10.3  193  +210   47741 R 
    g97593/B                                                  +0   47741   
    g97593/Y                 OR2X2HVT          3  8.9  157  +310   48052 R 
    g93541/B                                                  +0   48052   
    g93541/Y                 OR3X4HVT          4 11.4  120  +285   48337 R 
    g93506/A                                                  +0   48337   
    g93506/Y                 INVX4HVT          6 15.3  219  +186   48522 F 
    g93439/B                                                  +0   48522   
    g93439/Y                 NAND2X2HVT        1  4.1  115  +180   48702 R 
    g105988/B0                                                +0   48702   
    g105988/Y                OA21X1HVT         1  4.1  142  +329   49032 R 
    g93351/B0                                                 +0   49032   
    g93351/Y                 OA21X1HVT         1  5.2  174  +362   49394 R 
    g93275/B                                                  +0   49394   
    g93275/Y                 NAND2X4HVT        1  4.1  189  +209   49602 F 
    g93247/B                                                  +0   49602   
    g93247/Y                 OR2X1HVT          1  4.1  209  +300   49902 F 
    mem_rdata_q_reg_28_/D    DFFHQX4HVT                       +0   49902   
    mem_rdata_q_reg_28_/CK   setup                       0  +179   50081 R 
- - - - - - - - - - - - - - - - - - - - - - - - - - - - - - - - - - - - - -
(clock clk)                  capture                               83330 R 
                             uncertainty                    -250   83080 R 
---------------------------------------------------------------------------
Cost Group   : 'clk' (path_group 'clk')
Timing slack :   32999ps 
Start-point  : soc/spimemio/xfer_io0_90_reg/CKN
End-point    : soc/cpu/mem_rdata_q_reg_28_/D

path  70:

           Pin                 Type       Fanout Load Slew Delay Arrival   
                                                 (fF) (ps)  (ps)   (ps)    
---------------------------------------------------------------------------
(clock clk)                  launch                                41665 F 
soc
  spimemio
    xfer_io0_90_reg/CKN                                  0    +0   41665 F 
    xfer_io0_90_reg/Q        DFFNSRX1HVT       1  4.1  204  +404   42069 F 
    g8049/A0                                                  +0   42069   
    g8049/Y                  AO22X1HVT         1  4.1  212  +383   42452 F 
    g8013/B0                                                  +0   42452   
    g8013/Y                  AO21X2HVT         1  5.7  168  +345   42796 F 
  spimemio/flash_io0_do 
soc/flash_io0_do 
flash_bufs_0_/soc_o 
  g1/A                                                        +0   42796   
  g1/Y                       TBUFX12HVT        3 63.4  277  +342   43138 F 
flash_bufs_0_/soc_i 
soc/flash_io0_di 
  g3479/A                                                     +0   43138   
  g3479/Y                    AND2X1HVT         1  4.2  210  +308   43446 F 
  g3354/C                                                     +0   43446   
  g3354/Y                    OR3X4HVT          4 12.2  207  +438   43884 F 
  cpu/mem_rdata[0] 
    g85261/B                                                  +0   43884   
    g85261/Y                 NAND2X2HVT        1  4.1  124  +173   44057 R 
    g85199/A                                                  +0   44057   
    g85199/Y                 AND2X1HVT         1  4.1  140  +303   44360 R 
    g85072/B                                                  +0   44360   
    g85072/Y                 AND2X2HVT         3  9.6  188  +399   44759 R 
    g85033/A                                                  +0   44759   
    g85033/Y                 OR2X4HVT          6 16.2  153  +315   45074 R 
    g87654/AN                                                 +0   45074   
    g87654/Y                 NOR2BX2HVT        1  4.1  184  +303   45377 R 
    g84971/B                                                  +0   45377   
    g84971/Y                 OR2X1HVT          1  4.1  134  +256   45632 R 
    g84915/C                                                  +0   45632   
    g84915/Y                 AND3X2HVT         3  9.5  220  +545   46177 R 
    g84902/A                                                  +0   46177   
    g84902/Y                 CLKINVX4HVT       6 16.1  248  +251   46428 F 
    g84877/B                                                  +0   46428   
    g84877/Y                 OR2X4HVT          6 15.7  228  +395   46823 F 
    g84856/B                                                  +0   46823   
    g84856/Y                 OR2X6HVT          8 21.2  211  +353   47176 F 
    g95974/C                                                  +0   47176   
    g95974/Y                 NOR3X2HVT         1  4.1  273  +276   47452 R 
    g94159/B0                                                 +0   47452   
    g94159/Y                 AO21X1HVT         1  4.1  144  +332   47784 R 
    g93743/B                                                  +0   47784   
    g93743/Y                 OR3X1HVT          1  4.2  139  +260   48044 R 
    g93541/C                                                  +0   48044   
    g93541/Y                 OR3X4HVT          4 11.4  120  +260   48304 R 
    g93506/A                                                  +0   48304   
    g93506/Y                 INVX4HVT          6 15.3  219  +186   48490 F 
    g93439/B                                                  +0   48490   
    g93439/Y                 NAND2X2HVT        1  4.1  115  +180   48670 R 
    g105988/B0                                                +0   48670   
    g105988/Y                OA21X1HVT         1  4.1  142  +329   48999 R 
    g93351/B0                                                 +0   48999   
    g93351/Y                 OA21X1HVT         1  5.2  174  +362   49361 R 
    g93275/B                                                  +0   49361   
    g93275/Y                 NAND2X4HVT        1  4.1  189  +209   49570 F 
    g93247/B                                                  +0   49570   
    g93247/Y                 OR2X1HVT          1  4.1  209  +300   49869 F 
    mem_rdata_q_reg_28_/D    DFFHQX4HVT                       +0   49869   
    mem_rdata_q_reg_28_/CK   setup                       0  +179   50048 R 
- - - - - - - - - - - - - - - - - - - - - - - - - - - - - - - - - - - - - -
(clock clk)                  capture                               83330 R 
                             uncertainty                    -250   83080 R 
---------------------------------------------------------------------------
Cost Group   : 'clk' (path_group 'clk')
Timing slack :   33032ps 
Start-point  : soc/spimemio/xfer_io0_90_reg/CKN
End-point    : soc/cpu/mem_rdata_q_reg_28_/D

path  71:

           Pin                 Type       Fanout Load Slew Delay Arrival   
                                                 (fF) (ps)  (ps)   (ps)    
---------------------------------------------------------------------------
(clock clk)                  launch                                41665 F 
soc
  spimemio
    xfer_io0_90_reg/CKN                                  0    +0   41665 F 
    xfer_io0_90_reg/Q        DFFNSRX1HVT       1  4.1  204  +404   42069 F 
    g8049/A0                                                  +0   42069   
    g8049/Y                  AO22X1HVT         1  4.1  212  +383   42452 F 
    g8013/B0                                                  +0   42452   
    g8013/Y                  AO21X2HVT         1  5.7  168  +345   42796 F 
  spimemio/flash_io0_do 
soc/flash_io0_do 
flash_bufs_0_/soc_o 
  g1/A                                                        +0   42796   
  g1/Y                       TBUFX12HVT        3 63.4  277  +342   43138 F 
flash_bufs_0_/soc_i 
soc/flash_io0_di 
  g3479/A                                                     +0   43138   
  g3479/Y                    AND2X1HVT         1  4.2  210  +308   43446 F 
  g3354/C                                                     +0   43446   
  g3354/Y                    OR3X4HVT          4 12.2  207  +438   43884 F 
  cpu/mem_rdata[0] 
    g85261/B                                                  +0   43884   
    g85261/Y                 NAND2X2HVT        1  4.1  124  +173   44057 R 
    g85199/A                                                  +0   44057   
    g85199/Y                 AND2X1HVT         1  4.1  140  +303   44360 R 
    g85072/B                                                  +0   44360   
    g85072/Y                 AND2X2HVT         3  9.6  188  +399   44759 R 
    g85033/A                                                  +0   44759   
    g85033/Y                 OR2X4HVT          6 16.2  153  +315   45074 R 
    g87654/AN                                                 +0   45074   
    g87654/Y                 NOR2BX2HVT        1  4.1  184  +303   45377 R 
    g84971/B                                                  +0   45377   
    g84971/Y                 OR2X1HVT          1  4.1  134  +256   45632 R 
    g84915/C                                                  +0   45632   
    g84915/Y                 AND3X2HVT         3  9.5  220  +545   46177 R 
    g84902/A                                                  +0   46177   
    g84902/Y                 CLKINVX4HVT       6 16.1  248  +251   46428 F 
    g84877/B                                                  +0   46428   
    g84877/Y                 OR2X4HVT          6 15.7  228  +395   46823 F 
    g84857/B                                                  +0   46823   
    g84857/Y                 OR2X6HVT         10 23.9  233  +364   47187 F 
    g99306/A                                                  +0   47187   
    g99306/Y                 INVX1HVT          1  4.1  167  +229   47416 R 
    g94159/A1                                                 +0   47416   
    g94159/Y                 AO21X1HVT         1  4.1  144  +365   47781 R 
    g93743/B                                                  +0   47781   
    g93743/Y                 OR3X1HVT          1  4.2  139  +260   48041 R 
    g93541/C                                                  +0   48041   
    g93541/Y                 OR3X4HVT          4 11.4  120  +260   48301 R 
    g93506/A                                                  +0   48301   
    g93506/Y                 INVX4HVT          6 15.3  219  +186   48486 F 
    g93439/B                                                  +0   48486   
    g93439/Y                 NAND2X2HVT        1  4.1  115  +180   48667 R 
    g105988/B0                                                +0   48667   
    g105988/Y                OA21X1HVT         1  4.1  142  +329   48996 R 
    g93351/B0                                                 +0   48996   
    g93351/Y                 OA21X1HVT         1  5.2  174  +362   49358 R 
    g93275/B                                                  +0   49358   
    g93275/Y                 NAND2X4HVT        1  4.1  189  +209   49567 F 
    g93247/B                                                  +0   49567   
    g93247/Y                 OR2X1HVT          1  4.1  209  +300   49866 F 
    mem_rdata_q_reg_28_/D    DFFHQX4HVT                       +0   49866   
    mem_rdata_q_reg_28_/CK   setup                       0  +179   50045 R 
- - - - - - - - - - - - - - - - - - - - - - - - - - - - - - - - - - - - - -
(clock clk)                  capture                               83330 R 
                             uncertainty                    -250   83080 R 
---------------------------------------------------------------------------
Cost Group   : 'clk' (path_group 'clk')
Timing slack :   33035ps 
Start-point  : soc/spimemio/xfer_io0_90_reg/CKN
End-point    : soc/cpu/mem_rdata_q_reg_28_/D

path  72:

           Pin                 Type       Fanout Load Slew Delay Arrival   
                                                 (fF) (ps)  (ps)   (ps)    
---------------------------------------------------------------------------
(clock clk)                  launch                                41665 F 
soc
  spimemio
    xfer_io0_90_reg/CKN                                  0    +0   41665 F 
    xfer_io0_90_reg/Q        DFFNSRX1HVT       1  4.1  204  +404   42069 F 
    g8049/A0                                                  +0   42069   
    g8049/Y                  AO22X1HVT         1  4.1  212  +383   42452 F 
    g8013/B0                                                  +0   42452   
    g8013/Y                  AO21X2HVT         1  5.7  168  +345   42796 F 
  spimemio/flash_io0_do 
soc/flash_io0_do 
flash_bufs_0_/soc_o 
  g1/A                                                        +0   42796   
  g1/Y                       TBUFX12HVT        3 63.4  277  +342   43138 F 
flash_bufs_0_/soc_i 
soc/flash_io0_di 
  g3479/A                                                     +0   43138   
  g3479/Y                    AND2X1HVT         1  4.2  210  +308   43446 F 
  g3354/C                                                     +0   43446   
  g3354/Y                    OR3X4HVT          4 12.2  207  +438   43884 F 
  cpu/mem_rdata[0] 
    g85261/B                                                  +0   43884   
    g85261/Y                 NAND2X2HVT        1  4.1  124  +173   44057 R 
    g85199/A                                                  +0   44057   
    g85199/Y                 AND2X1HVT         1  4.1  140  +303   44360 R 
    g85072/B                                                  +0   44360   
    g85072/Y                 AND2X2HVT         3  9.6  188  +399   44759 R 
    g85033/A                                                  +0   44759   
    g85033/Y                 OR2X4HVT          6 16.2  153  +315   45074 R 
    g87654/AN                                                 +0   45074   
    g87654/Y                 NOR2BX2HVT        1  4.1  184  +303   45377 R 
    g84971/B                                                  +0   45377   
    g84971/Y                 OR2X1HVT          1  4.1  134  +256   45632 R 
    g84915/C                                                  +0   45632   
    g84915/Y                 AND3X2HVT         3  9.5  220  +545   46177 R 
    g84902/A                                                  +0   46177   
    g84902/Y                 CLKINVX4HVT       6 16.1  248  +251   46428 F 
    g84877/B                                                  +0   46428   
    g84877/Y                 OR2X4HVT          6 15.7  228  +395   46823 F 
    g84857/B                                                  +0   46823   
    g84857/Y                 OR2X6HVT         10 23.9  233  +364   47187 F 
    g84842/B                                                  +0   47187   
    g84842/Y                 OR2X4HVT          5 13.7  205  +374   47562 F 
    g99298/A                                                  +0   47562   
    g99298/Y                 INVX1HVT          1  4.1  162  +210   47772 R 
    g97809/C                                                  +0   47772   
    g97809/Y                 AND3X2HVT         2  6.2  173  +533   48305 R 
    g93743/C                                                  +0   48305   
    g93743/Y                 OR3X1HVT          1  4.2  139  +262   48568 R 
    g93541/C                                                  +0   48568   
    g93541/Y                 OR3X4HVT          4 11.4  120  +260   48828 R 
    g93506/A                                                  +0   48828   
    g93506/Y                 INVX4HVT          6 15.3  219  +186   49013 F 
    g93435/A1                                                 +0   49013   
    g93435/Y                 AO22X1HVT         1  4.1  212  +379   49392 F 
    g105959/D                                                 +0   49392   
    g105959/Y                OR4X1HVT          1  4.1  220  +449   49841 F 
    mem_rdata_q_reg_27_/D    DFFHQX8HVT                       +0   49841   
    mem_rdata_q_reg_27_/CK   setup                       0  +186   50027 R 
- - - - - - - - - - - - - - - - - - - - - - - - - - - - - - - - - - - - - -
(clock clk)                  capture                               83330 R 
                             uncertainty                    -250   83080 R 
---------------------------------------------------------------------------
Cost Group   : 'clk' (path_group 'clk')
Timing slack :   33053ps 
Start-point  : soc/spimemio/xfer_io0_90_reg/CKN
End-point    : soc/cpu/mem_rdata_q_reg_27_/D

path  73:

           Pin                 Type       Fanout Load Slew Delay Arrival   
                                                 (fF) (ps)  (ps)   (ps)    
---------------------------------------------------------------------------
(clock clk)                  launch                                41665 F 
soc
  spimemio
    xfer_io1_90_reg/CKN                                  0    +0   41665 F 
    xfer_io1_90_reg/Q        DFFNSRX1HVT       1  4.1  132  +380   42045 R 
    g8050/A0                                                  +0   42045   
    g8050/Y                  AO22X1HVT         1  4.1  150  +442   42487 R 
    g8019/B0                                                  +0   42487   
    g8019/Y                  AO21X2HVT         1  5.9  139  +278   42764 R 
  spimemio/flash_io1_do 
soc/flash_io1_do 
flash_bufs_1_/soc_o 
  g1/A                                                        +0   42764   
  g1/Y                       TBUFX12HVT        2 60.1  188  +363   43127 R 
flash_bufs_1_/soc_i 
drc_bufs/A                                                    +0   43127   
drc_bufs/Y                   BUFX2HVT          3  8.8  154  +295   43422 R 
soc/flash_io1_di 
  g3477/A                                                     +0   43422   
  g3477/Y                    AND2X1HVT         1  4.2  143  +321   43743 R 
  g3353/C                                                     +0   43743   
  g3353/Y                    OR3X4HVT          4 12.4  126  +267   44010 R 
  cpu/mem_rdata[1] 
    g85267/B                                                  +0   44010   
    g85267/Y                 NAND2X2HVT        1  4.1  279  +244   44254 F 
    g85201/A                                                  +0   44254   
    g85201/Y                 AND2X1HVT         1  4.1  205  +307   44560 F 
    g85073/B                                                  +0   44560   
    g85073/Y                 AND2X2HVT         3  8.8  228  +304   44865 F 
    g85033/B                                                  +0   44865   
    g85033/Y                 OR2X4HVT          6 15.9  230  +385   45250 F 
    g87654/AN                                                 +0   45250   
    g87654/Y                 NOR2BX2HVT        1  4.1  143  +263   45514 F 
    g84971/B                                                  +0   45514   
    g84971/Y                 OR2X1HVT          1  4.1  209  +276   45790 F 
    g84915/C                                                  +0   45790   
    g84915/Y                 AND3X2HVT         3  9.4  242  +323   46113 F 
    g84902/A                                                  +0   46113   
    g84902/Y                 CLKINVX4HVT       6 16.5  166  +212   46325 R 
    g84877/B                                                  +0   46325   
    g84877/Y                 OR2X4HVT          6 16.0  151  +287   46612 R 
    g84857/B                                                  +0   46612   
    g84857/Y                 OR2X6HVT         10 24.1  147  +258   46869 R 
    g99306/A                                                  +0   46869   
    g99306/Y                 INVX1HVT          1  4.1  225  +222   47091 F 
    g94159/A1                                                 +0   47091   
    g94159/Y                 AO21X1HVT         1  4.1  210  +345   47436 F 
    g93743/B                                                  +0   47436   
    g93743/Y                 OR3X1HVT          1  4.2  218  +407   47843 F 
    g93541/C                                                  +0   47843   
    g93541/Y                 OR3X4HVT          4 11.3  196  +437   48280 F 
    g93506/A                                                  +0   48280   
    g93506/Y                 INVX4HVT          6 15.5  152  +183   48462 R 
    g93439/B                                                  +0   48462   
    g93439/Y                 NAND2X2HVT        1  4.1  280  +259   48721 F 
    g105988/B0                                                +0   48721   
    g105988/Y                OA21X1HVT         1  4.1  212  +326   49047 F 
    g93351/B0                                                 +0   49047   
    g93351/Y                 OA21X1HVT         1  5.1  256  +312   49360 F 
    g93275/B                                                  +0   49360   
    g93275/Y                 NAND2X4HVT        1  4.1   86  +171   49531 R 
    g93247/B                                                  +0   49531   
    g93247/Y                 OR2X1HVT          1  4.2  137  +198   49729 R 
    mem_rdata_q_reg_28_/D    DFFHQX4HVT                       +0   49729   
    mem_rdata_q_reg_28_/CK   setup                       0  +271   49999 R 
- - - - - - - - - - - - - - - - - - - - - - - - - - - - - - - - - - - - - -
(clock clk)                  capture                               83330 R 
                             uncertainty                    -250   83080 R 
---------------------------------------------------------------------------
Cost Group   : 'clk' (path_group 'clk')
Timing slack :   33081ps 
Start-point  : soc/spimemio/xfer_io1_90_reg/CKN
End-point    : soc/cpu/mem_rdata_q_reg_28_/D

path  74:

           Pin                 Type       Fanout Load Slew Delay Arrival   
                                                 (fF) (ps)  (ps)   (ps)    
---------------------------------------------------------------------------
(clock clk)                  launch                                41665 F 
soc
  spimemio
    xfer_io1_90_reg/CKN                                  0    +0   41665 F 
    xfer_io1_90_reg/Q        DFFNSRX1HVT       1  4.1  204  +404   42069 F 
    g8050/A0                                                  +0   42069   
    g8050/Y                  AO22X1HVT         1  4.1  212  +383   42452 F 
    g8019/B0                                                  +0   42452   
    g8019/Y                  AO21X2HVT         1  5.7  168  +345   42796 F 
  spimemio/flash_io1_do 
soc/flash_io1_do 
flash_bufs_1_/soc_o 
  g1/A                                                        +0   42796   
  g1/Y                       TBUFX12HVT        2 60.3  264  +335   43131 F 
flash_bufs_1_/soc_i 
drc_bufs/A                                                    +0   43131   
drc_bufs/Y                   BUFX2HVT          3  8.7  224  +326   43458 F 
soc/flash_io1_di 
  g3477/A                                                     +0   43458   
  g3477/Y                    AND2X1HVT         1  4.2  210  +280   43738 F 
  g3353/C                                                     +0   43738   
  g3353/Y                    OR3X4HVT          4 12.1  206  +438   44175 F 
  cpu/mem_rdata[1] 
    g85267/B                                                  +0   44175   
    g85267/Y                 NAND2X2HVT        1  4.1  124  +172   44348 R 
    g85201/A                                                  +0   44348   
    g85201/Y                 AND2X1HVT         1  4.1  140  +303   44650 R 
    g85073/B                                                  +0   44650   
    g85073/Y                 AND2X2HVT         3  8.9  178  +393   45043 R 
    g85033/B                                                  +0   45043   
    g85033/Y                 OR2X4HVT          6 16.2  153  +295   45339 R 
    g87654/AN                                                 +0   45339   
    g87654/Y                 NOR2BX2HVT        1  4.1  184  +303   45641 R 
    g84971/B                                                  +0   45641   
    g84971/Y                 OR2X1HVT          1  4.1  134  +256   45897 R 
    g84915/C                                                  +0   45897   
    g84915/Y                 AND3X2HVT         3  9.5  220  +545   46442 R 
    g84902/A                                                  +0   46442   
    g84902/Y                 CLKINVX4HVT       6 16.1  248  +251   46693 F 
    g84877/B                                                  +0   46693   
    g84877/Y                 OR2X4HVT          6 15.7  228  +395   47088 F 
    g84857/B                                                  +0   47088   
    g84857/Y                 OR2X6HVT         10 23.9  233  +364   47452 F 
    g84842/B                                                  +0   47452   
    g84842/Y                 OR2X4HVT          5 13.7  205  +374   47826 F 
    g99298/A                                                  +0   47826   
    g99298/Y                 INVX1HVT          1  4.1  162  +210   48037 R 
    g97809/C                                                  +0   48037   
    g97809/Y                 AND3X2HVT         2  6.2  173  +533   48570 R 
    g93743/C                                                  +0   48570   
    g93743/Y                 OR3X1HVT          1  4.2  139  +262   48832 R 
    g93541/C                                                  +0   48832   
    g93541/Y                 OR3X4HVT          4 11.4  120  +260   49092 R 
    g93422/A1                                                 +0   49092   
    g93422/Y                 OA22X1HVT         1  4.6  160  +403   49496 R 
    g93352/B                                                  +0   49496   
    g93352/Y                 NAND2X2HVT        1  4.1  281  +264   49759 F 
    mem_rdata_q_reg_30_/D    DFFHQX4HVT                       +0   49759   
    mem_rdata_q_reg_30_/CK   setup                       0  +218   49977 R 
- - - - - - - - - - - - - - - - - - - - - - - - - - - - - - - - - - - - - -
(clock clk)                  capture                               83330 R 
                             uncertainty                    -250   83080 R 
---------------------------------------------------------------------------
Cost Group   : 'clk' (path_group 'clk')
Timing slack :   33103ps 
Start-point  : soc/spimemio/xfer_io1_90_reg/CKN
End-point    : soc/cpu/mem_rdata_q_reg_30_/D

path  75:

          Pin                 Type       Fanout Load Slew Delay Arrival   
                                                (fF) (ps)  (ps)   (ps)    
--------------------------------------------------------------------------
(clock clk)                 launch                                41665 F 
soc
  spimemio
    xfer_io0_90_reg/CKN                                 0    +0   41665 F 
    xfer_io0_90_reg/Q       DFFNSRX1HVT       1  4.1  132  +380   42045 R 
    g8049/A0                                                 +0   42045   
    g8049/Y                 AO22X1HVT         1  4.1  150  +442   42487 R 
    g8013/B0                                                 +0   42487   
    g8013/Y                 AO21X2HVT         1  5.9  139  +278   42764 R 
  spimemio/flash_io0_do 
soc/flash_io0_do 
flash_bufs_0_/soc_o 
  g1/A                                                       +0   42764   
  g1/Y                      TBUFX12HVT        3 63.3  195  +367   43132 R 
flash_bufs_0_/soc_i 
soc/flash_io0_di 
  g3479/A                                                    +0   43132   
  g3479/Y                   AND2X1HVT         1  4.2  143  +344   43476 R 
  g3354/C                                                    +0   43476   
  g3354/Y                   OR3X4HVT          4 12.5  127  +267   43743 R 
  cpu/mem_rdata[0] 
    g85261/B                                                 +0   43743   
    g85261/Y                NAND2X2HVT        1  4.1  279  +244   43987 F 
    g85199/A                                                 +0   43987   
    g85199/Y                AND2X1HVT         1  4.1  205  +307   44294 F 
    g85072/B                                                 +0   44294   
    g85072/Y                AND2X2HVT         3  9.4  241  +312   44606 F 
    g85033/A                                                 +0   44606   
    g85033/Y                OR2X4HVT          6 15.9  230  +409   45015 F 
    g99242/B                                                 +0   45015   
    g99242/Y                NOR2X2HVT         2  6.6  262  +277   45292 R 
    g98178/B                                                 +0   45292   
    g98178/Y                AND2X2HVT         3  9.3  185  +469   45761 R 
    g103771/B                                                +0   45761   
    g103771/Y               NAND2BX4HVT       2  6.1  246  +246   46007 F 
    g96248/AN                                                +0   46007   
    g96248/Y                NAND2BX2HVT       1  4.1  279  +373   46381 F 
    g95957/B                                                 +0   46381   
    g95957/Y                OR2X1HVT          1  4.5  227  +354   46735 F 
    g93935/C                                                 +0   46735   
    g93935/Y                NOR3X2HVT         1  4.1  274  +285   47020 R 
    g105996/AN                                               +0   47020   
    g105996/Y               NOR3BX2HVT        1  4.1  271  +464   47484 R 
    g105989/B                                                +0   47484   
    g105989/Y               AND3X2HVT         4 10.4  233  +678   48162 R 
    g93438/A                                                 +0   48162   
    g93438/Y                INVX1HVT          1  4.1  240  +285   48446 F 
    g93396/B                                                 +0   48446   
    g93396/Y                AND2X2HVT         3  9.2  237  +329   48775 F 
    g93308/B                                                 +0   48775   
    g93308/Y                NAND2X4HVT        1  4.1   86  +161   48936 R 
    g93294/B0                                                +0   48936   
    g93294/Y                OA21X1HVT         1  5.2  174  +329   49265 R 
    g93244/B                                                 +0   49265   
    g93244/Y                NAND2X4HVT        1  4.1  189  +209   49474 F 
    g93225/B                                                 +0   49474   
    g93225/Y                OR2X1HVT          1  4.1  209  +300   49774 F 
    decoded_rs1_reg_3_/D    DFFQX4HVT                        +0   49774   
    decoded_rs1_reg_3_/CK   setup                       0  +196   49970 R 
- - - - - - - - - - - - - - - - - - - - - - - - - - - - - - - - - - - - - 
(clock clk)                 capture                               83330 R 
                            uncertainty                    -250   83080 R 
--------------------------------------------------------------------------
Cost Group   : 'clk' (path_group 'clk')
Timing slack :   33110ps 
Start-point  : soc/spimemio/xfer_io0_90_reg/CKN
End-point    : soc/cpu/decoded_rs1_reg_3_/D

path  76:

           Pin                 Type       Fanout Load Slew Delay Arrival   
                                                 (fF) (ps)  (ps)   (ps)    
---------------------------------------------------------------------------
(clock clk)                  launch                                41665 F 
soc
  spimemio
    xfer_io1_90_reg/CKN                                  0    +0   41665 F 
    xfer_io1_90_reg/Q        DFFNSRX1HVT       1  4.1  132  +380   42045 R 
    g8050/A0                                                  +0   42045   
    g8050/Y                  AO22X1HVT         1  4.1  150  +442   42487 R 
    g8019/B0                                                  +0   42487   
    g8019/Y                  AO21X2HVT         1  5.9  139  +278   42764 R 
  spimemio/flash_io1_do 
soc/flash_io1_do 
flash_bufs_1_/soc_o 
  g1/A                                                        +0   42764   
  g1/Y                       TBUFX12HVT        2 60.1  188  +363   43127 R 
flash_bufs_1_/soc_i 
drc_bufs/A                                                    +0   43127   
drc_bufs/Y                   BUFX2HVT          3  8.8  154  +295   43422 R 
soc/flash_io1_di 
  g3477/A                                                     +0   43422   
  g3477/Y                    AND2X1HVT         1  4.2  143  +321   43743 R 
  g3353/C                                                     +0   43743   
  g3353/Y                    OR3X4HVT          4 12.4  126  +267   44010 R 
  cpu/mem_rdata[1] 
    g85267/B                                                  +0   44010   
    g85267/Y                 NAND2X2HVT        1  4.1  279  +244   44254 F 
    g85201/A                                                  +0   44254   
    g85201/Y                 AND2X1HVT         1  4.1  205  +307   44560 F 
    g85073/B                                                  +0   44560   
    g85073/Y                 AND2X2HVT         3  8.8  228  +304   44865 F 
    g85033/B                                                  +0   44865   
    g85033/Y                 OR2X4HVT          6 15.9  230  +385   45250 F 
    g87654/AN                                                 +0   45250   
    g87654/Y                 NOR2BX2HVT        1  4.1  143  +263   45514 F 
    g84971/B                                                  +0   45514   
    g84971/Y                 OR2X1HVT          1  4.1  209  +276   45790 F 
    g84915/C                                                  +0   45790   
    g84915/Y                 AND3X2HVT         3  9.4  242  +323   46113 F 
    g84902/A                                                  +0   46113   
    g84902/Y                 CLKINVX4HVT       6 16.5  166  +212   46325 R 
    g84877/B                                                  +0   46325   
    g84877/Y                 OR2X4HVT          6 16.0  151  +287   46612 R 
    g84857/B                                                  +0   46612   
    g84857/Y                 OR2X6HVT         10 24.1  147  +258   46869 R 
    g98528/B                                                  +0   46869   
    g98528/Y                 OR2X2HVT          3  8.3  148  +276   47145 R 
    g98187/A                                                  +0   47145   
    g98187/Y                 INVX1HVT          1  4.1  225  +222   47368 F 
    g97593/A                                                  +0   47368   
    g97593/Y                 OR2X2HVT          3  8.8  236  +393   47761 F 
    g93541/B                                                  +0   47761   
    g93541/Y                 OR3X4HVT          4 11.3  196  +478   48238 F 
    g93506/A                                                  +0   48238   
    g93506/Y                 INVX4HVT          6 15.5  152  +183   48421 R 
    g93439/B                                                  +0   48421   
    g93439/Y                 NAND2X2HVT        1  4.1  280  +259   48680 F 
    g105988/B0                                                +0   48680   
    g105988/Y                OA21X1HVT         1  4.1  212  +326   49006 F 
    g93351/B0                                                 +0   49006   
    g93351/Y                 OA21X1HVT         1  5.1  256  +312   49318 F 
    g93275/B                                                  +0   49318   
    g93275/Y                 NAND2X4HVT        1  4.1   86  +171   49489 R 
    g93247/B                                                  +0   49489   
    g93247/Y                 OR2X1HVT          1  4.2  137  +198   49687 R 
    mem_rdata_q_reg_28_/D    DFFHQX4HVT                       +0   49687   
    mem_rdata_q_reg_28_/CK   setup                       0  +271   49958 R 
- - - - - - - - - - - - - - - - - - - - - - - - - - - - - - - - - - - - - -
(clock clk)                  capture                               83330 R 
                             uncertainty                    -250   83080 R 
---------------------------------------------------------------------------
Cost Group   : 'clk' (path_group 'clk')
Timing slack :   33122ps 
Start-point  : soc/spimemio/xfer_io1_90_reg/CKN
End-point    : soc/cpu/mem_rdata_q_reg_28_/D

path  77:

         Pin                 Type       Fanout Load Slew Delay Arrival   
                                               (fF) (ps)  (ps)   (ps)    
-------------------------------------------------------------------------
(clock clk)               launch                                 41665 F 
soc
  spimemio
    xfer_io0_90_reg/CKN                                0    +0   41665 F 
    xfer_io0_90_reg/Q     DFFNSRX1HVT        1  4.1  132  +380   42045 R 
    g8049/A0                                                +0   42045   
    g8049/Y               AO22X1HVT          1  4.1  150  +442   42487 R 
    g8013/B0                                                +0   42487   
    g8013/Y               AO21X2HVT          1  5.9  139  +278   42764 R 
  spimemio/flash_io0_do 
soc/flash_io0_do 
flash_bufs_0_/soc_o 
  g1/A                                                      +0   42764   
  g1/Y                    TBUFX12HVT         3 63.3  195  +367   43132 R 
flash_bufs_0_/soc_i 
soc/flash_io0_di 
  g3479/A                                                   +0   43132   
  g3479/Y                 AND2X1HVT          1  4.2  143  +344   43476 R 
  g3354/C                                                   +0   43476   
  g3354/Y                 OR3X4HVT           4 12.5  127  +267   43743 R 
  cpu/mem_rdata[0] 
    g85261/B                                                +0   43743   
    g85261/Y              NAND2X2HVT         1  4.1  279  +244   43987 F 
    g85199/A                                                +0   43987   
    g85199/Y              AND2X1HVT          1  4.1  205  +307   44294 F 
    g85072/B                                                +0   44294   
    g85072/Y              AND2X2HVT          3  9.4  241  +312   44606 F 
    g85033/A                                                +0   44606   
    g85033/Y              OR2X4HVT           6 15.9  230  +409   45015 F 
    g87654/AN                                               +0   45015   
    g87654/Y              NOR2BX2HVT         1  4.1  143  +263   45279 F 
    g84971/B                                                +0   45279   
    g84971/Y              OR2X1HVT           1  4.1  209  +276   45555 F 
    g84915/C                                                +0   45555   
    g84915/Y              AND3X2HVT          3  9.4  242  +323   45878 F 
    g84902/A                                                +0   45878   
    g84902/Y              CLKINVX4HVT        6 16.5  166  +212   46090 R 
    g84876/C                                                +0   46090   
    g84876/Y              OR3X8HVT           8 27.9  143  +287   46377 R 
    g98529/B                                                +0   46377   
    g98529/Y              OR2X2HVT           3 10.1  174  +288   46665 R 
    g98188/A                                                +0   46665   
    g98188/Y              INVX1HVT           1  4.2  234  +244   46909 F 
    g97621/B                                                +0   46909   
    g97621/Y              AND2X4HVT          7 21.1  278  +354   47263 F 
    g96245/B                                                +0   47263   
    g96245/Y              NAND2X2HVT         1  4.1  126  +216   47480 R 
    g96030/B                                                +0   47480   
    g96030/Y              AND2X1HVT          1  4.1  140  +328   47807 R 
    g93933/C                                                +0   47807   
    g93933/Y              AND3X1HVT          1  4.1  153  +432   48240 R 
    g93568/D                                                +0   48240   
    g93568/Y              AND4X1HVT          1  5.2  208  +601   48841 R 
    g106570/B0                                              +0   48841   
    g106570/Y             OAI2BB1X4HVT       1  4.1  192  +261   49102 F 
    g106569/B0                                              +0   49102   
    g106569/Y             AO21X1HVT          1  4.1  210  +315   49417 F 
    g105965/A1                                              +0   49417   
    g105965/Y             OA21X1HVT          1  4.1  212  +332   49749 F 
    reg_out_reg_14_/D     DFFQX2HVT                         +0   49749   
    reg_out_reg_14_/CK    setup                        0  +195   49945 R 
- - - - - - - - - - - - - - - - - - - - - - - - - - - - - - - - - - - - -
(clock clk)               capture                                83330 R 
                          uncertainty                     -250   83080 R 
-------------------------------------------------------------------------
Cost Group   : 'clk' (path_group 'clk')
Timing slack :   33135ps 
Start-point  : soc/spimemio/xfer_io0_90_reg/CKN
End-point    : soc/cpu/reg_out_reg_14_/D

path  78:

         Pin                 Type       Fanout Load Slew Delay Arrival   
                                               (fF) (ps)  (ps)   (ps)    
-------------------------------------------------------------------------
(clock clk)               launch                                 41665 F 
soc
  spimemio
    xfer_io0_90_reg/CKN                                0    +0   41665 F 
    xfer_io0_90_reg/Q     DFFNSRX1HVT        1  4.1  132  +380   42045 R 
    g8049/A0                                                +0   42045   
    g8049/Y               AO22X1HVT          1  4.1  150  +442   42487 R 
    g8013/B0                                                +0   42487   
    g8013/Y               AO21X2HVT          1  5.9  139  +278   42764 R 
  spimemio/flash_io0_do 
soc/flash_io0_do 
flash_bufs_0_/soc_o 
  g1/A                                                      +0   42764   
  g1/Y                    TBUFX12HVT         3 63.3  195  +367   43132 R 
flash_bufs_0_/soc_i 
soc/flash_io0_di 
  g3479/A                                                   +0   43132   
  g3479/Y                 AND2X1HVT          1  4.2  143  +344   43476 R 
  g3354/C                                                   +0   43476   
  g3354/Y                 OR3X4HVT           4 12.5  127  +267   43743 R 
  cpu/mem_rdata[0] 
    g85261/B                                                +0   43743   
    g85261/Y              NAND2X2HVT         1  4.1  279  +244   43987 F 
    g85199/A                                                +0   43987   
    g85199/Y              AND2X1HVT          1  4.1  205  +307   44294 F 
    g85072/B                                                +0   44294   
    g85072/Y              AND2X2HVT          3  9.4  241  +312   44606 F 
    g85033/A                                                +0   44606   
    g85033/Y              OR2X4HVT           6 15.9  230  +409   45015 F 
    g87654/AN                                               +0   45015   
    g87654/Y              NOR2BX2HVT         1  4.1  143  +263   45279 F 
    g84971/B                                                +0   45279   
    g84971/Y              OR2X1HVT           1  4.1  209  +276   45555 F 
    g84915/C                                                +0   45555   
    g84915/Y              AND3X2HVT          3  9.4  242  +323   45878 F 
    g84902/A                                                +0   45878   
    g84902/Y              CLKINVX4HVT        6 16.5  166  +212   46090 R 
    g84876/C                                                +0   46090   
    g84876/Y              OR3X8HVT           8 27.9  143  +287   46377 R 
    g98529/B                                                +0   46377   
    g98529/Y              OR2X2HVT           3 10.1  174  +288   46665 R 
    g98188/A                                                +0   46665   
    g98188/Y              INVX1HVT           1  4.2  234  +244   46909 F 
    g97621/B                                                +0   46909   
    g97621/Y              AND2X4HVT          7 21.1  278  +354   47263 F 
    g96241/B                                                +0   47263   
    g96241/Y              NAND2X2HVT         1  4.1  126  +216   47480 R 
    g96027/B                                                +0   47480   
    g96027/Y              AND2X1HVT          1  4.1  140  +328   47807 R 
    g93874/C                                                +0   47807   
    g93874/Y              AND3X1HVT          1  4.1  153  +432   48240 R 
    g93565/D                                                +0   48240   
    g93565/Y              AND4X1HVT          1  5.2  208  +601   48841 R 
    g106572/B0                                              +0   48841   
    g106572/Y             OAI2BB1X4HVT       1  4.1  192  +261   49102 F 
    g106571/B0                                              +0   49102   
    g106571/Y             AO21X1HVT          1  4.1  210  +315   49417 F 
    g105961/A1                                              +0   49417   
    g105961/Y             OA21X1HVT          1  4.1  212  +332   49749 F 
    reg_out_reg_11_/D     DFFQX2HVT                         +0   49749   
    reg_out_reg_11_/CK    setup                        0  +195   49945 R 
- - - - - - - - - - - - - - - - - - - - - - - - - - - - - - - - - - - - -
(clock clk)               capture                                83330 R 
                          uncertainty                     -250   83080 R 
-------------------------------------------------------------------------
Cost Group   : 'clk' (path_group 'clk')
Timing slack :   33135ps 
Start-point  : soc/spimemio/xfer_io0_90_reg/CKN
End-point    : soc/cpu/reg_out_reg_11_/D

path  79:

         Pin                Type       Fanout Load Slew Delay Arrival   
                                              (fF) (ps)  (ps)   (ps)    
------------------------------------------------------------------------
(clock clk)               launch                                41665 F 
soc
  spimemio
    xfer_io0_90_reg/CKN                               0    +0   41665 F 
    xfer_io0_90_reg/Q     DFFNSRX1HVT       1  4.1  204  +404   42069 F 
    g8049/A0                                               +0   42069   
    g8049/Y               AO22X1HVT         1  4.1  212  +383   42452 F 
    g8013/B0                                               +0   42452   
    g8013/Y               AO21X2HVT         1  5.7  168  +345   42796 F 
  spimemio/flash_io0_do 
soc/flash_io0_do 
flash_bufs_0_/soc_o 
  g1/A                                                     +0   42796   
  g1/Y                    TBUFX12HVT        3 63.4  277  +342   43138 F 
flash_bufs_0_/soc_i 
soc/flash_io0_di 
  g3479/A                                                  +0   43138   
  g3479/Y                 AND2X1HVT         1  4.2  210  +308   43446 F 
  g3354/C                                                  +0   43446   
  g3354/Y                 OR3X4HVT          4 12.2  207  +438   43884 F 
  cpu/mem_rdata[0] 
    g85261/B                                               +0   43884   
    g85261/Y              NAND2X2HVT        1  4.1  124  +173   44057 R 
    g85199/A                                               +0   44057   
    g85199/Y              AND2X1HVT         1  4.1  140  +303   44360 R 
    g85072/B                                               +0   44360   
    g85072/Y              AND2X2HVT         3  9.6  188  +399   44759 R 
    g85033/A                                               +0   44759   
    g85033/Y              OR2X4HVT          6 16.2  153  +315   45074 R 
    g87654/AN                                              +0   45074   
    g87654/Y              NOR2BX2HVT        1  4.1  184  +303   45377 R 
    g84971/B                                               +0   45377   
    g84971/Y              OR2X1HVT          1  4.1  134  +256   45632 R 
    g84915/C                                               +0   45632   
    g84915/Y              AND3X2HVT         3  9.5  220  +545   46177 R 
    g84902/A                                               +0   46177   
    g84902/Y              CLKINVX4HVT       6 16.1  248  +251   46428 F 
    g84876/C                                               +0   46428   
    g84876/Y              OR3X8HVT          8 26.7  235  +469   46897 F 
    g98529/B                                               +0   46897   
    g98529/Y              OR2X2HVT          3  9.9  261  +395   47292 F 
    g98188/A                                               +0   47292   
    g98188/Y              INVX1HVT          1  4.2  175  +250   47542 R 
    g97621/B                                               +0   47542   
    g97621/Y              AND2X4HVT         7 21.8  220  +430   47972 R 
    g96243/B                                               +0   47972   
    g96243/Y              NAND2X2HVT        1  4.1  287  +300   48272 F 
    g96029/B                                               +0   48272   
    g96029/Y              AND2X1HVT         1  4.1  205  +319   48591 F 
    g93932/C                                               +0   48591   
    g93932/Y              AND3X1HVT         1  4.1  206  +277   48869 F 
    g93567/D                                               +0   48869   
    g93567/Y              AND4X1HVT         1  5.1  252  +311   49180 F 
    g93448/B                                               +0   49180   
    g93448/Y              NAND2X4HVT        1  4.1   88  +169   49349 R 
    g105964/A1                                             +0   49349   
    g105964/Y             OA21X1HVT         1  4.1  143  +313   49662 R 
    reg_out_reg_13_/D     DFFQX2HVT                        +0   49662   
    reg_out_reg_13_/CK    setup                       0  +282   49944 R 
- - - - - - - - - - - - - - - - - - - - - - - - - - - - - - - - - - - - 
(clock clk)               capture                               83330 R 
                          uncertainty                    -250   83080 R 
------------------------------------------------------------------------
Cost Group   : 'clk' (path_group 'clk')
Timing slack :   33136ps 
Start-point  : soc/spimemio/xfer_io0_90_reg/CKN
End-point    : soc/cpu/reg_out_reg_13_/D

path  80:

           Pin                 Type       Fanout Load Slew Delay Arrival   
                                                 (fF) (ps)  (ps)   (ps)    
---------------------------------------------------------------------------
(clock clk)                  launch                                41665 F 
soc
  spimemio
    xfer_io1_90_reg/CKN                                  0    +0   41665 F 
    xfer_io1_90_reg/Q        DFFNSRX1HVT       1  4.1  132  +380   42045 R 
    g8050/A0                                                  +0   42045   
    g8050/Y                  AO22X1HVT         1  4.1  150  +442   42487 R 
    g8019/B0                                                  +0   42487   
    g8019/Y                  AO21X2HVT         1  5.9  139  +278   42764 R 
  spimemio/flash_io1_do 
soc/flash_io1_do 
flash_bufs_1_/soc_o 
  g1/A                                                        +0   42764   
  g1/Y                       TBUFX12HVT        2 60.1  188  +363   43127 R 
flash_bufs_1_/soc_i 
drc_bufs/A                                                    +0   43127   
drc_bufs/Y                   BUFX2HVT          3  8.8  154  +295   43422 R 
soc/flash_io1_di 
  g3477/A                                                     +0   43422   
  g3477/Y                    AND2X1HVT         1  4.2  143  +321   43743 R 
  g3353/C                                                     +0   43743   
  g3353/Y                    OR3X4HVT          4 12.4  126  +267   44010 R 
  cpu/mem_rdata[1] 
    g85267/B                                                  +0   44010   
    g85267/Y                 NAND2X2HVT        1  4.1  279  +244   44254 F 
    g85201/A                                                  +0   44254   
    g85201/Y                 AND2X1HVT         1  4.1  205  +307   44560 F 
    g85073/B                                                  +0   44560   
    g85073/Y                 AND2X2HVT         3  8.8  228  +304   44865 F 
    g85033/B                                                  +0   44865   
    g85033/Y                 OR2X4HVT          6 15.9  230  +385   45250 F 
    g87654/AN                                                 +0   45250   
    g87654/Y                 NOR2BX2HVT        1  4.1  143  +263   45514 F 
    g84971/B                                                  +0   45514   
    g84971/Y                 OR2X1HVT          1  4.1  209  +276   45790 F 
    g84915/C                                                  +0   45790   
    g84915/Y                 AND3X2HVT         3  9.4  242  +323   46113 F 
    g84902/A                                                  +0   46113   
    g84902/Y                 CLKINVX4HVT       6 16.5  166  +212   46325 R 
    g84877/B                                                  +0   46325   
    g84877/Y                 OR2X4HVT          6 16.0  151  +287   46612 R 
    g84857/B                                                  +0   46612   
    g84857/Y                 OR2X6HVT         10 24.1  147  +258   46869 R 
    g84843/B                                                  +0   46869   
    g84843/Y                 OR2X6HVT          7 19.1  123  +242   47111 R 
    g99317/A                                                  +0   47111   
    g99317/Y                 INVX2HVT          4 10.3  275  +225   47336 F 
    g97593/B                                                  +0   47336   
    g97593/Y                 OR2X2HVT          3  8.8  236  +403   47739 F 
    g93541/B                                                  +0   47739   
    g93541/Y                 OR3X4HVT          4 11.3  196  +478   48216 F 
    g93506/A                                                  +0   48216   
    g93506/Y                 INVX4HVT          6 15.5  152  +183   48399 R 
    g93439/B                                                  +0   48399   
    g93439/Y                 NAND2X2HVT        1  4.1  280  +259   48658 F 
    g105988/B0                                                +0   48658   
    g105988/Y                OA21X1HVT         1  4.1  212  +326   48984 F 
    g93351/B0                                                 +0   48984   
    g93351/Y                 OA21X1HVT         1  5.1  256  +312   49296 F 
    g93275/B                                                  +0   49296   
    g93275/Y                 NAND2X4HVT        1  4.1   86  +171   49468 R 
    g93247/B                                                  +0   49468   
    g93247/Y                 OR2X1HVT          1  4.2  137  +198   49665 R 
    mem_rdata_q_reg_28_/D    DFFHQX4HVT                       +0   49665   
    mem_rdata_q_reg_28_/CK   setup                       0  +271   49936 R 
- - - - - - - - - - - - - - - - - - - - - - - - - - - - - - - - - - - - - -
(clock clk)                  capture                               83330 R 
                             uncertainty                    -250   83080 R 
---------------------------------------------------------------------------
Cost Group   : 'clk' (path_group 'clk')
Timing slack :   33144ps 
Start-point  : soc/spimemio/xfer_io1_90_reg/CKN
End-point    : soc/cpu/mem_rdata_q_reg_28_/D

path  81:

           Pin                 Type       Fanout Load Slew Delay Arrival   
                                                 (fF) (ps)  (ps)   (ps)    
---------------------------------------------------------------------------
(clock clk)                  launch                                41665 F 
soc
  spimemio
    xfer_io1_90_reg/CKN                                  0    +0   41665 F 
    xfer_io1_90_reg/Q        DFFNSRX1HVT       1  4.1  132  +380   42045 R 
    g8050/A0                                                  +0   42045   
    g8050/Y                  AO22X1HVT         1  4.1  150  +442   42487 R 
    g8019/B0                                                  +0   42487   
    g8019/Y                  AO21X2HVT         1  5.9  139  +278   42764 R 
  spimemio/flash_io1_do 
soc/flash_io1_do 
flash_bufs_1_/soc_o 
  g1/A                                                        +0   42764   
  g1/Y                       TBUFX12HVT        2 60.1  188  +363   43127 R 
flash_bufs_1_/soc_i 
drc_bufs/A                                                    +0   43127   
drc_bufs/Y                   BUFX2HVT          3  8.8  154  +295   43422 R 
soc/flash_io1_di 
  g3477/A                                                     +0   43422   
  g3477/Y                    AND2X1HVT         1  4.2  143  +321   43743 R 
  g3353/C                                                     +0   43743   
  g3353/Y                    OR3X4HVT          4 12.4  126  +267   44010 R 
  cpu/mem_rdata[1] 
    g85267/B                                                  +0   44010   
    g85267/Y                 NAND2X2HVT        1  4.1  279  +244   44254 F 
    g85201/A                                                  +0   44254   
    g85201/Y                 AND2X1HVT         1  4.1  205  +307   44560 F 
    g85073/B                                                  +0   44560   
    g85073/Y                 AND2X2HVT         3  8.8  228  +304   44865 F 
    g85033/B                                                  +0   44865   
    g85033/Y                 OR2X4HVT          6 15.9  230  +385   45250 F 
    g87654/AN                                                 +0   45250   
    g87654/Y                 NOR2BX2HVT        1  4.1  143  +263   45514 F 
    g84971/B                                                  +0   45514   
    g84971/Y                 OR2X1HVT          1  4.1  209  +276   45790 F 
    g84915/C                                                  +0   45790   
    g84915/Y                 AND3X2HVT         3  9.4  242  +323   46113 F 
    g84902/A                                                  +0   46113   
    g84902/Y                 CLKINVX4HVT       6 16.5  166  +212   46325 R 
    g84877/B                                                  +0   46325   
    g84877/Y                 OR2X4HVT          6 16.0  151  +287   46612 R 
    g84854/B                                                  +0   46612   
    g84854/Y                 OR2X4HVT          7 18.0  165  +285   46897 R 
    g99369/A                                                  +0   46897   
    g99369/Y                 INVX2HVT          2  6.1  188  +202   47099 F 
    g99229/B                                                  +0   47099   
    g99229/Y                 AND2X2HVT         2  6.5  176  +267   47366 F 
    g93743/A                                                  +0   47366   
    g93743/Y                 OR3X1HVT          1  4.2  218  +402   47767 F 
    g93541/C                                                  +0   47767   
    g93541/Y                 OR3X4HVT          4 11.3  196  +437   48204 F 
    g93506/A                                                  +0   48204   
    g93506/Y                 INVX4HVT          6 15.5  152  +183   48387 R 
    g93439/B                                                  +0   48387   
    g93439/Y                 NAND2X2HVT        1  4.1  280  +259   48646 F 
    g105988/B0                                                +0   48646   
    g105988/Y                OA21X1HVT         1  4.1  212  +326   48971 F 
    g93351/B0                                                 +0   48971   
    g93351/Y                 OA21X1HVT         1  5.1  256  +312   49284 F 
    g93275/B                                                  +0   49284   
    g93275/Y                 NAND2X4HVT        1  4.1   86  +171   49455 R 
    g93247/B                                                  +0   49455   
    g93247/Y                 OR2X1HVT          1  4.2  137  +198   49653 R 
    mem_rdata_q_reg_28_/D    DFFHQX4HVT                       +0   49653   
    mem_rdata_q_reg_28_/CK   setup                       0  +271   49923 R 
- - - - - - - - - - - - - - - - - - - - - - - - - - - - - - - - - - - - - -
(clock clk)                  capture                               83330 R 
                             uncertainty                    -250   83080 R 
---------------------------------------------------------------------------
Cost Group   : 'clk' (path_group 'clk')
Timing slack :   33157ps 
Start-point  : soc/spimemio/xfer_io1_90_reg/CKN
End-point    : soc/cpu/mem_rdata_q_reg_28_/D

path  82:

           Pin                 Type       Fanout Load Slew Delay Arrival   
                                                 (fF) (ps)  (ps)   (ps)    
---------------------------------------------------------------------------
(clock clk)                  launch                                41665 F 
soc
  spimemio
    xfer_io0_90_reg/CKN                                  0    +0   41665 F 
    xfer_io0_90_reg/Q        DFFNSRX1HVT       1  4.1  132  +380   42045 R 
    g8049/A0                                                  +0   42045   
    g8049/Y                  AO22X1HVT         1  4.1  150  +442   42487 R 
    g8013/B0                                                  +0   42487   
    g8013/Y                  AO21X2HVT         1  5.9  139  +278   42764 R 
  spimemio/flash_io0_do 
soc/flash_io0_do 
flash_bufs_0_/soc_o 
  g1/A                                                        +0   42764   
  g1/Y                       TBUFX12HVT        3 63.3  195  +367   43132 R 
flash_bufs_0_/soc_i 
soc/flash_io0_di 
  g3479/A                                                     +0   43132   
  g3479/Y                    AND2X1HVT         1  4.2  143  +344   43476 R 
  g3354/C                                                     +0   43476   
  g3354/Y                    OR3X4HVT          4 12.5  127  +267   43743 R 
  cpu/mem_rdata[0] 
    g85261/B                                                  +0   43743   
    g85261/Y                 NAND2X2HVT        1  4.1  279  +244   43987 F 
    g85199/A                                                  +0   43987   
    g85199/Y                 AND2X1HVT         1  4.1  205  +307   44294 F 
    g85072/B                                                  +0   44294   
    g85072/Y                 AND2X2HVT         3  9.4  241  +312   44606 F 
    g85033/A                                                  +0   44606   
    g85033/Y                 OR2X4HVT          6 15.9  230  +409   45015 F 
    g87654/AN                                                 +0   45015   
    g87654/Y                 NOR2BX2HVT        1  4.1  143  +263   45279 F 
    g84971/B                                                  +0   45279   
    g84971/Y                 OR2X1HVT          1  4.1  209  +276   45555 F 
    g84915/C                                                  +0   45555   
    g84915/Y                 AND3X2HVT         3  9.4  242  +323   45878 F 
    g84902/A                                                  +0   45878   
    g84902/Y                 CLKINVX4HVT       6 16.5  166  +212   46090 R 
    g84877/B                                                  +0   46090   
    g84877/Y                 OR2X4HVT          6 16.0  151  +287   46377 R 
    g84857/B                                                  +0   46377   
    g84857/Y                 OR2X6HVT         10 24.1  147  +258   46634 R 
    g84842/B                                                  +0   46634   
    g84842/Y                 OR2X4HVT          5 14.0  135  +267   46901 R 
    g99298/A                                                  +0   46901   
    g99298/Y                 INVX1HVT          1  4.1  222  +213   47114 F 
    g97809/C                                                  +0   47114   
    g97809/Y                 AND3X2HVT         2  6.2  169  +291   47406 F 
    g93743/C                                                  +0   47406   
    g93743/Y                 OR3X1HVT          1  4.2  218  +356   47761 F 
    g93541/C                                                  +0   47761   
    g93541/Y                 OR3X4HVT          4 11.3  196  +437   48198 F 
    g93506/A                                                  +0   48198   
    g93506/Y                 INVX4HVT          6 15.5  152  +183   48381 R 
    g93439/B                                                  +0   48381   
    g93439/Y                 NAND2X2HVT        1  4.1  280  +259   48640 F 
    g105988/B0                                                +0   48640   
    g105988/Y                OA21X1HVT         1  4.1  212  +326   48965 F 
    g93351/B0                                                 +0   48965   
    g93351/Y                 OA21X1HVT         1  5.1  256  +312   49278 F 
    g93275/B                                                  +0   49278   
    g93275/Y                 NAND2X4HVT        1  4.1   86  +171   49449 R 
    g93247/B                                                  +0   49449   
    g93247/Y                 OR2X1HVT          1  4.2  137  +198   49647 R 
    mem_rdata_q_reg_28_/D    DFFHQX4HVT                       +0   49647   
    mem_rdata_q_reg_28_/CK   setup                       0  +271   49917 R 
- - - - - - - - - - - - - - - - - - - - - - - - - - - - - - - - - - - - - -
(clock clk)                  capture                               83330 R 
                             uncertainty                    -250   83080 R 
---------------------------------------------------------------------------
Cost Group   : 'clk' (path_group 'clk')
Timing slack :   33163ps 
Start-point  : soc/spimemio/xfer_io0_90_reg/CKN
End-point    : soc/cpu/mem_rdata_q_reg_28_/D

path  83:

           Pin                  Type       Fanout Load Slew Delay Arrival   
                                                  (fF) (ps)  (ps)   (ps)    
----------------------------------------------------------------------------
(clock clk)                  launch                                 41665 F 
soc
  spimemio
    xfer_io2_90_reg/CKN                                   0    +0   41665 F 
    xfer_io2_90_reg/Q        DFFNSRX1HVT        1  4.1  204  +404   42069 F 
    g8045/A0                                                   +0   42069   
    g8045/Y                  AO22X1HVT          1  4.1  212  +383   42452 F 
    g8020/B0                                                   +0   42452   
    g8020/Y                  AO21X2HVT          1  5.7  168  +345   42796 F 
  spimemio/flash_io2_do 
soc/flash_io2_do 
flash_bufs_2_/soc_o 
  g1/A                                                         +0   42796   
  g1/Y                       TBUFX12HVT         2 60.3  264  +335   43131 F 
flash_bufs_2_/soc_i 
drc_bufs10/A                                                   +0   43131   
drc_bufs10/Y                 BUFX2HVT           2  8.1  211  +319   43450 F 
soc/flash_io2_di 
  g3674/A1                                                     +0   43450   
  g3674/Y                    AOI22X4HVT         1  5.2  167  +234   43684 R 
  g3683/B0                                                     +0   43684   
  g3683/Y                    OAI2BB1X4HVT       1  4.1  188  +236   43920 F 
  g3682/B0                                                     +0   43920   
  g3682/Y                    AO21X1HVT          1  4.1  210  +313   44232 F 
  g3356/B                                                      +0   44232   
  g3356/Y                    OR2X2HVT           3  9.2  245  +373   44606 F 
  cpu/mem_rdata[2] 
    g85174/B1                                                  +0   44606   
    g85174/Y                 AO22X1HVT          1  4.5  230  +370   44975 F 
    g85058/D                                                   +0   44975   
    g85058/Y                 OR4X6HVT           9 21.7  253  +512   45487 F 
    g84951/B                                                   +0   45487   
    g84951/Y                 OR3X4HVT           4 10.8  191  +483   45971 F 
    g99276/A                                                   +0   45971   
    g99276/Y                 INVX2HVT           2  6.1  132  +176   46146 R 
    g97685/B                                                   +0   46146   
    g97685/Y                 AND4X1HVT          1  4.6  191  +682   46829 R 
    g95974/B                                                   +0   46829   
    g95974/Y                 NOR3X2HVT          1  4.1  169  +215   47044 F 
    g94159/B0                                                  +0   47044   
    g94159/Y                 AO21X1HVT          1  4.1  210  +303   47347 F 
    g93743/B                                                   +0   47347   
    g93743/Y                 OR3X1HVT           1  4.2  218  +407   47754 F 
    g93541/C                                                   +0   47754   
    g93541/Y                 OR3X4HVT           4 11.3  196  +437   48191 F 
    g93506/A                                                   +0   48191   
    g93506/Y                 INVX4HVT           6 15.5  152  +183   48373 R 
    g93439/B                                                   +0   48373   
    g93439/Y                 NAND2X2HVT         1  4.1  280  +259   48632 F 
    g105988/B0                                                 +0   48632   
    g105988/Y                OA21X1HVT          1  4.1  212  +326   48958 F 
    g93351/B0                                                  +0   48958   
    g93351/Y                 OA21X1HVT          1  5.1  256  +312   49270 F 
    g93275/B                                                   +0   49270   
    g93275/Y                 NAND2X4HVT         1  4.1   86  +171   49442 R 
    g93247/B                                                   +0   49442   
    g93247/Y                 OR2X1HVT           1  4.2  137  +198   49640 R 
    mem_rdata_q_reg_28_/D    DFFHQX4HVT                        +0   49640   
    mem_rdata_q_reg_28_/CK   setup                        0  +271   49910 R 
- - - - - - - - - - - - - - - - - - - - - - - - - - - - - - - - - - - - - - 
(clock clk)                  capture                                83330 R 
                             uncertainty                     -250   83080 R 
----------------------------------------------------------------------------
Cost Group   : 'clk' (path_group 'clk')
Timing slack :   33170ps 
Start-point  : soc/spimemio/xfer_io2_90_reg/CKN
End-point    : soc/cpu/mem_rdata_q_reg_28_/D

path  84:

           Pin                 Type       Fanout Load Slew Delay Arrival   
                                                 (fF) (ps)  (ps)   (ps)    
---------------------------------------------------------------------------
(clock clk)                  launch                                41665 F 
soc
  spimemio
    xfer_io0_90_reg/CKN                                  0    +0   41665 F 
    xfer_io0_90_reg/Q        DFFNSRX1HVT       1  4.1  204  +404   42069 F 
    g8049/A0                                                  +0   42069   
    g8049/Y                  AO22X1HVT         1  4.1  212  +383   42452 F 
    g8013/B0                                                  +0   42452   
    g8013/Y                  AO21X2HVT         1  5.7  168  +345   42796 F 
  spimemio/flash_io0_do 
soc/flash_io0_do 
flash_bufs_0_/soc_o 
  g1/A                                                        +0   42796   
  g1/Y                       TBUFX12HVT        3 63.4  277  +342   43138 F 
flash_bufs_0_/soc_i 
soc/flash_io0_di 
  g3479/A                                                     +0   43138   
  g3479/Y                    AND2X1HVT         1  4.2  210  +308   43446 F 
  g3354/C                                                     +0   43446   
  g3354/Y                    OR3X4HVT          4 12.2  207  +438   43884 F 
  cpu/mem_rdata[0] 
    g85261/B                                                  +0   43884   
    g85261/Y                 NAND2X2HVT        1  4.1  124  +173   44057 R 
    g85199/A                                                  +0   44057   
    g85199/Y                 AND2X1HVT         1  4.1  140  +303   44360 R 
    g85072/B                                                  +0   44360   
    g85072/Y                 AND2X2HVT         3  9.6  188  +399   44759 R 
    g85033/A                                                  +0   44759   
    g85033/Y                 OR2X4HVT          6 16.2  153  +315   45074 R 
    g87654/AN                                                 +0   45074   
    g87654/Y                 NOR2BX2HVT        1  4.1  184  +303   45377 R 
    g84971/B                                                  +0   45377   
    g84971/Y                 OR2X1HVT          1  4.1  134  +256   45632 R 
    g84915/C                                                  +0   45632   
    g84915/Y                 AND3X2HVT         3  9.5  220  +545   46177 R 
    g84902/A                                                  +0   46177   
    g84902/Y                 CLKINVX4HVT       6 16.1  248  +251   46428 F 
    g84877/B                                                  +0   46428   
    g84877/Y                 OR2X4HVT          6 15.7  228  +395   46823 F 
    g84857/B                                                  +0   46823   
    g84857/Y                 OR2X6HVT         10 23.9  233  +364   47187 F 
    g84842/B                                                  +0   47187   
    g84842/Y                 OR2X4HVT          5 13.7  205  +374   47562 F 
    g99298/A                                                  +0   47562   
    g99298/Y                 INVX1HVT          1  4.1  162  +210   47772 R 
    g97809/C                                                  +0   47772   
    g97809/Y                 AND3X2HVT         2  6.2  173  +533   48305 R 
    g93743/C                                                  +0   48305   
    g93743/Y                 OR3X1HVT          1  4.2  139  +262   48568 R 
    g93541/C                                                  +0   48568   
    g93541/Y                 OR3X4HVT          4 11.4  120  +260   48828 R 
    g93506/A                                                  +0   48828   
    g93506/Y                 INVX4HVT          6 15.3  219  +186   49013 F 
    g93432/A1                                                 +0   49013   
    g93432/Y                 AO21X1HVT         1  4.1  210  +342   49355 F 
    g105958/C                                                 +0   49355   
    g105958/Y                OR3X1HVT          1  4.1  213  +373   49728 F 
    mem_rdata_q_reg_12_/D    DFFHQX4HVT                       +0   49728   
    mem_rdata_q_reg_12_/CK   setup                       0  +181   49909 R 
- - - - - - - - - - - - - - - - - - - - - - - - - - - - - - - - - - - - - -
(clock clk)                  capture                               83330 R 
                             uncertainty                    -250   83080 R 
---------------------------------------------------------------------------
Cost Group   : 'clk' (path_group 'clk')
Timing slack :   33171ps 
Start-point  : soc/spimemio/xfer_io0_90_reg/CKN
End-point    : soc/cpu/mem_rdata_q_reg_12_/D

path  85:

           Pin                 Type       Fanout Load Slew Delay Arrival   
                                                 (fF) (ps)  (ps)   (ps)    
---------------------------------------------------------------------------
(clock clk)                  launch                                41665 F 
soc
  spimemio
    xfer_io0_90_reg/CKN                                  0    +0   41665 F 
    xfer_io0_90_reg/Q        DFFNSRX1HVT       1  4.1  204  +404   42069 F 
    g8049/A0                                                  +0   42069   
    g8049/Y                  AO22X1HVT         1  4.1  212  +383   42452 F 
    g8013/B0                                                  +0   42452   
    g8013/Y                  AO21X2HVT         1  5.7  168  +345   42796 F 
  spimemio/flash_io0_do 
soc/flash_io0_do 
flash_bufs_0_/soc_o 
  g1/A                                                        +0   42796   
  g1/Y                       TBUFX12HVT        3 63.4  277  +342   43138 F 
flash_bufs_0_/soc_i 
soc/flash_io0_di 
  g3479/A                                                     +0   43138   
  g3479/Y                    AND2X1HVT         1  4.2  210  +308   43446 F 
  g3354/C                                                     +0   43446   
  g3354/Y                    OR3X4HVT          4 12.2  207  +438   43884 F 
  cpu/mem_rdata[0] 
    g85261/B                                                  +0   43884   
    g85261/Y                 NAND2X2HVT        1  4.1  124  +173   44057 R 
    g85199/A                                                  +0   44057   
    g85199/Y                 AND2X1HVT         1  4.1  140  +303   44360 R 
    g85072/B                                                  +0   44360   
    g85072/Y                 AND2X2HVT         3  9.6  188  +399   44759 R 
    g85033/A                                                  +0   44759   
    g85033/Y                 OR2X4HVT          6 16.2  153  +315   45074 R 
    g87654/AN                                                 +0   45074   
    g87654/Y                 NOR2BX2HVT        1  4.1  184  +303   45377 R 
    g84971/B                                                  +0   45377   
    g84971/Y                 OR2X1HVT          1  4.1  134  +256   45632 R 
    g84915/C                                                  +0   45632   
    g84915/Y                 AND3X2HVT         3  9.5  220  +545   46177 R 
    g84902/A                                                  +0   46177   
    g84902/Y                 CLKINVX4HVT       6 16.1  248  +251   46428 F 
    g84877/B                                                  +0   46428   
    g84877/Y                 OR2X4HVT          6 15.7  228  +395   46823 F 
    g84857/B                                                  +0   46823   
    g84857/Y                 OR2X6HVT         10 23.9  233  +364   47187 F 
    g84842/B                                                  +0   47187   
    g84842/Y                 OR2X4HVT          5 13.7  205  +374   47562 F 
    g99298/A                                                  +0   47562   
    g99298/Y                 INVX1HVT          1  4.1  162  +210   47772 R 
    g97809/C                                                  +0   47772   
    g97809/Y                 AND3X2HVT         2  6.2  173  +533   48305 R 
    g93743/C                                                  +0   48305   
    g93743/Y                 OR3X1HVT          1  4.2  139  +262   48568 R 
    g93541/C                                                  +0   48568   
    g93541/Y                 OR3X4HVT          4 11.4  120  +260   48828 R 
    g93506/A                                                  +0   48828   
    g93506/Y                 INVX4HVT          6 15.3  219  +186   49013 F 
    g93453/B                                                  +0   49013   
    g93453/Y                 NAND2X2HVT        1  4.1  115  +180   49194 R 
    g93424/A                                                  +0   49194   
    g93424/Y                 AND2X1HVT         1  5.2  170  +315   49508 R 
    g93304/B                                                  +0   49508   
    g93304/Y                 NAND2BX4HVT       1  4.1  192  +208   49717 F 
    mem_rdata_q_reg_25_/D    DFFX4HVT                         +0   49717   
    mem_rdata_q_reg_25_/CK   setup                       0  +187   49904 R 
- - - - - - - - - - - - - - - - - - - - - - - - - - - - - - - - - - - - - -
(clock clk)                  capture                               83330 R 
                             uncertainty                    -250   83080 R 
---------------------------------------------------------------------------
Cost Group   : 'clk' (path_group 'clk')
Timing slack :   33176ps 
Start-point  : soc/spimemio/xfer_io0_90_reg/CKN
End-point    : soc/cpu/mem_rdata_q_reg_25_/D

path  86:

           Pin                 Type       Fanout Load Slew Delay Arrival   
                                                 (fF) (ps)  (ps)   (ps)    
---------------------------------------------------------------------------
(clock clk)                  launch                                41665 F 
soc
  spimemio
    xfer_io1_90_reg/CKN                                  0    +0   41665 F 
    xfer_io1_90_reg/Q        DFFNSRX1HVT       1  4.1  132  +380   42045 R 
    g8050/A0                                                  +0   42045   
    g8050/Y                  AO22X1HVT         1  4.1  150  +442   42487 R 
    g8019/B0                                                  +0   42487   
    g8019/Y                  AO21X2HVT         1  5.9  139  +278   42764 R 
  spimemio/flash_io1_do 
soc/flash_io1_do 
flash_bufs_1_/soc_o 
  g1/A                                                        +0   42764   
  g1/Y                       TBUFX12HVT        2 60.1  188  +363   43127 R 
flash_bufs_1_/soc_i 
drc_bufs/A                                                    +0   43127   
drc_bufs/Y                   BUFX2HVT          3  8.8  154  +295   43422 R 
soc/flash_io1_di 
  g3477/A                                                     +0   43422   
  g3477/Y                    AND2X1HVT         1  4.2  143  +321   43743 R 
  g3353/C                                                     +0   43743   
  g3353/Y                    OR3X4HVT          4 12.4  126  +267   44010 R 
  cpu/mem_rdata[1] 
    g85267/B                                                  +0   44010   
    g85267/Y                 NAND2X2HVT        1  4.1  279  +244   44254 F 
    g85201/A                                                  +0   44254   
    g85201/Y                 AND2X1HVT         1  4.1  205  +307   44560 F 
    g85073/B                                                  +0   44560   
    g85073/Y                 AND2X2HVT         3  8.8  228  +304   44865 F 
    g85033/B                                                  +0   44865   
    g85033/Y                 OR2X4HVT          6 15.9  230  +385   45250 F 
    g87654/AN                                                 +0   45250   
    g87654/Y                 NOR2BX2HVT        1  4.1  143  +263   45514 F 
    g84971/B                                                  +0   45514   
    g84971/Y                 OR2X1HVT          1  4.1  209  +276   45790 F 
    g84915/C                                                  +0   45790   
    g84915/Y                 AND3X2HVT         3  9.4  242  +323   46113 F 
    g84902/A                                                  +0   46113   
    g84902/Y                 CLKINVX4HVT       6 16.5  166  +212   46325 R 
    g84877/B                                                  +0   46325   
    g84877/Y                 OR2X4HVT          6 16.0  151  +287   46612 R 
    g84856/B                                                  +0   46612   
    g84856/Y                 OR2X6HVT          8 21.7  136  +251   46863 R 
    g95974/C                                                  +0   46863   
    g95974/Y                 NOR3X2HVT         1  4.1  169  +166   47029 F 
    g94159/B0                                                 +0   47029   
    g94159/Y                 AO21X1HVT         1  4.1  210  +303   47332 F 
    g93743/B                                                  +0   47332   
    g93743/Y                 OR3X1HVT          1  4.2  218  +407   47739 F 
    g93541/C                                                  +0   47739   
    g93541/Y                 OR3X4HVT          4 11.3  196  +437   48176 F 
    g93506/A                                                  +0   48176   
    g93506/Y                 INVX4HVT          6 15.5  152  +183   48359 R 
    g93439/B                                                  +0   48359   
    g93439/Y                 NAND2X2HVT        1  4.1  280  +259   48618 F 
    g105988/B0                                                +0   48618   
    g105988/Y                OA21X1HVT         1  4.1  212  +326   48944 F 
    g93351/B0                                                 +0   48944   
    g93351/Y                 OA21X1HVT         1  5.1  256  +312   49256 F 
    g93275/B                                                  +0   49256   
    g93275/Y                 NAND2X4HVT        1  4.1   86  +171   49427 R 
    g93247/B                                                  +0   49427   
    g93247/Y                 OR2X1HVT          1  4.2  137  +198   49625 R 
    mem_rdata_q_reg_28_/D    DFFHQX4HVT                       +0   49625   
    mem_rdata_q_reg_28_/CK   setup                       0  +271   49896 R 
- - - - - - - - - - - - - - - - - - - - - - - - - - - - - - - - - - - - - -
(clock clk)                  capture                               83330 R 
                             uncertainty                    -250   83080 R 
---------------------------------------------------------------------------
Cost Group   : 'clk' (path_group 'clk')
Timing slack :   33184ps 
Start-point  : soc/spimemio/xfer_io1_90_reg/CKN
End-point    : soc/cpu/mem_rdata_q_reg_28_/D

path  87:

           Pin                 Type       Fanout Load Slew Delay Arrival   
                                                 (fF) (ps)  (ps)   (ps)    
---------------------------------------------------------------------------
(clock clk)                  launch                                41665 F 
soc
  spimemio
    xfer_io0_90_reg/CKN                                  0    +0   41665 F 
    xfer_io0_90_reg/Q        DFFNSRX1HVT       1  4.1  204  +404   42069 F 
    g8049/A0                                                  +0   42069   
    g8049/Y                  AO22X1HVT         1  4.1  212  +383   42452 F 
    g8013/B0                                                  +0   42452   
    g8013/Y                  AO21X2HVT         1  5.7  168  +345   42796 F 
  spimemio/flash_io0_do 
soc/flash_io0_do 
flash_bufs_0_/soc_o 
  g1/A                                                        +0   42796   
  g1/Y                       TBUFX12HVT        3 63.4  277  +342   43138 F 
flash_bufs_0_/soc_i 
soc/flash_io0_di 
  g3479/A                                                     +0   43138   
  g3479/Y                    AND2X1HVT         1  4.2  210  +308   43446 F 
  g3354/C                                                     +0   43446   
  g3354/Y                    OR3X4HVT          4 12.2  207  +438   43884 F 
  cpu/mem_rdata[0] 
    g85261/B                                                  +0   43884   
    g85261/Y                 NAND2X2HVT        1  4.1  124  +173   44057 R 
    g85199/A                                                  +0   44057   
    g85199/Y                 AND2X1HVT         1  4.1  140  +303   44360 R 
    g85072/B                                                  +0   44360   
    g85072/Y                 AND2X2HVT         3  9.6  188  +399   44759 R 
    g85033/A                                                  +0   44759   
    g85033/Y                 OR2X4HVT          6 16.2  153  +315   45074 R 
    g87654/AN                                                 +0   45074   
    g87654/Y                 NOR2BX2HVT        1  4.1  184  +303   45377 R 
    g84971/B                                                  +0   45377   
    g84971/Y                 OR2X1HVT          1  4.1  134  +256   45632 R 
    g84915/C                                                  +0   45632   
    g84915/Y                 AND3X2HVT         3  9.5  220  +545   46177 R 
    g84902/A                                                  +0   46177   
    g84902/Y                 CLKINVX4HVT       6 16.1  248  +251   46428 F 
    g84877/B                                                  +0   46428   
    g84877/Y                 OR2X4HVT          6 15.7  228  +395   46823 F 
    g84857/B                                                  +0   46823   
    g84857/Y                 OR2X6HVT         10 23.9  233  +364   47187 F 
    g84841/B                                                  +0   47187   
    g84841/Y                 OR2X4HVT          7 18.5  261  +404   47592 F 
    g99374/A                                                  +0   47592   
    g99374/Y                 INVX3HVT          6 14.6  194  +240   47832 R 
    g93541/A                                                  +0   47832   
    g93541/Y                 OR3X4HVT          4 11.4  120  +319   48151 R 
    g93506/A                                                  +0   48151   
    g93506/Y                 INVX4HVT          6 15.3  219  +186   48337 F 
    g93439/B                                                  +0   48337   
    g93439/Y                 NAND2X2HVT        1  4.1  115  +180   48517 R 
    g105988/B0                                                +0   48517   
    g105988/Y                OA21X1HVT         1  4.1  142  +329   48846 R 
    g93351/B0                                                 +0   48846   
    g93351/Y                 OA21X1HVT         1  5.2  174  +362   49208 R 
    g93275/B                                                  +0   49208   
    g93275/Y                 NAND2X4HVT        1  4.1  189  +209   49417 F 
    g93247/B                                                  +0   49417   
    g93247/Y                 OR2X1HVT          1  4.1  209  +300   49717 F 
    mem_rdata_q_reg_28_/D    DFFHQX4HVT                       +0   49717   
    mem_rdata_q_reg_28_/CK   setup                       0  +179   49896 R 
- - - - - - - - - - - - - - - - - - - - - - - - - - - - - - - - - - - - - -
(clock clk)                  capture                               83330 R 
                             uncertainty                    -250   83080 R 
---------------------------------------------------------------------------
Cost Group   : 'clk' (path_group 'clk')
Timing slack :   33184ps 
Start-point  : soc/spimemio/xfer_io0_90_reg/CKN
End-point    : soc/cpu/mem_rdata_q_reg_28_/D

path  88:

         Pin                 Type       Fanout Load Slew Delay Arrival   
                                               (fF) (ps)  (ps)   (ps)    
-------------------------------------------------------------------------
(clock clk)               launch                                 41665 F 
soc
  spimemio
    xfer_io0_90_reg/CKN                                0    +0   41665 F 
    xfer_io0_90_reg/Q     DFFNSRX1HVT        1  4.1  132  +380   42045 R 
    g8049/A0                                                +0   42045   
    g8049/Y               AO22X1HVT          1  4.1  150  +442   42487 R 
    g8013/B0                                                +0   42487   
    g8013/Y               AO21X2HVT          1  5.9  139  +278   42764 R 
  spimemio/flash_io0_do 
soc/flash_io0_do 
flash_bufs_0_/soc_o 
  g1/A                                                      +0   42764   
  g1/Y                    TBUFX12HVT         3 63.3  195  +367   43132 R 
flash_bufs_0_/soc_i 
soc/flash_io0_di 
  g3479/A                                                   +0   43132   
  g3479/Y                 AND2X1HVT          1  4.2  143  +344   43476 R 
  g3354/C                                                   +0   43476   
  g3354/Y                 OR3X4HVT           4 12.5  127  +267   43743 R 
  cpu/mem_rdata[0] 
    g85261/B                                                +0   43743   
    g85261/Y              NAND2X2HVT         1  4.1  279  +244   43987 F 
    g85199/A                                                +0   43987   
    g85199/Y              AND2X1HVT          1  4.1  205  +307   44294 F 
    g85072/B                                                +0   44294   
    g85072/Y              AND2X2HVT          3  9.4  241  +312   44606 F 
    g85033/A                                                +0   44606   
    g85033/Y              OR2X4HVT           6 15.9  230  +409   45015 F 
    g87654/AN                                               +0   45015   
    g87654/Y              NOR2BX2HVT         1  4.1  143  +263   45279 F 
    g84971/B                                                +0   45279   
    g84971/Y              OR2X1HVT           1  4.1  209  +276   45555 F 
    g84915/C                                                +0   45555   
    g84915/Y              AND3X2HVT          3  9.4  242  +323   45878 F 
    g84902/A                                                +0   45878   
    g84902/Y              CLKINVX4HVT        6 16.5  166  +212   46090 R 
    g84876/C                                                +0   46090   
    g84876/Y              OR3X8HVT           8 27.9  143  +287   46377 R 
    g99316/A                                                +0   46377   
    g99316/Y              INVX3HVT           4 10.4  205  +193   46570 F 
    g98537/C                                                +0   46570   
    g98537/Y              AND3X1HVT          1  4.5  224  +287   46857 F 
    drc_bufs100414/A                                        +0   46857   
    drc_bufs100414/Y      INVX2HVT           1  8.0  166  +212   47068 R 
    drc_bufs100412/A                                        +0   47068   
    drc_bufs100412/Y      CLKINVX12HVT      16 42.2  218  +207   47275 F 
    g97474/B                                                +0   47275   
    g97474/Y              NAND2X2HVT         1  4.1  124  +180   47455 R 
    g97332/A                                                +0   47455   
    g97332/Y              AND2X1HVT          1  4.1  140  +303   47758 R 
    g93913/D                                                +0   47758   
    g93913/Y              AND4X1HVT          1  4.1  177  +577   48335 R 
    g93612/C                                                +0   48335   
    g93612/Y              AND3X1HVT          1  5.2  184  +469   48804 R 
    g106578/B0                                              +0   48804   
    g106578/Y             OAI2BB1X4HVT       1  4.1  190  +246   49050 F 
    g106577/B0                                              +0   49050   
    g106577/Y             AO21X1HVT          1  4.1  210  +314   49364 F 
    g105979/A1                                              +0   49364   
    g105979/Y             OA21X1HVT          1  4.1  212  +332   49697 F 
    reg_out_reg_25_/D     DFFQX2HVT                         +0   49697   
    reg_out_reg_25_/CK    setup                        0  +195   49892 R 
- - - - - - - - - - - - - - - - - - - - - - - - - - - - - - - - - - - - -
(clock clk)               capture                                83330 R 
                          uncertainty                     -250   83080 R 
-------------------------------------------------------------------------
Cost Group   : 'clk' (path_group 'clk')
Timing slack :   33188ps 
Start-point  : soc/spimemio/xfer_io0_90_reg/CKN
End-point    : soc/cpu/reg_out_reg_25_/D

path  89:

         Pin                 Type       Fanout Load Slew Delay Arrival   
                                               (fF) (ps)  (ps)   (ps)    
-------------------------------------------------------------------------
(clock clk)               launch                                 41665 F 
soc
  spimemio
    xfer_io0_90_reg/CKN                                0    +0   41665 F 
    xfer_io0_90_reg/Q     DFFNSRX1HVT        1  4.1  132  +380   42045 R 
    g8049/A0                                                +0   42045   
    g8049/Y               AO22X1HVT          1  4.1  150  +442   42487 R 
    g8013/B0                                                +0   42487   
    g8013/Y               AO21X2HVT          1  5.9  139  +278   42764 R 
  spimemio/flash_io0_do 
soc/flash_io0_do 
flash_bufs_0_/soc_o 
  g1/A                                                      +0   42764   
  g1/Y                    TBUFX12HVT         3 63.3  195  +367   43132 R 
flash_bufs_0_/soc_i 
soc/flash_io0_di 
  g3479/A                                                   +0   43132   
  g3479/Y                 AND2X1HVT          1  4.2  143  +344   43476 R 
  g3354/C                                                   +0   43476   
  g3354/Y                 OR3X4HVT           4 12.5  127  +267   43743 R 
  cpu/mem_rdata[0] 
    g85261/B                                                +0   43743   
    g85261/Y              NAND2X2HVT         1  4.1  279  +244   43987 F 
    g85199/A                                                +0   43987   
    g85199/Y              AND2X1HVT          1  4.1  205  +307   44294 F 
    g85072/B                                                +0   44294   
    g85072/Y              AND2X2HVT          3  9.4  241  +312   44606 F 
    g85033/A                                                +0   44606   
    g85033/Y              OR2X4HVT           6 15.9  230  +409   45015 F 
    g87654/AN                                               +0   45015   
    g87654/Y              NOR2BX2HVT         1  4.1  143  +263   45279 F 
    g84971/B                                                +0   45279   
    g84971/Y              OR2X1HVT           1  4.1  209  +276   45555 F 
    g84915/C                                                +0   45555   
    g84915/Y              AND3X2HVT          3  9.4  242  +323   45878 F 
    g84902/A                                                +0   45878   
    g84902/Y              CLKINVX4HVT        6 16.5  166  +212   46090 R 
    g84876/C                                                +0   46090   
    g84876/Y              OR3X8HVT           8 27.9  143  +287   46377 R 
    g99316/A                                                +0   46377   
    g99316/Y              INVX3HVT           4 10.4  205  +193   46570 F 
    g98537/C                                                +0   46570   
    g98537/Y              AND3X1HVT          1  4.5  224  +287   46857 F 
    drc_bufs100414/A                                        +0   46857   
    drc_bufs100414/Y      INVX2HVT           1  8.0  166  +212   47068 R 
    drc_bufs100412/A                                        +0   47068   
    drc_bufs100412/Y      CLKINVX12HVT      16 42.2  218  +207   47275 F 
    g97466/B                                                +0   47275   
    g97466/Y              NAND2X2HVT         1  4.1  122  +180   47455 R 
    g97322/A                                                +0   47455   
    g97322/Y              AND2X1HVT          1  4.1  140  +301   47757 R 
    g93939/D                                                +0   47757   
    g93939/Y              AND4X1HVT          1  4.1  177  +577   48334 R 
    g93603/C                                                +0   48334   
    g93603/Y              AND3X1HVT          1  5.2  184  +469   48803 R 
    g106590/B0                                              +0   48803   
    g106590/Y             OAI2BB1X4HVT       1  4.1  190  +246   49049 F 
    g106589/B0                                              +0   49049   
    g106589/Y             AO21X1HVT          1  4.1  210  +314   49363 F 
    g105970/A1                                              +0   49363   
    g105970/Y             OA21X1HVT          1  4.1  212  +332   49696 F 
    reg_out_reg_16_/D     DFFQX2HVT                         +0   49696   
    reg_out_reg_16_/CK    setup                        0  +195   49891 R 
- - - - - - - - - - - - - - - - - - - - - - - - - - - - - - - - - - - - -
(clock clk)               capture                                83330 R 
                          uncertainty                     -250   83080 R 
-------------------------------------------------------------------------
Cost Group   : 'clk' (path_group 'clk')
Timing slack :   33189ps 
Start-point  : soc/spimemio/xfer_io0_90_reg/CKN
End-point    : soc/cpu/reg_out_reg_16_/D

path  90:

         Pin                 Type       Fanout Load Slew Delay Arrival   
                                               (fF) (ps)  (ps)   (ps)    
-------------------------------------------------------------------------
(clock clk)               launch                                 41665 F 
soc
  spimemio
    xfer_io0_90_reg/CKN                                0    +0   41665 F 
    xfer_io0_90_reg/Q     DFFNSRX1HVT        1  4.1  132  +380   42045 R 
    g8049/A0                                                +0   42045   
    g8049/Y               AO22X1HVT          1  4.1  150  +442   42487 R 
    g8013/B0                                                +0   42487   
    g8013/Y               AO21X2HVT          1  5.9  139  +278   42764 R 
  spimemio/flash_io0_do 
soc/flash_io0_do 
flash_bufs_0_/soc_o 
  g1/A                                                      +0   42764   
  g1/Y                    TBUFX12HVT         3 63.3  195  +367   43132 R 
flash_bufs_0_/soc_i 
soc/flash_io0_di 
  g3479/A                                                   +0   43132   
  g3479/Y                 AND2X1HVT          1  4.2  143  +344   43476 R 
  g3354/C                                                   +0   43476   
  g3354/Y                 OR3X4HVT           4 12.5  127  +267   43743 R 
  cpu/mem_rdata[0] 
    g85261/B                                                +0   43743   
    g85261/Y              NAND2X2HVT         1  4.1  279  +244   43987 F 
    g85199/A                                                +0   43987   
    g85199/Y              AND2X1HVT          1  4.1  205  +307   44294 F 
    g85072/B                                                +0   44294   
    g85072/Y              AND2X2HVT          3  9.4  241  +312   44606 F 
    g85033/A                                                +0   44606   
    g85033/Y              OR2X4HVT           6 15.9  230  +409   45015 F 
    g87654/AN                                               +0   45015   
    g87654/Y              NOR2BX2HVT         1  4.1  143  +263   45279 F 
    g84971/B                                                +0   45279   
    g84971/Y              OR2X1HVT           1  4.1  209  +276   45555 F 
    g84915/C                                                +0   45555   
    g84915/Y              AND3X2HVT          3  9.4  242  +323   45878 F 
    g84902/A                                                +0   45878   
    g84902/Y              CLKINVX4HVT        6 16.5  166  +212   46090 R 
    g84876/C                                                +0   46090   
    g84876/Y              OR3X8HVT           8 27.9  143  +287   46377 R 
    g99316/A                                                +0   46377   
    g99316/Y              INVX3HVT           4 10.4  205  +193   46570 F 
    g98537/C                                                +0   46570   
    g98537/Y              AND3X1HVT          1  4.5  224  +287   46857 F 
    drc_bufs100414/A                                        +0   46857   
    drc_bufs100414/Y      INVX2HVT           1  8.0  166  +212   47068 R 
    drc_bufs100412/A                                        +0   47068   
    drc_bufs100412/Y      CLKINVX12HVT      16 42.2  218  +207   47275 F 
    g97470/B                                                +0   47275   
    g97470/Y              NAND2X2HVT         1  4.1  121  +180   47455 R 
    g97326/A                                                +0   47455   
    g97326/Y              AND2X1HVT          1  4.1  140  +301   47756 R 
    g93934/D                                                +0   47756   
    g93934/Y              AND4X1HVT          1  4.1  177  +577   48333 R 
    g93607/C                                                +0   48333   
    g93607/Y              AND3X1HVT          1  5.2  184  +469   48802 R 
    g106598/B0                                              +0   48802   
    g106598/Y             OAI2BB1X4HVT       1  4.1  190  +246   49049 F 
    g106597/B0                                              +0   49049   
    g106597/Y             AO21X1HVT          1  4.1  210  +314   49362 F 
    g105974/A1                                              +0   49362   
    g105974/Y             OA21X1HVT          1  4.1  212  +332   49695 F 
    reg_out_reg_20_/D     DFFQX2HVT                         +0   49695   
    reg_out_reg_20_/CK    setup                        0  +195   49890 R 
- - - - - - - - - - - - - - - - - - - - - - - - - - - - - - - - - - - - -
(clock clk)               capture                                83330 R 
                          uncertainty                     -250   83080 R 
-------------------------------------------------------------------------
Cost Group   : 'clk' (path_group 'clk')
Timing slack :   33190ps 
Start-point  : soc/spimemio/xfer_io0_90_reg/CKN
End-point    : soc/cpu/reg_out_reg_20_/D

path  91:

         Pin                 Type       Fanout Load Slew Delay Arrival   
                                               (fF) (ps)  (ps)   (ps)    
-------------------------------------------------------------------------
(clock clk)               launch                                 41665 F 
soc
  spimemio
    xfer_io0_90_reg/CKN                                0    +0   41665 F 
    xfer_io0_90_reg/Q     DFFNSRX1HVT        1  4.1  132  +380   42045 R 
    g8049/A0                                                +0   42045   
    g8049/Y               AO22X1HVT          1  4.1  150  +442   42487 R 
    g8013/B0                                                +0   42487   
    g8013/Y               AO21X2HVT          1  5.9  139  +278   42764 R 
  spimemio/flash_io0_do 
soc/flash_io0_do 
flash_bufs_0_/soc_o 
  g1/A                                                      +0   42764   
  g1/Y                    TBUFX12HVT         3 63.3  195  +367   43132 R 
flash_bufs_0_/soc_i 
soc/flash_io0_di 
  g3479/A                                                   +0   43132   
  g3479/Y                 AND2X1HVT          1  4.2  143  +344   43476 R 
  g3354/C                                                   +0   43476   
  g3354/Y                 OR3X4HVT           4 12.5  127  +267   43743 R 
  cpu/mem_rdata[0] 
    g85261/B                                                +0   43743   
    g85261/Y              NAND2X2HVT         1  4.1  279  +244   43987 F 
    g85199/A                                                +0   43987   
    g85199/Y              AND2X1HVT          1  4.1  205  +307   44294 F 
    g85072/B                                                +0   44294   
    g85072/Y              AND2X2HVT          3  9.4  241  +312   44606 F 
    g85033/A                                                +0   44606   
    g85033/Y              OR2X4HVT           6 15.9  230  +409   45015 F 
    g87654/AN                                               +0   45015   
    g87654/Y              NOR2BX2HVT         1  4.1  143  +263   45279 F 
    g84971/B                                                +0   45279   
    g84971/Y              OR2X1HVT           1  4.1  209  +276   45555 F 
    g84915/C                                                +0   45555   
    g84915/Y              AND3X2HVT          3  9.4  242  +323   45878 F 
    g84902/A                                                +0   45878   
    g84902/Y              CLKINVX4HVT        6 16.5  166  +212   46090 R 
    g84876/C                                                +0   46090   
    g84876/Y              OR3X8HVT           8 27.9  143  +287   46377 R 
    g99316/A                                                +0   46377   
    g99316/Y              INVX3HVT           4 10.4  205  +193   46570 F 
    g98537/C                                                +0   46570   
    g98537/Y              AND3X1HVT          1  4.5  224  +287   46857 F 
    drc_bufs100414/A                                        +0   46857   
    drc_bufs100414/Y      INVX2HVT           1  8.0  166  +212   47068 R 
    drc_bufs100412/A                                        +0   47068   
    drc_bufs100412/Y      CLKINVX12HVT      16 42.2  218  +207   47275 F 
    g97467/B                                                +0   47275   
    g97467/Y              NAND2X2HVT         1  4.1  120  +180   47455 R 
    g97323/A                                                +0   47455   
    g97323/Y              AND2X1HVT          1  4.1  140  +300   47755 R 
    g93940/D                                                +0   47755   
    g93940/Y              AND4X1HVT          1  4.1  177  +577   48332 R 
    g93604/C                                                +0   48332   
    g93604/Y              AND3X1HVT          1  5.2  184  +469   48802 R 
    g106592/B0                                              +0   48802   
    g106592/Y             OAI2BB1X4HVT       1  4.1  190  +246   49048 F 
    g106591/B0                                              +0   49048   
    g106591/Y             AO21X1HVT          1  4.1  210  +314   49362 F 
    g105971/A1                                              +0   49362   
    g105971/Y             OA21X1HVT          1  4.1  212  +332   49694 F 
    reg_out_reg_17_/D     DFFQX2HVT                         +0   49694   
    reg_out_reg_17_/CK    setup                        0  +195   49890 R 
- - - - - - - - - - - - - - - - - - - - - - - - - - - - - - - - - - - - -
(clock clk)               capture                                83330 R 
                          uncertainty                     -250   83080 R 
-------------------------------------------------------------------------
Cost Group   : 'clk' (path_group 'clk')
Timing slack :   33190ps 
Start-point  : soc/spimemio/xfer_io0_90_reg/CKN
End-point    : soc/cpu/reg_out_reg_17_/D

path  92:

         Pin                 Type       Fanout Load Slew Delay Arrival   
                                               (fF) (ps)  (ps)   (ps)    
-------------------------------------------------------------------------
(clock clk)               launch                                 41665 F 
soc
  spimemio
    xfer_io0_90_reg/CKN                                0    +0   41665 F 
    xfer_io0_90_reg/Q     DFFNSRX1HVT        1  4.1  132  +380   42045 R 
    g8049/A0                                                +0   42045   
    g8049/Y               AO22X1HVT          1  4.1  150  +442   42487 R 
    g8013/B0                                                +0   42487   
    g8013/Y               AO21X2HVT          1  5.9  139  +278   42764 R 
  spimemio/flash_io0_do 
soc/flash_io0_do 
flash_bufs_0_/soc_o 
  g1/A                                                      +0   42764   
  g1/Y                    TBUFX12HVT         3 63.3  195  +367   43132 R 
flash_bufs_0_/soc_i 
soc/flash_io0_di 
  g3479/A                                                   +0   43132   
  g3479/Y                 AND2X1HVT          1  4.2  143  +344   43476 R 
  g3354/C                                                   +0   43476   
  g3354/Y                 OR3X4HVT           4 12.5  127  +267   43743 R 
  cpu/mem_rdata[0] 
    g85261/B                                                +0   43743   
    g85261/Y              NAND2X2HVT         1  4.1  279  +244   43987 F 
    g85199/A                                                +0   43987   
    g85199/Y              AND2X1HVT          1  4.1  205  +307   44294 F 
    g85072/B                                                +0   44294   
    g85072/Y              AND2X2HVT          3  9.4  241  +312   44606 F 
    g85033/A                                                +0   44606   
    g85033/Y              OR2X4HVT           6 15.9  230  +409   45015 F 
    g87654/AN                                               +0   45015   
    g87654/Y              NOR2BX2HVT         1  4.1  143  +263   45279 F 
    g84971/B                                                +0   45279   
    g84971/Y              OR2X1HVT           1  4.1  209  +276   45555 F 
    g84915/C                                                +0   45555   
    g84915/Y              AND3X2HVT          3  9.4  242  +323   45878 F 
    g84902/A                                                +0   45878   
    g84902/Y              CLKINVX4HVT        6 16.5  166  +212   46090 R 
    g84876/C                                                +0   46090   
    g84876/Y              OR3X8HVT           8 27.9  143  +287   46377 R 
    g99316/A                                                +0   46377   
    g99316/Y              INVX3HVT           4 10.4  205  +193   46570 F 
    g98537/C                                                +0   46570   
    g98537/Y              AND3X1HVT          1  4.5  224  +287   46857 F 
    drc_bufs100414/A                                        +0   46857   
    drc_bufs100414/Y      INVX2HVT           1  8.0  166  +212   47068 R 
    drc_bufs100412/A                                        +0   47068   
    drc_bufs100412/Y      CLKINVX12HVT      16 42.2  218  +207   47275 F 
    g97472/B                                                +0   47275   
    g97472/Y              NAND2X2HVT         1  4.1  119  +180   47455 R 
    g97330/A                                                +0   47455   
    g97330/Y              AND2X1HVT          1  4.1  140  +300   47755 R 
    g93920/D                                                +0   47755   
    g93920/Y              AND4X1HVT          1  4.1  177  +577   48332 R 
    g93610/C                                                +0   48332   
    g93610/Y              AND3X1HVT          1  5.2  184  +469   48801 R 
    g106582/B0                                              +0   48801   
    g106582/Y             OAI2BB1X4HVT       1  4.1  190  +246   49047 F 
    g106581/B0                                              +0   49047   
    g106581/Y             AO21X1HVT          1  4.1  210  +314   49361 F 
    g105967/A1                                              +0   49361   
    g105967/Y             OA21X1HVT          1  4.1  212  +332   49694 F 
    reg_out_reg_23_/D     DFFQX2HVT                         +0   49694   
    reg_out_reg_23_/CK    setup                        0  +195   49889 R 
- - - - - - - - - - - - - - - - - - - - - - - - - - - - - - - - - - - - -
(clock clk)               capture                                83330 R 
                          uncertainty                     -250   83080 R 
-------------------------------------------------------------------------
Cost Group   : 'clk' (path_group 'clk')
Timing slack :   33191ps 
Start-point  : soc/spimemio/xfer_io0_90_reg/CKN
End-point    : soc/cpu/reg_out_reg_23_/D

path  93:

         Pin                 Type       Fanout Load Slew Delay Arrival   
                                               (fF) (ps)  (ps)   (ps)    
-------------------------------------------------------------------------
(clock clk)               launch                                 41665 F 
soc
  spimemio
    xfer_io0_90_reg/CKN                                0    +0   41665 F 
    xfer_io0_90_reg/Q     DFFNSRX1HVT        1  4.1  132  +380   42045 R 
    g8049/A0                                                +0   42045   
    g8049/Y               AO22X1HVT          1  4.1  150  +442   42487 R 
    g8013/B0                                                +0   42487   
    g8013/Y               AO21X2HVT          1  5.9  139  +278   42764 R 
  spimemio/flash_io0_do 
soc/flash_io0_do 
flash_bufs_0_/soc_o 
  g1/A                                                      +0   42764   
  g1/Y                    TBUFX12HVT         3 63.3  195  +367   43132 R 
flash_bufs_0_/soc_i 
soc/flash_io0_di 
  g3479/A                                                   +0   43132   
  g3479/Y                 AND2X1HVT          1  4.2  143  +344   43476 R 
  g3354/C                                                   +0   43476   
  g3354/Y                 OR3X4HVT           4 12.5  127  +267   43743 R 
  cpu/mem_rdata[0] 
    g85261/B                                                +0   43743   
    g85261/Y              NAND2X2HVT         1  4.1  279  +244   43987 F 
    g85199/A                                                +0   43987   
    g85199/Y              AND2X1HVT          1  4.1  205  +307   44294 F 
    g85072/B                                                +0   44294   
    g85072/Y              AND2X2HVT          3  9.4  241  +312   44606 F 
    g85033/A                                                +0   44606   
    g85033/Y              OR2X4HVT           6 15.9  230  +409   45015 F 
    g87654/AN                                               +0   45015   
    g87654/Y              NOR2BX2HVT         1  4.1  143  +263   45279 F 
    g84971/B                                                +0   45279   
    g84971/Y              OR2X1HVT           1  4.1  209  +276   45555 F 
    g84915/C                                                +0   45555   
    g84915/Y              AND3X2HVT          3  9.4  242  +323   45878 F 
    g84902/A                                                +0   45878   
    g84902/Y              CLKINVX4HVT        6 16.5  166  +212   46090 R 
    g84876/C                                                +0   46090   
    g84876/Y              OR3X8HVT           8 27.9  143  +287   46377 R 
    g99316/A                                                +0   46377   
    g99316/Y              INVX3HVT           4 10.4  205  +193   46570 F 
    g98537/C                                                +0   46570   
    g98537/Y              AND3X1HVT          1  4.5  224  +287   46857 F 
    drc_bufs100414/A                                        +0   46857   
    drc_bufs100414/Y      INVX2HVT           1  8.0  166  +212   47068 R 
    drc_bufs100412/A                                        +0   47068   
    drc_bufs100412/Y      CLKINVX12HVT      16 42.2  218  +207   47275 F 
    g97471/B                                                +0   47275   
    g97471/Y              NAND2X2HVT         1  4.1  119  +180   47455 R 
    g97327/A                                                +0   47455   
    g97327/Y              AND2X1HVT          1  4.1  140  +300   47755 R 
    g93930/D                                                +0   47755   
    g93930/Y              AND4X1HVT          1  4.1  177  +577   48332 R 
    g93608/C                                                +0   48332   
    g93608/Y              AND3X1HVT          1  5.2  184  +469   48801 R 
    g106586/B0                                              +0   48801   
    g106586/Y             OAI2BB1X4HVT       1  4.1  190  +246   49047 F 
    g106585/B0                                              +0   49047   
    g106585/Y             AO21X1HVT          1  4.1  210  +314   49361 F 
    g105975/A1                                              +0   49361   
    g105975/Y             OA21X1HVT          1  4.1  212  +332   49694 F 
    reg_out_reg_21_/D     DFFQX2HVT                         +0   49694   
    reg_out_reg_21_/CK    setup                        0  +195   49889 R 
- - - - - - - - - - - - - - - - - - - - - - - - - - - - - - - - - - - - -
(clock clk)               capture                                83330 R 
                          uncertainty                     -250   83080 R 
-------------------------------------------------------------------------
Cost Group   : 'clk' (path_group 'clk')
Timing slack :   33191ps 
Start-point  : soc/spimemio/xfer_io0_90_reg/CKN
End-point    : soc/cpu/reg_out_reg_21_/D

path  94:

         Pin                 Type       Fanout Load Slew Delay Arrival   
                                               (fF) (ps)  (ps)   (ps)    
-------------------------------------------------------------------------
(clock clk)               launch                                 41665 F 
soc
  spimemio
    xfer_io0_90_reg/CKN                                0    +0   41665 F 
    xfer_io0_90_reg/Q     DFFNSRX1HVT        1  4.1  132  +380   42045 R 
    g8049/A0                                                +0   42045   
    g8049/Y               AO22X1HVT          1  4.1  150  +442   42487 R 
    g8013/B0                                                +0   42487   
    g8013/Y               AO21X2HVT          1  5.9  139  +278   42764 R 
  spimemio/flash_io0_do 
soc/flash_io0_do 
flash_bufs_0_/soc_o 
  g1/A                                                      +0   42764   
  g1/Y                    TBUFX12HVT         3 63.3  195  +367   43132 R 
flash_bufs_0_/soc_i 
soc/flash_io0_di 
  g3479/A                                                   +0   43132   
  g3479/Y                 AND2X1HVT          1  4.2  143  +344   43476 R 
  g3354/C                                                   +0   43476   
  g3354/Y                 OR3X4HVT           4 12.5  127  +267   43743 R 
  cpu/mem_rdata[0] 
    g85261/B                                                +0   43743   
    g85261/Y              NAND2X2HVT         1  4.1  279  +244   43987 F 
    g85199/A                                                +0   43987   
    g85199/Y              AND2X1HVT          1  4.1  205  +307   44294 F 
    g85072/B                                                +0   44294   
    g85072/Y              AND2X2HVT          3  9.4  241  +312   44606 F 
    g85033/A                                                +0   44606   
    g85033/Y              OR2X4HVT           6 15.9  230  +409   45015 F 
    g87654/AN                                               +0   45015   
    g87654/Y              NOR2BX2HVT         1  4.1  143  +263   45279 F 
    g84971/B                                                +0   45279   
    g84971/Y              OR2X1HVT           1  4.1  209  +276   45555 F 
    g84915/C                                                +0   45555   
    g84915/Y              AND3X2HVT          3  9.4  242  +323   45878 F 
    g84902/A                                                +0   45878   
    g84902/Y              CLKINVX4HVT        6 16.5  166  +212   46090 R 
    g84876/C                                                +0   46090   
    g84876/Y              OR3X8HVT           8 27.9  143  +287   46377 R 
    g99316/A                                                +0   46377   
    g99316/Y              INVX3HVT           4 10.4  205  +193   46570 F 
    g98537/C                                                +0   46570   
    g98537/Y              AND3X1HVT          1  4.5  224  +287   46857 F 
    drc_bufs100414/A                                        +0   46857   
    drc_bufs100414/Y      INVX2HVT           1  8.0  166  +212   47068 R 
    drc_bufs100412/A                                        +0   47068   
    drc_bufs100412/Y      CLKINVX12HVT      16 42.2  218  +207   47275 F 
    g97469/B                                                +0   47275   
    g97469/Y              NAND2X2HVT         1  4.1  119  +180   47455 R 
    g97325/A                                                +0   47455   
    g97325/Y              AND2X1HVT          1  4.1  140  +300   47755 R 
    g93942/D                                                +0   47755   
    g93942/Y              AND4X1HVT          1  4.1  177  +577   48332 R 
    g93606/C                                                +0   48332   
    g93606/Y              AND3X1HVT          1  5.2  184  +469   48801 R 
    g106596/B0                                              +0   48801   
    g106596/Y             OAI2BB1X4HVT       1  4.1  190  +246   49047 F 
    g106595/B0                                              +0   49047   
    g106595/Y             AO21X1HVT          1  4.1  210  +314   49361 F 
    g105972/A1                                              +0   49361   
    g105972/Y             OA21X1HVT          1  4.1  212  +332   49694 F 
    reg_out_reg_19_/D     DFFQX2HVT                         +0   49694   
    reg_out_reg_19_/CK    setup                        0  +195   49889 R 
- - - - - - - - - - - - - - - - - - - - - - - - - - - - - - - - - - - - -
(clock clk)               capture                                83330 R 
                          uncertainty                     -250   83080 R 
-------------------------------------------------------------------------
Cost Group   : 'clk' (path_group 'clk')
Timing slack :   33191ps 
Start-point  : soc/spimemio/xfer_io0_90_reg/CKN
End-point    : soc/cpu/reg_out_reg_19_/D

path  95:

         Pin                 Type       Fanout Load Slew Delay Arrival   
                                               (fF) (ps)  (ps)   (ps)    
-------------------------------------------------------------------------
(clock clk)               launch                                 41665 F 
soc
  spimemio
    xfer_io0_90_reg/CKN                                0    +0   41665 F 
    xfer_io0_90_reg/Q     DFFNSRX1HVT        1  4.1  132  +380   42045 R 
    g8049/A0                                                +0   42045   
    g8049/Y               AO22X1HVT          1  4.1  150  +442   42487 R 
    g8013/B0                                                +0   42487   
    g8013/Y               AO21X2HVT          1  5.9  139  +278   42764 R 
  spimemio/flash_io0_do 
soc/flash_io0_do 
flash_bufs_0_/soc_o 
  g1/A                                                      +0   42764   
  g1/Y                    TBUFX12HVT         3 63.3  195  +367   43132 R 
flash_bufs_0_/soc_i 
soc/flash_io0_di 
  g3479/A                                                   +0   43132   
  g3479/Y                 AND2X1HVT          1  4.2  143  +344   43476 R 
  g3354/C                                                   +0   43476   
  g3354/Y                 OR3X4HVT           4 12.5  127  +267   43743 R 
  cpu/mem_rdata[0] 
    g85261/B                                                +0   43743   
    g85261/Y              NAND2X2HVT         1  4.1  279  +244   43987 F 
    g85199/A                                                +0   43987   
    g85199/Y              AND2X1HVT          1  4.1  205  +307   44294 F 
    g85072/B                                                +0   44294   
    g85072/Y              AND2X2HVT          3  9.4  241  +312   44606 F 
    g85033/A                                                +0   44606   
    g85033/Y              OR2X4HVT           6 15.9  230  +409   45015 F 
    g87654/AN                                               +0   45015   
    g87654/Y              NOR2BX2HVT         1  4.1  143  +263   45279 F 
    g84971/B                                                +0   45279   
    g84971/Y              OR2X1HVT           1  4.1  209  +276   45555 F 
    g84915/C                                                +0   45555   
    g84915/Y              AND3X2HVT          3  9.4  242  +323   45878 F 
    g84902/A                                                +0   45878   
    g84902/Y              CLKINVX4HVT        6 16.5  166  +212   46090 R 
    g84876/C                                                +0   46090   
    g84876/Y              OR3X8HVT           8 27.9  143  +287   46377 R 
    g99316/A                                                +0   46377   
    g99316/Y              INVX3HVT           4 10.4  205  +193   46570 F 
    g98537/C                                                +0   46570   
    g98537/Y              AND3X1HVT          1  4.5  224  +287   46857 F 
    drc_bufs100414/A                                        +0   46857   
    drc_bufs100414/Y      INVX2HVT           1  8.0  166  +212   47068 R 
    drc_bufs100412/A                                        +0   47068   
    drc_bufs100412/Y      CLKINVX12HVT      16 42.2  218  +207   47275 F 
    g97468/B                                                +0   47275   
    g97468/Y              NAND2X2HVT         1  4.1  119  +180   47455 R 
    g97324/A                                                +0   47455   
    g97324/Y              AND2X1HVT          1  4.1  140  +300   47755 R 
    g93941/D                                                +0   47755   
    g93941/Y              AND4X1HVT          1  4.1  177  +577   48332 R 
    g93605/C                                                +0   48332   
    g93605/Y              AND3X1HVT          1  5.2  184  +469   48801 R 
    g106594/B0                                              +0   48801   
    g106594/Y             OAI2BB1X4HVT       1  4.1  190  +246   49047 F 
    g106593/B0                                              +0   49047   
    g106593/Y             AO21X1HVT          1  4.1  210  +314   49361 F 
    g105973/A1                                              +0   49361   
    g105973/Y             OA21X1HVT          1  4.1  212  +332   49694 F 
    reg_out_reg_18_/D     DFFQX2HVT                         +0   49694   
    reg_out_reg_18_/CK    setup                        0  +195   49889 R 
- - - - - - - - - - - - - - - - - - - - - - - - - - - - - - - - - - - - -
(clock clk)               capture                                83330 R 
                          uncertainty                     -250   83080 R 
-------------------------------------------------------------------------
Cost Group   : 'clk' (path_group 'clk')
Timing slack :   33191ps 
Start-point  : soc/spimemio/xfer_io0_90_reg/CKN
End-point    : soc/cpu/reg_out_reg_18_/D

path  96:

         Pin                 Type       Fanout Load Slew Delay Arrival   
                                               (fF) (ps)  (ps)   (ps)    
-------------------------------------------------------------------------
(clock clk)               launch                                 41665 F 
soc
  spimemio
    xfer_io0_90_reg/CKN                                0    +0   41665 F 
    xfer_io0_90_reg/Q     DFFNSRX1HVT        1  4.1  132  +380   42045 R 
    g8049/A0                                                +0   42045   
    g8049/Y               AO22X1HVT          1  4.1  150  +442   42487 R 
    g8013/B0                                                +0   42487   
    g8013/Y               AO21X2HVT          1  5.9  139  +278   42764 R 
  spimemio/flash_io0_do 
soc/flash_io0_do 
flash_bufs_0_/soc_o 
  g1/A                                                      +0   42764   
  g1/Y                    TBUFX12HVT         3 63.3  195  +367   43132 R 
flash_bufs_0_/soc_i 
soc/flash_io0_di 
  g3479/A                                                   +0   43132   
  g3479/Y                 AND2X1HVT          1  4.2  143  +344   43476 R 
  g3354/C                                                   +0   43476   
  g3354/Y                 OR3X4HVT           4 12.5  127  +267   43743 R 
  cpu/mem_rdata[0] 
    g85261/B                                                +0   43743   
    g85261/Y              NAND2X2HVT         1  4.1  279  +244   43987 F 
    g85199/A                                                +0   43987   
    g85199/Y              AND2X1HVT          1  4.1  205  +307   44294 F 
    g85072/B                                                +0   44294   
    g85072/Y              AND2X2HVT          3  9.4  241  +312   44606 F 
    g85033/A                                                +0   44606   
    g85033/Y              OR2X4HVT           6 15.9  230  +409   45015 F 
    g87654/AN                                               +0   45015   
    g87654/Y              NOR2BX2HVT         1  4.1  143  +263   45279 F 
    g84971/B                                                +0   45279   
    g84971/Y              OR2X1HVT           1  4.1  209  +276   45555 F 
    g84915/C                                                +0   45555   
    g84915/Y              AND3X2HVT          3  9.4  242  +323   45878 F 
    g84902/A                                                +0   45878   
    g84902/Y              CLKINVX4HVT        6 16.5  166  +212   46090 R 
    g84876/C                                                +0   46090   
    g84876/Y              OR3X8HVT           8 27.9  143  +287   46377 R 
    g98529/B                                                +0   46377   
    g98529/Y              OR2X2HVT           3 10.1  174  +288   46665 R 
    g98188/A                                                +0   46665   
    g98188/Y              INVX1HVT           1  4.2  234  +244   46909 F 
    g97621/B                                                +0   46909   
    g97621/Y              AND2X4HVT          7 21.1  278  +354   47263 F 
    g96242/B                                                +0   47263   
    g96242/Y              NAND2X4HVT         1  4.1   89  +183   47446 R 
    g96028/B                                                +0   47446   
    g96028/Y              AND2X1HVT          1  4.1  140  +304   47751 R 
    g93931/C                                                +0   47751   
    g93931/Y              AND3X1HVT          1  4.1  153  +432   48183 R 
    g93566/D                                                +0   48183   
    g93566/Y              AND4X1HVT          1  5.2  208  +601   48784 R 
    g106574/B0                                              +0   48784   
    g106574/Y             OAI2BB1X4HVT       1  4.1  192  +261   49045 F 
    g106573/B0                                              +0   49045   
    g106573/Y             AO21X1HVT          1  4.1  210  +315   49360 F 
    g105963/A1                                              +0   49360   
    g105963/Y             OA21X1HVT          1  4.1  212  +332   49693 F 
    reg_out_reg_12_/D     DFFQX2HVT                         +0   49693   
    reg_out_reg_12_/CK    setup                        0  +195   49888 R 
- - - - - - - - - - - - - - - - - - - - - - - - - - - - - - - - - - - - -
(clock clk)               capture                                83330 R 
                          uncertainty                     -250   83080 R 
-------------------------------------------------------------------------
Cost Group   : 'clk' (path_group 'clk')
Timing slack :   33192ps 
Start-point  : soc/spimemio/xfer_io0_90_reg/CKN
End-point    : soc/cpu/reg_out_reg_12_/D

path  97:

         Pin                 Type       Fanout Load Slew Delay Arrival   
                                               (fF) (ps)  (ps)   (ps)    
-------------------------------------------------------------------------
(clock clk)               launch                                 41665 F 
soc
  spimemio
    xfer_io0_90_reg/CKN                                0    +0   41665 F 
    xfer_io0_90_reg/Q     DFFNSRX1HVT        1  4.1  132  +380   42045 R 
    g8049/A0                                                +0   42045   
    g8049/Y               AO22X1HVT          1  4.1  150  +442   42487 R 
    g8013/B0                                                +0   42487   
    g8013/Y               AO21X2HVT          1  5.9  139  +278   42764 R 
  spimemio/flash_io0_do 
soc/flash_io0_do 
flash_bufs_0_/soc_o 
  g1/A                                                      +0   42764   
  g1/Y                    TBUFX12HVT         3 63.3  195  +367   43132 R 
flash_bufs_0_/soc_i 
soc/flash_io0_di 
  g3479/A                                                   +0   43132   
  g3479/Y                 AND2X1HVT          1  4.2  143  +344   43476 R 
  g3354/C                                                   +0   43476   
  g3354/Y                 OR3X4HVT           4 12.5  127  +267   43743 R 
  cpu/mem_rdata[0] 
    g85261/B                                                +0   43743   
    g85261/Y              NAND2X2HVT         1  4.1  279  +244   43987 F 
    g85199/A                                                +0   43987   
    g85199/Y              AND2X1HVT          1  4.1  205  +307   44294 F 
    g85072/B                                                +0   44294   
    g85072/Y              AND2X2HVT          3  9.4  241  +312   44606 F 
    g85033/A                                                +0   44606   
    g85033/Y              OR2X4HVT           6 15.9  230  +409   45015 F 
    g87654/AN                                               +0   45015   
    g87654/Y              NOR2BX2HVT         1  4.1  143  +263   45279 F 
    g84971/B                                                +0   45279   
    g84971/Y              OR2X1HVT           1  4.1  209  +276   45555 F 
    g84915/C                                                +0   45555   
    g84915/Y              AND3X2HVT          3  9.4  242  +323   45878 F 
    g84902/A                                                +0   45878   
    g84902/Y              CLKINVX4HVT        6 16.5  166  +212   46090 R 
    g84876/C                                                +0   46090   
    g84876/Y              OR3X8HVT           8 27.9  143  +287   46377 R 
    g99316/A                                                +0   46377   
    g99316/Y              INVX3HVT           4 10.4  205  +193   46570 F 
    g98537/C                                                +0   46570   
    g98537/Y              AND3X1HVT          1  4.5  224  +287   46857 F 
    drc_bufs100414/A                                        +0   46857   
    drc_bufs100414/Y      INVX2HVT           1  8.0  166  +212   47068 R 
    drc_bufs100412/A                                        +0   47068   
    drc_bufs100412/Y      CLKINVX12HVT      16 42.2  218  +207   47275 F 
    g97475/B                                                +0   47275   
    g97475/Y              NAND2X2HVT         1  4.1  115  +180   47455 R 
    g97334/A                                                +0   47455   
    g97334/Y              AND2X1HVT          1  4.1  140  +298   47753 R 
    g93912/D                                                +0   47753   
    g93912/Y              AND4X1HVT          1  4.1  177  +577   48330 R 
    g93613/C                                                +0   48330   
    g93613/Y              AND3X1HVT          1  5.2  184  +469   48799 R 
    g106576/B0                                              +0   48799   
    g106576/Y             OAI2BB1X4HVT       1  4.1  190  +246   49045 F 
    g106575/B0                                              +0   49045   
    g106575/Y             AO21X1HVT          1  4.1  210  +314   49359 F 
    g105980/A1                                              +0   49359   
    g105980/Y             OA21X1HVT          1  4.1  212  +332   49692 F 
    reg_out_reg_26_/D     DFFQX2HVT                         +0   49692   
    reg_out_reg_26_/CK    setup                        0  +195   49887 R 
- - - - - - - - - - - - - - - - - - - - - - - - - - - - - - - - - - - - -
(clock clk)               capture                                83330 R 
                          uncertainty                     -250   83080 R 
-------------------------------------------------------------------------
Cost Group   : 'clk' (path_group 'clk')
Timing slack :   33193ps 
Start-point  : soc/spimemio/xfer_io0_90_reg/CKN
End-point    : soc/cpu/reg_out_reg_26_/D

path  98:

         Pin                 Type       Fanout Load Slew Delay Arrival   
                                               (fF) (ps)  (ps)   (ps)    
-------------------------------------------------------------------------
(clock clk)               launch                                 41665 F 
soc
  spimemio
    xfer_io0_90_reg/CKN                                0    +0   41665 F 
    xfer_io0_90_reg/Q     DFFNSRX1HVT        1  4.1  132  +380   42045 R 
    g8049/A0                                                +0   42045   
    g8049/Y               AO22X1HVT          1  4.1  150  +442   42487 R 
    g8013/B0                                                +0   42487   
    g8013/Y               AO21X2HVT          1  5.9  139  +278   42764 R 
  spimemio/flash_io0_do 
soc/flash_io0_do 
flash_bufs_0_/soc_o 
  g1/A                                                      +0   42764   
  g1/Y                    TBUFX12HVT         3 63.3  195  +367   43132 R 
flash_bufs_0_/soc_i 
soc/flash_io0_di 
  g3479/A                                                   +0   43132   
  g3479/Y                 AND2X1HVT          1  4.2  143  +344   43476 R 
  g3354/C                                                   +0   43476   
  g3354/Y                 OR3X4HVT           4 12.5  127  +267   43743 R 
  cpu/mem_rdata[0] 
    g85261/B                                                +0   43743   
    g85261/Y              NAND2X2HVT         1  4.1  279  +244   43987 F 
    g85199/A                                                +0   43987   
    g85199/Y              AND2X1HVT          1  4.1  205  +307   44294 F 
    g85072/B                                                +0   44294   
    g85072/Y              AND2X2HVT          3  9.4  241  +312   44606 F 
    g85033/A                                                +0   44606   
    g85033/Y              OR2X4HVT           6 15.9  230  +409   45015 F 
    g87654/AN                                               +0   45015   
    g87654/Y              NOR2BX2HVT         1  4.1  143  +263   45279 F 
    g84971/B                                                +0   45279   
    g84971/Y              OR2X1HVT           1  4.1  209  +276   45555 F 
    g84915/C                                                +0   45555   
    g84915/Y              AND3X2HVT          3  9.4  242  +323   45878 F 
    g84902/A                                                +0   45878   
    g84902/Y              CLKINVX4HVT        6 16.5  166  +212   46090 R 
    g84876/C                                                +0   46090   
    g84876/Y              OR3X8HVT           8 27.9  143  +287   46377 R 
    g99316/A                                                +0   46377   
    g99316/Y              INVX3HVT           4 10.4  205  +193   46570 F 
    g98537/C                                                +0   46570   
    g98537/Y              AND3X1HVT          1  4.5  224  +287   46857 F 
    drc_bufs100414/A                                        +0   46857   
    drc_bufs100414/Y      INVX2HVT           1  8.0  166  +212   47068 R 
    drc_bufs100412/A                                        +0   47068   
    drc_bufs100412/Y      CLKINVX12HVT      16 42.2  218  +207   47275 F 
    g97473/B                                                +0   47275   
    g97473/Y              NAND2X2HVT         1  4.1  115  +180   47455 R 
    g97331/A                                                +0   47455   
    g97331/Y              AND2X1HVT          1  4.1  140  +298   47753 R 
    g93914/D                                                +0   47753   
    g93914/Y              AND4X1HVT          1  4.1  177  +577   48330 R 
    g93611/C                                                +0   48330   
    g93611/Y              AND3X1HVT          1  5.2  184  +469   48799 R 
    g106580/B0                                              +0   48799   
    g106580/Y             OAI2BB1X4HVT       1  4.1  190  +246   49045 F 
    g106579/B0                                              +0   49045   
    g106579/Y             AO21X1HVT          1  4.1  210  +314   49359 F 
    g105978/A1                                              +0   49359   
    g105978/Y             OA21X1HVT          1  4.1  212  +332   49692 F 
    reg_out_reg_24_/D     DFFQX2HVT                         +0   49692   
    reg_out_reg_24_/CK    setup                        0  +195   49887 R 
- - - - - - - - - - - - - - - - - - - - - - - - - - - - - - - - - - - - -
(clock clk)               capture                                83330 R 
                          uncertainty                     -250   83080 R 
-------------------------------------------------------------------------
Cost Group   : 'clk' (path_group 'clk')
Timing slack :   33193ps 
Start-point  : soc/spimemio/xfer_io0_90_reg/CKN
End-point    : soc/cpu/reg_out_reg_24_/D

path  99:

           Pin                 Type       Fanout Load Slew Delay Arrival   
                                                 (fF) (ps)  (ps)   (ps)    
---------------------------------------------------------------------------
(clock clk)                  launch                                41665 F 
soc
  spimemio
    xfer_io1_90_reg/CKN                                  0    +0   41665 F 
    xfer_io1_90_reg/Q        DFFNSRX1HVT       1  4.1  204  +404   42069 F 
    g8050/A0                                                  +0   42069   
    g8050/Y                  AO22X1HVT         1  4.1  212  +383   42452 F 
    g8019/B0                                                  +0   42452   
    g8019/Y                  AO21X2HVT         1  5.7  168  +345   42796 F 
  spimemio/flash_io1_do 
soc/flash_io1_do 
flash_bufs_1_/soc_o 
  g1/A                                                        +0   42796   
  g1/Y                       TBUFX12HVT        2 60.3  264  +335   43131 F 
flash_bufs_1_/soc_i 
drc_bufs/A                                                    +0   43131   
drc_bufs/Y                   BUFX2HVT          3  8.7  224  +326   43458 F 
soc/flash_io1_di 
  g3477/A                                                     +0   43458   
  g3477/Y                    AND2X1HVT         1  4.2  210  +280   43738 F 
  g3353/C                                                     +0   43738   
  g3353/Y                    OR3X4HVT          4 12.1  206  +438   44175 F 
  cpu/mem_rdata[1] 
    g85267/B                                                  +0   44175   
    g85267/Y                 NAND2X2HVT        1  4.1  124  +172   44348 R 
    g85201/A                                                  +0   44348   
    g85201/Y                 AND2X1HVT         1  4.1  140  +303   44650 R 
    g85073/B                                                  +0   44650   
    g85073/Y                 AND2X2HVT         3  8.9  178  +393   45043 R 
    g85033/B                                                  +0   45043   
    g85033/Y                 OR2X4HVT          6 16.2  153  +295   45339 R 
    g87654/AN                                                 +0   45339   
    g87654/Y                 NOR2BX2HVT        1  4.1  184  +303   45641 R 
    g84971/B                                                  +0   45641   
    g84971/Y                 OR2X1HVT          1  4.1  134  +256   45897 R 
    g84915/C                                                  +0   45897   
    g84915/Y                 AND3X2HVT         3  9.5  220  +545   46442 R 
    g84902/A                                                  +0   46442   
    g84902/Y                 CLKINVX4HVT       6 16.1  248  +251   46693 F 
    g84877/B                                                  +0   46693   
    g84877/Y                 OR2X4HVT          6 15.7  228  +395   47088 F 
    g84857/B                                                  +0   47088   
    g84857/Y                 OR2X6HVT         10 23.9  233  +364   47452 F 
    g84842/B                                                  +0   47452   
    g84842/Y                 OR2X4HVT          5 13.7  205  +374   47826 F 
    g99298/A                                                  +0   47826   
    g99298/Y                 INVX1HVT          1  4.1  162  +210   48037 R 
    g97809/C                                                  +0   48037   
    g97809/Y                 AND3X2HVT         2  6.2  173  +533   48570 R 
    g93743/C                                                  +0   48570   
    g93743/Y                 OR3X1HVT          1  4.2  139  +262   48832 R 
    g93541/C                                                  +0   48832   
    g93541/Y                 OR3X4HVT          4 11.4  120  +260   49092 R 
    g93433/A1                                                 +0   49092   
    g93433/Y                 OA22X1HVT         1  5.2  177  +412   49505 R 
    g103770/B                                                 +0   49505   
    g103770/Y                NAND2BX4HVT       1  4.1  193  +212   49717 F 
    mem_rdata_q_reg_14_/D    DFFHQX4HVT                       +0   49717   
    mem_rdata_q_reg_14_/CK   setup                       0  +170   49887 R 
- - - - - - - - - - - - - - - - - - - - - - - - - - - - - - - - - - - - - -
(clock clk)                  capture                               83330 R 
                             uncertainty                    -250   83080 R 
---------------------------------------------------------------------------
Cost Group   : 'clk' (path_group 'clk')
Timing slack :   33193ps 
Start-point  : soc/spimemio/xfer_io1_90_reg/CKN
End-point    : soc/cpu/mem_rdata_q_reg_14_/D

path 100:

           Pin                 Type       Fanout Load Slew Delay Arrival   
                                                 (fF) (ps)  (ps)   (ps)    
---------------------------------------------------------------------------
(clock clk)                  launch                                41665 F 
soc
  spimemio
    xfer_io1_90_reg/CKN                                  0    +0   41665 F 
    xfer_io1_90_reg/Q        DFFNSRX1HVT       1  4.1  204  +404   42069 F 
    g8050/A0                                                  +0   42069   
    g8050/Y                  AO22X1HVT         1  4.1  212  +383   42452 F 
    g8019/B0                                                  +0   42452   
    g8019/Y                  AO21X2HVT         1  5.7  168  +345   42796 F 
  spimemio/flash_io1_do 
soc/flash_io1_do 
flash_bufs_1_/soc_o 
  g1/A                                                        +0   42796   
  g1/Y                       TBUFX12HVT        2 60.3  264  +335   43131 F 
flash_bufs_1_/soc_i 
drc_bufs/A                                                    +0   43131   
drc_bufs/Y                   BUFX2HVT          3  8.7  224  +326   43458 F 
soc/flash_io1_di 
  g3477/A                                                     +0   43458   
  g3477/Y                    AND2X1HVT         1  4.2  210  +280   43738 F 
  g3353/C                                                     +0   43738   
  g3353/Y                    OR3X4HVT          4 12.1  206  +438   44175 F 
  cpu/mem_rdata[1] 
    g85267/B                                                  +0   44175   
    g85267/Y                 NAND2X2HVT        1  4.1  124  +172   44348 R 
    g85201/A                                                  +0   44348   
    g85201/Y                 AND2X1HVT         1  4.1  140  +303   44650 R 
    g85073/B                                                  +0   44650   
    g85073/Y                 AND2X2HVT         3  8.9  178  +393   45043 R 
    g85033/B                                                  +0   45043   
    g85033/Y                 OR2X4HVT          6 16.2  153  +295   45339 R 
    g87654/AN                                                 +0   45339   
    g87654/Y                 NOR2BX2HVT        1  4.1  184  +303   45641 R 
    g84971/B                                                  +0   45641   
    g84971/Y                 OR2X1HVT          1  4.1  134  +256   45897 R 
    g84915/C                                                  +0   45897   
    g84915/Y                 AND3X2HVT         3  9.5  220  +545   46442 R 
    g84902/A                                                  +0   46442   
    g84902/Y                 CLKINVX4HVT       6 16.1  248  +251   46693 F 
    g84877/B                                                  +0   46693   
    g84877/Y                 OR2X4HVT          6 15.7  228  +395   47088 F 
    g84857/B                                                  +0   47088   
    g84857/Y                 OR2X6HVT         10 23.9  233  +364   47452 F 
    g84842/B                                                  +0   47452   
    g84842/Y                 OR2X4HVT          5 13.7  205  +374   47826 F 
    g99298/A                                                  +0   47826   
    g99298/Y                 INVX1HVT          1  4.1  162  +210   48037 R 
    g97809/C                                                  +0   48037   
    g97809/Y                 AND3X2HVT         2  6.2  173  +533   48570 R 
    g93743/C                                                  +0   48570   
    g93743/Y                 OR3X1HVT          1  4.2  139  +262   48832 R 
    g93541/C                                                  +0   48832   
    g93541/Y                 OR3X4HVT          4 11.4  120  +260   49092 R 
    g93437/A1                                                 +0   49092   
    g93437/Y                 OA22X1HVT         1  5.2  177  +412   49505 R 
    g93302/B                                                  +0   49505   
    g93302/Y                 NAND2X4HVT        1  4.1  190  +211   49716 F 
    mem_rdata_q_reg_29_/D    DFFHQX4HVT                       +0   49716   
    mem_rdata_q_reg_29_/CK   setup                       0  +169   49884 R 
- - - - - - - - - - - - - - - - - - - - - - - - - - - - - - - - - - - - - -
(clock clk)                  capture                               83330 R 
                             uncertainty                    -250   83080 R 
---------------------------------------------------------------------------
Cost Group   : 'clk' (path_group 'clk')
Timing slack :   33196ps 
Start-point  : soc/spimemio/xfer_io1_90_reg/CKN
End-point    : soc/cpu/mem_rdata_q_reg_29_/D

