============================================================
  Generated by:           Genus(TM) Synthesis Solution 21.10-p002_1
  Generated on:           Apr 07 2026  04:11:06 pm
  Module:                 et4351
  Technology libraries:   slow_vdd1v2 1.0
                          saed32sram_ss0p95vn40c 1.0000000
                          physical_cells 
  Operating conditions:   PVT_1P08V_125C 
  Interconnect mode:      global
  Area mode:              physical library
============================================================

path   1:

          Pin                 Type       Fanout Load Slew Delay Arrival   Location    
                                                (fF) (ps)  (ps)   (ps)       (x,   y) 
--------------------------------------------------------------------------------------
(clock clk)                launch                                 24000 F             
soc
  spimemio
    xfer_io3_90_reg/CKN                                 0    +0   24000 F             
    xfer_io3_90_reg/QN     DFFNSRX1LVT        1  4.3   51  +128   24128 F             
    g4639/A0                                                 +0   24128               
    g4639/Y                OAI21X1LVT         1  4.9  137   +88   24216 R             
  spimemio/flash_io3_do 
soc/flash_io3_do 
flash_bufs_3_/soc_o 
  g1/A                                                       +0   24216               
  g1/Y                     TBUFX3LVT          3 59.6  205  +182   24397 R             
flash_bufs_3_/io 
flash_io3                  interconnect               205    +0   24398 R             
                           out port                          +0   24398 R             
(et4351.sdc_line_70_7_1)   ext delay                      +5000   29398 R             
- - - - - - - - - - - - - - - - - - - - - - - - - - - - - - - - - - - - - - - - - - - 
(clock flash_clk)          capture                                32000 R             
                           uncertainty                     -250   31750 R             
--------------------------------------------------------------------------------------
Cost Group   : 'flash_clk' (path_group 'flash_clk')
Timing slack :    2352ps 
Start-point  : soc/spimemio/xfer_io3_90_reg/CKN
End-point    : flash_io3

path   2:

          Pin                 Type       Fanout Load Slew Delay Arrival   Location    
                                                (fF) (ps)  (ps)   (ps)       (x,   y) 
--------------------------------------------------------------------------------------
(clock clk)                launch                                 24000 F             
soc
  spimemio
    xfer_io1_90_reg/CKN                                 0    +0   24000 F             
    xfer_io1_90_reg/QN     DFFNSRX1LVT        1  4.3   51  +128   24128 F             
    g4637/A0                                                 +0   24128               
    g4637/Y                OAI21X1LVT         1  4.9  137   +88   24216 R             
  spimemio/flash_io1_do 
soc/flash_io1_do 
flash_bufs_1_/soc_o 
  g1/A                                                       +0   24216               
  g1/Y                     TBUFX3LVT          3 59.6  205  +182   24397 R             
flash_bufs_1_/io 
flash_io1                  interconnect               205    +0   24398 R             
                           out port                          +0   24398 R             
(et4351.sdc_line_70_5_1)   ext delay                      +5000   29398 R             
- - - - - - - - - - - - - - - - - - - - - - - - - - - - - - - - - - - - - - - - - - - 
(clock flash_clk)          capture                                32000 R             
                           uncertainty                     -250   31750 R             
--------------------------------------------------------------------------------------
Cost Group   : 'flash_clk' (path_group 'flash_clk')
Timing slack :    2352ps 
Start-point  : soc/spimemio/xfer_io1_90_reg/CKN
End-point    : flash_io1

path   3:

          Pin                 Type       Fanout Load Slew Delay Arrival   Location    
                                                (fF) (ps)  (ps)   (ps)       (x,   y) 
--------------------------------------------------------------------------------------
(clock clk)                launch                                 24000 F             
soc
  spimemio
    xfer_io2_90_reg/CKN                                 0    +0   24000 F             
    xfer_io2_90_reg/QN     DFFNSRX1LVT        1  4.3   51  +128   24128 F             
    g4636/A0                                                 +0   24128               
    g4636/Y                OAI21X1LVT         1  4.9  137   +88   24216 R             
  spimemio/flash_io2_do 
soc/flash_io2_do 
flash_bufs_2_/soc_o 
  g1/A                                                       +0   24216               
  g1/Y                     TBUFX3LVT          3 59.4  205  +181   24397 R             
flash_bufs_2_/io 
flash_io2                  interconnect               205    +0   24397 R             
                           out port                          +0   24397 R             
(et4351.sdc_line_70_6_1)   ext delay                      +5000   29397 R             
- - - - - - - - - - - - - - - - - - - - - - - - - - - - - - - - - - - - - - - - - - - 
(clock flash_clk)          capture                                32000 R             
                           uncertainty                     -250   31750 R             
--------------------------------------------------------------------------------------
Cost Group   : 'flash_clk' (path_group 'flash_clk')
Timing slack :    2353ps 
Start-point  : soc/spimemio/xfer_io2_90_reg/CKN
End-point    : flash_io2

path   4:

         Pin                 Type       Fanout Load Slew Delay Arrival   Location    
                                               (fF) (ps)  (ps)   (ps)       (x,   y) 
-------------------------------------------------------------------------------------
(clock clk)               launch                                 24000 F             
soc
  spimemio
    xfer_io0_90_reg/CKN                                0    +0   24000 F             
    xfer_io0_90_reg/QN    DFFNSRX1LVT        1  4.3   51  +128   24128 F             
    g4638/A0                                                +0   24128               
    g4638/Y               OAI21X1LVT         1  4.9  137   +88   24216 R             
  spimemio/flash_io0_do 
soc/flash_io0_do 
flash_bufs_0_/soc_o 
  g1/A                                                      +0   24216               
  g1/Y                    TBUFX3LVT          3 59.2  204  +181   24397 R             
flash_bufs_0_/io 
flash_io0                 interconnect               204    +0   24397 R             
                          out port                          +0   24397 R             
(et4351.sdc_line_70)      ext delay                      +5000   29397 R             
- - - - - - - - - - - - - - - - - - - - - - - - - - - - - - - - - - - - - - - - - - -
(clock flash_clk)         capture                                32000 R             
                          uncertainty                     -250   31750 R             
-------------------------------------------------------------------------------------
Cost Group   : 'flash_clk' (path_group 'flash_clk')
Timing slack :    2353ps 
Start-point  : soc/spimemio/xfer_io0_90_reg/CKN
End-point    : flash_io0

path   5:

          Pin                 Type       Fanout Load Slew Delay Arrival   Location    
                                                (fF) (ps)  (ps)   (ps)       (x,   y) 
--------------------------------------------------------------------------------------
(clock clk)                launch                                 24000 F             
soc
  spimemio
    xfer_io3_90_reg/CKN                                 0    +0   24000 F             
    xfer_io3_90_reg/QN     DFFNSRX1LVT        1  4.4   48  +119   24119 R             
    g4639/A0                                                 +0   24119               
    g4639/Y                OAI21X1LVT         1  4.7  128   +94   24213 F             
  spimemio/flash_io3_do 
soc/flash_io3_do 
flash_bufs_3_/soc_o 
  g1/A                                                       +0   24213               
  g1/Y                     TBUFX3LVT          3 59.5  223  +179   24392 F             
flash_bufs_3_/io 
flash_io3                  interconnect               223    +0   24392 F             
                           out port                          +0   24392 F             
(et4351.sdc_line_70_7_1)   ext delay                      +5000   29392 F             
- - - - - - - - - - - - - - - - - - - - - - - - - - - - - - - - - - - - - - - - - - - 
(clock flash_clk)          capture                                32000 R             
                           uncertainty                     -250   31750 R             
--------------------------------------------------------------------------------------
Cost Group   : 'flash_clk' (path_group 'flash_clk')
Timing slack :    2358ps 
Start-point  : soc/spimemio/xfer_io3_90_reg/CKN
End-point    : flash_io3

path   6:

          Pin                 Type       Fanout Load Slew Delay Arrival   Location    
                                                (fF) (ps)  (ps)   (ps)       (x,   y) 
--------------------------------------------------------------------------------------
(clock clk)                launch                                 24000 F             
soc
  spimemio
    xfer_io1_90_reg/CKN                                 0    +0   24000 F             
    xfer_io1_90_reg/QN     DFFNSRX1LVT        1  4.4   48  +119   24119 R             
    g4637/A0                                                 +0   24119               
    g4637/Y                OAI21X1LVT         1  4.7  128   +94   24213 F             
  spimemio/flash_io1_do 
soc/flash_io1_do 
flash_bufs_1_/soc_o 
  g1/A                                                       +0   24213               
  g1/Y                     TBUFX3LVT          3 59.5  223  +179   24392 F             
flash_bufs_1_/io 
flash_io1                  interconnect               223    +0   24392 F             
                           out port                          +0   24392 F             
(et4351.sdc_line_70_5_1)   ext delay                      +5000   29392 F             
- - - - - - - - - - - - - - - - - - - - - - - - - - - - - - - - - - - - - - - - - - - 
(clock flash_clk)          capture                                32000 R             
                           uncertainty                     -250   31750 R             
--------------------------------------------------------------------------------------
Cost Group   : 'flash_clk' (path_group 'flash_clk')
Timing slack :    2358ps 
Start-point  : soc/spimemio/xfer_io1_90_reg/CKN
End-point    : flash_io1

path   7:

          Pin                 Type       Fanout Load Slew Delay Arrival   Location    
                                                (fF) (ps)  (ps)   (ps)       (x,   y) 
--------------------------------------------------------------------------------------
(clock clk)                launch                                 24000 F             
soc
  spimemio
    xfer_io2_90_reg/CKN                                 0    +0   24000 F             
    xfer_io2_90_reg/QN     DFFNSRX1LVT        1  4.4   48  +119   24119 R             
    g4636/A0                                                 +0   24119               
    g4636/Y                OAI21X1LVT         1  4.7  128   +94   24213 F             
  spimemio/flash_io2_do 
soc/flash_io2_do 
flash_bufs_2_/soc_o 
  g1/A                                                       +0   24213               
  g1/Y                     TBUFX3LVT          3 59.3  222  +178   24391 F             
flash_bufs_2_/io 
flash_io2                  interconnect               222    +0   24391 F             
                           out port                          +0   24391 F             
(et4351.sdc_line_70_6_1)   ext delay                      +5000   29391 F             
- - - - - - - - - - - - - - - - - - - - - - - - - - - - - - - - - - - - - - - - - - - 
(clock flash_clk)          capture                                32000 R             
                           uncertainty                     -250   31750 R             
--------------------------------------------------------------------------------------
Cost Group   : 'flash_clk' (path_group 'flash_clk')
Timing slack :    2359ps 
Start-point  : soc/spimemio/xfer_io2_90_reg/CKN
End-point    : flash_io2

path   8:

         Pin                 Type       Fanout Load Slew Delay Arrival   Location    
                                               (fF) (ps)  (ps)   (ps)       (x,   y) 
-------------------------------------------------------------------------------------
(clock clk)               launch                                 24000 F             
soc
  spimemio
    xfer_io0_90_reg/CKN                                0    +0   24000 F             
    xfer_io0_90_reg/QN    DFFNSRX1LVT        1  4.4   48  +119   24119 R             
    g4638/A0                                                +0   24119               
    g4638/Y               OAI21X1LVT         1  4.7  128   +94   24213 F             
  spimemio/flash_io0_do 
soc/flash_io0_do 
flash_bufs_0_/soc_o 
  g1/A                                                      +0   24213               
  g1/Y                    TBUFX3LVT          3 59.1  221  +178   24391 F             
flash_bufs_0_/io 
flash_io0                 interconnect               221    +0   24391 F             
                          out port                          +0   24391 F             
(et4351.sdc_line_70)      ext delay                      +5000   29391 F             
- - - - - - - - - - - - - - - - - - - - - - - - - - - - - - - - - - - - - - - - - - -
(clock flash_clk)         capture                                32000 R             
                          uncertainty                     -250   31750 R             
-------------------------------------------------------------------------------------
Cost Group   : 'flash_clk' (path_group 'flash_clk')
Timing slack :    2359ps 
Start-point  : soc/spimemio/xfer_io0_90_reg/CKN
End-point    : flash_io0

path   9:

           Pin                  Type       Fanout Load Slew Delay Arrival   Location    
                                                  (fF) (ps)  (ps)   (ps)       (x,   y) 
----------------------------------------------------------------------------------------
(clock flash_clk)            launch                                     0 R             
(et4351.sdc_line_68_2_1)     ext delay                      +9000    9000 F             
flash_io2                    inout port         2 59.3    0    +0    9000 F             
flash_bufs_2_/io 
flash_bufs_2_/soc_i 
soc/flash_io2_di 
  g2850/A1                                                     +0    9000               
  g2850/Y                    AO22X1LVT          1  4.3   54  +139    9139 F             
  g2795/C0                                                     +0    9139               
  g2795/Y                    AOI221X1LVT        1  4.4  169  +115    9254 R             
  g2761/B                                                      +0    9254               
  g2761/Y                    NAND2X1LVT         2  6.3  158  +148    9401 F             
  cpu/mem_rdata[2] 
    g115757/A1N                                                +0    9401               
    g115757/Y                OAI2BB1X1LVT       2  6.5  152  +136    9537 F             
    g115232/A1                                                 +0    9537               
    g115232/Y                AOI22X1LVT         1  4.2  123  +117    9654 R             
    g114843/B0                                                 +0    9654               
    g114843/Y                OA21X1LVT          9 23.2  237  +212    9866 R             
    g114684/A                                                  +0    9866               
    g114684/Y                INVX1LVT           5 13.2  180  +174   10040 F             
    g113666/C                                                  +0   10040               
    g113666/Y                OR4X1LVT           5 13.2  157  +213   10254 F             
    g113164/C                                                  +0   10254               
    g113164/Y                OR3X1LVT           4 11.3  132  +160   10413 F             
    g112960/B0                                                 +0   10413               
    g112960/Y                OAI2BB1X1LVT       1  4.4   71   +80   10494 R             
    g111313/A1                                                 +0   10494               
    g111313/Y                AOI21X1LVT         1  4.1  116   +94   10588 F             
    g110639/D                                                  +0   10588               
    g110639/Y                OR4X1LVT           1  4.1   60  +129   10716 F             
    g110530/A1N                                                +0   10716               
    g110530/Y                AOI2BB1X1LVT       2  6.1   90   +87   10803 F             
    g110448/C0                                                 +0   10803               
    g110448/Y                AOI211XLLVT        1  4.2  240  +172   10975 R             
    g110387/A1                                                 +0   10975               
    g110387/Y                OA21X2LVT         13 33.2  179  +223   11198 R             
    g110334/B                                                  +0   11198               
    g110334/Y                NOR2X2LVT          7 17.3  131  +116   11314 F             
    g110248/A                                                  +0   11314               
    g110248/Y                AND2X1LVT          4 11.3  127  +117   11432 F             
    g109952/B                                                  +0   11432               
    g109952/Y                NAND2X1LVT         3  9.1  131  +102   11534 R             
    g109666/B0                                                 +0   11534               
    g109666/Y                OAI2BB1X1LVT       4 10.7  239  +184   11717 F             
    g109647/B                                                  +0   11717               
    g109647/Y                OR2X1LVT           2  6.3   75  +127   11844 F             
    g109386/AN                                                 +0   11844               
    g109386/Y                NAND3BXLLVT        1  4.3  278  +192   12037 F             
    g109330/B                                                  +0   12037               
    g109330/Y                NOR2X1LVT          1  4.4  123  +156   12192 R             
    g109242/A1                                                 +0   12192               
    g109242/Y                AOI22X1LVT         1  4.3  137  +125   12317 F             
    g109222/C0                                                 +0   12317               
    g109222/Y                OAI221X1LVT        1  4.2  142   +80   12397 R             
    mem_rdata_q_reg_25_/D    DFFX1LVT                          +0   12397               
    mem_rdata_q_reg_25_/CK   setup                        0   +76   12474 R             
- - - - - - - - - - - - - - - - - - - - - - - - - - - - - - - - - - - - - - - - - - - - 
(clock clk)                  capture                                16000 R             
                             uncertainty                     -250   15750 R             
----------------------------------------------------------------------------------------
Cost Group   : 'clk' (path_group 'clk')
Timing slack :    3276ps 
Start-point  : flash_io2
End-point    : soc/cpu/mem_rdata_q_reg_25_/D

path  10:

           Pin                  Type       Fanout Load Slew Delay Arrival   Location    
                                                  (fF) (ps)  (ps)   (ps)       (x,   y) 
----------------------------------------------------------------------------------------
(clock flash_clk)            launch                                     0 R             
(et4351.sdc_line_68_2_1)     ext delay                      +9000    9000 F             
flash_io2                    inout port         2 59.3    0    +0    9000 F             
flash_bufs_2_/io 
flash_bufs_2_/soc_i 
soc/flash_io2_di 
  g2850/A1                                                     +0    9000               
  g2850/Y                    AO22X1LVT          1  4.3   54  +139    9139 F             
  g2795/C0                                                     +0    9139               
  g2795/Y                    AOI221X1LVT        1  4.4  169  +115    9254 R             
  g2761/B                                                      +0    9254               
  g2761/Y                    NAND2X1LVT         2  6.3  158  +148    9401 F             
  cpu/mem_rdata[2] 
    g115757/A1N                                                +0    9401               
    g115757/Y                OAI2BB1X1LVT       2  6.5  152  +136    9537 F             
    g115232/A1                                                 +0    9537               
    g115232/Y                AOI22X1LVT         1  4.2  123  +117    9654 R             
    g114843/B0                                                 +0    9654               
    g114843/Y                OA21X1LVT          9 23.2  237  +212    9866 R             
    g114684/A                                                  +0    9866               
    g114684/Y                INVX1LVT           5 13.2  180  +174   10040 F             
    g113666/C                                                  +0   10040               
    g113666/Y                OR4X1LVT           5 13.2  157  +213   10254 F             
    g113277/B                                                  +0   10254               
    g113277/Y                NAND2X1LVT         4 10.9  156  +123   10377 R             
    g112960/A1N                                                +0   10377               
    g112960/Y                OAI2BB1X1LVT       1  4.4   71  +107   10484 R             
    g111313/A1                                                 +0   10484               
    g111313/Y                AOI21X1LVT         1  4.1  116   +94   10578 F             
    g110639/D                                                  +0   10578               
    g110639/Y                OR4X1LVT           1  4.1   60  +129   10706 F             
    g110530/A1N                                                +0   10706               
    g110530/Y                AOI2BB1X1LVT       2  6.1   90   +87   10793 F             
    g110448/C0                                                 +0   10793               
    g110448/Y                AOI211XLLVT        1  4.2  240  +172   10965 R             
    g110387/A1                                                 +0   10965               
    g110387/Y                OA21X2LVT         13 33.2  179  +223   11188 R             
    g110334/B                                                  +0   11188               
    g110334/Y                NOR2X2LVT          7 17.3  131  +116   11304 F             
    g110248/A                                                  +0   11304               
    g110248/Y                AND2X1LVT          4 11.3  127  +117   11422 F             
    g109952/B                                                  +0   11422               
    g109952/Y                NAND2X1LVT         3  9.1  131  +102   11524 R             
    g109666/B0                                                 +0   11524               
    g109666/Y                OAI2BB1X1LVT       4 10.7  239  +184   11707 F             
    g109647/B                                                  +0   11707               
    g109647/Y                OR2X1LVT           2  6.3   75  +127   11834 F             
    g109386/AN                                                 +0   11834               
    g109386/Y                NAND3BXLLVT        1  4.3  278  +192   12027 F             
    g109330/B                                                  +0   12027               
    g109330/Y                NOR2X1LVT          1  4.4  123  +156   12182 R             
    g109242/A1                                                 +0   12182               
    g109242/Y                AOI22X1LVT         1  4.3  137  +125   12307 F             
    g109222/C0                                                 +0   12307               
    g109222/Y                OAI221X1LVT        1  4.2  142   +80   12387 R             
    mem_rdata_q_reg_25_/D    DFFX1LVT                          +0   12387               
    mem_rdata_q_reg_25_/CK   setup                        0   +76   12464 R             
- - - - - - - - - - - - - - - - - - - - - - - - - - - - - - - - - - - - - - - - - - - - 
(clock clk)                  capture                                16000 R             
                             uncertainty                     -250   15750 R             
----------------------------------------------------------------------------------------
Cost Group   : 'clk' (path_group 'clk')
Timing slack :    3286ps 
Start-point  : flash_io2
End-point    : soc/cpu/mem_rdata_q_reg_25_/D

path  11:

           Pin                  Type       Fanout Load Slew Delay Arrival   Location    
                                                  (fF) (ps)  (ps)   (ps)       (x,   y) 
----------------------------------------------------------------------------------------
(clock flash_clk)            launch                                     0 R             
(et4351.sdc_line_68_2_1)     ext delay                      +9000    9000 F             
flash_io2                    inout port         2 59.3    0    +0    9000 F             
flash_bufs_2_/io 
flash_bufs_2_/soc_i 
soc/flash_io2_di 
  g2850/A1                                                     +0    9000               
  g2850/Y                    AO22X1LVT          1  4.3   54  +139    9139 F             
  g2795/C0                                                     +0    9139               
  g2795/Y                    AOI221X1LVT        1  4.4  169  +115    9254 R             
  g2761/B                                                      +0    9254               
  g2761/Y                    NAND2X1LVT         2  6.3  158  +148    9401 F             
  cpu/mem_rdata[2] 
    g115757/A1N                                                +0    9401               
    g115757/Y                OAI2BB1X1LVT       2  6.5  152  +136    9537 F             
    g115232/A1                                                 +0    9537               
    g115232/Y                AOI22X1LVT         1  4.2  123  +117    9654 R             
    g114843/B0                                                 +0    9654               
    g114843/Y                OA21X1LVT          9 23.2  237  +212    9866 R             
    g114684/A                                                  +0    9866               
    g114684/Y                INVX1LVT           5 13.2  180  +174   10040 F             
    g113666/C                                                  +0   10040               
    g113666/Y                OR4X1LVT           5 13.2  157  +213   10254 F             
    g113164/C                                                  +0   10254               
    g113164/Y                OR3X1LVT           4 11.3  132  +160   10413 F             
    g112960/B0                                                 +0   10413               
    g112960/Y                OAI2BB1X1LVT       1  4.4   71   +80   10494 R             
    g111313/A1                                                 +0   10494               
    g111313/Y                AOI21X1LVT         1  4.1  116   +94   10588 F             
    g110639/D                                                  +0   10588               
    g110639/Y                OR4X1LVT           1  4.1   60  +129   10716 F             
    g110530/A1N                                                +0   10716               
    g110530/Y                AOI2BB1X1LVT       2  6.1   90   +87   10803 F             
    g110448/C0                                                 +0   10803               
    g110448/Y                AOI211XLLVT        1  4.2  240  +172   10975 R             
    g110387/A1                                                 +0   10975               
    g110387/Y                OA21X2LVT         13 33.2  179  +223   11198 R             
    g110334/B                                                  +0   11198               
    g110334/Y                NOR2X2LVT          7 17.3  131  +116   11314 F             
    g110248/A                                                  +0   11314               
    g110248/Y                AND2X1LVT          4 11.3  127  +117   11432 F             
    g109953/B0                                                 +0   11432               
    g109953/Y                OAI31X2LVT         3  9.1  166   +70   11502 R             
    g109659/B0                                                 +0   11502               
    g109659/Y                OAI2BB1X1LVT       3  8.6  198  +171   11672 F             
    g109462/AN                                                 +0   11672               
    g109462/Y                NAND4BX1LVT        1  4.3  220  +202   11874 F             
    g109296/D                                                  +0   11874               
    g109296/Y                NOR4X1LVT          1  4.4  212  +186   12060 R             
    g109214/B1                                                 +0   12060               
    g109214/Y                AOI222X1LVT        1  4.3  161  +161   12222 F             
    g109203/C0                                                 +0   12222               
    g109203/Y                OAI221X1LVT        1  4.2  134   +89   12311 R             
    g109193/B                                                  +0   12311               
    g109193/Y                OR2X1LVT           1  4.2   47   +78   12389 R             
    mem_rdata_q_reg_27_/D    DFFX1LVT                          +0   12389               
    mem_rdata_q_reg_27_/CK   setup                        0   +50   12440 R             
- - - - - - - - - - - - - - - - - - - - - - - - - - - - - - - - - - - - - - - - - - - - 
(clock clk)                  capture                                16000 R             
                             uncertainty                     -250   15750 R             
----------------------------------------------------------------------------------------
Cost Group   : 'clk' (path_group 'clk')
Timing slack :    3310ps 
Start-point  : flash_io2
End-point    : soc/cpu/mem_rdata_q_reg_27_/D

path  12:

           Pin                  Type       Fanout Load Slew Delay Arrival   Location    
                                                  (fF) (ps)  (ps)   (ps)       (x,   y) 
----------------------------------------------------------------------------------------
(clock flash_clk)            launch                                     0 R             
(et4351.sdc_line_68_2_1)     ext delay                      +9000    9000 F             
flash_io2                    inout port         2 59.3    0    +0    9000 F             
flash_bufs_2_/io 
flash_bufs_2_/soc_i 
soc/flash_io2_di 
  g2850/A1                                                     +0    9000               
  g2850/Y                    AO22X1LVT          1  4.3   54  +139    9139 F             
  g2795/C0                                                     +0    9139               
  g2795/Y                    AOI221X1LVT        1  4.4  169  +115    9254 R             
  g2761/B                                                      +0    9254               
  g2761/Y                    NAND2X1LVT         2  6.3  158  +148    9401 F             
  cpu/mem_rdata[2] 
    g115757/A1N                                                +0    9401               
    g115757/Y                OAI2BB1X1LVT       2  6.5  152  +136    9537 F             
    g115232/A1                                                 +0    9537               
    g115232/Y                AOI22X1LVT         1  4.2  123  +117    9654 R             
    g114843/B0                                                 +0    9654               
    g114843/Y                OA21X1LVT          9 23.2  237  +212    9866 R             
    g114684/A                                                  +0    9866               
    g114684/Y                INVX1LVT           5 13.2  180  +174   10040 F             
    g113666/C                                                  +0   10040               
    g113666/Y                OR4X1LVT           5 13.2  157  +213   10254 F             
    g113281/B                                                  +0   10254               
    g113281/Y                NOR2X1LVT          3  8.9  194  +161   10415 R             
    g113197/A                                                  +0   10415               
    g113197/Y                INVX1LVT           7 17.3  217  +182   10597 F             
    g111313/A0                                                 +0   10597               
    g111313/Y                AOI21X1LVT         1  4.2  117  +133   10729 R             
    g110639/D                                                  +0   10729               
    g110639/Y                OR4X1LVT           1  4.2   48   +80   10809 R             
    g110530/A1N                                                +0   10809               
    g110530/Y                AOI2BB1X1LVT       2  6.3  141  +104   10914 R             
    g110448/C0                                                 +0   10914               
    g110448/Y                AOI211XLLVT        1  4.1  204  +112   11026 F             
    g110387/A1                                                 +0   11026               
    g110387/Y                OA21X2LVT         13 31.8  185  +213   11238 F             
    g110366/A                                                  +0   11238               
    g110366/Y                INVX1LVT           5 13.7  167  +147   11386 R             
    g110293/A                                                  +0   11386               
    g110293/Y                AND2X1LVT          5 13.1  137  +156   11541 R             
    g110245/B                                                  +0   11541               
    g110245/Y                NAND2X1LVT         3  8.6  201  +162   11704 F             
    g109654/A                                                  +0   11704               
    g109654/Y                NAND2X1LVT         1  4.4   82  +106   11809 R             
    g109581/A                                                  +0   11809               
    g109581/Y                NOR2X1LVT          1  4.3   68   +66   11876 F             
    g109458/B                                                  +0   11876               
    g109458/Y                NAND2X1LVT         1  4.4   93   +54   11930 R             
    g109295/D                                                  +0   11930               
    g109295/Y                NOR4X1LVT          1  4.3   88   +69   11999 F             
    g109223/C0                                                 +0   11999               
    g109223/Y                AOI221X1LVT        1  4.4  168  +127   12125 R             
    g109212/C0                                                 +0   12125               
    g109212/Y                OAI221X1LVT        1  4.1  187  +176   12301 F             
    g109197/B                                                  +0   12301               
    g109197/Y                OR2X1LVT           1  4.1   51  +103   12404 F             
    mem_rdata_q_reg_26_/D    DFFX1LVT                          +0   12404               
    mem_rdata_q_reg_26_/CK   setup                        0   +34   12438 R             
- - - - - - - - - - - - - - - - - - - - - - - - - - - - - - - - - - - - - - - - - - - - 
(clock clk)                  capture                                16000 R             
                             uncertainty                     -250   15750 R             
----------------------------------------------------------------------------------------
Cost Group   : 'clk' (path_group 'clk')
Timing slack :    3312ps 
Start-point  : flash_io2
End-point    : soc/cpu/mem_rdata_q_reg_26_/D

path  13:

           Pin                  Type       Fanout Load Slew Delay Arrival   Location    
                                                  (fF) (ps)  (ps)   (ps)       (x,   y) 
----------------------------------------------------------------------------------------
(clock flash_clk)            launch                                     0 R             
(et4351.sdc_line_68_2_1)     ext delay                      +9000    9000 F             
flash_io2                    inout port         2 59.3    0    +0    9000 F             
flash_bufs_2_/io 
flash_bufs_2_/soc_i 
soc/flash_io2_di 
  g2850/A1                                                     +0    9000               
  g2850/Y                    AO22X1LVT          1  4.3   54  +139    9139 F             
  g2795/C0                                                     +0    9139               
  g2795/Y                    AOI221X1LVT        1  4.4  169  +115    9254 R             
  g2761/B                                                      +0    9254               
  g2761/Y                    NAND2X1LVT         2  6.3  158  +148    9401 F             
  cpu/mem_rdata[2] 
    g115757/A1N                                                +0    9401               
    g115757/Y                OAI2BB1X1LVT       2  6.5  152  +136    9537 F             
    g115232/A1                                                 +0    9537               
    g115232/Y                AOI22X1LVT         1  4.2  123  +117    9654 R             
    g114843/B0                                                 +0    9654               
    g114843/Y                OA21X1LVT          9 23.2  237  +212    9866 R             
    g114684/A                                                  +0    9866               
    g114684/Y                INVX1LVT           5 13.2  180  +174   10040 F             
    g113666/C                                                  +0   10040               
    g113666/Y                OR4X1LVT           5 13.2  157  +213   10254 F             
    g113281/B                                                  +0   10254               
    g113281/Y                NOR2X1LVT          3  8.9  194  +161   10415 R             
    g113197/A                                                  +0   10415               
    g113197/Y                INVX1LVT           7 17.3  217  +182   10597 F             
    g111313/A0                                                 +0   10597               
    g111313/Y                AOI21X1LVT         1  4.2  117  +133   10729 R             
    g110639/D                                                  +0   10729               
    g110639/Y                OR4X1LVT           1  4.2   48   +80   10809 R             
    g110530/A1N                                                +0   10809               
    g110530/Y                AOI2BB1X1LVT       2  6.3  141  +104   10914 R             
    g110448/C0                                                 +0   10914               
    g110448/Y                AOI211XLLVT        1  4.1  204  +112   11026 F             
    g110387/A1                                                 +0   11026               
    g110387/Y                OA21X2LVT         13 31.8  185  +213   11238 F             
    g110334/B                                                  +0   11238               
    g110334/Y                NOR2X2LVT          7 18.0  206  +165   11403 R             
    g110248/A                                                  +0   11403               
    g110248/Y                AND2X1LVT          4 11.8  124  +159   11562 R             
    g109952/B                                                  +0   11562               
    g109952/Y                NAND2X1LVT         3  8.8  204  +160   11722 F             
    g109666/B0                                                 +0   11722               
    g109666/Y                OAI2BB1X1LVT       4 11.1  148  +144   11866 R             
    g109647/B                                                  +0   11866               
    g109647/Y                OR2X1LVT           2  6.5   70   +94   11961 R             
    g109386/AN                                                 +0   11961               
    g109386/Y                NAND3BXLLVT        1  4.4  115   +80   12041 R             
    g109330/B                                                  +0   12041               
    g109330/Y                NOR2X1LVT          1  4.3   71   +75   12116 F             
    g109242/A1                                                 +0   12116               
    g109242/Y                AOI22X1LVT         1  4.4  126   +94   12210 R             
    g109222/C0                                                 +0   12210               
    g109222/Y                OAI221X1LVT        1  4.1  183  +160   12370 F             
    mem_rdata_q_reg_25_/D    DFFX1LVT                          +0   12370               
    mem_rdata_q_reg_25_/CK   setup                        0   +66   12436 R             
- - - - - - - - - - - - - - - - - - - - - - - - - - - - - - - - - - - - - - - - - - - - 
(clock clk)                  capture                                16000 R             
                             uncertainty                     -250   15750 R             
----------------------------------------------------------------------------------------
Cost Group   : 'clk' (path_group 'clk')
Timing slack :    3314ps 
Start-point  : flash_io2
End-point    : soc/cpu/mem_rdata_q_reg_25_/D

path  14:

           Pin                  Type       Fanout Load Slew Delay Arrival   Location    
                                                  (fF) (ps)  (ps)   (ps)       (x,   y) 
----------------------------------------------------------------------------------------
(clock flash_clk)            launch                                     0 R             
(et4351.sdc_line_68_2_1)     ext delay                      +9000    9000 F             
flash_io2                    inout port         2 59.3    0    +0    9000 F             
flash_bufs_2_/io 
flash_bufs_2_/soc_i 
soc/flash_io2_di 
  g2850/A1                                                     +0    9000               
  g2850/Y                    AO22X1LVT          1  4.3   54  +139    9139 F             
  g2795/C0                                                     +0    9139               
  g2795/Y                    AOI221X1LVT        1  4.4  169  +115    9254 R             
  g2761/B                                                      +0    9254               
  g2761/Y                    NAND2X1LVT         2  6.3  158  +148    9401 F             
  cpu/mem_rdata[2] 
    g115757/A1N                                                +0    9401               
    g115757/Y                OAI2BB1X1LVT       2  6.5  152  +136    9537 F             
    g115232/A1                                                 +0    9537               
    g115232/Y                AOI22X1LVT         1  4.2  123  +117    9654 R             
    g114843/B0                                                 +0    9654               
    g114843/Y                OA21X1LVT          9 23.2  237  +212    9866 R             
    g114684/A                                                  +0    9866               
    g114684/Y                INVX1LVT           5 13.2  180  +174   10040 F             
    g113666/C                                                  +0   10040               
    g113666/Y                OR4X1LVT           5 13.2  157  +213   10254 F             
    g113277/B                                                  +0   10254               
    g113277/Y                NAND2X1LVT         4 10.9  156  +123   10377 R             
    g112960/A1N                                                +0   10377               
    g112960/Y                OAI2BB1X1LVT       1  4.4   71  +107   10484 R             
    g111313/A1                                                 +0   10484               
    g111313/Y                AOI21X1LVT         1  4.1  116   +94   10578 F             
    g110639/D                                                  +0   10578               
    g110639/Y                OR4X1LVT           1  4.1   60  +129   10706 F             
    g110530/A1N                                                +0   10706               
    g110530/Y                AOI2BB1X1LVT       2  6.1   90   +87   10793 F             
    g110448/C0                                                 +0   10793               
    g110448/Y                AOI211XLLVT        1  4.2  240  +172   10965 R             
    g110387/A1                                                 +0   10965               
    g110387/Y                OA21X2LVT         13 33.2  179  +223   11188 R             
    g110334/B                                                  +0   11188               
    g110334/Y                NOR2X2LVT          7 17.3  131  +116   11304 F             
    g110248/A                                                  +0   11304               
    g110248/Y                AND2X1LVT          4 11.3  127  +117   11422 F             
    g109953/B0                                                 +0   11422               
    g109953/Y                OAI31X2LVT         3  9.1  166   +70   11492 R             
    g109659/B0                                                 +0   11492               
    g109659/Y                OAI2BB1X1LVT       3  8.6  198  +171   11662 F             
    g109462/AN                                                 +0   11662               
    g109462/Y                NAND4BX1LVT        1  4.3  220  +202   11864 F             
    g109296/D                                                  +0   11864               
    g109296/Y                NOR4X1LVT          1  4.4  212  +186   12050 R             
    g109214/B1                                                 +0   12050               
    g109214/Y                AOI222X1LVT        1  4.3  161  +161   12212 F             
    g109203/C0                                                 +0   12212               
    g109203/Y                OAI221X1LVT        1  4.2  134   +89   12301 R             
    g109193/B                                                  +0   12301               
    g109193/Y                OR2X1LVT           1  4.2   47   +78   12380 R             
    mem_rdata_q_reg_27_/D    DFFX1LVT                          +0   12380               
    mem_rdata_q_reg_27_/CK   setup                        0   +50   12430 R             
- - - - - - - - - - - - - - - - - - - - - - - - - - - - - - - - - - - - - - - - - - - - 
(clock clk)                  capture                                16000 R             
                             uncertainty                     -250   15750 R             
----------------------------------------------------------------------------------------
Cost Group   : 'clk' (path_group 'clk')
Timing slack :    3320ps 
Start-point  : flash_io2
End-point    : soc/cpu/mem_rdata_q_reg_27_/D

path  15:

           Pin                  Type       Fanout Load Slew Delay Arrival   Location    
                                                  (fF) (ps)  (ps)   (ps)       (x,   y) 
----------------------------------------------------------------------------------------
(clock flash_clk)            launch                                     0 R             
(et4351.sdc_line_68_2_1)     ext delay                      +9000    9000 F             
flash_io2                    inout port         2 59.3    0    +0    9000 F             
flash_bufs_2_/io 
flash_bufs_2_/soc_i 
soc/flash_io2_di 
  g2850/A1                                                     +0    9000               
  g2850/Y                    AO22X1LVT          1  4.3   54  +139    9139 F             
  g2795/C0                                                     +0    9139               
  g2795/Y                    AOI221X1LVT        1  4.4  169  +115    9254 R             
  g2761/B                                                      +0    9254               
  g2761/Y                    NAND2X1LVT         2  6.3  158  +148    9401 F             
  cpu/mem_rdata[2] 
    g115757/A1N                                                +0    9401               
    g115757/Y                OAI2BB1X1LVT       2  6.5  152  +136    9537 F             
    g115232/A1                                                 +0    9537               
    g115232/Y                AOI22X1LVT         1  4.2  123  +117    9654 R             
    g114843/B0                                                 +0    9654               
    g114843/Y                OA21X1LVT          9 23.2  237  +212    9866 R             
    g114684/A                                                  +0    9866               
    g114684/Y                INVX1LVT           5 13.2  180  +174   10040 F             
    g113666/C                                                  +0   10040               
    g113666/Y                OR4X1LVT           5 13.2  157  +213   10254 F             
    g113164/C                                                  +0   10254               
    g113164/Y                OR3X1LVT           4 11.3  132  +160   10413 F             
    g112960/B0                                                 +0   10413               
    g112960/Y                OAI2BB1X1LVT       1  4.4   71   +80   10494 R             
    g111313/A1                                                 +0   10494               
    g111313/Y                AOI21X1LVT         1  4.1  116   +94   10588 F             
    g110639/D                                                  +0   10588               
    g110639/Y                OR4X1LVT           1  4.1   60  +129   10716 F             
    g110530/A1N                                                +0   10716               
    g110530/Y                AOI2BB1X1LVT       2  6.1   90   +87   10803 F             
    g110448/C0                                                 +0   10803               
    g110448/Y                AOI211XLLVT        1  4.2  240  +172   10975 R             
    g110387/A1                                                 +0   10975               
    g110387/Y                OA21X2LVT         13 33.2  179  +223   11198 R             
    g110366/A                                                  +0   11198               
    g110366/Y                INVX1LVT           5 13.2  171  +152   11350 F             
    g110293/A                                                  +0   11350               
    g110293/Y                AND2X1LVT          5 12.6  140  +134   11484 F             
    g110246/AN                                                 +0   11484               
    g110246/Y                NOR2BX1LVT         3  8.4  113  +102   11586 F             
    g109648/AN                                                 +0   11586               
    g109648/Y                NAND3BX1LVT        2  6.3  230  +175   11761 F             
    g109416/B                                                  +0   11761               
    g109416/Y                NOR2X1LVT          1  4.4  118  +138   11899 R             
    g109325/C                                                  +0   11899               
    g109325/Y                NAND3X1LVT         1  4.3  165  +137   12036 F             
    g109241/C                                                  +0   12036               
    g109241/Y                NOR3BX1LVT         1  4.4  157  +141   12177 R             
    g109213/C0                                                 +0   12177               
    g109213/Y                AOI221X1LVT        1  4.3  142   +93   12270 F             
    g109202/C0                                                 +0   12270               
    g109202/Y                OAI221X1LVT        1  4.3  144   +83   12353 R             
    mem_rdata_q_reg_28_/D    DFFHQX1LVT                        +0   12353               
    mem_rdata_q_reg_28_/CK   setup                        0   +73   12426 R             
- - - - - - - - - - - - - - - - - - - - - - - - - - - - - - - - - - - - - - - - - - - - 
(clock clk)                  capture                                16000 R             
                             uncertainty                     -250   15750 R             
----------------------------------------------------------------------------------------
Cost Group   : 'clk' (path_group 'clk')
Timing slack :    3324ps 
Start-point  : flash_io2
End-point    : soc/cpu/mem_rdata_q_reg_28_/D

path  16:

           Pin                  Type       Fanout Load Slew Delay Arrival   Location    
                                                  (fF) (ps)  (ps)   (ps)       (x,   y) 
----------------------------------------------------------------------------------------
(clock flash_clk)            launch                                     0 R             
(et4351.sdc_line_68_2_1)     ext delay                      +9000    9000 F             
flash_io2                    inout port         2 59.3    0    +0    9000 F             
flash_bufs_2_/io 
flash_bufs_2_/soc_i 
soc/flash_io2_di 
  g2850/A1                                                     +0    9000               
  g2850/Y                    AO22X1LVT          1  4.3   54  +139    9139 F             
  g2795/C0                                                     +0    9139               
  g2795/Y                    AOI221X1LVT        1  4.4  169  +115    9254 R             
  g2761/B                                                      +0    9254               
  g2761/Y                    NAND2X1LVT         2  6.3  158  +148    9401 F             
  cpu/mem_rdata[2] 
    g115757/A1N                                                +0    9401               
    g115757/Y                OAI2BB1X1LVT       2  6.5  152  +136    9537 F             
    g115232/A1                                                 +0    9537               
    g115232/Y                AOI22X1LVT         1  4.2  123  +117    9654 R             
    g114843/B0                                                 +0    9654               
    g114843/Y                OA21X1LVT          9 23.2  237  +212    9866 R             
    g114684/A                                                  +0    9866               
    g114684/Y                INVX1LVT           5 13.2  180  +174   10040 F             
    g113666/C                                                  +0   10040               
    g113666/Y                OR4X1LVT           5 13.2  157  +213   10254 F             
    g113281/B                                                  +0   10254               
    g113281/Y                NOR2X1LVT          3  8.9  194  +161   10415 R             
    g113197/A                                                  +0   10415               
    g113197/Y                INVX1LVT           7 17.3  217  +182   10597 F             
    g111313/A0                                                 +0   10597               
    g111313/Y                AOI21X1LVT         1  4.2  117  +133   10729 R             
    g110639/D                                                  +0   10729               
    g110639/Y                OR4X1LVT           1  4.2   48   +80   10809 R             
    g110530/A1N                                                +0   10809               
    g110530/Y                AOI2BB1X1LVT       2  6.3  141  +104   10914 R             
    g110448/C0                                                 +0   10914               
    g110448/Y                AOI211XLLVT        1  4.1  204  +112   11026 F             
    g110387/A1                                                 +0   11026               
    g110387/Y                OA21X2LVT         13 31.8  185  +213   11238 F             
    g110334/B                                                  +0   11238               
    g110334/Y                NOR2X2LVT          7 18.0  206  +165   11403 R             
    g110248/A                                                  +0   11403               
    g110248/Y                AND2X1LVT          4 11.8  124  +159   11562 R             
    g109953/B0                                                 +0   11562               
    g109953/Y                OAI31X2LVT         3  8.8  129  +119   11681 F             
    g109659/B0                                                 +0   11681               
    g109659/Y                OAI2BB1X1LVT       3  8.9  115  +104   11785 R             
    g109581/B                                                  +0   11785               
    g109581/Y                NOR2X1LVT          1  4.3   68   +75   11860 F             
    g109458/B                                                  +0   11860               
    g109458/Y                NAND2X1LVT         1  4.4   93   +54   11915 R             
    g109295/D                                                  +0   11915               
    g109295/Y                NOR4X1LVT          1  4.3   88   +69   11983 F             
    g109223/C0                                                 +0   11983               
    g109223/Y                AOI221X1LVT        1  4.4  168  +127   12110 R             
    g109212/C0                                                 +0   12110               
    g109212/Y                OAI221X1LVT        1  4.1  187  +176   12286 F             
    g109197/B                                                  +0   12286               
    g109197/Y                OR2X1LVT           1  4.1   51  +103   12388 F             
    mem_rdata_q_reg_26_/D    DFFX1LVT                          +0   12388               
    mem_rdata_q_reg_26_/CK   setup                        0   +34   12423 R             
- - - - - - - - - - - - - - - - - - - - - - - - - - - - - - - - - - - - - - - - - - - - 
(clock clk)                  capture                                16000 R             
                             uncertainty                     -250   15750 R             
----------------------------------------------------------------------------------------
Cost Group   : 'clk' (path_group 'clk')
Timing slack :    3327ps 
Start-point  : flash_io2
End-point    : soc/cpu/mem_rdata_q_reg_26_/D

path  17:

           Pin                  Type       Fanout Load Slew Delay Arrival   Location    
                                                  (fF) (ps)  (ps)   (ps)       (x,   y) 
----------------------------------------------------------------------------------------
(clock flash_clk)            launch                                     0 R             
(et4351.sdc_line_68_2_1)     ext delay                      +9000    9000 F             
flash_io2                    inout port         2 59.3    0    +0    9000 F             
flash_bufs_2_/io 
flash_bufs_2_/soc_i 
soc/flash_io2_di 
  g2850/A1                                                     +0    9000               
  g2850/Y                    AO22X1LVT          1  4.3   54  +139    9139 F             
  g2795/C0                                                     +0    9139               
  g2795/Y                    AOI221X1LVT        1  4.4  169  +115    9254 R             
  g2761/B                                                      +0    9254               
  g2761/Y                    NAND2X1LVT         2  6.3  158  +148    9401 F             
  cpu/mem_rdata[2] 
    g115757/A1N                                                +0    9401               
    g115757/Y                OAI2BB1X1LVT       2  6.5  152  +136    9537 F             
    g115232/A1                                                 +0    9537               
    g115232/Y                AOI22X1LVT         1  4.2  123  +117    9654 R             
    g114843/B0                                                 +0    9654               
    g114843/Y                OA21X1LVT          9 23.2  237  +212    9866 R             
    g114684/A                                                  +0    9866               
    g114684/Y                INVX1LVT           5 13.2  180  +174   10040 F             
    g113666/C                                                  +0   10040               
    g113666/Y                OR4X1LVT           5 13.2  157  +213   10254 F             
    g113281/B                                                  +0   10254               
    g113281/Y                NOR2X1LVT          3  8.9  194  +161   10415 R             
    g113197/A                                                  +0   10415               
    g113197/Y                INVX1LVT           7 17.3  217  +182   10597 F             
    g111313/A0                                                 +0   10597               
    g111313/Y                AOI21X1LVT         1  4.2  117  +133   10729 R             
    g110639/D                                                  +0   10729               
    g110639/Y                OR4X1LVT           1  4.2   48   +80   10809 R             
    g110530/A1N                                                +0   10809               
    g110530/Y                AOI2BB1X1LVT       2  6.3  141  +104   10914 R             
    g110448/C0                                                 +0   10914               
    g110448/Y                AOI211XLLVT        1  4.1  204  +112   11026 F             
    g110387/A1                                                 +0   11026               
    g110387/Y                OA21X2LVT         13 31.8  185  +213   11238 F             
    g110334/B                                                  +0   11238               
    g110334/Y                NOR2X2LVT          7 18.0  206  +165   11403 R             
    g110248/A                                                  +0   11403               
    g110248/Y                AND2X1LVT          4 11.8  124  +159   11562 R             
    g109952/B                                                  +0   11562               
    g109952/Y                NAND2X1LVT         3  8.8  204  +160   11722 F             
    g109666/B0                                                 +0   11722               
    g109666/Y                OAI2BB1X1LVT       4 11.1  148  +144   11866 R             
    g109296/C                                                  +0   11866               
    g109296/Y                NOR4X1LVT          1  4.3   80   +94   11960 F             
    g109214/B1                                                 +0   11960               
    g109214/Y                AOI222X1LVT        1  4.4  187  +142   12101 R             
    g109203/C0                                                 +0   12101               
    g109203/Y                OAI221X1LVT        1  4.1  188  +182   12284 F             
    g109193/B                                                  +0   12284               
    g109193/Y                OR2X1LVT           1  4.1   51  +103   12387 F             
    mem_rdata_q_reg_27_/D    DFFX1LVT                          +0   12387               
    mem_rdata_q_reg_27_/CK   setup                        0   +34   12421 R             
- - - - - - - - - - - - - - - - - - - - - - - - - - - - - - - - - - - - - - - - - - - - 
(clock clk)                  capture                                16000 R             
                             uncertainty                     -250   15750 R             
----------------------------------------------------------------------------------------
Cost Group   : 'clk' (path_group 'clk')
Timing slack :    3329ps 
Start-point  : flash_io2
End-point    : soc/cpu/mem_rdata_q_reg_27_/D

path  18:

           Pin                  Type       Fanout Load Slew Delay Arrival   Location    
                                                  (fF) (ps)  (ps)   (ps)       (x,   y) 
----------------------------------------------------------------------------------------
(clock flash_clk)            launch                                     0 R             
(et4351.sdc_line_68_2_1)     ext delay                      +9000    9000 F             
flash_io2                    inout port         2 59.3    0    +0    9000 F             
flash_bufs_2_/io 
flash_bufs_2_/soc_i 
soc/flash_io2_di 
  g2850/A1                                                     +0    9000               
  g2850/Y                    AO22X1LVT          1  4.3   54  +139    9139 F             
  g2795/C0                                                     +0    9139               
  g2795/Y                    AOI221X1LVT        1  4.4  169  +115    9254 R             
  g2761/B                                                      +0    9254               
  g2761/Y                    NAND2X1LVT         2  6.3  158  +148    9401 F             
  cpu/mem_rdata[2] 
    g115757/A1N                                                +0    9401               
    g115757/Y                OAI2BB1X1LVT       2  6.5  152  +136    9537 F             
    g115232/A1                                                 +0    9537               
    g115232/Y                AOI22X1LVT         1  4.2  123  +117    9654 R             
    g114843/B0                                                 +0    9654               
    g114843/Y                OA21X1LVT          9 23.2  237  +212    9866 R             
    g114684/A                                                  +0    9866               
    g114684/Y                INVX1LVT           5 13.2  180  +174   10040 F             
    g113666/C                                                  +0   10040               
    g113666/Y                OR4X1LVT           5 13.2  157  +213   10254 F             
    g113164/C                                                  +0   10254               
    g113164/Y                OR3X1LVT           4 11.3  132  +160   10413 F             
    g112960/B0                                                 +0   10413               
    g112960/Y                OAI2BB1X1LVT       1  4.4   71   +80   10494 R             
    g111313/A1                                                 +0   10494               
    g111313/Y                AOI21X1LVT         1  4.1  116   +94   10588 F             
    g110639/D                                                  +0   10588               
    g110639/Y                OR4X1LVT           1  4.1   60  +129   10716 F             
    g110530/A1N                                                +0   10716               
    g110530/Y                AOI2BB1X1LVT       2  6.1   90   +87   10803 F             
    g110448/C0                                                 +0   10803               
    g110448/Y                AOI211XLLVT        1  4.2  240  +172   10975 R             
    g110387/A1                                                 +0   10975               
    g110387/Y                OA21X2LVT         13 33.2  179  +223   11198 R             
    g110366/A                                                  +0   11198               
    g110366/Y                INVX1LVT           5 13.2  171  +152   11350 F             
    g110293/A                                                  +0   11350               
    g110293/Y                AND2X1LVT          5 12.6  140  +134   11484 F             
    g110245/B                                                  +0   11484               
    g110245/Y                NAND2X1LVT         3  8.9  115  +106   11590 R             
    g109949/B                                                  +0   11590               
    g109949/Y                AND2X1LVT          2  6.7   73  +110   11699 R             
    g109462/D                                                  +0   11699               
    g109462/Y                NAND4BX1LVT        1  4.3  220  +156   11855 F             
    g109296/D                                                  +0   11855               
    g109296/Y                NOR4X1LVT          1  4.4  212  +186   12041 R             
    g109214/B1                                                 +0   12041               
    g109214/Y                AOI222X1LVT        1  4.3  161  +161   12202 F             
    g109203/C0                                                 +0   12202               
    g109203/Y                OAI221X1LVT        1  4.2  134   +89   12292 R             
    g109193/B                                                  +0   12292               
    g109193/Y                OR2X1LVT           1  4.2   47   +78   12370 R             
    mem_rdata_q_reg_27_/D    DFFX1LVT                          +0   12370               
    mem_rdata_q_reg_27_/CK   setup                        0   +50   12421 R             
- - - - - - - - - - - - - - - - - - - - - - - - - - - - - - - - - - - - - - - - - - - - 
(clock clk)                  capture                                16000 R             
                             uncertainty                     -250   15750 R             
----------------------------------------------------------------------------------------
Cost Group   : 'clk' (path_group 'clk')
Timing slack :    3329ps 
Start-point  : flash_io2
End-point    : soc/cpu/mem_rdata_q_reg_27_/D

path  19:

           Pin                  Type       Fanout Load Slew Delay Arrival   Location    
                                                  (fF) (ps)  (ps)   (ps)       (x,   y) 
----------------------------------------------------------------------------------------
(clock flash_clk)            launch                                     0 R             
(et4351.sdc_line_68_2_1)     ext delay                      +9000    9000 F             
flash_io2                    inout port         2 59.3    0    +0    9000 F             
flash_bufs_2_/io 
flash_bufs_2_/soc_i 
soc/flash_io2_di 
  g2850/A1                                                     +0    9000               
  g2850/Y                    AO22X1LVT          1  4.3   54  +139    9139 F             
  g2795/C0                                                     +0    9139               
  g2795/Y                    AOI221X1LVT        1  4.4  169  +115    9254 R             
  g2761/B                                                      +0    9254               
  g2761/Y                    NAND2X1LVT         2  6.3  158  +148    9401 F             
  cpu/mem_rdata[2] 
    g115757/A1N                                                +0    9401               
    g115757/Y                OAI2BB1X1LVT       2  6.5  152  +136    9537 F             
    g115232/A1                                                 +0    9537               
    g115232/Y                AOI22X1LVT         1  4.2  123  +117    9654 R             
    g114843/B0                                                 +0    9654               
    g114843/Y                OA21X1LVT          9 23.2  237  +212    9866 R             
    g114684/A                                                  +0    9866               
    g114684/Y                INVX1LVT           5 13.2  180  +174   10040 F             
    g113666/C                                                  +0   10040               
    g113666/Y                OR4X1LVT           5 13.2  157  +213   10254 F             
    g113277/B                                                  +0   10254               
    g113277/Y                NAND2X1LVT         4 10.9  156  +123   10377 R             
    g112960/A1N                                                +0   10377               
    g112960/Y                OAI2BB1X1LVT       1  4.4   71  +107   10484 R             
    g111313/A1                                                 +0   10484               
    g111313/Y                AOI21X1LVT         1  4.1  116   +94   10578 F             
    g110639/D                                                  +0   10578               
    g110639/Y                OR4X1LVT           1  4.1   60  +129   10706 F             
    g110530/A1N                                                +0   10706               
    g110530/Y                AOI2BB1X1LVT       2  6.1   90   +87   10793 F             
    g110448/C0                                                 +0   10793               
    g110448/Y                AOI211XLLVT        1  4.2  240  +172   10965 R             
    g110387/A1                                                 +0   10965               
    g110387/Y                OA21X2LVT         13 33.2  179  +223   11188 R             
    g110366/A                                                  +0   11188               
    g110366/Y                INVX1LVT           5 13.2  171  +152   11340 F             
    g110293/A                                                  +0   11340               
    g110293/Y                AND2X1LVT          5 12.6  140  +134   11474 F             
    g110246/AN                                                 +0   11474               
    g110246/Y                NOR2BX1LVT         3  8.4  113  +102   11576 F             
    g109648/AN                                                 +0   11576               
    g109648/Y                NAND3BX1LVT        2  6.3  230  +175   11751 F             
    g109416/B                                                  +0   11751               
    g109416/Y                NOR2X1LVT          1  4.4  118  +138   11889 R             
    g109325/C                                                  +0   11889               
    g109325/Y                NAND3X1LVT         1  4.3  165  +137   12026 F             
    g109241/C                                                  +0   12026               
    g109241/Y                NOR3BX1LVT         1  4.4  157  +141   12167 R             
    g109213/C0                                                 +0   12167               
    g109213/Y                AOI221X1LVT        1  4.3  142   +93   12260 F             
    g109202/C0                                                 +0   12260               
    g109202/Y                OAI221X1LVT        1  4.3  144   +83   12343 R             
    mem_rdata_q_reg_28_/D    DFFHQX1LVT                        +0   12343               
    mem_rdata_q_reg_28_/CK   setup                        0   +73   12416 R             
- - - - - - - - - - - - - - - - - - - - - - - - - - - - - - - - - - - - - - - - - - - - 
(clock clk)                  capture                                16000 R             
                             uncertainty                     -250   15750 R             
----------------------------------------------------------------------------------------
Cost Group   : 'clk' (path_group 'clk')
Timing slack :    3334ps 
Start-point  : flash_io2
End-point    : soc/cpu/mem_rdata_q_reg_28_/D

path  20:

           Pin                  Type       Fanout Load Slew Delay Arrival   Location    
                                                  (fF) (ps)  (ps)   (ps)       (x,   y) 
----------------------------------------------------------------------------------------
(clock flash_clk)            launch                                     0 R             
(et4351.sdc_line_68_2_1)     ext delay                      +9000    9000 F             
flash_io2                    inout port         2 59.3    0    +0    9000 F             
flash_bufs_2_/io 
flash_bufs_2_/soc_i 
soc/flash_io2_di 
  g2850/A1                                                     +0    9000               
  g2850/Y                    AO22X1LVT          1  4.3   54  +139    9139 F             
  g2795/C0                                                     +0    9139               
  g2795/Y                    AOI221X1LVT        1  4.4  169  +115    9254 R             
  g2761/B                                                      +0    9254               
  g2761/Y                    NAND2X1LVT         2  6.3  158  +148    9401 F             
  cpu/mem_rdata[2] 
    g115757/A1N                                                +0    9401               
    g115757/Y                OAI2BB1X1LVT       2  6.5  152  +136    9537 F             
    g115232/A1                                                 +0    9537               
    g115232/Y                AOI22X1LVT         1  4.2  123  +117    9654 R             
    g114843/B0                                                 +0    9654               
    g114843/Y                OA21X1LVT          9 23.2  237  +212    9866 R             
    g114684/A                                                  +0    9866               
    g114684/Y                INVX1LVT           5 13.2  180  +174   10040 F             
    g113666/C                                                  +0   10040               
    g113666/Y                OR4X1LVT           5 13.2  157  +213   10254 F             
    g113277/B                                                  +0   10254               
    g113277/Y                NAND2X1LVT         4 10.9  156  +123   10377 R             
    g112960/A1N                                                +0   10377               
    g112960/Y                OAI2BB1X1LVT       1  4.4   71  +107   10484 R             
    g111313/A1                                                 +0   10484               
    g111313/Y                AOI21X1LVT         1  4.1  116   +94   10578 F             
    g110639/D                                                  +0   10578               
    g110639/Y                OR4X1LVT           1  4.1   60  +129   10706 F             
    g110530/A1N                                                +0   10706               
    g110530/Y                AOI2BB1X1LVT       2  6.1   90   +87   10793 F             
    g110448/C0                                                 +0   10793               
    g110448/Y                AOI211XLLVT        1  4.2  240  +172   10965 R             
    g110387/A1                                                 +0   10965               
    g110387/Y                OA21X2LVT         13 33.2  179  +223   11188 R             
    g110366/A                                                  +0   11188               
    g110366/Y                INVX1LVT           5 13.2  171  +152   11340 F             
    g110293/A                                                  +0   11340               
    g110293/Y                AND2X1LVT          5 12.6  140  +134   11474 F             
    g110245/B                                                  +0   11474               
    g110245/Y                NAND2X1LVT         3  8.9  115  +106   11580 R             
    g109949/B                                                  +0   11580               
    g109949/Y                AND2X1LVT          2  6.7   73  +110   11690 R             
    g109462/D                                                  +0   11690               
    g109462/Y                NAND4BX1LVT        1  4.3  220  +156   11845 F             
    g109296/D                                                  +0   11845               
    g109296/Y                NOR4X1LVT          1  4.4  212  +186   12031 R             
    g109214/B1                                                 +0   12031               
    g109214/Y                AOI222X1LVT        1  4.3  161  +161   12192 F             
    g109203/C0                                                 +0   12192               
    g109203/Y                OAI221X1LVT        1  4.2  134   +89   12282 R             
    g109193/B                                                  +0   12282               
    g109193/Y                OR2X1LVT           1  4.2   47   +78   12360 R             
    mem_rdata_q_reg_27_/D    DFFX1LVT                          +0   12360               
    mem_rdata_q_reg_27_/CK   setup                        0   +50   12411 R             
- - - - - - - - - - - - - - - - - - - - - - - - - - - - - - - - - - - - - - - - - - - - 
(clock clk)                  capture                                16000 R             
                             uncertainty                     -250   15750 R             
----------------------------------------------------------------------------------------
Cost Group   : 'clk' (path_group 'clk')
Timing slack :    3339ps 
Start-point  : flash_io2
End-point    : soc/cpu/mem_rdata_q_reg_27_/D

path  21:

           Pin                  Type       Fanout Load Slew Delay Arrival   Location    
                                                  (fF) (ps)  (ps)   (ps)       (x,   y) 
----------------------------------------------------------------------------------------
(clock flash_clk)            launch                                     0 R             
(et4351.sdc_line_68_2_1)     ext delay                      +9000    9000 F             
flash_io2                    inout port         2 59.3    0    +0    9000 F             
flash_bufs_2_/io 
flash_bufs_2_/soc_i 
soc/flash_io2_di 
  g2850/A1                                                     +0    9000               
  g2850/Y                    AO22X1LVT          1  4.3   54  +139    9139 F             
  g2795/C0                                                     +0    9139               
  g2795/Y                    AOI221X1LVT        1  4.4  169  +115    9254 R             
  g2761/B                                                      +0    9254               
  g2761/Y                    NAND2X1LVT         2  6.3  158  +148    9401 F             
  cpu/mem_rdata[2] 
    g115757/A1N                                                +0    9401               
    g115757/Y                OAI2BB1X1LVT       2  6.5  152  +136    9537 F             
    g115232/A1                                                 +0    9537               
    g115232/Y                AOI22X1LVT         1  4.2  123  +117    9654 R             
    g114843/B0                                                 +0    9654               
    g114843/Y                OA21X1LVT          9 23.2  237  +212    9866 R             
    g114684/A                                                  +0    9866               
    g114684/Y                INVX1LVT           5 13.2  180  +174   10040 F             
    g113666/C                                                  +0   10040               
    g113666/Y                OR4X1LVT           5 13.2  157  +213   10254 F             
    g113164/C                                                  +0   10254               
    g113164/Y                OR3X1LVT           4 11.3  132  +160   10413 F             
    g112960/B0                                                 +0   10413               
    g112960/Y                OAI2BB1X1LVT       1  4.4   71   +80   10494 R             
    g111313/A1                                                 +0   10494               
    g111313/Y                AOI21X1LVT         1  4.1  116   +94   10588 F             
    g110639/D                                                  +0   10588               
    g110639/Y                OR4X1LVT           1  4.1   60  +129   10716 F             
    g110530/A1N                                                +0   10716               
    g110530/Y                AOI2BB1X1LVT       2  6.1   90   +87   10803 F             
    g110448/C0                                                 +0   10803               
    g110448/Y                AOI211XLLVT        1  4.2  240  +172   10975 R             
    g110387/A1                                                 +0   10975               
    g110387/Y                OA21X2LVT         13 33.2  179  +223   11198 R             
    g110366/A                                                  +0   11198               
    g110366/Y                INVX1LVT           5 13.2  171  +152   11350 F             
    g110293/A                                                  +0   11350               
    g110293/Y                AND2X1LVT          5 12.6  140  +134   11484 F             
    g109659/A1N                                                +0   11484               
    g109659/Y                OAI2BB1X1LVT       3  8.6  198  +157   11640 F             
    g109462/AN                                                 +0   11640               
    g109462/Y                NAND4BX1LVT        1  4.3  220  +202   11842 F             
    g109296/D                                                  +0   11842               
    g109296/Y                NOR4X1LVT          1  4.4  212  +186   12028 R             
    g109214/B1                                                 +0   12028               
    g109214/Y                AOI222X1LVT        1  4.3  161  +161   12190 F             
    g109203/C0                                                 +0   12190               
    g109203/Y                OAI221X1LVT        1  4.2  134   +89   12279 R             
    g109193/B                                                  +0   12279               
    g109193/Y                OR2X1LVT           1  4.2   47   +78   12358 R             
    mem_rdata_q_reg_27_/D    DFFX1LVT                          +0   12358               
    mem_rdata_q_reg_27_/CK   setup                        0   +50   12408 R             
- - - - - - - - - - - - - - - - - - - - - - - - - - - - - - - - - - - - - - - - - - - - 
(clock clk)                  capture                                16000 R             
                             uncertainty                     -250   15750 R             
----------------------------------------------------------------------------------------
Cost Group   : 'clk' (path_group 'clk')
Timing slack :    3342ps 
Start-point  : flash_io2
End-point    : soc/cpu/mem_rdata_q_reg_27_/D

path  22:

           Pin                  Type       Fanout Load Slew Delay Arrival   Location    
                                                  (fF) (ps)  (ps)   (ps)       (x,   y) 
----------------------------------------------------------------------------------------
(clock flash_clk)            launch                                     0 R             
(et4351.sdc_line_68_2_1)     ext delay                      +9000    9000 F             
flash_io2                    inout port         2 59.3    0    +0    9000 F             
flash_bufs_2_/io 
flash_bufs_2_/soc_i 
soc/flash_io2_di 
  g2850/A1                                                     +0    9000               
  g2850/Y                    AO22X1LVT          1  4.3   54  +139    9139 F             
  g2795/C0                                                     +0    9139               
  g2795/Y                    AOI221X1LVT        1  4.4  169  +115    9254 R             
  g2761/B                                                      +0    9254               
  g2761/Y                    NAND2X1LVT         2  6.3  158  +148    9401 F             
  cpu/mem_rdata[2] 
    g115757/A1N                                                +0    9401               
    g115757/Y                OAI2BB1X1LVT       2  6.5  152  +136    9537 F             
    g115232/A1                                                 +0    9537               
    g115232/Y                AOI22X1LVT         1  4.2  123  +117    9654 R             
    g114843/B0                                                 +0    9654               
    g114843/Y                OA21X1LVT          9 23.2  237  +212    9866 R             
    g114684/A                                                  +0    9866               
    g114684/Y                INVX1LVT           5 13.2  180  +174   10040 F             
    g113666/C                                                  +0   10040               
    g113666/Y                OR4X1LVT           5 13.2  157  +213   10254 F             
    g113281/B                                                  +0   10254               
    g113281/Y                NOR2X1LVT          3  8.9  194  +161   10415 R             
    g113197/A                                                  +0   10415               
    g113197/Y                INVX1LVT           7 17.3  217  +182   10597 F             
    g111313/A0                                                 +0   10597               
    g111313/Y                AOI21X1LVT         1  4.2  117  +133   10729 R             
    g110639/D                                                  +0   10729               
    g110639/Y                OR4X1LVT           1  4.2   48   +80   10809 R             
    g110530/A1N                                                +0   10809               
    g110530/Y                AOI2BB1X1LVT       2  6.3  141  +104   10914 R             
    g110448/C0                                                 +0   10914               
    g110448/Y                AOI211XLLVT        1  4.1  204  +112   11026 F             
    g110387/A1                                                 +0   11026               
    g110387/Y                OA21X2LVT         13 31.8  185  +213   11238 F             
    g110366/A                                                  +0   11238               
    g110366/Y                INVX1LVT           5 13.7  167  +147   11386 R             
    g110293/A                                                  +0   11386               
    g110293/Y                AND2X1LVT          5 13.1  137  +156   11541 R             
    g110245/B                                                  +0   11541               
    g110245/Y                NAND2X1LVT         3  8.6  201  +162   11704 F             
    g109949/B                                                  +0   11704               
    g109949/Y                AND2X1LVT          2  6.5   75  +110   11814 F             
    g109462/D                                                  +0   11814               
    g109462/Y                NAND4BX1LVT        1  4.4   87   +60   11874 R             
    g109296/D                                                  +0   11874               
    g109296/Y                NOR4X1LVT          1  4.3   80   +66   11940 F             
    g109214/B1                                                 +0   11940               
    g109214/Y                AOI222X1LVT        1  4.4  187  +142   12081 R             
    g109203/C0                                                 +0   12081               
    g109203/Y                OAI221X1LVT        1  4.1  188  +182   12264 F             
    g109193/B                                                  +0   12264               
    g109193/Y                OR2X1LVT           1  4.1   51  +103   12367 F             
    mem_rdata_q_reg_27_/D    DFFX1LVT                          +0   12367               
    mem_rdata_q_reg_27_/CK   setup                        0   +34   12401 R             
- - - - - - - - - - - - - - - - - - - - - - - - - - - - - - - - - - - - - - - - - - - - 
(clock clk)                  capture                                16000 R             
                             uncertainty                     -250   15750 R             
----------------------------------------------------------------------------------------
Cost Group   : 'clk' (path_group 'clk')
Timing slack :    3349ps 
Start-point  : flash_io2
End-point    : soc/cpu/mem_rdata_q_reg_27_/D

path  23:

           Pin                  Type       Fanout Load Slew Delay Arrival   Location    
                                                  (fF) (ps)  (ps)   (ps)       (x,   y) 
----------------------------------------------------------------------------------------
(clock flash_clk)            launch                                     0 R             
(et4351.sdc_line_68_2_1)     ext delay                      +9000    9000 F             
flash_io2                    inout port         2 59.3    0    +0    9000 F             
flash_bufs_2_/io 
flash_bufs_2_/soc_i 
soc/flash_io2_di 
  g2850/A1                                                     +0    9000               
  g2850/Y                    AO22X1LVT          1  4.3   54  +139    9139 F             
  g2795/C0                                                     +0    9139               
  g2795/Y                    AOI221X1LVT        1  4.4  169  +115    9254 R             
  g2761/B                                                      +0    9254               
  g2761/Y                    NAND2X1LVT         2  6.3  158  +148    9401 F             
  cpu/mem_rdata[2] 
    g115757/A1N                                                +0    9401               
    g115757/Y                OAI2BB1X1LVT       2  6.5  152  +136    9537 F             
    g115232/A1                                                 +0    9537               
    g115232/Y                AOI22X1LVT         1  4.2  123  +117    9654 R             
    g114843/B0                                                 +0    9654               
    g114843/Y                OA21X1LVT          9 23.2  237  +212    9866 R             
    g114684/A                                                  +0    9866               
    g114684/Y                INVX1LVT           5 13.2  180  +174   10040 F             
    g113666/C                                                  +0   10040               
    g113666/Y                OR4X1LVT           5 13.2  157  +213   10254 F             
    g113281/B                                                  +0   10254               
    g113281/Y                NOR2X1LVT          3  8.9  194  +161   10415 R             
    g113197/A                                                  +0   10415               
    g113197/Y                INVX1LVT           7 17.3  217  +182   10597 F             
    g111313/A0                                                 +0   10597               
    g111313/Y                AOI21X1LVT         1  4.2  117  +133   10729 R             
    g110639/D                                                  +0   10729               
    g110639/Y                OR4X1LVT           1  4.2   48   +80   10809 R             
    g110530/A1N                                                +0   10809               
    g110530/Y                AOI2BB1X1LVT       2  6.3  141  +104   10914 R             
    g110448/C0                                                 +0   10914               
    g110448/Y                AOI211XLLVT        1  4.1  204  +112   11026 F             
    g110387/A1                                                 +0   11026               
    g110387/Y                OA21X2LVT         13 31.8  185  +213   11238 F             
    g110334/B                                                  +0   11238               
    g110334/Y                NOR2X2LVT          7 18.0  206  +165   11403 R             
    g110248/A                                                  +0   11403               
    g110248/Y                AND2X1LVT          4 11.8  124  +159   11562 R             
    g109952/B                                                  +0   11562               
    g109952/Y                NAND2X1LVT         3  8.8  204  +160   11722 F             
    g109655/B0                                                 +0   11722               
    g109655/Y                OAI2BB1X1LVT       2  6.7  105  +120   11842 R             
    g109416/A                                                  +0   11842               
    g109416/Y                NOR2X1LVT          1  4.3   69   +75   11917 F             
    g109325/C                                                  +0   11917               
    g109325/Y                NAND3X1LVT         1  4.4   88   +56   11973 R             
    g109241/C                                                  +0   11973               
    g109241/Y                NOR3BX1LVT         1  4.3   82   +66   12039 F             
    g109213/C0                                                 +0   12039               
    g109213/Y                AOI221X1LVT        1  4.4  166  +124   12164 R             
    g109202/C0                                                 +0   12164               
    g109202/Y                OAI221X1LVT        1  4.2  190  +177   12340 F             
    mem_rdata_q_reg_28_/D    DFFHQX1LVT                        +0   12340               
    mem_rdata_q_reg_28_/CK   setup                        0   +61   12401 R             
- - - - - - - - - - - - - - - - - - - - - - - - - - - - - - - - - - - - - - - - - - - - 
(clock clk)                  capture                                16000 R             
                             uncertainty                     -250   15750 R             
----------------------------------------------------------------------------------------
Cost Group   : 'clk' (path_group 'clk')
Timing slack :    3349ps 
Start-point  : flash_io2
End-point    : soc/cpu/mem_rdata_q_reg_28_/D

path  24:

           Pin                  Type       Fanout Load Slew Delay Arrival   Location    
                                                  (fF) (ps)  (ps)   (ps)       (x,   y) 
----------------------------------------------------------------------------------------
(clock flash_clk)            launch                                     0 R             
(et4351.sdc_line_68_2_1)     ext delay                      +9000    9000 F             
flash_io2                    inout port         2 59.3    0    +0    9000 F             
flash_bufs_2_/io 
flash_bufs_2_/soc_i 
soc/flash_io2_di 
  g2850/A1                                                     +0    9000               
  g2850/Y                    AO22X1LVT          1  4.3   54  +139    9139 F             
  g2795/C0                                                     +0    9139               
  g2795/Y                    AOI221X1LVT        1  4.4  169  +115    9254 R             
  g2761/B                                                      +0    9254               
  g2761/Y                    NAND2X1LVT         2  6.3  158  +148    9401 F             
  cpu/mem_rdata[2] 
    g115757/A1N                                                +0    9401               
    g115757/Y                OAI2BB1X1LVT       2  6.5  152  +136    9537 F             
    g115232/A1                                                 +0    9537               
    g115232/Y                AOI22X1LVT         1  4.2  123  +117    9654 R             
    g114843/B0                                                 +0    9654               
    g114843/Y                OA21X1LVT          9 23.2  237  +212    9866 R             
    g114684/A                                                  +0    9866               
    g114684/Y                INVX1LVT           5 13.2  180  +174   10040 F             
    g113666/C                                                  +0   10040               
    g113666/Y                OR4X1LVT           5 13.2  157  +213   10254 F             
    g113281/B                                                  +0   10254               
    g113281/Y                NOR2X1LVT          3  8.9  194  +161   10415 R             
    g113197/A                                                  +0   10415               
    g113197/Y                INVX1LVT           7 17.3  217  +182   10597 F             
    g111313/A0                                                 +0   10597               
    g111313/Y                AOI21X1LVT         1  4.2  117  +133   10729 R             
    g110639/D                                                  +0   10729               
    g110639/Y                OR4X1LVT           1  4.2   48   +80   10809 R             
    g110530/A1N                                                +0   10809               
    g110530/Y                AOI2BB1X1LVT       2  6.3  141  +104   10914 R             
    g110448/C0                                                 +0   10914               
    g110448/Y                AOI211XLLVT        1  4.1  204  +112   11026 F             
    g110387/A1                                                 +0   11026               
    g110387/Y                OA21X2LVT         13 31.8  185  +213   11238 F             
    g110334/B                                                  +0   11238               
    g110334/Y                NOR2X2LVT          7 18.0  206  +165   11403 R             
    g110248/A                                                  +0   11403               
    g110248/Y                AND2X1LVT          4 11.8  124  +159   11562 R             
    g109952/B                                                  +0   11562               
    g109952/Y                NAND2X1LVT         3  8.8  204  +160   11722 F             
    g109666/B0                                                 +0   11722               
    g109666/Y                OAI2BB1X1LVT       4 11.1  148  +144   11866 R             
    g109295/C                                                  +0   11866               
    g109295/Y                NOR4X1LVT          1  4.3   88   +94   11960 F             
    g109223/C0                                                 +0   11960               
    g109223/Y                AOI221X1LVT        1  4.4  168  +127   12086 R             
    g109212/C0                                                 +0   12086               
    g109212/Y                OAI221X1LVT        1  4.1  187  +176   12262 F             
    g109197/B                                                  +0   12262               
    g109197/Y                OR2X1LVT           1  4.1   51  +103   12365 F             
    mem_rdata_q_reg_26_/D    DFFX1LVT                          +0   12365               
    mem_rdata_q_reg_26_/CK   setup                        0   +34   12399 R             
- - - - - - - - - - - - - - - - - - - - - - - - - - - - - - - - - - - - - - - - - - - - 
(clock clk)                  capture                                16000 R             
                             uncertainty                     -250   15750 R             
----------------------------------------------------------------------------------------
Cost Group   : 'clk' (path_group 'clk')
Timing slack :    3351ps 
Start-point  : flash_io2
End-point    : soc/cpu/mem_rdata_q_reg_26_/D

path  25:

           Pin                  Type       Fanout Load Slew Delay Arrival   Location    
                                                  (fF) (ps)  (ps)   (ps)       (x,   y) 
----------------------------------------------------------------------------------------
(clock flash_clk)            launch                                     0 R             
(et4351.sdc_line_68_2_1)     ext delay                      +9000    9000 F             
flash_io2                    inout port         2 59.3    0    +0    9000 F             
flash_bufs_2_/io 
flash_bufs_2_/soc_i 
soc/flash_io2_di 
  g2850/A1                                                     +0    9000               
  g2850/Y                    AO22X1LVT          1  4.3   54  +139    9139 F             
  g2795/C0                                                     +0    9139               
  g2795/Y                    AOI221X1LVT        1  4.4  169  +115    9254 R             
  g2761/B                                                      +0    9254               
  g2761/Y                    NAND2X1LVT         2  6.3  158  +148    9401 F             
  cpu/mem_rdata[2] 
    g115757/A1N                                                +0    9401               
    g115757/Y                OAI2BB1X1LVT       2  6.5  152  +136    9537 F             
    g115232/A1                                                 +0    9537               
    g115232/Y                AOI22X1LVT         1  4.2  123  +117    9654 R             
    g114843/B0                                                 +0    9654               
    g114843/Y                OA21X1LVT          9 23.2  237  +212    9866 R             
    g114684/A                                                  +0    9866               
    g114684/Y                INVX1LVT           5 13.2  180  +174   10040 F             
    g113666/C                                                  +0   10040               
    g113666/Y                OR4X1LVT           5 13.2  157  +213   10254 F             
    g113277/B                                                  +0   10254               
    g113277/Y                NAND2X1LVT         4 10.9  156  +123   10377 R             
    g112960/A1N                                                +0   10377               
    g112960/Y                OAI2BB1X1LVT       1  4.4   71  +107   10484 R             
    g111313/A1                                                 +0   10484               
    g111313/Y                AOI21X1LVT         1  4.1  116   +94   10578 F             
    g110639/D                                                  +0   10578               
    g110639/Y                OR4X1LVT           1  4.1   60  +129   10706 F             
    g110530/A1N                                                +0   10706               
    g110530/Y                AOI2BB1X1LVT       2  6.1   90   +87   10793 F             
    g110448/C0                                                 +0   10793               
    g110448/Y                AOI211XLLVT        1  4.2  240  +172   10965 R             
    g110387/A1                                                 +0   10965               
    g110387/Y                OA21X2LVT         13 33.2  179  +223   11188 R             
    g110366/A                                                  +0   11188               
    g110366/Y                INVX1LVT           5 13.2  171  +152   11340 F             
    g110293/A                                                  +0   11340               
    g110293/Y                AND2X1LVT          5 12.6  140  +134   11474 F             
    g109659/A1N                                                +0   11474               
    g109659/Y                OAI2BB1X1LVT       3  8.6  198  +157   11631 F             
    g109462/AN                                                 +0   11631               
    g109462/Y                NAND4BX1LVT        1  4.3  220  +202   11832 F             
    g109296/D                                                  +0   11832               
    g109296/Y                NOR4X1LVT          1  4.4  212  +186   12018 R             
    g109214/B1                                                 +0   12018               
    g109214/Y                AOI222X1LVT        1  4.3  161  +161   12180 F             
    g109203/C0                                                 +0   12180               
    g109203/Y                OAI221X1LVT        1  4.2  134   +89   12269 R             
    g109193/B                                                  +0   12269               
    g109193/Y                OR2X1LVT           1  4.2   47   +78   12348 R             
    mem_rdata_q_reg_27_/D    DFFX1LVT                          +0   12348               
    mem_rdata_q_reg_27_/CK   setup                        0   +50   12398 R             
- - - - - - - - - - - - - - - - - - - - - - - - - - - - - - - - - - - - - - - - - - - - 
(clock clk)                  capture                                16000 R             
                             uncertainty                     -250   15750 R             
----------------------------------------------------------------------------------------
Cost Group   : 'clk' (path_group 'clk')
Timing slack :    3352ps 
Start-point  : flash_io2
End-point    : soc/cpu/mem_rdata_q_reg_27_/D

path  26:

           Pin                  Type       Fanout Load Slew Delay Arrival   Location    
                                                  (fF) (ps)  (ps)   (ps)       (x,   y) 
----------------------------------------------------------------------------------------
(clock flash_clk)            launch                                     0 R             
(et4351.sdc_line_68_2_1)     ext delay                      +9000    9000 F             
flash_io2                    inout port         2 59.3    0    +0    9000 F             
flash_bufs_2_/io 
flash_bufs_2_/soc_i 
soc/flash_io2_di 
  g2850/A1                                                     +0    9000               
  g2850/Y                    AO22X1LVT          1  4.3   54  +139    9139 F             
  g2795/C0                                                     +0    9139               
  g2795/Y                    AOI221X1LVT        1  4.4  169  +115    9254 R             
  g2761/B                                                      +0    9254               
  g2761/Y                    NAND2X1LVT         2  6.3  158  +148    9401 F             
  cpu/mem_rdata[2] 
    g115757/A1N                                                +0    9401               
    g115757/Y                OAI2BB1X1LVT       2  6.5  152  +136    9537 F             
    g115232/A1                                                 +0    9537               
    g115232/Y                AOI22X1LVT         1  4.2  123  +117    9654 R             
    g114843/B0                                                 +0    9654               
    g114843/Y                OA21X1LVT          9 23.2  237  +212    9866 R             
    g114684/A                                                  +0    9866               
    g114684/Y                INVX1LVT           5 13.2  180  +174   10040 F             
    g113666/C                                                  +0   10040               
    g113666/Y                OR4X1LVT           5 13.2  157  +213   10254 F             
    g113264/B                                                  +0   10254               
    g113264/Y                NAND2X1LVT         2  6.5  101   +99   10353 R             
    g113094/B                                                  +0   10353               
    g113094/Y                NOR2X1LVT          5 12.8  175  +120   10473 F             
    g110639/B                                                  +0   10473               
    g110639/Y                OR4X1LVT           1  4.1   60  +166   10639 F             
    g110530/A1N                                                +0   10639               
    g110530/Y                AOI2BB1X1LVT       2  6.1   90   +87   10726 F             
    g110448/C0                                                 +0   10726               
    g110448/Y                AOI211XLLVT        1  4.2  240  +172   10898 R             
    g110387/A1                                                 +0   10898               
    g110387/Y                OA21X2LVT         13 33.2  179  +223   11121 R             
    g110334/B                                                  +0   11121               
    g110334/Y                NOR2X2LVT          7 17.3  131  +116   11237 F             
    g110248/A                                                  +0   11237               
    g110248/Y                AND2X1LVT          4 11.3  127  +117   11355 F             
    g109952/B                                                  +0   11355               
    g109952/Y                NAND2X1LVT         3  9.1  131  +102   11457 R             
    g109666/B0                                                 +0   11457               
    g109666/Y                OAI2BB1X1LVT       4 10.7  239  +184   11640 F             
    g109647/B                                                  +0   11640               
    g109647/Y                OR2X1LVT           2  6.3   75  +127   11767 F             
    g109386/AN                                                 +0   11767               
    g109386/Y                NAND3BXLLVT        1  4.3  278  +192   11960 F             
    g109330/B                                                  +0   11960               
    g109330/Y                NOR2X1LVT          1  4.4  123  +156   12115 R             
    g109242/A1                                                 +0   12115               
    g109242/Y                AOI22X1LVT         1  4.3  137  +125   12240 F             
    g109222/C0                                                 +0   12240               
    g109222/Y                OAI221X1LVT        1  4.2  142   +80   12320 R             
    mem_rdata_q_reg_25_/D    DFFX1LVT                          +0   12320               
    mem_rdata_q_reg_25_/CK   setup                        0   +76   12396 R             
- - - - - - - - - - - - - - - - - - - - - - - - - - - - - - - - - - - - - - - - - - - - 
(clock clk)                  capture                                16000 R             
                             uncertainty                     -250   15750 R             
----------------------------------------------------------------------------------------
Cost Group   : 'clk' (path_group 'clk')
Timing slack :    3354ps 
Start-point  : flash_io2
End-point    : soc/cpu/mem_rdata_q_reg_25_/D

path  27:

           Pin                  Type       Fanout Load Slew Delay Arrival   Location    
                                                  (fF) (ps)  (ps)   (ps)       (x,   y) 
----------------------------------------------------------------------------------------
(clock flash_clk)            launch                                     0 R             
(et4351.sdc_line_68_2_1)     ext delay                      +9000    9000 F             
flash_io2                    inout port         2 59.3    0    +0    9000 F             
flash_bufs_2_/io 
flash_bufs_2_/soc_i 
soc/flash_io2_di 
  g2850/A1                                                     +0    9000               
  g2850/Y                    AO22X1LVT          1  4.3   54  +139    9139 F             
  g2795/C0                                                     +0    9139               
  g2795/Y                    AOI221X1LVT        1  4.4  169  +115    9254 R             
  g2761/B                                                      +0    9254               
  g2761/Y                    NAND2X1LVT         2  6.3  158  +148    9401 F             
  cpu/mem_rdata[2] 
    g115757/A1N                                                +0    9401               
    g115757/Y                OAI2BB1X1LVT       2  6.5  152  +136    9537 F             
    g115232/A1                                                 +0    9537               
    g115232/Y                AOI22X1LVT         1  4.2  123  +117    9654 R             
    g114843/B0                                                 +0    9654               
    g114843/Y                OA21X1LVT          9 23.2  237  +212    9866 R             
    g114684/A                                                  +0    9866               
    g114684/Y                INVX1LVT           5 13.2  180  +174   10040 F             
    g113666/C                                                  +0   10040               
    g113666/Y                OR4X1LVT           5 13.2  157  +213   10254 F             
    g113281/B                                                  +0   10254               
    g113281/Y                NOR2X1LVT          3  8.9  194  +161   10415 R             
    g113197/A                                                  +0   10415               
    g113197/Y                INVX1LVT           7 17.3  217  +182   10597 F             
    g111313/A0                                                 +0   10597               
    g111313/Y                AOI21X1LVT         1  4.2  117  +133   10729 R             
    g110639/D                                                  +0   10729               
    g110639/Y                OR4X1LVT           1  4.2   48   +80   10809 R             
    g110530/A1N                                                +0   10809               
    g110530/Y                AOI2BB1X1LVT       2  6.3  141  +104   10914 R             
    g110448/C0                                                 +0   10914               
    g110448/Y                AOI211XLLVT        1  4.1  204  +112   11026 F             
    g110387/A1                                                 +0   11026               
    g110387/Y                OA21X2LVT         13 31.8  185  +213   11238 F             
    g110334/B                                                  +0   11238               
    g110334/Y                NOR2X2LVT          7 18.0  206  +165   11403 R             
    g110248/A                                                  +0   11403               
    g110248/Y                AND2X1LVT          4 11.8  124  +159   11562 R             
    g109953/B0                                                 +0   11562               
    g109953/Y                OAI31X2LVT         3  8.8  129  +119   11681 F             
    g109659/B0                                                 +0   11681               
    g109659/Y                OAI2BB1X1LVT       3  8.9  115  +104   11785 R             
    g109462/AN                                                 +0   11785               
    g109462/Y                NAND4BX1LVT        1  4.4   87   +80   11866 R             
    g109296/D                                                  +0   11866               
    g109296/Y                NOR4X1LVT          1  4.3   80   +66   11932 F             
    g109214/B1                                                 +0   11932               
    g109214/Y                AOI222X1LVT        1  4.4  187  +142   12073 R             
    g109203/C0                                                 +0   12073               
    g109203/Y                OAI221X1LVT        1  4.1  188  +182   12256 F             
    g109193/B                                                  +0   12256               
    g109193/Y                OR2X1LVT           1  4.1   51  +103   12359 F             
    mem_rdata_q_reg_27_/D    DFFX1LVT                          +0   12359               
    mem_rdata_q_reg_27_/CK   setup                        0   +34   12393 R             
- - - - - - - - - - - - - - - - - - - - - - - - - - - - - - - - - - - - - - - - - - - - 
(clock clk)                  capture                                16000 R             
                             uncertainty                     -250   15750 R             
----------------------------------------------------------------------------------------
Cost Group   : 'clk' (path_group 'clk')
Timing slack :    3357ps 
Start-point  : flash_io2
End-point    : soc/cpu/mem_rdata_q_reg_27_/D

path  28:

           Pin                  Type       Fanout Load Slew Delay Arrival   Location    
                                                  (fF) (ps)  (ps)   (ps)       (x,   y) 
----------------------------------------------------------------------------------------
(clock flash_clk)            launch                                     0 R             
(et4351.sdc_line_68_2_1)     ext delay                      +9000    9000 F             
flash_io2                    inout port         2 59.3    0    +0    9000 F             
flash_bufs_2_/io 
flash_bufs_2_/soc_i 
soc/flash_io2_di 
  g2850/A1                                                     +0    9000               
  g2850/Y                    AO22X1LVT          1  4.3   54  +139    9139 F             
  g2795/C0                                                     +0    9139               
  g2795/Y                    AOI221X1LVT        1  4.4  169  +115    9254 R             
  g2761/B                                                      +0    9254               
  g2761/Y                    NAND2X1LVT         2  6.3  158  +148    9401 F             
  cpu/mem_rdata[2] 
    g115757/A1N                                                +0    9401               
    g115757/Y                OAI2BB1X1LVT       2  6.5  152  +136    9537 F             
    g115232/A1                                                 +0    9537               
    g115232/Y                AOI22X1LVT         1  4.2  123  +117    9654 R             
    g114843/B0                                                 +0    9654               
    g114843/Y                OA21X1LVT          9 23.2  237  +212    9866 R             
    g114684/A                                                  +0    9866               
    g114684/Y                INVX1LVT           5 13.2  180  +174   10040 F             
    g113666/C                                                  +0   10040               
    g113666/Y                OR4X1LVT           5 13.2  157  +213   10254 F             
    g113281/B                                                  +0   10254               
    g113281/Y                NOR2X1LVT          3  8.9  194  +161   10415 R             
    g113197/A                                                  +0   10415               
    g113197/Y                INVX1LVT           7 17.3  217  +182   10597 F             
    g111313/A0                                                 +0   10597               
    g111313/Y                AOI21X1LVT         1  4.2  117  +133   10729 R             
    g110639/D                                                  +0   10729               
    g110639/Y                OR4X1LVT           1  4.2   48   +80   10809 R             
    g110530/A1N                                                +0   10809               
    g110530/Y                AOI2BB1X1LVT       2  6.3  141  +104   10914 R             
    g110448/C0                                                 +0   10914               
    g110448/Y                AOI211XLLVT        1  4.1  204  +112   11026 F             
    g110387/A1                                                 +0   11026               
    g110387/Y                OA21X2LVT         13 31.8  185  +213   11238 F             
    g110334/B                                                  +0   11238               
    g110334/Y                NOR2X2LVT          7 18.0  206  +165   11403 R             
    g110286/B0                                                 +0   11403               
    g110286/Y                OAI21X1LVT         3  8.4  212  +194   11596 F             
    g109946/A                                                  +0   11596               
    g109946/Y                AND2X1LVT          2  6.5   75  +107   11703 F             
    g109654/B                                                  +0   11703               
    g109654/Y                NAND2X1LVT         1  4.4   82   +57   11760 R             
    g109581/A                                                  +0   11760               
    g109581/Y                NOR2X1LVT          1  4.3   68   +66   11827 F             
    g109458/B                                                  +0   11827               
    g109458/Y                NAND2X1LVT         1  4.4   93   +54   11881 R             
    g109295/D                                                  +0   11881               
    g109295/Y                NOR4X1LVT          1  4.3   88   +69   11950 F             
    g109223/C0                                                 +0   11950               
    g109223/Y                AOI221X1LVT        1  4.4  168  +127   12076 R             
    g109212/C0                                                 +0   12076               
    g109212/Y                OAI221X1LVT        1  4.1  187  +176   12252 F             
    g109197/B                                                  +0   12252               
    g109197/Y                OR2X1LVT           1  4.1   51  +103   12355 F             
    mem_rdata_q_reg_26_/D    DFFX1LVT                          +0   12355               
    mem_rdata_q_reg_26_/CK   setup                        0   +34   12389 R             
- - - - - - - - - - - - - - - - - - - - - - - - - - - - - - - - - - - - - - - - - - - - 
(clock clk)                  capture                                16000 R             
                             uncertainty                     -250   15750 R             
----------------------------------------------------------------------------------------
Cost Group   : 'clk' (path_group 'clk')
Timing slack :    3361ps 
Start-point  : flash_io2
End-point    : soc/cpu/mem_rdata_q_reg_26_/D

path  29:

           Pin                  Type       Fanout Load Slew Delay Arrival   Location    
                                                  (fF) (ps)  (ps)   (ps)       (x,   y) 
----------------------------------------------------------------------------------------
(clock flash_clk)            launch                                     0 R             
(et4351.sdc_line_68_2_1)     ext delay                      +9000    9000 F             
flash_io2                    inout port         2 59.3    0    +0    9000 F             
flash_bufs_2_/io 
flash_bufs_2_/soc_i 
soc/flash_io2_di 
  g2850/A1                                                     +0    9000               
  g2850/Y                    AO22X1LVT          1  4.3   54  +139    9139 F             
  g2795/C0                                                     +0    9139               
  g2795/Y                    AOI221X1LVT        1  4.4  169  +115    9254 R             
  g2761/B                                                      +0    9254               
  g2761/Y                    NAND2X1LVT         2  6.3  158  +148    9401 F             
  cpu/mem_rdata[2] 
    g115757/A1N                                                +0    9401               
    g115757/Y                OAI2BB1X1LVT       2  6.5  152  +136    9537 F             
    g115232/A1                                                 +0    9537               
    g115232/Y                AOI22X1LVT         1  4.2  123  +117    9654 R             
    g114843/B0                                                 +0    9654               
    g114843/Y                OA21X1LVT          9 23.2  237  +212    9866 R             
    g114684/A                                                  +0    9866               
    g114684/Y                INVX1LVT           5 13.2  180  +174   10040 F             
    g113666/C                                                  +0   10040               
    g113666/Y                OR4X1LVT           5 13.2  157  +213   10254 F             
    g113164/C                                                  +0   10254               
    g113164/Y                OR3X1LVT           4 11.3  132  +160   10413 F             
    g112960/B0                                                 +0   10413               
    g112960/Y                OAI2BB1X1LVT       1  4.4   71   +80   10494 R             
    g111313/A1                                                 +0   10494               
    g111313/Y                AOI21X1LVT         1  4.1  116   +94   10588 F             
    g110639/D                                                  +0   10588               
    g110639/Y                OR4X1LVT           1  4.1   60  +129   10716 F             
    g110530/A1N                                                +0   10716               
    g110530/Y                AOI2BB1X1LVT       2  6.1   90   +87   10803 F             
    g110448/C0                                                 +0   10803               
    g110448/Y                AOI211XLLVT        1  4.2  240  +172   10975 R             
    g110387/A1                                                 +0   10975               
    g110387/Y                OA21X2LVT         13 33.2  179  +223   11198 R             
    g110334/B                                                  +0   11198               
    g110334/Y                NOR2X2LVT          7 17.3  131  +116   11314 F             
    g110248/A                                                  +0   11314               
    g110248/Y                AND2X1LVT          4 11.3  127  +117   11432 F             
    g109953/B0                                                 +0   11432               
    g109953/Y                OAI31X2LVT         3  9.1  166   +70   11502 R             
    g109659/B0                                                 +0   11502               
    g109659/Y                OAI2BB1X1LVT       3  8.6  198  +171   11672 F             
    g109581/B                                                  +0   11672               
    g109581/Y                NOR2X1LVT          1  4.4  114  +127   11799 R             
    g109458/B                                                  +0   11799               
    g109458/Y                NAND2X1LVT         1  4.3  117  +104   11903 F             
    g109295/D                                                  +0   11903               
    g109295/Y                NOR4X1LVT          1  4.4  207  +151   12054 R             
    g109223/C0                                                 +0   12054               
    g109223/Y                AOI221X1LVT        1  4.3  145  +112   12166 F             
    g109212/C0                                                 +0   12166               
    g109212/Y                OAI221X1LVT        1  4.2  136   +83   12249 R             
    g109197/B                                                  +0   12249               
    g109197/Y                OR2X1LVT           1  4.2   47   +79   12328 R             
    mem_rdata_q_reg_26_/D    DFFX1LVT                          +0   12328               
    mem_rdata_q_reg_26_/CK   setup                        0   +50   12379 R             
- - - - - - - - - - - - - - - - - - - - - - - - - - - - - - - - - - - - - - - - - - - - 
(clock clk)                  capture                                16000 R             
                             uncertainty                     -250   15750 R             
----------------------------------------------------------------------------------------
Cost Group   : 'clk' (path_group 'clk')
Timing slack :    3371ps 
Start-point  : flash_io2
End-point    : soc/cpu/mem_rdata_q_reg_26_/D

path  30:

           Pin                  Type       Fanout Load Slew Delay Arrival   Location    
                                                  (fF) (ps)  (ps)   (ps)       (x,   y) 
----------------------------------------------------------------------------------------
(clock flash_clk)            launch                                     0 R             
(et4351.sdc_line_68_2_1)     ext delay                      +9000    9000 F             
flash_io2                    inout port         2 59.3    0    +0    9000 F             
flash_bufs_2_/io 
flash_bufs_2_/soc_i 
soc/flash_io2_di 
  g2850/A1                                                     +0    9000               
  g2850/Y                    AO22X1LVT          1  4.3   54  +139    9139 F             
  g2795/C0                                                     +0    9139               
  g2795/Y                    AOI221X1LVT        1  4.4  169  +115    9254 R             
  g2761/B                                                      +0    9254               
  g2761/Y                    NAND2X1LVT         2  6.3  158  +148    9401 F             
  cpu/mem_rdata[2] 
    g115757/A1N                                                +0    9401               
    g115757/Y                OAI2BB1X1LVT       2  6.5  152  +136    9537 F             
    g115232/A1                                                 +0    9537               
    g115232/Y                AOI22X1LVT         1  4.2  123  +117    9654 R             
    g114843/B0                                                 +0    9654               
    g114843/Y                OA21X1LVT          9 23.2  237  +212    9866 R             
    g114684/A                                                  +0    9866               
    g114684/Y                INVX1LVT           5 13.2  180  +174   10040 F             
    g113666/C                                                  +0   10040               
    g113666/Y                OR4X1LVT           5 13.2  157  +213   10254 F             
    g113277/B                                                  +0   10254               
    g113277/Y                NAND2X1LVT         4 10.9  156  +123   10377 R             
    g112960/A1N                                                +0   10377               
    g112960/Y                OAI2BB1X1LVT       1  4.4   71  +107   10484 R             
    g111313/A1                                                 +0   10484               
    g111313/Y                AOI21X1LVT         1  4.1  116   +94   10578 F             
    g110639/D                                                  +0   10578               
    g110639/Y                OR4X1LVT           1  4.1   60  +129   10706 F             
    g110530/A1N                                                +0   10706               
    g110530/Y                AOI2BB1X1LVT       2  6.1   90   +87   10793 F             
    g110448/C0                                                 +0   10793               
    g110448/Y                AOI211XLLVT        1  4.2  240  +172   10965 R             
    g110387/A1                                                 +0   10965               
    g110387/Y                OA21X2LVT         13 33.2  179  +223   11188 R             
    g110334/B                                                  +0   11188               
    g110334/Y                NOR2X2LVT          7 17.3  131  +116   11304 F             
    g110248/A                                                  +0   11304               
    g110248/Y                AND2X1LVT          4 11.3  127  +117   11422 F             
    g109953/B0                                                 +0   11422               
    g109953/Y                OAI31X2LVT         3  9.1  166   +70   11492 R             
    g109659/B0                                                 +0   11492               
    g109659/Y                OAI2BB1X1LVT       3  8.6  198  +171   11662 F             
    g109581/B                                                  +0   11662               
    g109581/Y                NOR2X1LVT          1  4.4  114  +127   11789 R             
    g109458/B                                                  +0   11789               
    g109458/Y                NAND2X1LVT         1  4.3  117  +104   11893 F             
    g109295/D                                                  +0   11893               
    g109295/Y                NOR4X1LVT          1  4.4  207  +151   12044 R             
    g109223/C0                                                 +0   12044               
    g109223/Y                AOI221X1LVT        1  4.3  145  +112   12156 F             
    g109212/C0                                                 +0   12156               
    g109212/Y                OAI221X1LVT        1  4.2  136   +83   12239 R             
    g109197/B                                                  +0   12239               
    g109197/Y                OR2X1LVT           1  4.2   47   +79   12318 R             
    mem_rdata_q_reg_26_/D    DFFX1LVT                          +0   12318               
    mem_rdata_q_reg_26_/CK   setup                        0   +50   12369 R             
- - - - - - - - - - - - - - - - - - - - - - - - - - - - - - - - - - - - - - - - - - - - 
(clock clk)                  capture                                16000 R             
                             uncertainty                     -250   15750 R             
----------------------------------------------------------------------------------------
Cost Group   : 'clk' (path_group 'clk')
Timing slack :    3381ps 
Start-point  : flash_io2
End-point    : soc/cpu/mem_rdata_q_reg_26_/D

path  31:

           Pin                  Type       Fanout Load Slew Delay Arrival   Location    
                                                  (fF) (ps)  (ps)   (ps)       (x,   y) 
----------------------------------------------------------------------------------------
(clock flash_clk)            launch                                     0 R             
(et4351.sdc_line_68_2_1)     ext delay                      +9000    9000 F             
flash_io2                    inout port         2 59.3    0    +0    9000 F             
flash_bufs_2_/io 
flash_bufs_2_/soc_i 
soc/flash_io2_di 
  g2850/A1                                                     +0    9000               
  g2850/Y                    AO22X1LVT          1  4.3   54  +139    9139 F             
  g2795/C0                                                     +0    9139               
  g2795/Y                    AOI221X1LVT        1  4.4  169  +115    9254 R             
  g2761/B                                                      +0    9254               
  g2761/Y                    NAND2X1LVT         2  6.3  158  +148    9401 F             
  cpu/mem_rdata[2] 
    g115757/A1N                                                +0    9401               
    g115757/Y                OAI2BB1X1LVT       2  6.5  152  +136    9537 F             
    g115232/A1                                                 +0    9537               
    g115232/Y                AOI22X1LVT         1  4.2  123  +117    9654 R             
    g114843/B0                                                 +0    9654               
    g114843/Y                OA21X1LVT          9 23.2  237  +212    9866 R             
    g114684/A                                                  +0    9866               
    g114684/Y                INVX1LVT           5 13.2  180  +174   10040 F             
    g113666/C                                                  +0   10040               
    g113666/Y                OR4X1LVT           5 13.2  157  +213   10254 F             
    g113164/C                                                  +0   10254               
    g113164/Y                OR3X1LVT           4 11.3  132  +160   10413 F             
    g112960/B0                                                 +0   10413               
    g112960/Y                OAI2BB1X1LVT       1  4.4   71   +80   10494 R             
    g111313/A1                                                 +0   10494               
    g111313/Y                AOI21X1LVT         1  4.1  116   +94   10588 F             
    g110639/D                                                  +0   10588               
    g110639/Y                OR4X1LVT           1  4.1   60  +129   10716 F             
    g110530/A1N                                                +0   10716               
    g110530/Y                AOI2BB1X1LVT       2  6.1   90   +87   10803 F             
    g110448/C0                                                 +0   10803               
    g110448/Y                AOI211XLLVT        1  4.2  240  +172   10975 R             
    g110387/A1                                                 +0   10975               
    g110387/Y                OA21X2LVT         13 33.2  179  +223   11198 R             
    g110366/A                                                  +0   11198               
    g110366/Y                INVX1LVT           5 13.2  171  +152   11350 F             
    g110293/A                                                  +0   11350               
    g110293/Y                AND2X1LVT          5 12.6  140  +134   11484 F             
    g110245/B                                                  +0   11484               
    g110245/Y                NAND2X1LVT         3  8.9  115  +106   11590 R             
    g109654/A                                                  +0   11590               
    g109654/Y                NAND2X1LVT         1  4.3  107  +103   11692 F             
    g109581/A                                                  +0   11692               
    g109581/Y                NOR2X1LVT          1  4.4  114   +94   11786 R             
    g109458/B                                                  +0   11786               
    g109458/Y                NAND2X1LVT         1  4.3  117  +104   11890 F             
    g109295/D                                                  +0   11890               
    g109295/Y                NOR4X1LVT          1  4.4  207  +151   12041 R             
    g109223/C0                                                 +0   12041               
    g109223/Y                AOI221X1LVT        1  4.3  145  +112   12153 F             
    g109212/C0                                                 +0   12153               
    g109212/Y                OAI221X1LVT        1  4.2  136   +83   12236 R             
    g109197/B                                                  +0   12236               
    g109197/Y                OR2X1LVT           1  4.2   47   +79   12315 R             
    mem_rdata_q_reg_26_/D    DFFX1LVT                          +0   12315               
    mem_rdata_q_reg_26_/CK   setup                        0   +50   12366 R             
- - - - - - - - - - - - - - - - - - - - - - - - - - - - - - - - - - - - - - - - - - - - 
(clock clk)                  capture                                16000 R             
                             uncertainty                     -250   15750 R             
----------------------------------------------------------------------------------------
Cost Group   : 'clk' (path_group 'clk')
Timing slack :    3384ps 
Start-point  : flash_io2
End-point    : soc/cpu/mem_rdata_q_reg_26_/D

path  32:

           Pin                  Type       Fanout Load Slew Delay Arrival   Location    
                                                  (fF) (ps)  (ps)   (ps)       (x,   y) 
----------------------------------------------------------------------------------------
(clock flash_clk)            launch                                     0 R             
(et4351.sdc_line_68_3_1)     ext delay                      +9000    9000 F             
flash_io3                    inout port         2 59.5    0    +0    9000 F             
flash_bufs_3_/io 
flash_bufs_3_/soc_i 
soc/flash_io3_di 
  g2831/B1                                                     +0    9000               
  g2831/Y                    AOI22X1LVT         1  4.4  130  +143    9143 R             
  g2760/B                                                      +0    9143               
  g2760/Y                    NAND2X1LVT         2  6.3  154  +133    9276 F             
  cpu/mem_rdata[3] 
    g115760/A1N                                                +0    9276               
    g115760/Y                OAI2BB1X1LVT       2  6.5  152  +135    9411 F             
    g115233/A1                                                 +0    9411               
    g115233/Y                AOI22X1LVT         1  4.2  123  +117    9528 R             
    g114847/B0                                                 +0    9528               
    g114847/Y                OA21X1LVT          9 22.8  233  +210    9738 R             
    g114688/A                                                  +0    9738               
    g114688/Y                INVX1LVT           7 17.5  224  +198    9936 F             
    g113666/D                                                  +0    9936               
    g113666/Y                OR4X1LVT           5 13.2  157  +209   10145 F             
    g113164/C                                                  +0   10145               
    g113164/Y                OR3X1LVT           4 11.3  132  +160   10305 F             
    g112960/B0                                                 +0   10305               
    g112960/Y                OAI2BB1X1LVT       1  4.4   71   +80   10385 R             
    g111313/A1                                                 +0   10385               
    g111313/Y                AOI21X1LVT         1  4.1  116   +94   10479 F             
    g110639/D                                                  +0   10479               
    g110639/Y                OR4X1LVT           1  4.1   60  +129   10608 F             
    g110530/A1N                                                +0   10608               
    g110530/Y                AOI2BB1X1LVT       2  6.1   90   +87   10695 F             
    g110448/C0                                                 +0   10695               
    g110448/Y                AOI211XLLVT        1  4.2  240  +172   10867 R             
    g110387/A1                                                 +0   10867               
    g110387/Y                OA21X2LVT         13 33.2  179  +223   11090 R             
    g110334/B                                                  +0   11090               
    g110334/Y                NOR2X2LVT          7 17.3  131  +116   11206 F             
    g110248/A                                                  +0   11206               
    g110248/Y                AND2X1LVT          4 11.3  127  +117   11323 F             
    g109952/B                                                  +0   11323               
    g109952/Y                NAND2X1LVT         3  9.1  131  +102   11425 R             
    g109666/B0                                                 +0   11425               
    g109666/Y                OAI2BB1X1LVT       4 10.7  239  +184   11609 F             
    g109647/B                                                  +0   11609               
    g109647/Y                OR2X1LVT           2  6.3   75  +127   11736 F             
    g109386/AN                                                 +0   11736               
    g109386/Y                NAND3BXLLVT        1  4.3  278  +192   11928 F             
    g109330/B                                                  +0   11928               
    g109330/Y                NOR2X1LVT          1  4.4  123  +156   12084 R             
    g109242/A1                                                 +0   12084               
    g109242/Y                AOI22X1LVT         1  4.3  137  +125   12209 F             
    g109222/C0                                                 +0   12209               
    g109222/Y                OAI221X1LVT        1  4.2  142   +80   12289 R             
    mem_rdata_q_reg_25_/D    DFFX1LVT                          +0   12289               
    mem_rdata_q_reg_25_/CK   setup                        0   +76   12365 R             
- - - - - - - - - - - - - - - - - - - - - - - - - - - - - - - - - - - - - - - - - - - - 
(clock clk)                  capture                                16000 R             
                             uncertainty                     -250   15750 R             
----------------------------------------------------------------------------------------
Cost Group   : 'clk' (path_group 'clk')
Timing slack :    3385ps 
Start-point  : flash_io3
End-point    : soc/cpu/mem_rdata_q_reg_25_/D

path  33:

           Pin                  Type       Fanout Load Slew Delay Arrival   Location    
                                                  (fF) (ps)  (ps)   (ps)       (x,   y) 
----------------------------------------------------------------------------------------
(clock flash_clk)            launch                                     0 R             
(et4351.sdc_line_68_2_1)     ext delay                      +9000    9000 F             
flash_io2                    inout port         2 59.3    0    +0    9000 F             
flash_bufs_2_/io 
flash_bufs_2_/soc_i 
soc/flash_io2_di 
  g2850/A1                                                     +0    9000               
  g2850/Y                    AO22X1LVT          1  4.3   54  +139    9139 F             
  g2795/C0                                                     +0    9139               
  g2795/Y                    AOI221X1LVT        1  4.4  169  +115    9254 R             
  g2761/B                                                      +0    9254               
  g2761/Y                    NAND2X1LVT         2  6.3  158  +148    9401 F             
  cpu/mem_rdata[2] 
    g115757/A1N                                                +0    9401               
    g115757/Y                OAI2BB1X1LVT       2  6.5  152  +136    9537 F             
    g115232/A1                                                 +0    9537               
    g115232/Y                AOI22X1LVT         1  4.2  123  +117    9654 R             
    g114843/B0                                                 +0    9654               
    g114843/Y                OA21X1LVT          9 23.2  237  +212    9866 R             
    g114684/A                                                  +0    9866               
    g114684/Y                INVX1LVT           5 13.2  180  +174   10040 F             
    g113666/C                                                  +0   10040               
    g113666/Y                OR4X1LVT           5 13.2  157  +213   10254 F             
    g113264/B                                                  +0   10254               
    g113264/Y                NAND2X1LVT         2  6.5  101   +99   10353 R             
    g113094/B                                                  +0   10353               
    g113094/Y                NOR2X1LVT          5 12.8  175  +120   10473 F             
    g110639/B                                                  +0   10473               
    g110639/Y                OR4X1LVT           1  4.1   60  +166   10639 F             
    g110530/A1N                                                +0   10639               
    g110530/Y                AOI2BB1X1LVT       2  6.1   90   +87   10726 F             
    g110448/C0                                                 +0   10726               
    g110448/Y                AOI211XLLVT        1  4.2  240  +172   10898 R             
    g110387/A1                                                 +0   10898               
    g110387/Y                OA21X2LVT         13 33.2  179  +223   11121 R             
    g110334/B                                                  +0   11121               
    g110334/Y                NOR2X2LVT          7 17.3  131  +116   11237 F             
    g110248/A                                                  +0   11237               
    g110248/Y                AND2X1LVT          4 11.3  127  +117   11355 F             
    g109953/B0                                                 +0   11355               
    g109953/Y                OAI31X2LVT         3  9.1  166   +70   11424 R             
    g109659/B0                                                 +0   11424               
    g109659/Y                OAI2BB1X1LVT       3  8.6  198  +171   11595 F             
    g109462/AN                                                 +0   11595               
    g109462/Y                NAND4BX1LVT        1  4.3  220  +202   11797 F             
    g109296/D                                                  +0   11797               
    g109296/Y                NOR4X1LVT          1  4.4  212  +186   11983 R             
    g109214/B1                                                 +0   11983               
    g109214/Y                AOI222X1LVT        1  4.3  161  +161   12144 F             
    g109203/C0                                                 +0   12144               
    g109203/Y                OAI221X1LVT        1  4.2  134   +89   12234 R             
    g109193/B                                                  +0   12234               
    g109193/Y                OR2X1LVT           1  4.2   47   +78   12312 R             
    mem_rdata_q_reg_27_/D    DFFX1LVT                          +0   12312               
    mem_rdata_q_reg_27_/CK   setup                        0   +50   12363 R             
- - - - - - - - - - - - - - - - - - - - - - - - - - - - - - - - - - - - - - - - - - - - 
(clock clk)                  capture                                16000 R             
                             uncertainty                     -250   15750 R             
----------------------------------------------------------------------------------------
Cost Group   : 'clk' (path_group 'clk')
Timing slack :    3387ps 
Start-point  : flash_io2
End-point    : soc/cpu/mem_rdata_q_reg_27_/D

path  34:

           Pin                  Type       Fanout Load Slew Delay Arrival   Location    
                                                  (fF) (ps)  (ps)   (ps)       (x,   y) 
----------------------------------------------------------------------------------------
(clock flash_clk)            launch                                     0 R             
(et4351.sdc_line_68_2_1)     ext delay                      +9000    9000 F             
flash_io2                    inout port         2 59.3    0    +0    9000 F             
flash_bufs_2_/io 
flash_bufs_2_/soc_i 
soc/flash_io2_di 
  g2850/A1                                                     +0    9000               
  g2850/Y                    AO22X1LVT          1  4.3   54  +139    9139 F             
  g2795/C0                                                     +0    9139               
  g2795/Y                    AOI221X1LVT        1  4.4  169  +115    9254 R             
  g2761/B                                                      +0    9254               
  g2761/Y                    NAND2X1LVT         2  6.3  158  +148    9401 F             
  cpu/mem_rdata[2] 
    g115757/A1N                                                +0    9401               
    g115757/Y                OAI2BB1X1LVT       2  6.5  152  +136    9537 F             
    g115232/A1                                                 +0    9537               
    g115232/Y                AOI22X1LVT         1  4.2  123  +117    9654 R             
    g114843/B0                                                 +0    9654               
    g114843/Y                OA21X1LVT          9 23.2  237  +212    9866 R             
    g114684/A                                                  +0    9866               
    g114684/Y                INVX1LVT           5 13.2  180  +174   10040 F             
    g113666/C                                                  +0   10040               
    g113666/Y                OR4X1LVT           5 13.2  157  +213   10254 F             
    g113281/B                                                  +0   10254               
    g113281/Y                NOR2X1LVT          3  8.9  194  +161   10415 R             
    g113197/A                                                  +0   10415               
    g113197/Y                INVX1LVT           7 17.3  217  +182   10597 F             
    g111313/A0                                                 +0   10597               
    g111313/Y                AOI21X1LVT         1  4.2  117  +133   10729 R             
    g110639/D                                                  +0   10729               
    g110639/Y                OR4X1LVT           1  4.2   48   +80   10809 R             
    g110530/A1N                                                +0   10809               
    g110530/Y                AOI2BB1X1LVT       2  6.3  141  +104   10914 R             
    g110448/C0                                                 +0   10914               
    g110448/Y                AOI211XLLVT        1  4.1  204  +112   11026 F             
    g110387/A1                                                 +0   11026               
    g110387/Y                OA21X2LVT         13 31.8  185  +213   11238 F             
    g110366/A                                                  +0   11238               
    g110366/Y                INVX1LVT           5 13.7  167  +147   11386 R             
    g110293/A                                                  +0   11386               
    g110293/Y                AND2X1LVT          5 13.1  137  +156   11541 R             
    g110246/AN                                                 +0   11541               
    g110246/Y                NOR2BX1LVT         3  8.7  188  +154   11696 R             
    g109648/AN                                                 +0   11696               
    g109648/Y                NAND3BX1LVT        2  6.5  104  +107   11803 R             
    g109416/B                                                  +0   11803               
    g109416/Y                NOR2X1LVT          1  4.3   69   +71   11874 F             
    g109325/C                                                  +0   11874               
    g109325/Y                NAND3X1LVT         1  4.4   88   +56   11930 R             
    g109241/C                                                  +0   11930               
    g109241/Y                NOR3BX1LVT         1  4.3   82   +66   11996 F             
    g109213/C0                                                 +0   11996               
    g109213/Y                AOI221X1LVT        1  4.4  166  +124   12120 R             
    g109202/C0                                                 +0   12120               
    g109202/Y                OAI221X1LVT        1  4.2  190  +177   12297 F             
    mem_rdata_q_reg_28_/D    DFFHQX1LVT                        +0   12297               
    mem_rdata_q_reg_28_/CK   setup                        0   +61   12358 R             
- - - - - - - - - - - - - - - - - - - - - - - - - - - - - - - - - - - - - - - - - - - - 
(clock clk)                  capture                                16000 R             
                             uncertainty                     -250   15750 R             
----------------------------------------------------------------------------------------
Cost Group   : 'clk' (path_group 'clk')
Timing slack :    3392ps 
Start-point  : flash_io2
End-point    : soc/cpu/mem_rdata_q_reg_28_/D

path  35:

           Pin                  Type       Fanout Load Slew Delay Arrival   Location    
                                                  (fF) (ps)  (ps)   (ps)       (x,   y) 
----------------------------------------------------------------------------------------
(clock flash_clk)            launch                                     0 R             
(et4351.sdc_line_68_2_1)     ext delay                      +9000    9000 F             
flash_io2                    inout port         2 59.3    0    +0    9000 F             
flash_bufs_2_/io 
flash_bufs_2_/soc_i 
soc/flash_io2_di 
  g2850/A1                                                     +0    9000               
  g2850/Y                    AO22X1LVT          1  4.3   54  +139    9139 F             
  g2795/C0                                                     +0    9139               
  g2795/Y                    AOI221X1LVT        1  4.4  169  +115    9254 R             
  g2761/B                                                      +0    9254               
  g2761/Y                    NAND2X1LVT         2  6.3  158  +148    9401 F             
  cpu/mem_rdata[2] 
    g115757/A1N                                                +0    9401               
    g115757/Y                OAI2BB1X1LVT       2  6.5  152  +136    9537 F             
    g115232/A1                                                 +0    9537               
    g115232/Y                AOI22X1LVT         1  4.2  123  +117    9654 R             
    g114843/B0                                                 +0    9654               
    g114843/Y                OA21X1LVT          9 23.2  237  +212    9866 R             
    g114684/A                                                  +0    9866               
    g114684/Y                INVX1LVT           5 13.2  180  +174   10040 F             
    g113666/C                                                  +0   10040               
    g113666/Y                OR4X1LVT           5 13.2  157  +213   10254 F             
    g113277/B                                                  +0   10254               
    g113277/Y                NAND2X1LVT         4 10.9  156  +123   10377 R             
    g112960/A1N                                                +0   10377               
    g112960/Y                OAI2BB1X1LVT       1  4.4   71  +107   10484 R             
    g111313/A1                                                 +0   10484               
    g111313/Y                AOI21X1LVT         1  4.1  116   +94   10578 F             
    g110639/D                                                  +0   10578               
    g110639/Y                OR4X1LVT           1  4.1   60  +129   10706 F             
    g110530/A1N                                                +0   10706               
    g110530/Y                AOI2BB1X1LVT       2  6.1   90   +87   10793 F             
    g110448/C0                                                 +0   10793               
    g110448/Y                AOI211XLLVT        1  4.2  240  +172   10965 R             
    g110387/A1                                                 +0   10965               
    g110387/Y                OA21X2LVT         13 33.2  179  +223   11188 R             
    g110366/A                                                  +0   11188               
    g110366/Y                INVX1LVT           5 13.2  171  +152   11340 F             
    g110293/A                                                  +0   11340               
    g110293/Y                AND2X1LVT          5 12.6  140  +134   11474 F             
    g110245/B                                                  +0   11474               
    g110245/Y                NAND2X1LVT         3  8.9  115  +106   11580 R             
    g109654/A                                                  +0   11580               
    g109654/Y                NAND2X1LVT         1  4.3  107  +103   11682 F             
    g109581/A                                                  +0   11682               
    g109581/Y                NOR2X1LVT          1  4.4  114   +94   11776 R             
    g109458/B                                                  +0   11776               
    g109458/Y                NAND2X1LVT         1  4.3  117  +104   11880 F             
    g109295/D                                                  +0   11880               
    g109295/Y                NOR4X1LVT          1  4.4  207  +151   12031 R             
    g109223/C0                                                 +0   12031               
    g109223/Y                AOI221X1LVT        1  4.3  145  +112   12143 F             
    g109212/C0                                                 +0   12143               
    g109212/Y                OAI221X1LVT        1  4.2  136   +83   12226 R             
    g109197/B                                                  +0   12226               
    g109197/Y                OR2X1LVT           1  4.2   47   +79   12305 R             
    mem_rdata_q_reg_26_/D    DFFX1LVT                          +0   12305               
    mem_rdata_q_reg_26_/CK   setup                        0   +50   12356 R             
- - - - - - - - - - - - - - - - - - - - - - - - - - - - - - - - - - - - - - - - - - - - 
(clock clk)                  capture                                16000 R             
                             uncertainty                     -250   15750 R             
----------------------------------------------------------------------------------------
Cost Group   : 'clk' (path_group 'clk')
Timing slack :    3394ps 
Start-point  : flash_io2
End-point    : soc/cpu/mem_rdata_q_reg_26_/D

path  36:

           Pin                  Type       Fanout Load Slew Delay Arrival   Location    
                                                  (fF) (ps)  (ps)   (ps)       (x,   y) 
----------------------------------------------------------------------------------------
(clock flash_clk)            launch                                     0 R             
(et4351.sdc_line_68_2_1)     ext delay                      +9000    9000 F             
flash_io2                    inout port         2 59.3    0    +0    9000 F             
flash_bufs_2_/io 
flash_bufs_2_/soc_i 
soc/flash_io2_di 
  g2850/A1                                                     +0    9000               
  g2850/Y                    AO22X1LVT          1  4.3   54  +139    9139 F             
  g2795/C0                                                     +0    9139               
  g2795/Y                    AOI221X1LVT        1  4.4  169  +115    9254 R             
  g2761/B                                                      +0    9254               
  g2761/Y                    NAND2X1LVT         2  6.3  158  +148    9401 F             
  cpu/mem_rdata[2] 
    g115757/A1N                                                +0    9401               
    g115757/Y                OAI2BB1X1LVT       2  6.5  152  +136    9537 F             
    g115232/A1                                                 +0    9537               
    g115232/Y                AOI22X1LVT         1  4.2  123  +117    9654 R             
    g114843/B0                                                 +0    9654               
    g114843/Y                OA21X1LVT          9 23.2  237  +212    9866 R             
    g114684/A                                                  +0    9866               
    g114684/Y                INVX1LVT           5 13.2  180  +174   10040 F             
    g113666/C                                                  +0   10040               
    g113666/Y                OR4X1LVT           5 13.2  157  +213   10254 F             
    g113164/C                                                  +0   10254               
    g113164/Y                OR3X1LVT           4 11.3  132  +160   10413 F             
    g112960/B0                                                 +0   10413               
    g112960/Y                OAI2BB1X1LVT       1  4.4   71   +80   10494 R             
    g111313/A1                                                 +0   10494               
    g111313/Y                AOI21X1LVT         1  4.1  116   +94   10588 F             
    g110639/D                                                  +0   10588               
    g110639/Y                OR4X1LVT           1  4.1   60  +129   10716 F             
    g110530/A1N                                                +0   10716               
    g110530/Y                AOI2BB1X1LVT       2  6.1   90   +87   10803 F             
    g110448/C0                                                 +0   10803               
    g110448/Y                AOI211XLLVT        1  4.2  240  +172   10975 R             
    g110387/A1                                                 +0   10975               
    g110387/Y                OA21X2LVT         13 33.2  179  +223   11198 R             
    g110334/B                                                  +0   11198               
    g110334/Y                NOR2X2LVT          7 17.3  131  +116   11314 F             
    g110248/A                                                  +0   11314               
    g110248/Y                AND2X1LVT          4 11.3  127  +117   11432 F             
    g109953/B0                                                 +0   11432               
    g109953/Y                OAI31X2LVT         3  9.1  166   +70   11502 R             
    g109648/C                                                  +0   11502               
    g109648/Y                NAND3BX1LVT        2  6.3  230  +189   11691 F             
    g109416/B                                                  +0   11691               
    g109416/Y                NOR2X1LVT          1  4.4  118  +138   11829 R             
    g109325/C                                                  +0   11829               
    g109325/Y                NAND3X1LVT         1  4.3  165  +137   11966 F             
    g109241/C                                                  +0   11966               
    g109241/Y                NOR3BX1LVT         1  4.4  157  +141   12107 R             
    g109213/C0                                                 +0   12107               
    g109213/Y                AOI221X1LVT        1  4.3  142   +93   12200 F             
    g109202/C0                                                 +0   12200               
    g109202/Y                OAI221X1LVT        1  4.3  144   +83   12282 R             
    mem_rdata_q_reg_28_/D    DFFHQX1LVT                        +0   12282               
    mem_rdata_q_reg_28_/CK   setup                        0   +73   12356 R             
- - - - - - - - - - - - - - - - - - - - - - - - - - - - - - - - - - - - - - - - - - - - 
(clock clk)                  capture                                16000 R             
                             uncertainty                     -250   15750 R             
----------------------------------------------------------------------------------------
Cost Group   : 'clk' (path_group 'clk')
Timing slack :    3394ps 
Start-point  : flash_io2
End-point    : soc/cpu/mem_rdata_q_reg_28_/D

path  37:

           Pin                  Type       Fanout Load Slew Delay Arrival   Location    
                                                  (fF) (ps)  (ps)   (ps)       (x,   y) 
----------------------------------------------------------------------------------------
(clock flash_clk)            launch                                     0 R             
(et4351.sdc_line_68_3_1)     ext delay                      +9000    9000 F             
flash_io3                    inout port         2 59.5    0    +0    9000 F             
flash_bufs_3_/io 
flash_bufs_3_/soc_i 
soc/flash_io3_di 
  g2831/B1                                                     +0    9000               
  g2831/Y                    AOI22X1LVT         1  4.4  130  +143    9143 R             
  g2760/B                                                      +0    9143               
  g2760/Y                    NAND2X1LVT         2  6.3  154  +133    9276 F             
  cpu/mem_rdata[3] 
    g115760/A1N                                                +0    9276               
    g115760/Y                OAI2BB1X1LVT       2  6.5  152  +135    9411 F             
    g115233/A1                                                 +0    9411               
    g115233/Y                AOI22X1LVT         1  4.2  123  +117    9528 R             
    g114847/B0                                                 +0    9528               
    g114847/Y                OA21X1LVT          9 22.8  233  +210    9738 R             
    g114688/A                                                  +0    9738               
    g114688/Y                INVX1LVT           7 17.5  224  +198    9936 F             
    g113666/D                                                  +0    9936               
    g113666/Y                OR4X1LVT           5 13.2  157  +209   10145 F             
    g113277/B                                                  +0   10145               
    g113277/Y                NAND2X1LVT         4 10.9  156  +123   10269 R             
    g112960/A1N                                                +0   10269               
    g112960/Y                OAI2BB1X1LVT       1  4.4   71  +107   10375 R             
    g111313/A1                                                 +0   10375               
    g111313/Y                AOI21X1LVT         1  4.1  116   +94   10469 F             
    g110639/D                                                  +0   10469               
    g110639/Y                OR4X1LVT           1  4.1   60  +129   10598 F             
    g110530/A1N                                                +0   10598               
    g110530/Y                AOI2BB1X1LVT       2  6.1   90   +87   10685 F             
    g110448/C0                                                 +0   10685               
    g110448/Y                AOI211XLLVT        1  4.2  240  +172   10857 R             
    g110387/A1                                                 +0   10857               
    g110387/Y                OA21X2LVT         13 33.2  179  +223   11080 R             
    g110334/B                                                  +0   11080               
    g110334/Y                NOR2X2LVT          7 17.3  131  +116   11196 F             
    g110248/A                                                  +0   11196               
    g110248/Y                AND2X1LVT          4 11.3  127  +117   11314 F             
    g109952/B                                                  +0   11314               
    g109952/Y                NAND2X1LVT         3  9.1  131  +102   11415 R             
    g109666/B0                                                 +0   11415               
    g109666/Y                OAI2BB1X1LVT       4 10.7  239  +184   11599 F             
    g109647/B                                                  +0   11599               
    g109647/Y                OR2X1LVT           2  6.3   75  +127   11726 F             
    g109386/AN                                                 +0   11726               
    g109386/Y                NAND3BXLLVT        1  4.3  278  +192   11918 F             
    g109330/B                                                  +0   11918               
    g109330/Y                NOR2X1LVT          1  4.4  123  +156   12074 R             
    g109242/A1                                                 +0   12074               
    g109242/Y                AOI22X1LVT         1  4.3  137  +125   12199 F             
    g109222/C0                                                 +0   12199               
    g109222/Y                OAI221X1LVT        1  4.2  142   +80   12279 R             
    mem_rdata_q_reg_25_/D    DFFX1LVT                          +0   12279               
    mem_rdata_q_reg_25_/CK   setup                        0   +76   12355 R             
- - - - - - - - - - - - - - - - - - - - - - - - - - - - - - - - - - - - - - - - - - - - 
(clock clk)                  capture                                16000 R             
                             uncertainty                     -250   15750 R             
----------------------------------------------------------------------------------------
Cost Group   : 'clk' (path_group 'clk')
Timing slack :    3395ps 
Start-point  : flash_io3
End-point    : soc/cpu/mem_rdata_q_reg_25_/D

path  38:

           Pin                  Type       Fanout Load Slew Delay Arrival   Location    
                                                  (fF) (ps)  (ps)   (ps)       (x,   y) 
----------------------------------------------------------------------------------------
(clock flash_clk)            launch                                     0 R             
(et4351.sdc_line_68_2_1)     ext delay                      +9000    9000 F             
flash_io2                    inout port         2 59.3    0    +0    9000 F             
flash_bufs_2_/io 
flash_bufs_2_/soc_i 
soc/flash_io2_di 
  g2850/A1                                                     +0    9000               
  g2850/Y                    AO22X1LVT          1  4.3   54  +139    9139 F             
  g2795/C0                                                     +0    9139               
  g2795/Y                    AOI221X1LVT        1  4.4  169  +115    9254 R             
  g2761/B                                                      +0    9254               
  g2761/Y                    NAND2X1LVT         2  6.3  158  +148    9401 F             
  cpu/mem_rdata[2] 
    g115757/A1N                                                +0    9401               
    g115757/Y                OAI2BB1X1LVT       2  6.5  152  +136    9537 F             
    g115232/A1                                                 +0    9537               
    g115232/Y                AOI22X1LVT         1  4.2  123  +117    9654 R             
    g114843/B0                                                 +0    9654               
    g114843/Y                OA21X1LVT          9 23.2  237  +212    9866 R             
    g114684/A                                                  +0    9866               
    g114684/Y                INVX1LVT           5 13.2  180  +174   10040 F             
    g113666/C                                                  +0   10040               
    g113666/Y                OR4X1LVT           5 13.2  157  +213   10254 F             
    g113281/B                                                  +0   10254               
    g113281/Y                NOR2X1LVT          3  8.9  194  +161   10415 R             
    g113197/A                                                  +0   10415               
    g113197/Y                INVX1LVT           7 17.3  217  +182   10597 F             
    g111313/A0                                                 +0   10597               
    g111313/Y                AOI21X1LVT         1  4.2  117  +133   10729 R             
    g110639/D                                                  +0   10729               
    g110639/Y                OR4X1LVT           1  4.2   48   +80   10809 R             
    g110530/A1N                                                +0   10809               
    g110530/Y                AOI2BB1X1LVT       2  6.3  141  +104   10914 R             
    g110448/C0                                                 +0   10914               
    g110448/Y                AOI211XLLVT        1  4.1  204  +112   11026 F             
    g110387/A1                                                 +0   11026               
    g110387/Y                OA21X2LVT         13 31.8  185  +213   11238 F             
    g110331/B                                                  +0   11238               
    g110331/Y                NOR2X1LVT          2  6.7  156  +147   11385 R             
    g110244/B                                                  +0   11385               
    g110244/Y                NAND2X1LVT         3  8.6  204  +169   11555 F             
    g109946/B                                                  +0   11555               
    g109946/Y                AND2X1LVT          2  6.5   75  +111   11665 F             
    g109654/B                                                  +0   11665               
    g109654/Y                NAND2X1LVT         1  4.4   82   +57   11722 R             
    g109581/A                                                  +0   11722               
    g109581/Y                NOR2X1LVT          1  4.3   68   +66   11789 F             
    g109458/B                                                  +0   11789               
    g109458/Y                NAND2X1LVT         1  4.4   93   +54   11843 R             
    g109295/D                                                  +0   11843               
    g109295/Y                NOR4X1LVT          1  4.3   88   +69   11912 F             
    g109223/C0                                                 +0   11912               
    g109223/Y                AOI221X1LVT        1  4.4  168  +127   12038 R             
    g109212/C0                                                 +0   12038               
    g109212/Y                OAI221X1LVT        1  4.1  187  +176   12214 F             
    g109197/B                                                  +0   12214               
    g109197/Y                OR2X1LVT           1  4.1   51  +103   12317 F             
    mem_rdata_q_reg_26_/D    DFFX1LVT                          +0   12317               
    mem_rdata_q_reg_26_/CK   setup                        0   +34   12351 R             
- - - - - - - - - - - - - - - - - - - - - - - - - - - - - - - - - - - - - - - - - - - - 
(clock clk)                  capture                                16000 R             
                             uncertainty                     -250   15750 R             
----------------------------------------------------------------------------------------
Cost Group   : 'clk' (path_group 'clk')
Timing slack :    3399ps 
Start-point  : flash_io2
End-point    : soc/cpu/mem_rdata_q_reg_26_/D

path  39:

           Pin                  Type       Fanout Load Slew Delay Arrival   Location    
                                                  (fF) (ps)  (ps)   (ps)       (x,   y) 
----------------------------------------------------------------------------------------
(clock flash_clk)            launch                                     0 R             
(et4351.sdc_line_68_2_1)     ext delay                      +9000    9000 F             
flash_io2                    inout port         2 59.3    0    +0    9000 F             
flash_bufs_2_/io 
flash_bufs_2_/soc_i 
soc/flash_io2_di 
  g2850/A1                                                     +0    9000               
  g2850/Y                    AO22X1LVT          1  4.3   54  +139    9139 F             
  g2795/C0                                                     +0    9139               
  g2795/Y                    AOI221X1LVT        1  4.4  169  +115    9254 R             
  g2761/B                                                      +0    9254               
  g2761/Y                    NAND2X1LVT         2  6.3  158  +148    9401 F             
  cpu/mem_rdata[2] 
    g115757/A1N                                                +0    9401               
    g115757/Y                OAI2BB1X1LVT       2  6.5  152  +136    9537 F             
    g115232/A1                                                 +0    9537               
    g115232/Y                AOI22X1LVT         1  4.2  123  +117    9654 R             
    g114843/B0                                                 +0    9654               
    g114843/Y                OA21X1LVT          9 23.2  237  +212    9866 R             
    g114684/A                                                  +0    9866               
    g114684/Y                INVX1LVT           5 13.2  180  +174   10040 F             
    g113666/C                                                  +0   10040               
    g113666/Y                OR4X1LVT           5 13.2  157  +213   10254 F             
    g113264/B                                                  +0   10254               
    g113264/Y                NAND2X1LVT         2  6.5  101   +99   10353 R             
    g113094/B                                                  +0   10353               
    g113094/Y                NOR2X1LVT          5 12.8  175  +120   10473 F             
    g110639/B                                                  +0   10473               
    g110639/Y                OR4X1LVT           1  4.1   60  +166   10639 F             
    g110530/A1N                                                +0   10639               
    g110530/Y                AOI2BB1X1LVT       2  6.1   90   +87   10726 F             
    g110448/C0                                                 +0   10726               
    g110448/Y                AOI211XLLVT        1  4.2  240  +172   10898 R             
    g110387/A1                                                 +0   10898               
    g110387/Y                OA21X2LVT         13 33.2  179  +223   11121 R             
    g110366/A                                                  +0   11121               
    g110366/Y                INVX1LVT           5 13.2  171  +152   11273 F             
    g110293/A                                                  +0   11273               
    g110293/Y                AND2X1LVT          5 12.6  140  +134   11406 F             
    g110246/AN                                                 +0   11406               
    g110246/Y                NOR2BX1LVT         3  8.4  113  +102   11508 F             
    g109648/AN                                                 +0   11508               
    g109648/Y                NAND3BX1LVT        2  6.3  230  +175   11684 F             
    g109416/B                                                  +0   11684               
    g109416/Y                NOR2X1LVT          1  4.4  118  +138   11822 R             
    g109325/C                                                  +0   11822               
    g109325/Y                NAND3X1LVT         1  4.3  165  +137   11959 F             
    g109241/C                                                  +0   11959               
    g109241/Y                NOR3BX1LVT         1  4.4  157  +141   12100 R             
    g109213/C0                                                 +0   12100               
    g109213/Y                AOI221X1LVT        1  4.3  142   +93   12193 F             
    g109202/C0                                                 +0   12193               
    g109202/Y                OAI221X1LVT        1  4.3  144   +83   12276 R             
    mem_rdata_q_reg_28_/D    DFFHQX1LVT                        +0   12276               
    mem_rdata_q_reg_28_/CK   setup                        0   +73   12349 R             
- - - - - - - - - - - - - - - - - - - - - - - - - - - - - - - - - - - - - - - - - - - - 
(clock clk)                  capture                                16000 R             
                             uncertainty                     -250   15750 R             
----------------------------------------------------------------------------------------
Cost Group   : 'clk' (path_group 'clk')
Timing slack :    3401ps 
Start-point  : flash_io2
End-point    : soc/cpu/mem_rdata_q_reg_28_/D

path  40:

           Pin                  Type       Fanout Load Slew Delay Arrival   Location    
                                                  (fF) (ps)  (ps)   (ps)       (x,   y) 
----------------------------------------------------------------------------------------
(clock flash_clk)            launch                                     0 R             
(et4351.sdc_line_68_2_1)     ext delay                      +9000    9000 F             
flash_io2                    inout port         2 59.3    0    +0    9000 F             
flash_bufs_2_/io 
flash_bufs_2_/soc_i 
soc/flash_io2_di 
  g2850/A1                                                     +0    9000               
  g2850/Y                    AO22X1LVT          1  4.3   54  +139    9139 F             
  g2795/C0                                                     +0    9139               
  g2795/Y                    AOI221X1LVT        1  4.4  169  +115    9254 R             
  g2761/B                                                      +0    9254               
  g2761/Y                    NAND2X1LVT         2  6.3  158  +148    9401 F             
  cpu/mem_rdata[2] 
    g115757/A1N                                                +0    9401               
    g115757/Y                OAI2BB1X1LVT       2  6.5  152  +136    9537 F             
    g115232/A1                                                 +0    9537               
    g115232/Y                AOI22X1LVT         1  4.2  123  +117    9654 R             
    g114843/B0                                                 +0    9654               
    g114843/Y                OA21X1LVT          9 23.2  237  +212    9866 R             
    g114684/A                                                  +0    9866               
    g114684/Y                INVX1LVT           5 13.2  180  +174   10040 F             
    g113666/C                                                  +0   10040               
    g113666/Y                OR4X1LVT           5 13.2  157  +213   10254 F             
    g113164/C                                                  +0   10254               
    g113164/Y                OR3X1LVT           4 11.3  132  +160   10413 F             
    g112960/B0                                                 +0   10413               
    g112960/Y                OAI2BB1X1LVT       1  4.4   71   +80   10494 R             
    g111313/A1                                                 +0   10494               
    g111313/Y                AOI21X1LVT         1  4.1  116   +94   10588 F             
    g110639/D                                                  +0   10588               
    g110639/Y                OR4X1LVT           1  4.1   60  +129   10716 F             
    g110530/A1N                                                +0   10716               
    g110530/Y                AOI2BB1X1LVT       2  6.1   90   +87   10803 F             
    g110448/C0                                                 +0   10803               
    g110448/Y                AOI211XLLVT        1  4.2  240  +172   10975 R             
    g110387/A1                                                 +0   10975               
    g110387/Y                OA21X2LVT         13 33.2  179  +223   11198 R             
    g110366/A                                                  +0   11198               
    g110366/Y                INVX1LVT           5 13.2  171  +152   11350 F             
    g110293/A                                                  +0   11350               
    g110293/Y                AND2X1LVT          5 12.6  140  +134   11484 F             
    g109659/A1N                                                +0   11484               
    g109659/Y                OAI2BB1X1LVT       3  8.6  198  +157   11640 F             
    g109581/B                                                  +0   11640               
    g109581/Y                NOR2X1LVT          1  4.4  114  +127   11767 R             
    g109458/B                                                  +0   11767               
    g109458/Y                NAND2X1LVT         1  4.3  117  +104   11871 F             
    g109295/D                                                  +0   11871               
    g109295/Y                NOR4X1LVT          1  4.4  207  +151   12022 R             
    g109223/C0                                                 +0   12022               
    g109223/Y                AOI221X1LVT        1  4.3  145  +112   12134 F             
    g109212/C0                                                 +0   12134               
    g109212/Y                OAI221X1LVT        1  4.2  136   +83   12217 R             
    g109197/B                                                  +0   12217               
    g109197/Y                OR2X1LVT           1  4.2   47   +79   12296 R             
    mem_rdata_q_reg_26_/D    DFFX1LVT                          +0   12296               
    mem_rdata_q_reg_26_/CK   setup                        0   +50   12347 R             
- - - - - - - - - - - - - - - - - - - - - - - - - - - - - - - - - - - - - - - - - - - - 
(clock clk)                  capture                                16000 R             
                             uncertainty                     -250   15750 R             
----------------------------------------------------------------------------------------
Cost Group   : 'clk' (path_group 'clk')
Timing slack :    3403ps 
Start-point  : flash_io2
End-point    : soc/cpu/mem_rdata_q_reg_26_/D

path  41:

           Pin                  Type       Fanout Load Slew Delay Arrival   Location    
                                                  (fF) (ps)  (ps)   (ps)       (x,   y) 
----------------------------------------------------------------------------------------
(clock flash_clk)            launch                                     0 R             
(et4351.sdc_line_68_2_1)     ext delay                      +9000    9000 F             
flash_io2                    inout port         2 59.3    0    +0    9000 F             
flash_bufs_2_/io 
flash_bufs_2_/soc_i 
soc/flash_io2_di 
  g2850/A1                                                     +0    9000               
  g2850/Y                    AO22X1LVT          1  4.3   54  +139    9139 F             
  g2795/C0                                                     +0    9139               
  g2795/Y                    AOI221X1LVT        1  4.4  169  +115    9254 R             
  g2761/B                                                      +0    9254               
  g2761/Y                    NAND2X1LVT         2  6.3  158  +148    9401 F             
  cpu/mem_rdata[2] 
    g115757/A1N                                                +0    9401               
    g115757/Y                OAI2BB1X1LVT       2  6.5  152  +136    9537 F             
    g115232/A1                                                 +0    9537               
    g115232/Y                AOI22X1LVT         1  4.2  123  +117    9654 R             
    g114843/B0                                                 +0    9654               
    g114843/Y                OA21X1LVT          9 23.2  237  +212    9866 R             
    g114684/A                                                  +0    9866               
    g114684/Y                INVX1LVT           5 13.2  180  +174   10040 F             
    g113666/C                                                  +0   10040               
    g113666/Y                OR4X1LVT           5 13.2  157  +213   10254 F             
    g113277/B                                                  +0   10254               
    g113277/Y                NAND2X1LVT         4 10.9  156  +123   10377 R             
    g112960/A1N                                                +0   10377               
    g112960/Y                OAI2BB1X1LVT       1  4.4   71  +107   10484 R             
    g111313/A1                                                 +0   10484               
    g111313/Y                AOI21X1LVT         1  4.1  116   +94   10578 F             
    g110639/D                                                  +0   10578               
    g110639/Y                OR4X1LVT           1  4.1   60  +129   10706 F             
    g110530/A1N                                                +0   10706               
    g110530/Y                AOI2BB1X1LVT       2  6.1   90   +87   10793 F             
    g110448/C0                                                 +0   10793               
    g110448/Y                AOI211XLLVT        1  4.2  240  +172   10965 R             
    g110387/A1                                                 +0   10965               
    g110387/Y                OA21X2LVT         13 33.2  179  +223   11188 R             
    g110334/B                                                  +0   11188               
    g110334/Y                NOR2X2LVT          7 17.3  131  +116   11304 F             
    g110248/A                                                  +0   11304               
    g110248/Y                AND2X1LVT          4 11.3  127  +117   11422 F             
    g109953/B0                                                 +0   11422               
    g109953/Y                OAI31X2LVT         3  9.1  166   +70   11492 R             
    g109648/C                                                  +0   11492               
    g109648/Y                NAND3BX1LVT        2  6.3  230  +189   11681 F             
    g109416/B                                                  +0   11681               
    g109416/Y                NOR2X1LVT          1  4.4  118  +138   11819 R             
    g109325/C                                                  +0   11819               
    g109325/Y                NAND3X1LVT         1  4.3  165  +137   11956 F             
    g109241/C                                                  +0   11956               
    g109241/Y                NOR3BX1LVT         1  4.4  157  +141   12097 R             
    g109213/C0                                                 +0   12097               
    g109213/Y                AOI221X1LVT        1  4.3  142   +93   12190 F             
    g109202/C0                                                 +0   12190               
    g109202/Y                OAI221X1LVT        1  4.3  144   +83   12273 R             
    mem_rdata_q_reg_28_/D    DFFHQX1LVT                        +0   12273               
    mem_rdata_q_reg_28_/CK   setup                        0   +73   12346 R             
- - - - - - - - - - - - - - - - - - - - - - - - - - - - - - - - - - - - - - - - - - - - 
(clock clk)                  capture                                16000 R             
                             uncertainty                     -250   15750 R             
----------------------------------------------------------------------------------------
Cost Group   : 'clk' (path_group 'clk')
Timing slack :    3404ps 
Start-point  : flash_io2
End-point    : soc/cpu/mem_rdata_q_reg_28_/D

path  42:

           Pin                  Type       Fanout Load Slew Delay Arrival   Location    
                                                  (fF) (ps)  (ps)   (ps)       (x,   y) 
----------------------------------------------------------------------------------------
(clock flash_clk)            launch                                     0 R             
(et4351.sdc_line_68_2_1)     ext delay                      +9000    9000 F             
flash_io2                    inout port         2 59.3    0    +0    9000 F             
flash_bufs_2_/io 
flash_bufs_2_/soc_i 
soc/flash_io2_di 
  g2850/A1                                                     +0    9000               
  g2850/Y                    AO22X1LVT          1  4.3   54  +139    9139 F             
  g2795/C0                                                     +0    9139               
  g2795/Y                    AOI221X1LVT        1  4.4  169  +115    9254 R             
  g2761/B                                                      +0    9254               
  g2761/Y                    NAND2X1LVT         2  6.3  158  +148    9401 F             
  cpu/mem_rdata[2] 
    g115757/A1N                                                +0    9401               
    g115757/Y                OAI2BB1X1LVT       2  6.5  152  +136    9537 F             
    g115232/A1                                                 +0    9537               
    g115232/Y                AOI22X1LVT         1  4.2  123  +117    9654 R             
    g114843/B0                                                 +0    9654               
    g114843/Y                OA21X1LVT          9 23.2  237  +212    9866 R             
    g114684/A                                                  +0    9866               
    g114684/Y                INVX1LVT           5 13.2  180  +174   10040 F             
    g113666/C                                                  +0   10040               
    g113666/Y                OR4X1LVT           5 13.2  157  +213   10254 F             
    g113264/B                                                  +0   10254               
    g113264/Y                NAND2X1LVT         2  6.5  101   +99   10353 R             
    g113094/B                                                  +0   10353               
    g113094/Y                NOR2X1LVT          5 12.8  175  +120   10473 F             
    g110639/B                                                  +0   10473               
    g110639/Y                OR4X1LVT           1  4.1   60  +166   10639 F             
    g110530/A1N                                                +0   10639               
    g110530/Y                AOI2BB1X1LVT       2  6.1   90   +87   10726 F             
    g110448/C0                                                 +0   10726               
    g110448/Y                AOI211XLLVT        1  4.2  240  +172   10898 R             
    g110387/A1                                                 +0   10898               
    g110387/Y                OA21X2LVT         13 33.2  179  +223   11121 R             
    g110366/A                                                  +0   11121               
    g110366/Y                INVX1LVT           5 13.2  171  +152   11273 F             
    g110293/A                                                  +0   11273               
    g110293/Y                AND2X1LVT          5 12.6  140  +134   11406 F             
    g110245/B                                                  +0   11406               
    g110245/Y                NAND2X1LVT         3  8.9  115  +106   11512 R             
    g109949/B                                                  +0   11512               
    g109949/Y                AND2X1LVT          2  6.7   73  +110   11622 R             
    g109462/D                                                  +0   11622               
    g109462/Y                NAND4BX1LVT        1  4.3  220  +156   11778 F             
    g109296/D                                                  +0   11778               
    g109296/Y                NOR4X1LVT          1  4.4  212  +186   11964 R             
    g109214/B1                                                 +0   11964               
    g109214/Y                AOI222X1LVT        1  4.3  161  +161   12125 F             
    g109203/C0                                                 +0   12125               
    g109203/Y                OAI221X1LVT        1  4.2  134   +89   12215 R             
    g109193/B                                                  +0   12215               
    g109193/Y                OR2X1LVT           1  4.2   47   +78   12293 R             
    mem_rdata_q_reg_27_/D    DFFX1LVT                          +0   12293               
    mem_rdata_q_reg_27_/CK   setup                        0   +50   12344 R             
- - - - - - - - - - - - - - - - - - - - - - - - - - - - - - - - - - - - - - - - - - - - 
(clock clk)                  capture                                16000 R             
                             uncertainty                     -250   15750 R             
----------------------------------------------------------------------------------------
Cost Group   : 'clk' (path_group 'clk')
Timing slack :    3406ps 
Start-point  : flash_io2
End-point    : soc/cpu/mem_rdata_q_reg_27_/D

path  43:

           Pin                  Type       Fanout Load Slew Delay Arrival   Location    
                                                  (fF) (ps)  (ps)   (ps)       (x,   y) 
----------------------------------------------------------------------------------------
(clock flash_clk)            launch                                     0 R             
(et4351.sdc_line_68_2_1)     ext delay                      +9000    9000 F             
flash_io2                    inout port         2 59.3    0    +0    9000 F             
flash_bufs_2_/io 
flash_bufs_2_/soc_i 
soc/flash_io2_di 
  g2850/A1                                                     +0    9000               
  g2850/Y                    AO22X1LVT          1  4.3   54  +139    9139 F             
  g2795/C0                                                     +0    9139               
  g2795/Y                    AOI221X1LVT        1  4.4  169  +115    9254 R             
  g2761/B                                                      +0    9254               
  g2761/Y                    NAND2X1LVT         2  6.3  158  +148    9401 F             
  cpu/mem_rdata[2] 
    g115757/A1N                                                +0    9401               
    g115757/Y                OAI2BB1X1LVT       2  6.5  152  +136    9537 F             
    g115232/A1                                                 +0    9537               
    g115232/Y                AOI22X1LVT         1  4.2  123  +117    9654 R             
    g114843/B0                                                 +0    9654               
    g114843/Y                OA21X1LVT          9 23.2  237  +212    9866 R             
    g114684/A                                                  +0    9866               
    g114684/Y                INVX1LVT           5 13.2  180  +174   10040 F             
    g113666/C                                                  +0   10040               
    g113666/Y                OR4X1LVT           5 13.2  157  +213   10254 F             
    g113277/B                                                  +0   10254               
    g113277/Y                NAND2X1LVT         4 10.9  156  +123   10377 R             
    g112960/A1N                                                +0   10377               
    g112960/Y                OAI2BB1X1LVT       1  4.4   71  +107   10484 R             
    g111313/A1                                                 +0   10484               
    g111313/Y                AOI21X1LVT         1  4.1  116   +94   10578 F             
    g110639/D                                                  +0   10578               
    g110639/Y                OR4X1LVT           1  4.1   60  +129   10706 F             
    g110530/A1N                                                +0   10706               
    g110530/Y                AOI2BB1X1LVT       2  6.1   90   +87   10793 F             
    g110448/C0                                                 +0   10793               
    g110448/Y                AOI211XLLVT        1  4.2  240  +172   10965 R             
    g110387/A1                                                 +0   10965               
    g110387/Y                OA21X2LVT         13 33.2  179  +223   11188 R             
    g110366/A                                                  +0   11188               
    g110366/Y                INVX1LVT           5 13.2  171  +152   11340 F             
    g110293/A                                                  +0   11340               
    g110293/Y                AND2X1LVT          5 12.6  140  +134   11474 F             
    g109659/A1N                                                +0   11474               
    g109659/Y                OAI2BB1X1LVT       3  8.6  198  +157   11631 F             
    g109581/B                                                  +0   11631               
    g109581/Y                NOR2X1LVT          1  4.4  114  +127   11758 R             
    g109458/B                                                  +0   11758               
    g109458/Y                NAND2X1LVT         1  4.3  117  +104   11861 F             
    g109295/D                                                  +0   11861               
    g109295/Y                NOR4X1LVT          1  4.4  207  +151   12012 R             
    g109223/C0                                                 +0   12012               
    g109223/Y                AOI221X1LVT        1  4.3  145  +112   12124 F             
    g109212/C0                                                 +0   12124               
    g109212/Y                OAI221X1LVT        1  4.2  136   +83   12208 R             
    g109197/B                                                  +0   12208               
    g109197/Y                OR2X1LVT           1  4.2   47   +79   12286 R             
    mem_rdata_q_reg_26_/D    DFFX1LVT                          +0   12286               
    mem_rdata_q_reg_26_/CK   setup                        0   +50   12337 R             
- - - - - - - - - - - - - - - - - - - - - - - - - - - - - - - - - - - - - - - - - - - - 
(clock clk)                  capture                                16000 R             
                             uncertainty                     -250   15750 R             
----------------------------------------------------------------------------------------
Cost Group   : 'clk' (path_group 'clk')
Timing slack :    3413ps 
Start-point  : flash_io2
End-point    : soc/cpu/mem_rdata_q_reg_26_/D

path  44:

           Pin                  Type       Fanout Load Slew Delay Arrival   Location    
                                                  (fF) (ps)  (ps)   (ps)       (x,   y) 
----------------------------------------------------------------------------------------
(clock flash_clk)            launch                                     0 R             
(et4351.sdc_line_68_3_1)     ext delay                      +9000    9000 F             
flash_io3                    inout port         2 59.5    0    +0    9000 F             
flash_bufs_3_/io 
flash_bufs_3_/soc_i 
soc/flash_io3_di 
  g2831/B1                                                     +0    9000               
  g2831/Y                    AOI22X1LVT         1  4.4  130  +143    9143 R             
  g2760/B                                                      +0    9143               
  g2760/Y                    NAND2X1LVT         2  6.3  154  +133    9276 F             
  cpu/mem_rdata[3] 
    g115760/A1N                                                +0    9276               
    g115760/Y                OAI2BB1X1LVT       2  6.5  152  +135    9411 F             
    g115233/A1                                                 +0    9411               
    g115233/Y                AOI22X1LVT         1  4.2  123  +117    9528 R             
    g114847/B0                                                 +0    9528               
    g114847/Y                OA21X1LVT          9 22.8  233  +210    9738 R             
    g114688/A                                                  +0    9738               
    g114688/Y                INVX1LVT           7 17.5  224  +198    9936 F             
    g113666/D                                                  +0    9936               
    g113666/Y                OR4X1LVT           5 13.2  157  +209   10145 F             
    g113164/C                                                  +0   10145               
    g113164/Y                OR3X1LVT           4 11.3  132  +160   10305 F             
    g112960/B0                                                 +0   10305               
    g112960/Y                OAI2BB1X1LVT       1  4.4   71   +80   10385 R             
    g111313/A1                                                 +0   10385               
    g111313/Y                AOI21X1LVT         1  4.1  116   +94   10479 F             
    g110639/D                                                  +0   10479               
    g110639/Y                OR4X1LVT           1  4.1   60  +129   10608 F             
    g110530/A1N                                                +0   10608               
    g110530/Y                AOI2BB1X1LVT       2  6.1   90   +87   10695 F             
    g110448/C0                                                 +0   10695               
    g110448/Y                AOI211XLLVT        1  4.2  240  +172   10867 R             
    g110387/A1                                                 +0   10867               
    g110387/Y                OA21X2LVT         13 33.2  179  +223   11090 R             
    g110334/B                                                  +0   11090               
    g110334/Y                NOR2X2LVT          7 17.3  131  +116   11206 F             
    g110248/A                                                  +0   11206               
    g110248/Y                AND2X1LVT          4 11.3  127  +117   11323 F             
    g109953/B0                                                 +0   11323               
    g109953/Y                OAI31X2LVT         3  9.1  166   +70   11393 R             
    g109659/B0                                                 +0   11393               
    g109659/Y                OAI2BB1X1LVT       3  8.6  198  +171   11564 F             
    g109462/AN                                                 +0   11564               
    g109462/Y                NAND4BX1LVT        1  4.3  220  +202   11766 F             
    g109296/D                                                  +0   11766               
    g109296/Y                NOR4X1LVT          1  4.4  212  +186   11952 R             
    g109214/B1                                                 +0   11952               
    g109214/Y                AOI222X1LVT        1  4.3  161  +161   12113 F             
    g109203/C0                                                 +0   12113               
    g109203/Y                OAI221X1LVT        1  4.2  134   +89   12202 R             
    g109193/B                                                  +0   12202               
    g109193/Y                OR2X1LVT           1  4.2   47   +78   12281 R             
    mem_rdata_q_reg_27_/D    DFFX1LVT                          +0   12281               
    mem_rdata_q_reg_27_/CK   setup                        0   +50   12332 R             
- - - - - - - - - - - - - - - - - - - - - - - - - - - - - - - - - - - - - - - - - - - - 
(clock clk)                  capture                                16000 R             
                             uncertainty                     -250   15750 R             
----------------------------------------------------------------------------------------
Cost Group   : 'clk' (path_group 'clk')
Timing slack :    3418ps 
Start-point  : flash_io3
End-point    : soc/cpu/mem_rdata_q_reg_27_/D

path  45:

           Pin                  Type       Fanout Load Slew Delay Arrival   Location    
                                                  (fF) (ps)  (ps)   (ps)       (x,   y) 
----------------------------------------------------------------------------------------
(clock flash_clk)            launch                                     0 R             
(et4351.sdc_line_68_2_1)     ext delay                      +9000    9000 F             
flash_io2                    inout port         2 59.3    0    +0    9000 F             
flash_bufs_2_/io 
flash_bufs_2_/soc_i 
soc/flash_io2_di 
  g2850/A1                                                     +0    9000               
  g2850/Y                    AO22X1LVT          1  4.3   54  +139    9139 F             
  g2795/C0                                                     +0    9139               
  g2795/Y                    AOI221X1LVT        1  4.4  169  +115    9254 R             
  g2761/B                                                      +0    9254               
  g2761/Y                    NAND2X1LVT         2  6.3  158  +148    9401 F             
  cpu/mem_rdata[2] 
    g115757/A1N                                                +0    9401               
    g115757/Y                OAI2BB1X1LVT       2  6.5  152  +136    9537 F             
    g115232/A1                                                 +0    9537               
    g115232/Y                AOI22X1LVT         1  4.2  123  +117    9654 R             
    g114843/B0                                                 +0    9654               
    g114843/Y                OA21X1LVT          9 23.2  237  +212    9866 R             
    g114684/A                                                  +0    9866               
    g114684/Y                INVX1LVT           5 13.2  180  +174   10040 F             
    g113666/C                                                  +0   10040               
    g113666/Y                OR4X1LVT           5 13.2  157  +213   10254 F             
    g113264/B                                                  +0   10254               
    g113264/Y                NAND2X1LVT         2  6.5  101   +99   10353 R             
    g113094/B                                                  +0   10353               
    g113094/Y                NOR2X1LVT          5 12.8  175  +120   10473 F             
    g110639/B                                                  +0   10473               
    g110639/Y                OR4X1LVT           1  4.1   60  +166   10639 F             
    g110530/A1N                                                +0   10639               
    g110530/Y                AOI2BB1X1LVT       2  6.1   90   +87   10726 F             
    g110448/C0                                                 +0   10726               
    g110448/Y                AOI211XLLVT        1  4.2  240  +172   10898 R             
    g110387/A1                                                 +0   10898               
    g110387/Y                OA21X2LVT         13 33.2  179  +223   11121 R             
    g110366/A                                                  +0   11121               
    g110366/Y                INVX1LVT           5 13.2  171  +152   11273 F             
    g110293/A                                                  +0   11273               
    g110293/Y                AND2X1LVT          5 12.6  140  +134   11406 F             
    g109659/A1N                                                +0   11406               
    g109659/Y                OAI2BB1X1LVT       3  8.6  198  +157   11563 F             
    g109462/AN                                                 +0   11563               
    g109462/Y                NAND4BX1LVT        1  4.3  220  +202   11765 F             
    g109296/D                                                  +0   11765               
    g109296/Y                NOR4X1LVT          1  4.4  212  +186   11951 R             
    g109214/B1                                                 +0   11951               
    g109214/Y                AOI222X1LVT        1  4.3  161  +161   12113 F             
    g109203/C0                                                 +0   12113               
    g109203/Y                OAI221X1LVT        1  4.2  134   +89   12202 R             
    g109193/B                                                  +0   12202               
    g109193/Y                OR2X1LVT           1  4.2   47   +78   12280 R             
    mem_rdata_q_reg_27_/D    DFFX1LVT                          +0   12280               
    mem_rdata_q_reg_27_/CK   setup                        0   +50   12331 R             
- - - - - - - - - - - - - - - - - - - - - - - - - - - - - - - - - - - - - - - - - - - - 
(clock clk)                  capture                                16000 R             
                             uncertainty                     -250   15750 R             
----------------------------------------------------------------------------------------
Cost Group   : 'clk' (path_group 'clk')
Timing slack :    3419ps 
Start-point  : flash_io2
End-point    : soc/cpu/mem_rdata_q_reg_27_/D

path  46:

           Pin                  Type       Fanout Load Slew Delay Arrival   Location    
                                                  (fF) (ps)  (ps)   (ps)       (x,   y) 
----------------------------------------------------------------------------------------
(clock flash_clk)            launch                                     0 R             
(et4351.sdc_line_68_3_1)     ext delay                      +9000    9000 F             
flash_io3                    inout port         2 59.5    0    +0    9000 F             
flash_bufs_3_/io 
flash_bufs_3_/soc_i 
soc/flash_io3_di 
  g2831/B1                                                     +0    9000               
  g2831/Y                    AOI22X1LVT         1  4.4  130  +143    9143 R             
  g2760/B                                                      +0    9143               
  g2760/Y                    NAND2X1LVT         2  6.3  154  +133    9276 F             
  cpu/mem_rdata[3] 
    g115760/A1N                                                +0    9276               
    g115760/Y                OAI2BB1X1LVT       2  6.5  152  +135    9411 F             
    g115233/A1                                                 +0    9411               
    g115233/Y                AOI22X1LVT         1  4.2  123  +117    9528 R             
    g114847/B0                                                 +0    9528               
    g114847/Y                OA21X1LVT          9 22.8  233  +210    9738 R             
    g114688/A                                                  +0    9738               
    g114688/Y                INVX1LVT           7 17.5  224  +198    9936 F             
    g113666/D                                                  +0    9936               
    g113666/Y                OR4X1LVT           5 13.2  157  +209   10145 F             
    g113281/B                                                  +0   10145               
    g113281/Y                NOR2X1LVT          3  8.9  194  +161   10306 R             
    g113197/A                                                  +0   10306               
    g113197/Y                INVX1LVT           7 17.3  217  +182   10488 F             
    g111313/A0                                                 +0   10488               
    g111313/Y                AOI21X1LVT         1  4.2  117  +133   10621 R             
    g110639/D                                                  +0   10621               
    g110639/Y                OR4X1LVT           1  4.2   48   +80   10701 R             
    g110530/A1N                                                +0   10701               
    g110530/Y                AOI2BB1X1LVT       2  6.3  141  +104   10805 R             
    g110448/C0                                                 +0   10805               
    g110448/Y                AOI211XLLVT        1  4.1  204  +112   10917 F             
    g110387/A1                                                 +0   10917               
    g110387/Y                OA21X2LVT         13 31.8  185  +213   11130 F             
    g110366/A                                                  +0   11130               
    g110366/Y                INVX1LVT           5 13.7  167  +147   11277 R             
    g110293/A                                                  +0   11277               
    g110293/Y                AND2X1LVT          5 13.1  137  +156   11433 R             
    g110245/B                                                  +0   11433               
    g110245/Y                NAND2X1LVT         3  8.6  201  +162   11595 F             
    g109654/A                                                  +0   11595               
    g109654/Y                NAND2X1LVT         1  4.4   82  +106   11701 R             
    g109581/A                                                  +0   11701               
    g109581/Y                NOR2X1LVT          1  4.3   68   +66   11767 F             
    g109458/B                                                  +0   11767               
    g109458/Y                NAND2X1LVT         1  4.4   93   +54   11822 R             
    g109295/D                                                  +0   11822               
    g109295/Y                NOR4X1LVT          1  4.3   88   +69   11890 F             
    g109223/C0                                                 +0   11890               
    g109223/Y                AOI221X1LVT        1  4.4  168  +127   12017 R             
    g109212/C0                                                 +0   12017               
    g109212/Y                OAI221X1LVT        1  4.1  187  +176   12193 F             
    g109197/B                                                  +0   12193               
    g109197/Y                OR2X1LVT           1  4.1   51  +103   12295 F             
    mem_rdata_q_reg_26_/D    DFFX1LVT                          +0   12295               
    mem_rdata_q_reg_26_/CK   setup                        0   +34   12330 R             
- - - - - - - - - - - - - - - - - - - - - - - - - - - - - - - - - - - - - - - - - - - - 
(clock clk)                  capture                                16000 R             
                             uncertainty                     -250   15750 R             
----------------------------------------------------------------------------------------
Cost Group   : 'clk' (path_group 'clk')
Timing slack :    3420ps 
Start-point  : flash_io3
End-point    : soc/cpu/mem_rdata_q_reg_26_/D

path  47:

           Pin                  Type       Fanout Load Slew Delay Arrival   Location    
                                                  (fF) (ps)  (ps)   (ps)       (x,   y) 
----------------------------------------------------------------------------------------
(clock flash_clk)            launch                                     0 R             
(et4351.sdc_line_68_3_1)     ext delay                      +9000    9000 F             
flash_io3                    inout port         2 59.5    0    +0    9000 F             
flash_bufs_3_/io 
flash_bufs_3_/soc_i 
soc/flash_io3_di 
  g2831/B1                                                     +0    9000               
  g2831/Y                    AOI22X1LVT         1  4.4  130  +143    9143 R             
  g2760/B                                                      +0    9143               
  g2760/Y                    NAND2X1LVT         2  6.3  154  +133    9276 F             
  cpu/mem_rdata[3] 
    g115760/A1N                                                +0    9276               
    g115760/Y                OAI2BB1X1LVT       2  6.5  152  +135    9411 F             
    g115233/A1                                                 +0    9411               
    g115233/Y                AOI22X1LVT         1  4.2  123  +117    9528 R             
    g114847/B0                                                 +0    9528               
    g114847/Y                OA21X1LVT          9 22.8  233  +210    9738 R             
    g114688/A                                                  +0    9738               
    g114688/Y                INVX1LVT           7 17.5  224  +198    9936 F             
    g113666/D                                                  +0    9936               
    g113666/Y                OR4X1LVT           5 13.2  157  +209   10145 F             
    g113281/B                                                  +0   10145               
    g113281/Y                NOR2X1LVT          3  8.9  194  +161   10306 R             
    g113197/A                                                  +0   10306               
    g113197/Y                INVX1LVT           7 17.3  217  +182   10488 F             
    g111313/A0                                                 +0   10488               
    g111313/Y                AOI21X1LVT         1  4.2  117  +133   10621 R             
    g110639/D                                                  +0   10621               
    g110639/Y                OR4X1LVT           1  4.2   48   +80   10701 R             
    g110530/A1N                                                +0   10701               
    g110530/Y                AOI2BB1X1LVT       2  6.3  141  +104   10805 R             
    g110448/C0                                                 +0   10805               
    g110448/Y                AOI211XLLVT        1  4.1  204  +112   10917 F             
    g110387/A1                                                 +0   10917               
    g110387/Y                OA21X2LVT         13 31.8  185  +213   11130 F             
    g110334/B                                                  +0   11130               
    g110334/Y                NOR2X2LVT          7 18.0  206  +165   11295 R             
    g110248/A                                                  +0   11295               
    g110248/Y                AND2X1LVT          4 11.8  124  +159   11454 R             
    g109952/B                                                  +0   11454               
    g109952/Y                NAND2X1LVT         3  8.8  204  +160   11614 F             
    g109666/B0                                                 +0   11614               
    g109666/Y                OAI2BB1X1LVT       4 11.1  148  +144   11758 R             
    g109647/B                                                  +0   11758               
    g109647/Y                OR2X1LVT           2  6.5   70   +94   11852 R             
    g109386/AN                                                 +0   11852               
    g109386/Y                NAND3BXLLVT        1  4.4  115   +80   11932 R             
    g109330/B                                                  +0   11932               
    g109330/Y                NOR2X1LVT          1  4.3   71   +75   12008 F             
    g109242/A1                                                 +0   12008               
    g109242/Y                AOI22X1LVT         1  4.4  126   +94   12101 R             
    g109222/C0                                                 +0   12101               
    g109222/Y                OAI221X1LVT        1  4.1  183  +160   12262 F             
    mem_rdata_q_reg_25_/D    DFFX1LVT                          +0   12262               
    mem_rdata_q_reg_25_/CK   setup                        0   +66   12327 R             
- - - - - - - - - - - - - - - - - - - - - - - - - - - - - - - - - - - - - - - - - - - - 
(clock clk)                  capture                                16000 R             
                             uncertainty                     -250   15750 R             
----------------------------------------------------------------------------------------
Cost Group   : 'clk' (path_group 'clk')
Timing slack :    3423ps 
Start-point  : flash_io3
End-point    : soc/cpu/mem_rdata_q_reg_25_/D

path  48:

           Pin                  Type       Fanout Load Slew Delay Arrival   Location    
                                                  (fF) (ps)  (ps)   (ps)       (x,   y) 
----------------------------------------------------------------------------------------
(clock flash_clk)            launch                                     0 R             
(et4351.sdc_line_68_2_1)     ext delay                      +9000    9000 F             
flash_io2                    inout port         2 59.3    0    +0    9000 F             
flash_bufs_2_/io 
flash_bufs_2_/soc_i 
soc/flash_io2_di 
  g2850/A1                                                     +0    9000               
  g2850/Y                    AO22X1LVT          1  4.3   54  +139    9139 F             
  g2795/C0                                                     +0    9139               
  g2795/Y                    AOI221X1LVT        1  4.4  169  +115    9254 R             
  g2761/B                                                      +0    9254               
  g2761/Y                    NAND2X1LVT         2  6.3  158  +148    9401 F             
  cpu/mem_rdata[2] 
    g115757/A1N                                                +0    9401               
    g115757/Y                OAI2BB1X1LVT       2  6.5  152  +136    9537 F             
    g115232/A1                                                 +0    9537               
    g115232/Y                AOI22X1LVT         1  4.2  123  +117    9654 R             
    g114843/B0                                                 +0    9654               
    g114843/Y                OA21X1LVT          9 23.2  237  +212    9866 R             
    g114684/A                                                  +0    9866               
    g114684/Y                INVX1LVT           5 13.2  180  +174   10040 F             
    g113666/C                                                  +0   10040               
    g113666/Y                OR4X1LVT           5 13.2  157  +213   10254 F             
    g113281/B                                                  +0   10254               
    g113281/Y                NOR2X1LVT          3  8.9  194  +161   10415 R             
    g113197/A                                                  +0   10415               
    g113197/Y                INVX1LVT           7 17.3  217  +182   10597 F             
    g111313/A0                                                 +0   10597               
    g111313/Y                AOI21X1LVT         1  4.2  117  +133   10729 R             
    g110639/D                                                  +0   10729               
    g110639/Y                OR4X1LVT           1  4.2   48   +80   10809 R             
    g110530/A1N                                                +0   10809               
    g110530/Y                AOI2BB1X1LVT       2  6.3  141  +104   10914 R             
    g110448/C0                                                 +0   10914               
    g110448/Y                AOI211XLLVT        1  4.1  204  +112   11026 F             
    g110387/A1                                                 +0   11026               
    g110387/Y                OA21X2LVT         13 31.8  185  +213   11238 F             
    g110334/B                                                  +0   11238               
    g110334/Y                NOR2X2LVT          7 18.0  206  +165   11403 R             
    g110248/A                                                  +0   11403               
    g110248/Y                AND2X1LVT          4 11.8  124  +159   11562 R             
    g109953/B0                                                 +0   11562               
    g109953/Y                OAI31X2LVT         3  8.8  129  +119   11681 F             
    g109648/C                                                  +0   11681               
    g109648/Y                NAND3BX1LVT        2  6.5  104   +90   11771 R             
    g109416/B                                                  +0   11771               
    g109416/Y                NOR2X1LVT          1  4.3   69   +71   11842 F             
    g109325/C                                                  +0   11842               
    g109325/Y                NAND3X1LVT         1  4.4   88   +56   11898 R             
    g109241/C                                                  +0   11898               
    g109241/Y                NOR3BX1LVT         1  4.3   82   +66   11964 F             
    g109213/C0                                                 +0   11964               
    g109213/Y                AOI221X1LVT        1  4.4  166  +124   12089 R             
    g109202/C0                                                 +0   12089               
    g109202/Y                OAI221X1LVT        1  4.2  190  +177   12265 F             
    mem_rdata_q_reg_28_/D    DFFHQX1LVT                        +0   12265               
    mem_rdata_q_reg_28_/CK   setup                        0   +61   12326 R             
- - - - - - - - - - - - - - - - - - - - - - - - - - - - - - - - - - - - - - - - - - - - 
(clock clk)                  capture                                16000 R             
                             uncertainty                     -250   15750 R             
----------------------------------------------------------------------------------------
Cost Group   : 'clk' (path_group 'clk')
Timing slack :    3424ps 
Start-point  : flash_io2
End-point    : soc/cpu/mem_rdata_q_reg_28_/D

path  49:

           Pin                  Type       Fanout Load Slew Delay Arrival   Location    
                                                  (fF) (ps)  (ps)   (ps)       (x,   y) 
----------------------------------------------------------------------------------------
(clock flash_clk)            launch                                     0 R             
(et4351.sdc_line_68_3_1)     ext delay                      +9000    9000 F             
flash_io3                    inout port         2 59.5    0    +0    9000 F             
flash_bufs_3_/io 
flash_bufs_3_/soc_i 
soc/flash_io3_di 
  g2831/B1                                                     +0    9000               
  g2831/Y                    AOI22X1LVT         1  4.4  130  +143    9143 R             
  g2760/B                                                      +0    9143               
  g2760/Y                    NAND2X1LVT         2  6.3  154  +133    9276 F             
  cpu/mem_rdata[3] 
    g115760/A1N                                                +0    9276               
    g115760/Y                OAI2BB1X1LVT       2  6.5  152  +135    9411 F             
    g115233/A1                                                 +0    9411               
    g115233/Y                AOI22X1LVT         1  4.2  123  +117    9528 R             
    g114847/B0                                                 +0    9528               
    g114847/Y                OA21X1LVT          9 22.8  233  +210    9738 R             
    g114688/A                                                  +0    9738               
    g114688/Y                INVX1LVT           7 17.5  224  +198    9936 F             
    g113666/D                                                  +0    9936               
    g113666/Y                OR4X1LVT           5 13.2  157  +209   10145 F             
    g113277/B                                                  +0   10145               
    g113277/Y                NAND2X1LVT         4 10.9  156  +123   10269 R             
    g112960/A1N                                                +0   10269               
    g112960/Y                OAI2BB1X1LVT       1  4.4   71  +107   10375 R             
    g111313/A1                                                 +0   10375               
    g111313/Y                AOI21X1LVT         1  4.1  116   +94   10469 F             
    g110639/D                                                  +0   10469               
    g110639/Y                OR4X1LVT           1  4.1   60  +129   10598 F             
    g110530/A1N                                                +0   10598               
    g110530/Y                AOI2BB1X1LVT       2  6.1   90   +87   10685 F             
    g110448/C0                                                 +0   10685               
    g110448/Y                AOI211XLLVT        1  4.2  240  +172   10857 R             
    g110387/A1                                                 +0   10857               
    g110387/Y                OA21X2LVT         13 33.2  179  +223   11080 R             
    g110334/B                                                  +0   11080               
    g110334/Y                NOR2X2LVT          7 17.3  131  +116   11196 F             
    g110248/A                                                  +0   11196               
    g110248/Y                AND2X1LVT          4 11.3  127  +117   11314 F             
    g109953/B0                                                 +0   11314               
    g109953/Y                OAI31X2LVT         3  9.1  166   +70   11383 R             
    g109659/B0                                                 +0   11383               
    g109659/Y                OAI2BB1X1LVT       3  8.6  198  +171   11554 F             
    g109462/AN                                                 +0   11554               
    g109462/Y                NAND4BX1LVT        1  4.3  220  +202   11756 F             
    g109296/D                                                  +0   11756               
    g109296/Y                NOR4X1LVT          1  4.4  212  +186   11942 R             
    g109214/B1                                                 +0   11942               
    g109214/Y                AOI222X1LVT        1  4.3  161  +161   12103 F             
    g109203/C0                                                 +0   12103               
    g109203/Y                OAI221X1LVT        1  4.2  134   +89   12193 R             
    g109193/B                                                  +0   12193               
    g109193/Y                OR2X1LVT           1  4.2   47   +78   12271 R             
    mem_rdata_q_reg_27_/D    DFFX1LVT                          +0   12271               
    mem_rdata_q_reg_27_/CK   setup                        0   +50   12322 R             
- - - - - - - - - - - - - - - - - - - - - - - - - - - - - - - - - - - - - - - - - - - - 
(clock clk)                  capture                                16000 R             
                             uncertainty                     -250   15750 R             
----------------------------------------------------------------------------------------
Cost Group   : 'clk' (path_group 'clk')
Timing slack :    3428ps 
Start-point  : flash_io3
End-point    : soc/cpu/mem_rdata_q_reg_27_/D

path  50:

           Pin                  Type       Fanout Load Slew Delay Arrival   Location    
                                                  (fF) (ps)  (ps)   (ps)       (x,   y) 
----------------------------------------------------------------------------------------
(clock flash_clk)            launch                                     0 R             
(et4351.sdc_line_68_2_1)     ext delay                      +9000    9000 R             
flash_io2                    inout port         2 59.4    0    +0    9000 R             
flash_bufs_2_/io 
flash_bufs_2_/soc_i 
soc/flash_io2_di 
  g2850/A1                                                     +0    9000               
  g2850/Y                    AO22X1LVT          1  4.4   53  +154    9154 R             
  g2795/C0                                                     +0    9154               
  g2795/Y                    AOI221X1LVT        1  4.3  145   +53    9206 F             
  g2761/B                                                      +0    9206               
  g2761/Y                    NAND2X1LVT         2  6.5   94   +94    9300 R             
  cpu/mem_rdata[2] 
    g115757/A1N                                                +0    9300               
    g115757/Y                OAI2BB1X1LVT       2  6.7   99  +103    9403 R             
    g115232/A1                                                 +0    9403               
    g115232/Y                AOI22X1LVT         1  4.1  135  +113    9517 F             
    g114843/B0                                                 +0    9517               
    g114843/Y                OA21X1LVT          9 22.3  247  +191    9708 F             
    g114684/A                                                  +0    9708               
    g114684/Y                INVX1LVT           5 13.7  177  +170    9878 R             
    g113666/C                                                  +0    9878               
    g113666/Y                OR4X1LVT           5 13.7  142  +156   10034 R             
    g113281/B                                                  +0   10034               
    g113281/Y                NOR2X1LVT          3  8.6  127  +111   10145 F             
    g113197/A                                                  +0   10145               
    g113197/Y                INVX1LVT           7 18.0  200  +150   10295 R             
    g111313/A0                                                 +0   10295               
    g111313/Y                AOI21X1LVT         1  4.1  116  +138   10434 F             
    g110639/D                                                  +0   10434               
    g110639/Y                OR4X1LVT           1  4.1   60  +129   10562 F             
    g110530/A1N                                                +0   10562               
    g110530/Y                AOI2BB1X1LVT       2  6.1   90   +87   10649 F             
    g110448/C0                                                 +0   10649               
    g110448/Y                AOI211XLLVT        1  4.2  240  +172   10821 R             
    g110387/A1                                                 +0   10821               
    g110387/Y                OA21X2LVT         13 33.2  179  +223   11044 R             
    g110334/B                                                  +0   11044               
    g110334/Y                NOR2X2LVT          7 17.3  131  +116   11160 F             
    g110248/A                                                  +0   11160               
    g110248/Y                AND2X1LVT          4 11.3  127  +117   11278 F             
    g109952/B                                                  +0   11278               
    g109952/Y                NAND2X1LVT         3  9.1  131  +102   11380 R             
    g109666/B0                                                 +0   11380               
    g109666/Y                OAI2BB1X1LVT       4 10.7  239  +184   11563 F             
    g109647/B                                                  +0   11563               
    g109647/Y                OR2X1LVT           2  6.3   75  +127   11690 F             
    g109386/AN                                                 +0   11690               
    g109386/Y                NAND3BXLLVT        1  4.3  278  +192   11883 F             
    g109330/B                                                  +0   11883               
    g109330/Y                NOR2X1LVT          1  4.4  123  +156   12038 R             
    g109242/A1                                                 +0   12038               
    g109242/Y                AOI22X1LVT         1  4.3  137  +125   12163 F             
    g109222/C0                                                 +0   12163               
    g109222/Y                OAI221X1LVT        1  4.2  142   +80   12243 R             
    mem_rdata_q_reg_25_/D    DFFX1LVT                          +0   12243               
    mem_rdata_q_reg_25_/CK   setup                        0   +76   12320 R             
- - - - - - - - - - - - - - - - - - - - - - - - - - - - - - - - - - - - - - - - - - - - 
(clock clk)                  capture                                16000 R             
                             uncertainty                     -250   15750 R             
----------------------------------------------------------------------------------------
Cost Group   : 'clk' (path_group 'clk')
Timing slack :    3430ps 
Start-point  : flash_io2
End-point    : soc/cpu/mem_rdata_q_reg_25_/D

path  51:

           Pin                  Type       Fanout Load Slew Delay Arrival   Location    
                                                  (fF) (ps)  (ps)   (ps)       (x,   y) 
----------------------------------------------------------------------------------------
(clock flash_clk)            launch                                     0 R             
(et4351.sdc_line_68_2_1)     ext delay                      +9000    9000 F             
flash_io2                    inout port         2 59.3    0    +0    9000 F             
flash_bufs_2_/io 
flash_bufs_2_/soc_i 
soc/flash_io2_di 
  g2850/A1                                                     +0    9000               
  g2850/Y                    AO22X1LVT          1  4.3   54  +139    9139 F             
  g2795/C0                                                     +0    9139               
  g2795/Y                    AOI221X1LVT        1  4.4  169  +115    9254 R             
  g2761/B                                                      +0    9254               
  g2761/Y                    NAND2X1LVT         2  6.3  158  +148    9401 F             
  cpu/mem_rdata[2] 
    g115757/A1N                                                +0    9401               
    g115757/Y                OAI2BB1X1LVT       2  6.5  152  +136    9537 F             
    g115232/A1                                                 +0    9537               
    g115232/Y                AOI22X1LVT         1  4.2  123  +117    9654 R             
    g114843/B0                                                 +0    9654               
    g114843/Y                OA21X1LVT          9 23.2  237  +212    9866 R             
    g114684/A                                                  +0    9866               
    g114684/Y                INVX1LVT           5 13.2  180  +174   10040 F             
    g113666/C                                                  +0   10040               
    g113666/Y                OR4X1LVT           5 13.2  157  +213   10254 F             
    g113164/C                                                  +0   10254               
    g113164/Y                OR3X1LVT           4 11.3  132  +160   10413 F             
    g112960/B0                                                 +0   10413               
    g112960/Y                OAI2BB1X1LVT       1  4.4   71   +80   10494 R             
    g111313/A1                                                 +0   10494               
    g111313/Y                AOI21X1LVT         1  4.1  116   +94   10588 F             
    g110639/D                                                  +0   10588               
    g110639/Y                OR4X1LVT           1  4.1   60  +129   10716 F             
    g110530/A1N                                                +0   10716               
    g110530/Y                AOI2BB1X1LVT       2  6.1   90   +87   10803 F             
    g110448/C0                                                 +0   10803               
    g110448/Y                AOI211XLLVT        1  4.2  240  +172   10975 R             
    g110387/A1                                                 +0   10975               
    g110387/Y                OA21X2LVT         13 33.2  179  +223   11198 R             
    g110366/A                                                  +0   11198               
    g110366/Y                INVX1LVT           5 13.2  171  +152   11350 F             
    g110293/A                                                  +0   11350               
    g110293/Y                AND2X1LVT          5 12.6  140  +134   11484 F             
    g109776/A1N                                                +0   11484               
    g109776/Y                OAI2BB1X1LVT       1  4.1  102  +105   11588 F             
    g109647/A                                                  +0   11588               
    g109647/Y                OR2X1LVT           2  6.3   75  +102   11690 F             
    g109386/AN                                                 +0   11690               
    g109386/Y                NAND3BXLLVT        1  4.3  278  +192   11882 F             
    g109330/B                                                  +0   11882               
    g109330/Y                NOR2X1LVT          1  4.4  123  +156   12038 R             
    g109242/A1                                                 +0   12038               
    g109242/Y                AOI22X1LVT         1  4.3  137  +125   12162 F             
    g109222/C0                                                 +0   12162               
    g109222/Y                OAI221X1LVT        1  4.2  142   +80   12243 R             
    mem_rdata_q_reg_25_/D    DFFX1LVT                          +0   12243               
    mem_rdata_q_reg_25_/CK   setup                        0   +76   12319 R             
- - - - - - - - - - - - - - - - - - - - - - - - - - - - - - - - - - - - - - - - - - - - 
(clock clk)                  capture                                16000 R             
                             uncertainty                     -250   15750 R             
----------------------------------------------------------------------------------------
Cost Group   : 'clk' (path_group 'clk')
Timing slack :    3431ps 
Start-point  : flash_io2
End-point    : soc/cpu/mem_rdata_q_reg_25_/D

path  52:

           Pin                  Type       Fanout Load Slew Delay Arrival   Location    
                                                  (fF) (ps)  (ps)   (ps)       (x,   y) 
----------------------------------------------------------------------------------------
(clock flash_clk)            launch                                     0 R             
(et4351.sdc_line_68_3_1)     ext delay                      +9000    9000 F             
flash_io3                    inout port         2 59.5    0    +0    9000 F             
flash_bufs_3_/io 
flash_bufs_3_/soc_i 
soc/flash_io3_di 
  g2831/B1                                                     +0    9000               
  g2831/Y                    AOI22X1LVT         1  4.4  130  +143    9143 R             
  g2760/B                                                      +0    9143               
  g2760/Y                    NAND2X1LVT         2  6.3  154  +133    9276 F             
  cpu/mem_rdata[3] 
    g115760/A1N                                                +0    9276               
    g115760/Y                OAI2BB1X1LVT       2  6.5  152  +135    9411 F             
    g115233/A1                                                 +0    9411               
    g115233/Y                AOI22X1LVT         1  4.2  123  +117    9528 R             
    g114847/B0                                                 +0    9528               
    g114847/Y                OA21X1LVT          9 22.8  233  +210    9738 R             
    g114688/A                                                  +0    9738               
    g114688/Y                INVX1LVT           7 17.5  224  +198    9936 F             
    g113666/D                                                  +0    9936               
    g113666/Y                OR4X1LVT           5 13.2  157  +209   10145 F             
    g113164/C                                                  +0   10145               
    g113164/Y                OR3X1LVT           4 11.3  132  +160   10305 F             
    g112960/B0                                                 +0   10305               
    g112960/Y                OAI2BB1X1LVT       1  4.4   71   +80   10385 R             
    g111313/A1                                                 +0   10385               
    g111313/Y                AOI21X1LVT         1  4.1  116   +94   10479 F             
    g110639/D                                                  +0   10479               
    g110639/Y                OR4X1LVT           1  4.1   60  +129   10608 F             
    g110530/A1N                                                +0   10608               
    g110530/Y                AOI2BB1X1LVT       2  6.1   90   +87   10695 F             
    g110448/C0                                                 +0   10695               
    g110448/Y                AOI211XLLVT        1  4.2  240  +172   10867 R             
    g110387/A1                                                 +0   10867               
    g110387/Y                OA21X2LVT         13 33.2  179  +223   11090 R             
    g110366/A                                                  +0   11090               
    g110366/Y                INVX1LVT           5 13.2  171  +152   11242 F             
    g110293/A                                                  +0   11242               
    g110293/Y                AND2X1LVT          5 12.6  140  +134   11375 F             
    g110246/AN                                                 +0   11375               
    g110246/Y                NOR2BX1LVT         3  8.4  113  +102   11477 F             
    g109648/AN                                                 +0   11477               
    g109648/Y                NAND3BX1LVT        2  6.3  230  +175   11652 F             
    g109416/B                                                  +0   11652               
    g109416/Y                NOR2X1LVT          1  4.4  118  +138   11791 R             
    g109325/C                                                  +0   11791               
    g109325/Y                NAND3X1LVT         1  4.3  165  +137   11928 F             
    g109241/C                                                  +0   11928               
    g109241/Y                NOR3BX1LVT         1  4.4  157  +141   12069 R             
    g109213/C0                                                 +0   12069               
    g109213/Y                AOI221X1LVT        1  4.3  142   +93   12162 F             
    g109202/C0                                                 +0   12162               
    g109202/Y                OAI221X1LVT        1  4.3  144   +83   12244 R             
    mem_rdata_q_reg_28_/D    DFFHQX1LVT                        +0   12244               
    mem_rdata_q_reg_28_/CK   setup                        0   +73   12317 R             
- - - - - - - - - - - - - - - - - - - - - - - - - - - - - - - - - - - - - - - - - - - - 
(clock clk)                  capture                                16000 R             
                             uncertainty                     -250   15750 R             
----------------------------------------------------------------------------------------
Cost Group   : 'clk' (path_group 'clk')
Timing slack :    3433ps 
Start-point  : flash_io3
End-point    : soc/cpu/mem_rdata_q_reg_28_/D

path  53:

           Pin                  Type       Fanout Load Slew Delay Arrival   Location    
                                                  (fF) (ps)  (ps)   (ps)       (x,   y) 
----------------------------------------------------------------------------------------
(clock flash_clk)            launch                                     0 R             
(et4351.sdc_line_68_3_1)     ext delay                      +9000    9000 F             
flash_io3                    inout port         2 59.5    0    +0    9000 F             
flash_bufs_3_/io 
flash_bufs_3_/soc_i 
soc/flash_io3_di 
  g2831/B1                                                     +0    9000               
  g2831/Y                    AOI22X1LVT         1  4.4  130  +143    9143 R             
  g2760/B                                                      +0    9143               
  g2760/Y                    NAND2X1LVT         2  6.3  154  +133    9276 F             
  cpu/mem_rdata[3] 
    g115760/A1N                                                +0    9276               
    g115760/Y                OAI2BB1X1LVT       2  6.5  152  +135    9411 F             
    g115233/A1                                                 +0    9411               
    g115233/Y                AOI22X1LVT         1  4.2  123  +117    9528 R             
    g114847/B0                                                 +0    9528               
    g114847/Y                OA21X1LVT          9 22.8  233  +210    9738 R             
    g114688/A                                                  +0    9738               
    g114688/Y                INVX1LVT           7 17.5  224  +198    9936 F             
    g113666/D                                                  +0    9936               
    g113666/Y                OR4X1LVT           5 13.2  157  +209   10145 F             
    g113281/B                                                  +0   10145               
    g113281/Y                NOR2X1LVT          3  8.9  194  +161   10306 R             
    g113197/A                                                  +0   10306               
    g113197/Y                INVX1LVT           7 17.3  217  +182   10488 F             
    g111313/A0                                                 +0   10488               
    g111313/Y                AOI21X1LVT         1  4.2  117  +133   10621 R             
    g110639/D                                                  +0   10621               
    g110639/Y                OR4X1LVT           1  4.2   48   +80   10701 R             
    g110530/A1N                                                +0   10701               
    g110530/Y                AOI2BB1X1LVT       2  6.3  141  +104   10805 R             
    g110448/C0                                                 +0   10805               
    g110448/Y                AOI211XLLVT        1  4.1  204  +112   10917 F             
    g110387/A1                                                 +0   10917               
    g110387/Y                OA21X2LVT         13 31.8  185  +213   11130 F             
    g110334/B                                                  +0   11130               
    g110334/Y                NOR2X2LVT          7 18.0  206  +165   11295 R             
    g110248/A                                                  +0   11295               
    g110248/Y                AND2X1LVT          4 11.8  124  +159   11454 R             
    g109953/B0                                                 +0   11454               
    g109953/Y                OAI31X2LVT         3  8.8  129  +119   11573 F             
    g109659/B0                                                 +0   11573               
    g109659/Y                OAI2BB1X1LVT       3  8.9  115  +104   11677 R             
    g109581/B                                                  +0   11677               
    g109581/Y                NOR2X1LVT          1  4.3   68   +75   11752 F             
    g109458/B                                                  +0   11752               
    g109458/Y                NAND2X1LVT         1  4.4   93   +54   11806 R             
    g109295/D                                                  +0   11806               
    g109295/Y                NOR4X1LVT          1  4.3   88   +69   11875 F             
    g109223/C0                                                 +0   11875               
    g109223/Y                AOI221X1LVT        1  4.4  168  +127   12002 R             
    g109212/C0                                                 +0   12002               
    g109212/Y                OAI221X1LVT        1  4.1  187  +176   12177 F             
    g109197/B                                                  +0   12177               
    g109197/Y                OR2X1LVT           1  4.1   51  +103   12280 F             
    mem_rdata_q_reg_26_/D    DFFX1LVT                          +0   12280               
    mem_rdata_q_reg_26_/CK   setup                        0   +34   12314 R             
- - - - - - - - - - - - - - - - - - - - - - - - - - - - - - - - - - - - - - - - - - - - 
(clock clk)                  capture                                16000 R             
                             uncertainty                     -250   15750 R             
----------------------------------------------------------------------------------------
Cost Group   : 'clk' (path_group 'clk')
Timing slack :    3436ps 
Start-point  : flash_io3
End-point    : soc/cpu/mem_rdata_q_reg_26_/D

path  54:

           Pin                  Type       Fanout Load Slew Delay Arrival   Location    
                                                  (fF) (ps)  (ps)   (ps)       (x,   y) 
----------------------------------------------------------------------------------------
(clock flash_clk)            launch                                     0 R             
(et4351.sdc_line_68_3_1)     ext delay                      +9000    9000 F             
flash_io3                    inout port         2 59.5    0    +0    9000 F             
flash_bufs_3_/io 
flash_bufs_3_/soc_i 
soc/flash_io3_di 
  g2831/B1                                                     +0    9000               
  g2831/Y                    AOI22X1LVT         1  4.4  130  +143    9143 R             
  g2760/B                                                      +0    9143               
  g2760/Y                    NAND2X1LVT         2  6.3  154  +133    9276 F             
  cpu/mem_rdata[3] 
    g115760/A1N                                                +0    9276               
    g115760/Y                OAI2BB1X1LVT       2  6.5  152  +135    9411 F             
    g115233/A1                                                 +0    9411               
    g115233/Y                AOI22X1LVT         1  4.2  123  +117    9528 R             
    g114847/B0                                                 +0    9528               
    g114847/Y                OA21X1LVT          9 22.8  233  +210    9738 R             
    g114688/A                                                  +0    9738               
    g114688/Y                INVX1LVT           7 17.5  224  +198    9936 F             
    g113666/D                                                  +0    9936               
    g113666/Y                OR4X1LVT           5 13.2  157  +209   10145 F             
    g113281/B                                                  +0   10145               
    g113281/Y                NOR2X1LVT          3  8.9  194  +161   10306 R             
    g113197/A                                                  +0   10306               
    g113197/Y                INVX1LVT           7 17.3  217  +182   10488 F             
    g111313/A0                                                 +0   10488               
    g111313/Y                AOI21X1LVT         1  4.2  117  +133   10621 R             
    g110639/D                                                  +0   10621               
    g110639/Y                OR4X1LVT           1  4.2   48   +80   10701 R             
    g110530/A1N                                                +0   10701               
    g110530/Y                AOI2BB1X1LVT       2  6.3  141  +104   10805 R             
    g110448/C0                                                 +0   10805               
    g110448/Y                AOI211XLLVT        1  4.1  204  +112   10917 F             
    g110387/A1                                                 +0   10917               
    g110387/Y                OA21X2LVT         13 31.8  185  +213   11130 F             
    g110334/B                                                  +0   11130               
    g110334/Y                NOR2X2LVT          7 18.0  206  +165   11295 R             
    g110248/A                                                  +0   11295               
    g110248/Y                AND2X1LVT          4 11.8  124  +159   11454 R             
    g109952/B                                                  +0   11454               
    g109952/Y                NAND2X1LVT         3  8.8  204  +160   11614 F             
    g109666/B0                                                 +0   11614               
    g109666/Y                OAI2BB1X1LVT       4 11.1  148  +144   11758 R             
    g109296/C                                                  +0   11758               
    g109296/Y                NOR4X1LVT          1  4.3   80   +94   11851 F             
    g109214/B1                                                 +0   11851               
    g109214/Y                AOI222X1LVT        1  4.4  187  +142   11993 R             
    g109203/C0                                                 +0   11993               
    g109203/Y                OAI221X1LVT        1  4.1  188  +182   12175 F             
    g109193/B                                                  +0   12175               
    g109193/Y                OR2X1LVT           1  4.1   51  +103   12278 F             
    mem_rdata_q_reg_27_/D    DFFX1LVT                          +0   12278               
    mem_rdata_q_reg_27_/CK   setup                        0   +34   12313 R             
- - - - - - - - - - - - - - - - - - - - - - - - - - - - - - - - - - - - - - - - - - - - 
(clock clk)                  capture                                16000 R             
                             uncertainty                     -250   15750 R             
----------------------------------------------------------------------------------------
Cost Group   : 'clk' (path_group 'clk')
Timing slack :    3437ps 
Start-point  : flash_io3
End-point    : soc/cpu/mem_rdata_q_reg_27_/D

path  55:

           Pin                  Type       Fanout Load Slew Delay Arrival   Location    
                                                  (fF) (ps)  (ps)   (ps)       (x,   y) 
----------------------------------------------------------------------------------------
(clock flash_clk)            launch                                     0 R             
(et4351.sdc_line_68_3_1)     ext delay                      +9000    9000 F             
flash_io3                    inout port         2 59.5    0    +0    9000 F             
flash_bufs_3_/io 
flash_bufs_3_/soc_i 
soc/flash_io3_di 
  g2831/B1                                                     +0    9000               
  g2831/Y                    AOI22X1LVT         1  4.4  130  +143    9143 R             
  g2760/B                                                      +0    9143               
  g2760/Y                    NAND2X1LVT         2  6.3  154  +133    9276 F             
  cpu/mem_rdata[3] 
    g115760/A1N                                                +0    9276               
    g115760/Y                OAI2BB1X1LVT       2  6.5  152  +135    9411 F             
    g115233/A1                                                 +0    9411               
    g115233/Y                AOI22X1LVT         1  4.2  123  +117    9528 R             
    g114847/B0                                                 +0    9528               
    g114847/Y                OA21X1LVT          9 22.8  233  +210    9738 R             
    g114688/A                                                  +0    9738               
    g114688/Y                INVX1LVT           7 17.5  224  +198    9936 F             
    g113666/D                                                  +0    9936               
    g113666/Y                OR4X1LVT           5 13.2  157  +209   10145 F             
    g113164/C                                                  +0   10145               
    g113164/Y                OR3X1LVT           4 11.3  132  +160   10305 F             
    g112960/B0                                                 +0   10305               
    g112960/Y                OAI2BB1X1LVT       1  4.4   71   +80   10385 R             
    g111313/A1                                                 +0   10385               
    g111313/Y                AOI21X1LVT         1  4.1  116   +94   10479 F             
    g110639/D                                                  +0   10479               
    g110639/Y                OR4X1LVT           1  4.1   60  +129   10608 F             
    g110530/A1N                                                +0   10608               
    g110530/Y                AOI2BB1X1LVT       2  6.1   90   +87   10695 F             
    g110448/C0                                                 +0   10695               
    g110448/Y                AOI211XLLVT        1  4.2  240  +172   10867 R             
    g110387/A1                                                 +0   10867               
    g110387/Y                OA21X2LVT         13 33.2  179  +223   11090 R             
    g110366/A                                                  +0   11090               
    g110366/Y                INVX1LVT           5 13.2  171  +152   11242 F             
    g110293/A                                                  +0   11242               
    g110293/Y                AND2X1LVT          5 12.6  140  +134   11375 F             
    g110245/B                                                  +0   11375               
    g110245/Y                NAND2X1LVT         3  8.9  115  +106   11481 R             
    g109949/B                                                  +0   11481               
    g109949/Y                AND2X1LVT          2  6.7   73  +110   11591 R             
    g109462/D                                                  +0   11591               
    g109462/Y                NAND4BX1LVT        1  4.3  220  +156   11746 F             
    g109296/D                                                  +0   11746               
    g109296/Y                NOR4X1LVT          1  4.4  212  +186   11933 R             
    g109214/B1                                                 +0   11933               
    g109214/Y                AOI222X1LVT        1  4.3  161  +161   12094 F             
    g109203/C0                                                 +0   12094               
    g109203/Y                OAI221X1LVT        1  4.2  134   +89   12183 R             
    g109193/B                                                  +0   12183               
    g109193/Y                OR2X1LVT           1  4.2   47   +78   12262 R             
    mem_rdata_q_reg_27_/D    DFFX1LVT                          +0   12262               
    mem_rdata_q_reg_27_/CK   setup                        0   +50   12312 R             
- - - - - - - - - - - - - - - - - - - - - - - - - - - - - - - - - - - - - - - - - - - - 
(clock clk)                  capture                                16000 R             
                             uncertainty                     -250   15750 R             
----------------------------------------------------------------------------------------
Cost Group   : 'clk' (path_group 'clk')
Timing slack :    3438ps 
Start-point  : flash_io3
End-point    : soc/cpu/mem_rdata_q_reg_27_/D

path  56:

           Pin                  Type       Fanout Load Slew Delay Arrival   Location    
                                                  (fF) (ps)  (ps)   (ps)       (x,   y) 
----------------------------------------------------------------------------------------
(clock flash_clk)            launch                                     0 R             
(et4351.sdc_line_68_2_1)     ext delay                      +9000    9000 F             
flash_io2                    inout port         2 59.3    0    +0    9000 F             
flash_bufs_2_/io 
flash_bufs_2_/soc_i 
soc/flash_io2_di 
  g2850/A1                                                     +0    9000               
  g2850/Y                    AO22X1LVT          1  4.3   54  +139    9139 F             
  g2795/C0                                                     +0    9139               
  g2795/Y                    AOI221X1LVT        1  4.4  169  +115    9254 R             
  g2761/B                                                      +0    9254               
  g2761/Y                    NAND2X1LVT         2  6.3  158  +148    9401 F             
  cpu/mem_rdata[2] 
    g115757/A1N                                                +0    9401               
    g115757/Y                OAI2BB1X1LVT       2  6.5  152  +136    9537 F             
    g115232/A1                                                 +0    9537               
    g115232/Y                AOI22X1LVT         1  4.2  123  +117    9654 R             
    g114843/B0                                                 +0    9654               
    g114843/Y                OA21X1LVT          9 23.2  237  +212    9866 R             
    g114684/A                                                  +0    9866               
    g114684/Y                INVX1LVT           5 13.2  180  +174   10040 F             
    g113666/C                                                  +0   10040               
    g113666/Y                OR4X1LVT           5 13.2  157  +213   10254 F             
    g113277/B                                                  +0   10254               
    g113277/Y                NAND2X1LVT         4 10.9  156  +123   10377 R             
    g112960/A1N                                                +0   10377               
    g112960/Y                OAI2BB1X1LVT       1  4.4   71  +107   10484 R             
    g111313/A1                                                 +0   10484               
    g111313/Y                AOI21X1LVT         1  4.1  116   +94   10578 F             
    g110639/D                                                  +0   10578               
    g110639/Y                OR4X1LVT           1  4.1   60  +129   10706 F             
    g110530/A1N                                                +0   10706               
    g110530/Y                AOI2BB1X1LVT       2  6.1   90   +87   10793 F             
    g110448/C0                                                 +0   10793               
    g110448/Y                AOI211XLLVT        1  4.2  240  +172   10965 R             
    g110387/A1                                                 +0   10965               
    g110387/Y                OA21X2LVT         13 33.2  179  +223   11188 R             
    g110366/A                                                  +0   11188               
    g110366/Y                INVX1LVT           5 13.2  171  +152   11340 F             
    g110293/A                                                  +0   11340               
    g110293/Y                AND2X1LVT          5 12.6  140  +134   11474 F             
    g109776/A1N                                                +0   11474               
    g109776/Y                OAI2BB1X1LVT       1  4.1  102  +105   11578 F             
    g109647/A                                                  +0   11578               
    g109647/Y                OR2X1LVT           2  6.3   75  +102   11680 F             
    g109386/AN                                                 +0   11680               
    g109386/Y                NAND3BXLLVT        1  4.3  278  +192   11872 F             
    g109330/B                                                  +0   11872               
    g109330/Y                NOR2X1LVT          1  4.4  123  +156   12028 R             
    g109242/A1                                                 +0   12028               
    g109242/Y                AOI22X1LVT         1  4.3  137  +125   12152 F             
    g109222/C0                                                 +0   12152               
    g109222/Y                OAI221X1LVT        1  4.2  142   +80   12233 R             
    mem_rdata_q_reg_25_/D    DFFX1LVT                          +0   12233               
    mem_rdata_q_reg_25_/CK   setup                        0   +76   12309 R             
- - - - - - - - - - - - - - - - - - - - - - - - - - - - - - - - - - - - - - - - - - - - 
(clock clk)                  capture                                16000 R             
                             uncertainty                     -250   15750 R             
----------------------------------------------------------------------------------------
Cost Group   : 'clk' (path_group 'clk')
Timing slack :    3441ps 
Start-point  : flash_io2
End-point    : soc/cpu/mem_rdata_q_reg_25_/D

path  57:

           Pin                  Type       Fanout Load Slew Delay Arrival   Location    
                                                  (fF) (ps)  (ps)   (ps)       (x,   y) 
----------------------------------------------------------------------------------------
(clock flash_clk)            launch                                     0 R             
(et4351.sdc_line_68_3_1)     ext delay                      +9000    9000 F             
flash_io3                    inout port         2 59.5    0    +0    9000 F             
flash_bufs_3_/io 
flash_bufs_3_/soc_i 
soc/flash_io3_di 
  g2831/B1                                                     +0    9000               
  g2831/Y                    AOI22X1LVT         1  4.4  130  +143    9143 R             
  g2760/B                                                      +0    9143               
  g2760/Y                    NAND2X1LVT         2  6.3  154  +133    9276 F             
  cpu/mem_rdata[3] 
    g115760/A1N                                                +0    9276               
    g115760/Y                OAI2BB1X1LVT       2  6.5  152  +135    9411 F             
    g115233/A1                                                 +0    9411               
    g115233/Y                AOI22X1LVT         1  4.2  123  +117    9528 R             
    g114847/B0                                                 +0    9528               
    g114847/Y                OA21X1LVT          9 22.8  233  +210    9738 R             
    g114688/A                                                  +0    9738               
    g114688/Y                INVX1LVT           7 17.5  224  +198    9936 F             
    g113666/D                                                  +0    9936               
    g113666/Y                OR4X1LVT           5 13.2  157  +209   10145 F             
    g113277/B                                                  +0   10145               
    g113277/Y                NAND2X1LVT         4 10.9  156  +123   10269 R             
    g112960/A1N                                                +0   10269               
    g112960/Y                OAI2BB1X1LVT       1  4.4   71  +107   10375 R             
    g111313/A1                                                 +0   10375               
    g111313/Y                AOI21X1LVT         1  4.1  116   +94   10469 F             
    g110639/D                                                  +0   10469               
    g110639/Y                OR4X1LVT           1  4.1   60  +129   10598 F             
    g110530/A1N                                                +0   10598               
    g110530/Y                AOI2BB1X1LVT       2  6.1   90   +87   10685 F             
    g110448/C0                                                 +0   10685               
    g110448/Y                AOI211XLLVT        1  4.2  240  +172   10857 R             
    g110387/A1                                                 +0   10857               
    g110387/Y                OA21X2LVT         13 33.2  179  +223   11080 R             
    g110366/A                                                  +0   11080               
    g110366/Y                INVX1LVT           5 13.2  171  +152   11232 F             
    g110293/A                                                  +0   11232               
    g110293/Y                AND2X1LVT          5 12.6  140  +134   11365 F             
    g110246/AN                                                 +0   11365               
    g110246/Y                NOR2BX1LVT         3  8.4  113  +102   11467 F             
    g109648/AN                                                 +0   11467               
    g109648/Y                NAND3BX1LVT        2  6.3  230  +175   11643 F             
    g109416/B                                                  +0   11643               
    g109416/Y                NOR2X1LVT          1  4.4  118  +138   11781 R             
    g109325/C                                                  +0   11781               
    g109325/Y                NAND3X1LVT         1  4.3  165  +137   11918 F             
    g109241/C                                                  +0   11918               
    g109241/Y                NOR3BX1LVT         1  4.4  157  +141   12059 R             
    g109213/C0                                                 +0   12059               
    g109213/Y                AOI221X1LVT        1  4.3  142   +93   12152 F             
    g109202/C0                                                 +0   12152               
    g109202/Y                OAI221X1LVT        1  4.3  144   +83   12234 R             
    mem_rdata_q_reg_28_/D    DFFHQX1LVT                        +0   12234               
    mem_rdata_q_reg_28_/CK   setup                        0   +73   12307 R             
- - - - - - - - - - - - - - - - - - - - - - - - - - - - - - - - - - - - - - - - - - - - 
(clock clk)                  capture                                16000 R             
                             uncertainty                     -250   15750 R             
----------------------------------------------------------------------------------------
Cost Group   : 'clk' (path_group 'clk')
Timing slack :    3443ps 
Start-point  : flash_io3
End-point    : soc/cpu/mem_rdata_q_reg_28_/D

path  58:

           Pin                  Type       Fanout Load Slew Delay Arrival   Location    
                                                  (fF) (ps)  (ps)   (ps)       (x,   y) 
----------------------------------------------------------------------------------------
(clock flash_clk)            launch                                     0 R             
(et4351.sdc_line_68_2_1)     ext delay                      +9000    9000 F             
flash_io2                    inout port         2 59.3    0    +0    9000 F             
flash_bufs_2_/io 
flash_bufs_2_/soc_i 
soc/flash_io2_di 
  g2850/A1                                                     +0    9000               
  g2850/Y                    AO22X1LVT          1  4.3   54  +139    9139 F             
  g2795/C0                                                     +0    9139               
  g2795/Y                    AOI221X1LVT        1  4.4  169  +115    9254 R             
  g2761/B                                                      +0    9254               
  g2761/Y                    NAND2X1LVT         2  6.3  158  +148    9401 F             
  cpu/mem_rdata[2] 
    g115757/A1N                                                +0    9401               
    g115757/Y                OAI2BB1X1LVT       2  6.5  152  +136    9537 F             
    g115232/A1                                                 +0    9537               
    g115232/Y                AOI22X1LVT         1  4.2  123  +117    9654 R             
    g114843/B0                                                 +0    9654               
    g114843/Y                OA21X1LVT          9 23.2  237  +212    9866 R             
    g114684/A                                                  +0    9866               
    g114684/Y                INVX1LVT           5 13.2  180  +174   10040 F             
    g113666/C                                                  +0   10040               
    g113666/Y                OR4X1LVT           5 13.2  157  +213   10254 F             
    g113281/B                                                  +0   10254               
    g113281/Y                NOR2X1LVT          3  8.9  194  +161   10415 R             
    g113197/A                                                  +0   10415               
    g113197/Y                INVX1LVT           7 17.3  217  +182   10597 F             
    g113082/B                                                  +0   10597               
    g113082/Y                NOR2X1LVT          2  6.3  152  +154   10751 R             
    g111319/D                                                  +0   10751               
    g111319/Y                OR4X1LVT           1  4.4   50   +90   10841 R             
    g110638/D                                                  +0   10841               
    g110638/Y                NOR4X1LVT          1  4.3   93   +52   10893 F             
    g110526/A1                                                 +0   10893               
    g110526/Y                OAI211X1LVT        1  4.4  119  +102   10995 R             
    g110431/A1                                                 +0   10995               
    g110431/Y                OAI21X1LVT         1  4.1  119  +104   11099 F             
    g110430/B                                                  +0   11099               
    g110430/Y                AND2X1LVT          9 22.1  242  +183   11281 F             
    g110359/AN                                                 +0   11281               
    g110359/Y                NAND2BX1LVT        3  8.8  217  +179   11460 F             
    g110323/B0                                                 +0   11460               
    g110323/Y                AOI21X1LVT         1  4.4  120  +138   11598 R             
    g110285/B                                                  +0   11598               
    g110285/Y                NAND2X1LVT         2  6.5  157  +132   11730 F             
    g109950/B                                                  +0   11730               
    g109950/Y                NAND2X1LVT         2  6.5   96   +99   11828 R             
    g116839/AN                                                 +0   11828               
    g116839/Y                NAND4BX1LVT        1  4.4   84   +76   11905 R             
    g109379/B0                                                 +0   11905               
    g109379/Y                OAI21X1LVT         1  4.3  116  +100   12005 F             
    g109323/C0                                                 +0   12005               
    g109323/Y                AOI221X1LVT        1  4.4  167  +137   12141 R             
    g109262/B                                                  +0   12141               
    g109262/Y                NAND2X1LVT         1  4.2  115  +122   12264 F             
    mem_rdata_q_reg_22_/D    DFFHQX1LVT                        +0   12264               
    mem_rdata_q_reg_22_/CK   setup                        0   +43   12307 R             
- - - - - - - - - - - - - - - - - - - - - - - - - - - - - - - - - - - - - - - - - - - - 
(clock clk)                  capture                                16000 R             
                             uncertainty                     -250   15750 R             
----------------------------------------------------------------------------------------
Cost Group   : 'clk' (path_group 'clk')
Timing slack :    3443ps 
Start-point  : flash_io2
End-point    : soc/cpu/mem_rdata_q_reg_22_/D

path  59:

           Pin                  Type       Fanout Load Slew Delay Arrival   Location    
                                                  (fF) (ps)  (ps)   (ps)       (x,   y) 
----------------------------------------------------------------------------------------
(clock flash_clk)            launch                                     0 R             
(et4351.sdc_line_68_2_1)     ext delay                      +9000    9000 F             
flash_io2                    inout port         2 59.3    0    +0    9000 F             
flash_bufs_2_/io 
flash_bufs_2_/soc_i 
soc/flash_io2_di 
  g2850/A1                                                     +0    9000               
  g2850/Y                    AO22X1LVT          1  4.3   54  +139    9139 F             
  g2795/C0                                                     +0    9139               
  g2795/Y                    AOI221X1LVT        1  4.4  169  +115    9254 R             
  g2761/B                                                      +0    9254               
  g2761/Y                    NAND2X1LVT         2  6.3  158  +148    9401 F             
  cpu/mem_rdata[2] 
    g115757/A1N                                                +0    9401               
    g115757/Y                OAI2BB1X1LVT       2  6.5  152  +136    9537 F             
    g115232/A1                                                 +0    9537               
    g115232/Y                AOI22X1LVT         1  4.2  123  +117    9654 R             
    g114843/B0                                                 +0    9654               
    g114843/Y                OA21X1LVT          9 23.2  237  +212    9866 R             
    g114684/A                                                  +0    9866               
    g114684/Y                INVX1LVT           5 13.2  180  +174   10040 F             
    g113666/C                                                  +0   10040               
    g113666/Y                OR4X1LVT           5 13.2  157  +213   10254 F             
    g113164/C                                                  +0   10254               
    g113164/Y                OR3X1LVT           4 11.3  132  +160   10413 F             
    g112960/B0                                                 +0   10413               
    g112960/Y                OAI2BB1X1LVT       1  4.4   71   +80   10494 R             
    g111313/A1                                                 +0   10494               
    g111313/Y                AOI21X1LVT         1  4.1  116   +94   10588 F             
    g110639/D                                                  +0   10588               
    g110639/Y                OR4X1LVT           1  4.1   60  +129   10716 F             
    g110530/A1N                                                +0   10716               
    g110530/Y                AOI2BB1X1LVT       2  6.1   90   +87   10803 F             
    g110448/C0                                                 +0   10803               
    g110448/Y                AOI211XLLVT        1  4.2  240  +172   10975 R             
    g110387/A1                                                 +0   10975               
    g110387/Y                OA21X2LVT         13 33.2  179  +223   11198 R             
    g110334/B                                                  +0   11198               
    g110334/Y                NOR2X2LVT          7 17.3  131  +116   11314 F             
    g110286/B0                                                 +0   11314               
    g110286/Y                OAI21X1LVT         3  8.7  193  +102   11416 R             
    g109946/A                                                  +0   11416               
    g109946/Y                AND2X1LVT          2  6.7   74  +128   11544 R             
    g109654/B                                                  +0   11544               
    g109654/Y                NAND2X1LVT         1  4.3  107   +89   11632 F             
    g109581/A                                                  +0   11632               
    g109581/Y                NOR2X1LVT          1  4.4  114   +94   11726 R             
    g109458/B                                                  +0   11726               
    g109458/Y                NAND2X1LVT         1  4.3  117  +104   11830 F             
    g109295/D                                                  +0   11830               
    g109295/Y                NOR4X1LVT          1  4.4  207  +151   11981 R             
    g109223/C0                                                 +0   11981               
    g109223/Y                AOI221X1LVT        1  4.3  145  +112   12093 F             
    g109212/C0                                                 +0   12093               
    g109212/Y                OAI221X1LVT        1  4.2  136   +83   12176 R             
    g109197/B                                                  +0   12176               
    g109197/Y                OR2X1LVT           1  4.2   47   +79   12255 R             
    mem_rdata_q_reg_26_/D    DFFX1LVT                          +0   12255               
    mem_rdata_q_reg_26_/CK   setup                        0   +50   12306 R             
- - - - - - - - - - - - - - - - - - - - - - - - - - - - - - - - - - - - - - - - - - - - 
(clock clk)                  capture                                16000 R             
                             uncertainty                     -250   15750 R             
----------------------------------------------------------------------------------------
Cost Group   : 'clk' (path_group 'clk')
Timing slack :    3444ps 
Start-point  : flash_io2
End-point    : soc/cpu/mem_rdata_q_reg_26_/D

path  60:

           Pin                  Type       Fanout Load Slew Delay Arrival   Location    
                                                  (fF) (ps)  (ps)   (ps)       (x,   y) 
----------------------------------------------------------------------------------------
(clock flash_clk)            launch                                     0 R             
(et4351.sdc_line_68_2_1)     ext delay                      +9000    9000 F             
flash_io2                    inout port         2 59.3    0    +0    9000 F             
flash_bufs_2_/io 
flash_bufs_2_/soc_i 
soc/flash_io2_di 
  g2850/A1                                                     +0    9000               
  g2850/Y                    AO22X1LVT          1  4.3   54  +139    9139 F             
  g2795/C0                                                     +0    9139               
  g2795/Y                    AOI221X1LVT        1  4.4  169  +115    9254 R             
  g2761/B                                                      +0    9254               
  g2761/Y                    NAND2X1LVT         2  6.3  158  +148    9401 F             
  cpu/mem_rdata[2] 
    g115757/A1N                                                +0    9401               
    g115757/Y                OAI2BB1X1LVT       2  6.5  152  +136    9537 F             
    g115232/A1                                                 +0    9537               
    g115232/Y                AOI22X1LVT         1  4.2  123  +117    9654 R             
    g114843/B0                                                 +0    9654               
    g114843/Y                OA21X1LVT          9 23.2  237  +212    9866 R             
    g114684/A                                                  +0    9866               
    g114684/Y                INVX1LVT           5 13.2  180  +174   10040 F             
    g113666/C                                                  +0   10040               
    g113666/Y                OR4X1LVT           5 13.2  157  +213   10254 F             
    g113281/B                                                  +0   10254               
    g113281/Y                NOR2X1LVT          3  8.9  194  +161   10415 R             
    g113197/A                                                  +0   10415               
    g113197/Y                INVX1LVT           7 17.3  217  +182   10597 F             
    g111313/A0                                                 +0   10597               
    g111313/Y                AOI21X1LVT         1  4.2  117  +133   10729 R             
    g110639/D                                                  +0   10729               
    g110639/Y                OR4X1LVT           1  4.2   48   +80   10809 R             
    g110530/A1N                                                +0   10809               
    g110530/Y                AOI2BB1X1LVT       2  6.3  141  +104   10914 R             
    g110448/C0                                                 +0   10914               
    g110448/Y                AOI211XLLVT        1  4.1  204  +112   11026 F             
    g110387/A1                                                 +0   11026               
    g110387/Y                OA21X2LVT         13 31.8  185  +213   11238 F             
    g110366/A                                                  +0   11238               
    g110366/Y                INVX1LVT           5 13.7  167  +147   11386 R             
    g110293/A                                                  +0   11386               
    g110293/Y                AND2X1LVT          5 13.1  137  +156   11541 R             
    g109659/A1N                                                +0   11541               
    g109659/Y                OAI2BB1X1LVT       3  8.9  115  +126   11668 R             
    g109581/B                                                  +0   11668               
    g109581/Y                NOR2X1LVT          1  4.3   68   +75   11743 F             
    g109458/B                                                  +0   11743               
    g109458/Y                NAND2X1LVT         1  4.4   93   +54   11797 R             
    g109295/D                                                  +0   11797               
    g109295/Y                NOR4X1LVT          1  4.3   88   +69   11866 F             
    g109223/C0                                                 +0   11866               
    g109223/Y                AOI221X1LVT        1  4.4  168  +127   11992 R             
    g109212/C0                                                 +0   11992               
    g109212/Y                OAI221X1LVT        1  4.1  187  +176   12168 F             
    g109197/B                                                  +0   12168               
    g109197/Y                OR2X1LVT           1  4.1   51  +103   12271 F             
    mem_rdata_q_reg_26_/D    DFFX1LVT                          +0   12271               
    mem_rdata_q_reg_26_/CK   setup                        0   +34   12305 R             
- - - - - - - - - - - - - - - - - - - - - - - - - - - - - - - - - - - - - - - - - - - - 
(clock clk)                  capture                                16000 R             
                             uncertainty                     -250   15750 R             
----------------------------------------------------------------------------------------
Cost Group   : 'clk' (path_group 'clk')
Timing slack :    3445ps 
Start-point  : flash_io2
End-point    : soc/cpu/mem_rdata_q_reg_26_/D

path  61:

           Pin                  Type       Fanout Load Slew Delay Arrival   Location    
                                                  (fF) (ps)  (ps)   (ps)       (x,   y) 
----------------------------------------------------------------------------------------
(clock flash_clk)            launch                                     0 R             
(et4351.sdc_line_68_2_1)     ext delay                      +9000    9000 F             
flash_io2                    inout port         2 59.3    0    +0    9000 F             
flash_bufs_2_/io 
flash_bufs_2_/soc_i 
soc/flash_io2_di 
  g2850/A1                                                     +0    9000               
  g2850/Y                    AO22X1LVT          1  4.3   54  +139    9139 F             
  g2795/C0                                                     +0    9139               
  g2795/Y                    AOI221X1LVT        1  4.4  169  +115    9254 R             
  g2761/B                                                      +0    9254               
  g2761/Y                    NAND2X1LVT         2  6.3  158  +148    9401 F             
  cpu/mem_rdata[2] 
    g115757/A1N                                                +0    9401               
    g115757/Y                OAI2BB1X1LVT       2  6.5  152  +136    9537 F             
    g115232/A1                                                 +0    9537               
    g115232/Y                AOI22X1LVT         1  4.2  123  +117    9654 R             
    g114843/B0                                                 +0    9654               
    g114843/Y                OA21X1LVT          9 23.2  237  +212    9866 R             
    g114684/A                                                  +0    9866               
    g114684/Y                INVX1LVT           5 13.2  180  +174   10040 F             
    g113666/C                                                  +0   10040               
    g113666/Y                OR4X1LVT           5 13.2  157  +213   10254 F             
    g113164/C                                                  +0   10254               
    g113164/Y                OR3X1LVT           4 11.3  132  +160   10413 F             
    g112960/B0                                                 +0   10413               
    g112960/Y                OAI2BB1X1LVT       1  4.4   71   +80   10494 R             
    g111313/A1                                                 +0   10494               
    g111313/Y                AOI21X1LVT         1  4.1  116   +94   10588 F             
    g110639/D                                                  +0   10588               
    g110639/Y                OR4X1LVT           1  4.1   60  +129   10716 F             
    g110530/A1N                                                +0   10716               
    g110530/Y                AOI2BB1X1LVT       2  6.1   90   +87   10803 F             
    g110448/C0                                                 +0   10803               
    g110448/Y                AOI211XLLVT        1  4.2  240  +172   10975 R             
    g110387/A1                                                 +0   10975               
    g110387/Y                OA21X2LVT         13 33.2  179  +223   11198 R             
    g110331/B                                                  +0   11198               
    g110331/Y                NOR2X1LVT          2  6.5  101  +113   11311 F             
    g110316/A                                                  +0   11311               
    g110316/Y                INVX1LVT           2  6.3   81   +76   11387 R             
    g110243/B                                                  +0   11387               
    g110243/Y                OR2X1LVT           3  9.1   95   +92   11479 R             
    g109776/B0                                                 +0   11479               
    g109776/Y                OAI2BB1X1LVT       1  4.1  102   +95   11574 F             
    g109647/A                                                  +0   11574               
    g109647/Y                OR2X1LVT           2  6.3   75  +102   11676 F             
    g109386/AN                                                 +0   11676               
    g109386/Y                NAND3BXLLVT        1  4.3  278  +192   11868 F             
    g109330/B                                                  +0   11868               
    g109330/Y                NOR2X1LVT          1  4.4  123  +156   12023 R             
    g109242/A1                                                 +0   12023               
    g109242/Y                AOI22X1LVT         1  4.3  137  +125   12148 F             
    g109222/C0                                                 +0   12148               
    g109222/Y                OAI221X1LVT        1  4.2  142   +80   12228 R             
    mem_rdata_q_reg_25_/D    DFFX1LVT                          +0   12228               
    mem_rdata_q_reg_25_/CK   setup                        0   +76   12305 R             
- - - - - - - - - - - - - - - - - - - - - - - - - - - - - - - - - - - - - - - - - - - - 
(clock clk)                  capture                                16000 R             
                             uncertainty                     -250   15750 R             
----------------------------------------------------------------------------------------
Cost Group   : 'clk' (path_group 'clk')
Timing slack :    3445ps 
Start-point  : flash_io2
End-point    : soc/cpu/mem_rdata_q_reg_25_/D

path  62:

           Pin                  Type       Fanout Load Slew Delay Arrival   Location    
                                                  (fF) (ps)  (ps)   (ps)       (x,   y) 
----------------------------------------------------------------------------------------
(clock flash_clk)            launch                                     0 R             
(et4351.sdc_line_68_2_1)     ext delay                      +9000    9000 F             
flash_io2                    inout port         2 59.3    0    +0    9000 F             
flash_bufs_2_/io 
flash_bufs_2_/soc_i 
soc/flash_io2_di 
  g2850/A1                                                     +0    9000               
  g2850/Y                    AO22X1LVT          1  4.3   54  +139    9139 F             
  g2795/C0                                                     +0    9139               
  g2795/Y                    AOI221X1LVT        1  4.4  169  +115    9254 R             
  g2761/B                                                      +0    9254               
  g2761/Y                    NAND2X1LVT         2  6.3  158  +148    9401 F             
  cpu/mem_rdata[2] 
    g115757/A1N                                                +0    9401               
    g115757/Y                OAI2BB1X1LVT       2  6.5  152  +136    9537 F             
    g115232/A1                                                 +0    9537               
    g115232/Y                AOI22X1LVT         1  4.2  123  +117    9654 R             
    g114843/B0                                                 +0    9654               
    g114843/Y                OA21X1LVT          9 23.2  237  +212    9866 R             
    g114684/A                                                  +0    9866               
    g114684/Y                INVX1LVT           5 13.2  180  +174   10040 F             
    g113666/C                                                  +0   10040               
    g113666/Y                OR4X1LVT           5 13.2  157  +213   10254 F             
    g113164/C                                                  +0   10254               
    g113164/Y                OR3X1LVT           4 11.3  132  +160   10413 F             
    g112960/B0                                                 +0   10413               
    g112960/Y                OAI2BB1X1LVT       1  4.4   71   +80   10494 R             
    g111313/A1                                                 +0   10494               
    g111313/Y                AOI21X1LVT         1  4.1  116   +94   10588 F             
    g110639/D                                                  +0   10588               
    g110639/Y                OR4X1LVT           1  4.1   60  +129   10716 F             
    g110530/A1N                                                +0   10716               
    g110530/Y                AOI2BB1X1LVT       2  6.1   90   +87   10803 F             
    g110448/C0                                                 +0   10803               
    g110448/Y                AOI211XLLVT        1  4.2  240  +172   10975 R             
    g110387/A1                                                 +0   10975               
    g110387/Y                OA21X2LVT         13 33.2  179  +223   11198 R             
    g110334/B                                                  +0   11198               
    g110334/Y                NOR2X2LVT          7 17.3  131  +116   11314 F             
    g110248/A                                                  +0   11314               
    g110248/Y                AND2X1LVT          4 11.3  127  +117   11432 F             
    g109952/B                                                  +0   11432               
    g109952/Y                NAND2X1LVT         3  9.1  131  +102   11534 R             
    g109655/B0                                                 +0   11534               
    g109655/Y                OAI2BB1X1LVT       2  6.5  153  +135   11668 F             
    g109416/A                                                  +0   11668               
    g109416/Y                NOR2X1LVT          1  4.4  118  +108   11776 R             
    g109325/C                                                  +0   11776               
    g109325/Y                NAND3X1LVT         1  4.3  165  +137   11913 F             
    g109241/C                                                  +0   11913               
    g109241/Y                NOR3BX1LVT         1  4.4  157  +141   12055 R             
    g109213/C0                                                 +0   12055               
    g109213/Y                AOI221X1LVT        1  4.3  142   +93   12148 F             
    g109202/C0                                                 +0   12148               
    g109202/Y                OAI221X1LVT        1  4.3  144   +83   12230 R             
    mem_rdata_q_reg_28_/D    DFFHQX1LVT                        +0   12230               
    mem_rdata_q_reg_28_/CK   setup                        0   +73   12303 R             
- - - - - - - - - - - - - - - - - - - - - - - - - - - - - - - - - - - - - - - - - - - - 
(clock clk)                  capture                                16000 R             
                             uncertainty                     -250   15750 R             
----------------------------------------------------------------------------------------
Cost Group   : 'clk' (path_group 'clk')
Timing slack :    3447ps 
Start-point  : flash_io2
End-point    : soc/cpu/mem_rdata_q_reg_28_/D

path  63:

           Pin                  Type       Fanout Load Slew Delay Arrival   Location    
                                                  (fF) (ps)  (ps)   (ps)       (x,   y) 
----------------------------------------------------------------------------------------
(clock flash_clk)            launch                                     0 R             
(et4351.sdc_line_68_3_1)     ext delay                      +9000    9000 F             
flash_io3                    inout port         2 59.5    0    +0    9000 F             
flash_bufs_3_/io 
flash_bufs_3_/soc_i 
soc/flash_io3_di 
  g2831/B1                                                     +0    9000               
  g2831/Y                    AOI22X1LVT         1  4.4  130  +143    9143 R             
  g2760/B                                                      +0    9143               
  g2760/Y                    NAND2X1LVT         2  6.3  154  +133    9276 F             
  cpu/mem_rdata[3] 
    g115760/A1N                                                +0    9276               
    g115760/Y                OAI2BB1X1LVT       2  6.5  152  +135    9411 F             
    g115233/A1                                                 +0    9411               
    g115233/Y                AOI22X1LVT         1  4.2  123  +117    9528 R             
    g114847/B0                                                 +0    9528               
    g114847/Y                OA21X1LVT          9 22.8  233  +210    9738 R             
    g114688/A                                                  +0    9738               
    g114688/Y                INVX1LVT           7 17.5  224  +198    9936 F             
    g113666/D                                                  +0    9936               
    g113666/Y                OR4X1LVT           5 13.2  157  +209   10145 F             
    g113277/B                                                  +0   10145               
    g113277/Y                NAND2X1LVT         4 10.9  156  +123   10269 R             
    g112960/A1N                                                +0   10269               
    g112960/Y                OAI2BB1X1LVT       1  4.4   71  +107   10375 R             
    g111313/A1                                                 +0   10375               
    g111313/Y                AOI21X1LVT         1  4.1  116   +94   10469 F             
    g110639/D                                                  +0   10469               
    g110639/Y                OR4X1LVT           1  4.1   60  +129   10598 F             
    g110530/A1N                                                +0   10598               
    g110530/Y                AOI2BB1X1LVT       2  6.1   90   +87   10685 F             
    g110448/C0                                                 +0   10685               
    g110448/Y                AOI211XLLVT        1  4.2  240  +172   10857 R             
    g110387/A1                                                 +0   10857               
    g110387/Y                OA21X2LVT         13 33.2  179  +223   11080 R             
    g110366/A                                                  +0   11080               
    g110366/Y                INVX1LVT           5 13.2  171  +152   11232 F             
    g110293/A                                                  +0   11232               
    g110293/Y                AND2X1LVT          5 12.6  140  +134   11365 F             
    g110245/B                                                  +0   11365               
    g110245/Y                NAND2X1LVT         3  8.9  115  +106   11471 R             
    g109949/B                                                  +0   11471               
    g109949/Y                AND2X1LVT          2  6.7   73  +110   11581 R             
    g109462/D                                                  +0   11581               
    g109462/Y                NAND4BX1LVT        1  4.3  220  +156   11737 F             
    g109296/D                                                  +0   11737               
    g109296/Y                NOR4X1LVT          1  4.4  212  +186   11923 R             
    g109214/B1                                                 +0   11923               
    g109214/Y                AOI222X1LVT        1  4.3  161  +161   12084 F             
    g109203/C0                                                 +0   12084               
    g109203/Y                OAI221X1LVT        1  4.2  134   +89   12173 R             
    g109193/B                                                  +0   12173               
    g109193/Y                OR2X1LVT           1  4.2   47   +78   12252 R             
    mem_rdata_q_reg_27_/D    DFFX1LVT                          +0   12252               
    mem_rdata_q_reg_27_/CK   setup                        0   +50   12302 R             
- - - - - - - - - - - - - - - - - - - - - - - - - - - - - - - - - - - - - - - - - - - - 
(clock clk)                  capture                                16000 R             
                             uncertainty                     -250   15750 R             
----------------------------------------------------------------------------------------
Cost Group   : 'clk' (path_group 'clk')
Timing slack :    3448ps 
Start-point  : flash_io3
End-point    : soc/cpu/mem_rdata_q_reg_27_/D

path  64:

           Pin                  Type       Fanout Load Slew Delay Arrival   Location    
                                                  (fF) (ps)  (ps)   (ps)       (x,   y) 
----------------------------------------------------------------------------------------
(clock flash_clk)            launch                                     0 R             
(et4351.sdc_line_68_2_1)     ext delay                      +9000    9000 F             
flash_io2                    inout port         2 59.3    0    +0    9000 F             
flash_bufs_2_/io 
flash_bufs_2_/soc_i 
soc/flash_io2_di 
  g2850/A1                                                     +0    9000               
  g2850/Y                    AO22X1LVT          1  4.3   54  +139    9139 F             
  g2795/C0                                                     +0    9139               
  g2795/Y                    AOI221X1LVT        1  4.4  169  +115    9254 R             
  g2761/B                                                      +0    9254               
  g2761/Y                    NAND2X1LVT         2  6.3  158  +148    9401 F             
  cpu/mem_rdata[2] 
    g115757/A1N                                                +0    9401               
    g115757/Y                OAI2BB1X1LVT       2  6.5  152  +136    9537 F             
    g115232/A1                                                 +0    9537               
    g115232/Y                AOI22X1LVT         1  4.2  123  +117    9654 R             
    g114843/B0                                                 +0    9654               
    g114843/Y                OA21X1LVT          9 23.2  237  +212    9866 R             
    g114684/A                                                  +0    9866               
    g114684/Y                INVX1LVT           5 13.2  180  +174   10040 F             
    g113666/C                                                  +0   10040               
    g113666/Y                OR4X1LVT           5 13.2  157  +213   10254 F             
    g113264/B                                                  +0   10254               
    g113264/Y                NAND2X1LVT         2  6.5  101   +99   10353 R             
    g113094/B                                                  +0   10353               
    g113094/Y                NOR2X1LVT          5 12.8  175  +120   10473 F             
    g110639/B                                                  +0   10473               
    g110639/Y                OR4X1LVT           1  4.1   60  +166   10639 F             
    g110530/A1N                                                +0   10639               
    g110530/Y                AOI2BB1X1LVT       2  6.1   90   +87   10726 F             
    g110448/C0                                                 +0   10726               
    g110448/Y                AOI211XLLVT        1  4.2  240  +172   10898 R             
    g110387/A1                                                 +0   10898               
    g110387/Y                OA21X2LVT         13 33.2  179  +223   11121 R             
    g110334/B                                                  +0   11121               
    g110334/Y                NOR2X2LVT          7 17.3  131  +116   11237 F             
    g110248/A                                                  +0   11237               
    g110248/Y                AND2X1LVT          4 11.3  127  +117   11355 F             
    g109953/B0                                                 +0   11355               
    g109953/Y                OAI31X2LVT         3  9.1  166   +70   11424 R             
    g109659/B0                                                 +0   11424               
    g109659/Y                OAI2BB1X1LVT       3  8.6  198  +171   11595 F             
    g109581/B                                                  +0   11595               
    g109581/Y                NOR2X1LVT          1  4.4  114  +127   11722 R             
    g109458/B                                                  +0   11722               
    g109458/Y                NAND2X1LVT         1  4.3  117  +104   11826 F             
    g109295/D                                                  +0   11826               
    g109295/Y                NOR4X1LVT          1  4.4  207  +151   11977 R             
    g109223/C0                                                 +0   11977               
    g109223/Y                AOI221X1LVT        1  4.3  145  +112   12089 F             
    g109212/C0                                                 +0   12089               
    g109212/Y                OAI221X1LVT        1  4.2  136   +83   12172 R             
    g109197/B                                                  +0   12172               
    g109197/Y                OR2X1LVT           1  4.2   47   +79   12251 R             
    mem_rdata_q_reg_26_/D    DFFX1LVT                          +0   12251               
    mem_rdata_q_reg_26_/CK   setup                        0   +50   12302 R             
- - - - - - - - - - - - - - - - - - - - - - - - - - - - - - - - - - - - - - - - - - - - 
(clock clk)                  capture                                16000 R             
                             uncertainty                     -250   15750 R             
----------------------------------------------------------------------------------------
Cost Group   : 'clk' (path_group 'clk')
Timing slack :    3448ps 
Start-point  : flash_io2
End-point    : soc/cpu/mem_rdata_q_reg_26_/D

path  65:

           Pin                  Type       Fanout Load Slew Delay Arrival   Location    
                                                  (fF) (ps)  (ps)   (ps)       (x,   y) 
----------------------------------------------------------------------------------------
(clock flash_clk)            launch                                     0 R             
(et4351.sdc_line_68_3_1)     ext delay                      +9000    9000 F             
flash_io3                    inout port         2 59.5    0    +0    9000 F             
flash_bufs_3_/io 
flash_bufs_3_/soc_i 
soc/flash_io3_di 
  g2831/B1                                                     +0    9000               
  g2831/Y                    AOI22X1LVT         1  4.4  130  +143    9143 R             
  g2760/B                                                      +0    9143               
  g2760/Y                    NAND2X1LVT         2  6.3  154  +133    9276 F             
  cpu/mem_rdata[3] 
    g115760/A1N                                                +0    9276               
    g115760/Y                OAI2BB1X1LVT       2  6.5  152  +135    9411 F             
    g115233/A1                                                 +0    9411               
    g115233/Y                AOI22X1LVT         1  4.2  123  +117    9528 R             
    g114847/B0                                                 +0    9528               
    g114847/Y                OA21X1LVT          9 22.8  233  +210    9738 R             
    g114688/A                                                  +0    9738               
    g114688/Y                INVX1LVT           7 17.5  224  +198    9936 F             
    g113666/D                                                  +0    9936               
    g113666/Y                OR4X1LVT           5 13.2  157  +209   10145 F             
    g113164/C                                                  +0   10145               
    g113164/Y                OR3X1LVT           4 11.3  132  +160   10305 F             
    g112960/B0                                                 +0   10305               
    g112960/Y                OAI2BB1X1LVT       1  4.4   71   +80   10385 R             
    g111313/A1                                                 +0   10385               
    g111313/Y                AOI21X1LVT         1  4.1  116   +94   10479 F             
    g110639/D                                                  +0   10479               
    g110639/Y                OR4X1LVT           1  4.1   60  +129   10608 F             
    g110530/A1N                                                +0   10608               
    g110530/Y                AOI2BB1X1LVT       2  6.1   90   +87   10695 F             
    g110448/C0                                                 +0   10695               
    g110448/Y                AOI211XLLVT        1  4.2  240  +172   10867 R             
    g110387/A1                                                 +0   10867               
    g110387/Y                OA21X2LVT         13 33.2  179  +223   11090 R             
    g110366/A                                                  +0   11090               
    g110366/Y                INVX1LVT           5 13.2  171  +152   11242 F             
    g110293/A                                                  +0   11242               
    g110293/Y                AND2X1LVT          5 12.6  140  +134   11375 F             
    g109659/A1N                                                +0   11375               
    g109659/Y                OAI2BB1X1LVT       3  8.6  198  +157   11532 F             
    g109462/AN                                                 +0   11532               
    g109462/Y                NAND4BX1LVT        1  4.3  220  +202   11734 F             
    g109296/D                                                  +0   11734               
    g109296/Y                NOR4X1LVT          1  4.4  212  +186   11920 R             
    g109214/B1                                                 +0   11920               
    g109214/Y                AOI222X1LVT        1  4.3  161  +161   12081 F             
    g109203/C0                                                 +0   12081               
    g109203/Y                OAI221X1LVT        1  4.2  134   +89   12171 R             
    g109193/B                                                  +0   12171               
    g109193/Y                OR2X1LVT           1  4.2   47   +78   12249 R             
    mem_rdata_q_reg_27_/D    DFFX1LVT                          +0   12249               
    mem_rdata_q_reg_27_/CK   setup                        0   +50   12300 R             
- - - - - - - - - - - - - - - - - - - - - - - - - - - - - - - - - - - - - - - - - - - - 
(clock clk)                  capture                                16000 R             
                             uncertainty                     -250   15750 R             
----------------------------------------------------------------------------------------
Cost Group   : 'clk' (path_group 'clk')
Timing slack :    3450ps 
Start-point  : flash_io3
End-point    : soc/cpu/mem_rdata_q_reg_27_/D

path  66:

           Pin                  Type       Fanout Load Slew Delay Arrival   Location    
                                                  (fF) (ps)  (ps)   (ps)       (x,   y) 
----------------------------------------------------------------------------------------
(clock flash_clk)            launch                                     0 R             
(et4351.sdc_line_68_2_1)     ext delay                      +9000    9000 F             
flash_io2                    inout port         2 59.3    0    +0    9000 F             
flash_bufs_2_/io 
flash_bufs_2_/soc_i 
soc/flash_io2_di 
  g2850/A1                                                     +0    9000               
  g2850/Y                    AO22X1LVT          1  4.3   54  +139    9139 F             
  g2795/C0                                                     +0    9139               
  g2795/Y                    AOI221X1LVT        1  4.4  169  +115    9254 R             
  g2761/B                                                      +0    9254               
  g2761/Y                    NAND2X1LVT         2  6.3  158  +148    9401 F             
  cpu/mem_rdata[2] 
    g115757/A1N                                                +0    9401               
    g115757/Y                OAI2BB1X1LVT       2  6.5  152  +136    9537 F             
    g115232/A1                                                 +0    9537               
    g115232/Y                AOI22X1LVT         1  4.2  123  +117    9654 R             
    g114843/B0                                                 +0    9654               
    g114843/Y                OA21X1LVT          9 23.2  237  +212    9866 R             
    g114684/A                                                  +0    9866               
    g114684/Y                INVX1LVT           5 13.2  180  +174   10040 F             
    g113666/C                                                  +0   10040               
    g113666/Y                OR4X1LVT           5 13.2  157  +213   10254 F             
    g113277/B                                                  +0   10254               
    g113277/Y                NAND2X1LVT         4 10.9  156  +123   10377 R             
    g112960/A1N                                                +0   10377               
    g112960/Y                OAI2BB1X1LVT       1  4.4   71  +107   10484 R             
    g111313/A1                                                 +0   10484               
    g111313/Y                AOI21X1LVT         1  4.1  116   +94   10578 F             
    g110639/D                                                  +0   10578               
    g110639/Y                OR4X1LVT           1  4.1   60  +129   10706 F             
    g110530/A1N                                                +0   10706               
    g110530/Y                AOI2BB1X1LVT       2  6.1   90   +87   10793 F             
    g110448/C0                                                 +0   10793               
    g110448/Y                AOI211XLLVT        1  4.2  240  +172   10965 R             
    g110387/A1                                                 +0   10965               
    g110387/Y                OA21X2LVT         13 33.2  179  +223   11188 R             
    g110334/B                                                  +0   11188               
    g110334/Y                NOR2X2LVT          7 17.3  131  +116   11304 F             
    g110286/B0                                                 +0   11304               
    g110286/Y                OAI21X1LVT         3  8.7  193  +102   11406 R             
    g109946/A                                                  +0   11406               
    g109946/Y                AND2X1LVT          2  6.7   74  +128   11534 R             
    g109654/B                                                  +0   11534               
    g109654/Y                NAND2X1LVT         1  4.3  107   +89   11622 F             
    g109581/A                                                  +0   11622               
    g109581/Y                NOR2X1LVT          1  4.4  114   +94   11716 R             
    g109458/B                                                  +0   11716               
    g109458/Y                NAND2X1LVT         1  4.3  117  +104   11820 F             
    g109295/D                                                  +0   11820               
    g109295/Y                NOR4X1LVT          1  4.4  207  +151   11971 R             
    g109223/C0                                                 +0   11971               
    g109223/Y                AOI221X1LVT        1  4.3  145  +112   12083 F             
    g109212/C0                                                 +0   12083               
    g109212/Y                OAI221X1LVT        1  4.2  136   +83   12166 R             
    g109197/B                                                  +0   12166               
    g109197/Y                OR2X1LVT           1  4.2   47   +79   12245 R             
    mem_rdata_q_reg_26_/D    DFFX1LVT                          +0   12245               
    mem_rdata_q_reg_26_/CK   setup                        0   +50   12296 R             
- - - - - - - - - - - - - - - - - - - - - - - - - - - - - - - - - - - - - - - - - - - - 
(clock clk)                  capture                                16000 R             
                             uncertainty                     -250   15750 R             
----------------------------------------------------------------------------------------
Cost Group   : 'clk' (path_group 'clk')
Timing slack :    3454ps 
Start-point  : flash_io2
End-point    : soc/cpu/mem_rdata_q_reg_26_/D

path  67:

           Pin                  Type       Fanout Load Slew Delay Arrival   Location    
                                                  (fF) (ps)  (ps)   (ps)       (x,   y) 
----------------------------------------------------------------------------------------
(clock flash_clk)            launch                                     0 R             
(et4351.sdc_line_68_2_1)     ext delay                      +9000    9000 F             
flash_io2                    inout port         2 59.3    0    +0    9000 F             
flash_bufs_2_/io 
flash_bufs_2_/soc_i 
soc/flash_io2_di 
  g2850/A1                                                     +0    9000               
  g2850/Y                    AO22X1LVT          1  4.3   54  +139    9139 F             
  g2795/C0                                                     +0    9139               
  g2795/Y                    AOI221X1LVT        1  4.4  169  +115    9254 R             
  g2761/B                                                      +0    9254               
  g2761/Y                    NAND2X1LVT         2  6.3  158  +148    9401 F             
  cpu/mem_rdata[2] 
    g115757/A1N                                                +0    9401               
    g115757/Y                OAI2BB1X1LVT       2  6.5  152  +136    9537 F             
    g115232/A1                                                 +0    9537               
    g115232/Y                AOI22X1LVT         1  4.2  123  +117    9654 R             
    g114843/B0                                                 +0    9654               
    g114843/Y                OA21X1LVT          9 23.2  237  +212    9866 R             
    g114684/A                                                  +0    9866               
    g114684/Y                INVX1LVT           5 13.2  180  +174   10040 F             
    g113666/C                                                  +0   10040               
    g113666/Y                OR4X1LVT           5 13.2  157  +213   10254 F             
    g113164/C                                                  +0   10254               
    g113164/Y                OR3X1LVT           4 11.3  132  +160   10413 F             
    g112960/B0                                                 +0   10413               
    g112960/Y                OAI2BB1X1LVT       1  4.4   71   +80   10494 R             
    g111313/A1                                                 +0   10494               
    g111313/Y                AOI21X1LVT         1  4.1  116   +94   10588 F             
    g110639/D                                                  +0   10588               
    g110639/Y                OR4X1LVT           1  4.1   60  +129   10716 F             
    g110530/A1N                                                +0   10716               
    g110530/Y                AOI2BB1X1LVT       2  6.1   90   +87   10803 F             
    g110448/C0                                                 +0   10803               
    g110448/Y                AOI211XLLVT        1  4.2  240  +172   10975 R             
    g110387/A1                                                 +0   10975               
    g110387/Y                OA21X2LVT         13 33.2  179  +223   11198 R             
    g110334/B                                                  +0   11198               
    g110334/Y                NOR2X2LVT          7 17.3  131  +116   11314 F             
    g110248/A                                                  +0   11314               
    g110248/Y                AND2X1LVT          4 11.3  127  +117   11432 F             
    g109952/B                                                  +0   11432               
    g109952/Y                NAND2X1LVT         3  9.1  131  +102   11534 R             
    g109666/B0                                                 +0   11534               
    g109666/Y                OAI2BB1X1LVT       4 10.7  239  +184   11717 F             
    g109296/C                                                  +0   11717               
    g109296/Y                NOR4X1LVT          1  4.4  212  +198   11916 R             
    g109214/B1                                                 +0   11916               
    g109214/Y                AOI222X1LVT        1  4.3  161  +161   12077 F             
    g109203/C0                                                 +0   12077               
    g109203/Y                OAI221X1LVT        1  4.2  134   +89   12166 R             
    g109193/B                                                  +0   12166               
    g109193/Y                OR2X1LVT           1  4.2   47   +78   12245 R             
    mem_rdata_q_reg_27_/D    DFFX1LVT                          +0   12245               
    mem_rdata_q_reg_27_/CK   setup                        0   +50   12295 R             
- - - - - - - - - - - - - - - - - - - - - - - - - - - - - - - - - - - - - - - - - - - - 
(clock clk)                  capture                                16000 R             
                             uncertainty                     -250   15750 R             
----------------------------------------------------------------------------------------
Cost Group   : 'clk' (path_group 'clk')
Timing slack :    3455ps 
Start-point  : flash_io2
End-point    : soc/cpu/mem_rdata_q_reg_27_/D

path  68:

           Pin                  Type       Fanout Load Slew Delay Arrival   Location    
                                                  (fF) (ps)  (ps)   (ps)       (x,   y) 
----------------------------------------------------------------------------------------
(clock flash_clk)            launch                                     0 R             
(et4351.sdc_line_68_2_1)     ext delay                      +9000    9000 F             
flash_io2                    inout port         2 59.3    0    +0    9000 F             
flash_bufs_2_/io 
flash_bufs_2_/soc_i 
soc/flash_io2_di 
  g2850/A1                                                     +0    9000               
  g2850/Y                    AO22X1LVT          1  4.3   54  +139    9139 F             
  g2795/C0                                                     +0    9139               
  g2795/Y                    AOI221X1LVT        1  4.4  169  +115    9254 R             
  g2761/B                                                      +0    9254               
  g2761/Y                    NAND2X1LVT         2  6.3  158  +148    9401 F             
  cpu/mem_rdata[2] 
    g115757/A1N                                                +0    9401               
    g115757/Y                OAI2BB1X1LVT       2  6.5  152  +136    9537 F             
    g115232/A1                                                 +0    9537               
    g115232/Y                AOI22X1LVT         1  4.2  123  +117    9654 R             
    g114843/B0                                                 +0    9654               
    g114843/Y                OA21X1LVT          9 23.2  237  +212    9866 R             
    g114684/A                                                  +0    9866               
    g114684/Y                INVX1LVT           5 13.2  180  +174   10040 F             
    g113666/C                                                  +0   10040               
    g113666/Y                OR4X1LVT           5 13.2  157  +213   10254 F             
    g113277/B                                                  +0   10254               
    g113277/Y                NAND2X1LVT         4 10.9  156  +123   10377 R             
    g112960/A1N                                                +0   10377               
    g112960/Y                OAI2BB1X1LVT       1  4.4   71  +107   10484 R             
    g111313/A1                                                 +0   10484               
    g111313/Y                AOI21X1LVT         1  4.1  116   +94   10578 F             
    g110639/D                                                  +0   10578               
    g110639/Y                OR4X1LVT           1  4.1   60  +129   10706 F             
    g110530/A1N                                                +0   10706               
    g110530/Y                AOI2BB1X1LVT       2  6.1   90   +87   10793 F             
    g110448/C0                                                 +0   10793               
    g110448/Y                AOI211XLLVT        1  4.2  240  +172   10965 R             
    g110387/A1                                                 +0   10965               
    g110387/Y                OA21X2LVT         13 33.2  179  +223   11188 R             
    g110331/B                                                  +0   11188               
    g110331/Y                NOR2X1LVT          2  6.5  101  +113   11301 F             
    g110316/A                                                  +0   11301               
    g110316/Y                INVX1LVT           2  6.3   81   +76   11377 R             
    g110243/B                                                  +0   11377               
    g110243/Y                OR2X1LVT           3  9.1   95   +92   11469 R             
    g109776/B0                                                 +0   11469               
    g109776/Y                OAI2BB1X1LVT       1  4.1  102   +95   11564 F             
    g109647/A                                                  +0   11564               
    g109647/Y                OR2X1LVT           2  6.3   75  +102   11666 F             
    g109386/AN                                                 +0   11666               
    g109386/Y                NAND3BXLLVT        1  4.3  278  +192   11858 F             
    g109330/B                                                  +0   11858               
    g109330/Y                NOR2X1LVT          1  4.4  123  +156   12013 R             
    g109242/A1                                                 +0   12013               
    g109242/Y                AOI22X1LVT         1  4.3  137  +125   12138 F             
    g109222/C0                                                 +0   12138               
    g109222/Y                OAI221X1LVT        1  4.2  142   +80   12218 R             
    mem_rdata_q_reg_25_/D    DFFX1LVT                          +0   12218               
    mem_rdata_q_reg_25_/CK   setup                        0   +76   12295 R             
- - - - - - - - - - - - - - - - - - - - - - - - - - - - - - - - - - - - - - - - - - - - 
(clock clk)                  capture                                16000 R             
                             uncertainty                     -250   15750 R             
----------------------------------------------------------------------------------------
Cost Group   : 'clk' (path_group 'clk')
Timing slack :    3455ps 
Start-point  : flash_io2
End-point    : soc/cpu/mem_rdata_q_reg_25_/D

path  69:

           Pin                  Type       Fanout Load Slew Delay Arrival   Location    
                                                  (fF) (ps)  (ps)   (ps)       (x,   y) 
----------------------------------------------------------------------------------------
(clock flash_clk)            launch                                     0 R             
(et4351.sdc_line_68_2_1)     ext delay                      +9000    9000 F             
flash_io2                    inout port         2 59.3    0    +0    9000 F             
flash_bufs_2_/io 
flash_bufs_2_/soc_i 
soc/flash_io2_di 
  g2850/A1                                                     +0    9000               
  g2850/Y                    AO22X1LVT          1  4.3   54  +139    9139 F             
  g2795/C0                                                     +0    9139               
  g2795/Y                    AOI221X1LVT        1  4.4  169  +115    9254 R             
  g2761/B                                                      +0    9254               
  g2761/Y                    NAND2X1LVT         2  6.3  158  +148    9401 F             
  cpu/mem_rdata[2] 
    g115757/A1N                                                +0    9401               
    g115757/Y                OAI2BB1X1LVT       2  6.5  152  +136    9537 F             
    g115232/A1                                                 +0    9537               
    g115232/Y                AOI22X1LVT         1  4.2  123  +117    9654 R             
    g114843/B0                                                 +0    9654               
    g114843/Y                OA21X1LVT          9 23.2  237  +212    9866 R             
    g114684/A                                                  +0    9866               
    g114684/Y                INVX1LVT           5 13.2  180  +174   10040 F             
    g113666/C                                                  +0   10040               
    g113666/Y                OR4X1LVT           5 13.2  157  +213   10254 F             
    g113277/B                                                  +0   10254               
    g113277/Y                NAND2X1LVT         4 10.9  156  +123   10377 R             
    g112960/A1N                                                +0   10377               
    g112960/Y                OAI2BB1X1LVT       1  4.4   71  +107   10484 R             
    g111313/A1                                                 +0   10484               
    g111313/Y                AOI21X1LVT         1  4.1  116   +94   10578 F             
    g110639/D                                                  +0   10578               
    g110639/Y                OR4X1LVT           1  4.1   60  +129   10706 F             
    g110530/A1N                                                +0   10706               
    g110530/Y                AOI2BB1X1LVT       2  6.1   90   +87   10793 F             
    g110448/C0                                                 +0   10793               
    g110448/Y                AOI211XLLVT        1  4.2  240  +172   10965 R             
    g110387/A1                                                 +0   10965               
    g110387/Y                OA21X2LVT         13 33.2  179  +223   11188 R             
    g110334/B                                                  +0   11188               
    g110334/Y                NOR2X2LVT          7 17.3  131  +116   11304 F             
    g110248/A                                                  +0   11304               
    g110248/Y                AND2X1LVT          4 11.3  127  +117   11422 F             
    g109952/B                                                  +0   11422               
    g109952/Y                NAND2X1LVT         3  9.1  131  +102   11524 R             
    g109655/B0                                                 +0   11524               
    g109655/Y                OAI2BB1X1LVT       2  6.5  153  +135   11658 F             
    g109416/A                                                  +0   11658               
    g109416/Y                NOR2X1LVT          1  4.4  118  +108   11767 R             
    g109325/C                                                  +0   11767               
    g109325/Y                NAND3X1LVT         1  4.3  165  +137   11904 F             
    g109241/C                                                  +0   11904               
    g109241/Y                NOR3BX1LVT         1  4.4  157  +141   12045 R             
    g109213/C0                                                 +0   12045               
    g109213/Y                AOI221X1LVT        1  4.3  142   +93   12138 F             
    g109202/C0                                                 +0   12138               
    g109202/Y                OAI221X1LVT        1  4.3  144   +83   12220 R             
    mem_rdata_q_reg_28_/D    DFFHQX1LVT                        +0   12220               
    mem_rdata_q_reg_28_/CK   setup                        0   +73   12293 R             
- - - - - - - - - - - - - - - - - - - - - - - - - - - - - - - - - - - - - - - - - - - - 
(clock clk)                  capture                                16000 R             
                             uncertainty                     -250   15750 R             
----------------------------------------------------------------------------------------
Cost Group   : 'clk' (path_group 'clk')
Timing slack :    3457ps 
Start-point  : flash_io2
End-point    : soc/cpu/mem_rdata_q_reg_28_/D

path  70:

           Pin                  Type       Fanout Load Slew Delay Arrival   Location    
                                                  (fF) (ps)  (ps)   (ps)       (x,   y) 
----------------------------------------------------------------------------------------
(clock flash_clk)            launch                                     0 R             
(et4351.sdc_line_68_3_1)     ext delay                      +9000    9000 F             
flash_io3                    inout port         2 59.5    0    +0    9000 F             
flash_bufs_3_/io 
flash_bufs_3_/soc_i 
soc/flash_io3_di 
  g2831/B1                                                     +0    9000               
  g2831/Y                    AOI22X1LVT         1  4.4  130  +143    9143 R             
  g2760/B                                                      +0    9143               
  g2760/Y                    NAND2X1LVT         2  6.3  154  +133    9276 F             
  cpu/mem_rdata[3] 
    g115760/A1N                                                +0    9276               
    g115760/Y                OAI2BB1X1LVT       2  6.5  152  +135    9411 F             
    g115233/A1                                                 +0    9411               
    g115233/Y                AOI22X1LVT         1  4.2  123  +117    9528 R             
    g114847/B0                                                 +0    9528               
    g114847/Y                OA21X1LVT          9 22.8  233  +210    9738 R             
    g114688/A                                                  +0    9738               
    g114688/Y                INVX1LVT           7 17.5  224  +198    9936 F             
    g113666/D                                                  +0    9936               
    g113666/Y                OR4X1LVT           5 13.2  157  +209   10145 F             
    g113281/B                                                  +0   10145               
    g113281/Y                NOR2X1LVT          3  8.9  194  +161   10306 R             
    g113197/A                                                  +0   10306               
    g113197/Y                INVX1LVT           7 17.3  217  +182   10488 F             
    g111313/A0                                                 +0   10488               
    g111313/Y                AOI21X1LVT         1  4.2  117  +133   10621 R             
    g110639/D                                                  +0   10621               
    g110639/Y                OR4X1LVT           1  4.2   48   +80   10701 R             
    g110530/A1N                                                +0   10701               
    g110530/Y                AOI2BB1X1LVT       2  6.3  141  +104   10805 R             
    g110448/C0                                                 +0   10805               
    g110448/Y                AOI211XLLVT        1  4.1  204  +112   10917 F             
    g110387/A1                                                 +0   10917               
    g110387/Y                OA21X2LVT         13 31.8  185  +213   11130 F             
    g110366/A                                                  +0   11130               
    g110366/Y                INVX1LVT           5 13.7  167  +147   11277 R             
    g110293/A                                                  +0   11277               
    g110293/Y                AND2X1LVT          5 13.1  137  +156   11433 R             
    g110245/B                                                  +0   11433               
    g110245/Y                NAND2X1LVT         3  8.6  201  +162   11595 F             
    g109949/B                                                  +0   11595               
    g109949/Y                AND2X1LVT          2  6.5   75  +110   11705 F             
    g109462/D                                                  +0   11705               
    g109462/Y                NAND4BX1LVT        1  4.4   87   +60   11765 R             
    g109296/D                                                  +0   11765               
    g109296/Y                NOR4X1LVT          1  4.3   80   +66   11831 F             
    g109214/B1                                                 +0   11831               
    g109214/Y                AOI222X1LVT        1  4.4  187  +142   11973 R             
    g109203/C0                                                 +0   11973               
    g109203/Y                OAI221X1LVT        1  4.1  188  +182   12155 F             
    g109193/B                                                  +0   12155               
    g109193/Y                OR2X1LVT           1  4.1   51  +103   12258 F             
    mem_rdata_q_reg_27_/D    DFFX1LVT                          +0   12258               
    mem_rdata_q_reg_27_/CK   setup                        0   +34   12293 R             
- - - - - - - - - - - - - - - - - - - - - - - - - - - - - - - - - - - - - - - - - - - - 
(clock clk)                  capture                                16000 R             
                             uncertainty                     -250   15750 R             
----------------------------------------------------------------------------------------
Cost Group   : 'clk' (path_group 'clk')
Timing slack :    3457ps 
Start-point  : flash_io3
End-point    : soc/cpu/mem_rdata_q_reg_27_/D

path  71:

           Pin                  Type       Fanout Load Slew Delay Arrival   Location    
                                                  (fF) (ps)  (ps)   (ps)       (x,   y) 
----------------------------------------------------------------------------------------
(clock flash_clk)            launch                                     0 R             
(et4351.sdc_line_68_3_1)     ext delay                      +9000    9000 F             
flash_io3                    inout port         2 59.5    0    +0    9000 F             
flash_bufs_3_/io 
flash_bufs_3_/soc_i 
soc/flash_io3_di 
  g2831/B1                                                     +0    9000               
  g2831/Y                    AOI22X1LVT         1  4.4  130  +143    9143 R             
  g2760/B                                                      +0    9143               
  g2760/Y                    NAND2X1LVT         2  6.3  154  +133    9276 F             
  cpu/mem_rdata[3] 
    g115760/A1N                                                +0    9276               
    g115760/Y                OAI2BB1X1LVT       2  6.5  152  +135    9411 F             
    g115233/A1                                                 +0    9411               
    g115233/Y                AOI22X1LVT         1  4.2  123  +117    9528 R             
    g114847/B0                                                 +0    9528               
    g114847/Y                OA21X1LVT          9 22.8  233  +210    9738 R             
    g114688/A                                                  +0    9738               
    g114688/Y                INVX1LVT           7 17.5  224  +198    9936 F             
    g113666/D                                                  +0    9936               
    g113666/Y                OR4X1LVT           5 13.2  157  +209   10145 F             
    g113281/B                                                  +0   10145               
    g113281/Y                NOR2X1LVT          3  8.9  194  +161   10306 R             
    g113197/A                                                  +0   10306               
    g113197/Y                INVX1LVT           7 17.3  217  +182   10488 F             
    g111313/A0                                                 +0   10488               
    g111313/Y                AOI21X1LVT         1  4.2  117  +133   10621 R             
    g110639/D                                                  +0   10621               
    g110639/Y                OR4X1LVT           1  4.2   48   +80   10701 R             
    g110530/A1N                                                +0   10701               
    g110530/Y                AOI2BB1X1LVT       2  6.3  141  +104   10805 R             
    g110448/C0                                                 +0   10805               
    g110448/Y                AOI211XLLVT        1  4.1  204  +112   10917 F             
    g110387/A1                                                 +0   10917               
    g110387/Y                OA21X2LVT         13 31.8  185  +213   11130 F             
    g110334/B                                                  +0   11130               
    g110334/Y                NOR2X2LVT          7 18.0  206  +165   11295 R             
    g110248/A                                                  +0   11295               
    g110248/Y                AND2X1LVT          4 11.8  124  +159   11454 R             
    g109952/B                                                  +0   11454               
    g109952/Y                NAND2X1LVT         3  8.8  204  +160   11614 F             
    g109655/B0                                                 +0   11614               
    g109655/Y                OAI2BB1X1LVT       2  6.7  105  +120   11733 R             
    g109416/A                                                  +0   11733               
    g109416/Y                NOR2X1LVT          1  4.3   69   +75   11808 F             
    g109325/C                                                  +0   11808               
    g109325/Y                NAND3X1LVT         1  4.4   88   +56   11865 R             
    g109241/C                                                  +0   11865               
    g109241/Y                NOR3BX1LVT         1  4.3   82   +66   11931 F             
    g109213/C0                                                 +0   11931               
    g109213/Y                AOI221X1LVT        1  4.4  166  +124   12055 R             
    g109202/C0                                                 +0   12055               
    g109202/Y                OAI221X1LVT        1  4.2  190  +177   12232 F             
    mem_rdata_q_reg_28_/D    DFFHQX1LVT                        +0   12232               
    mem_rdata_q_reg_28_/CK   setup                        0   +61   12292 R             
- - - - - - - - - - - - - - - - - - - - - - - - - - - - - - - - - - - - - - - - - - - - 
(clock clk)                  capture                                16000 R             
                             uncertainty                     -250   15750 R             
----------------------------------------------------------------------------------------
Cost Group   : 'clk' (path_group 'clk')
Timing slack :    3458ps 
Start-point  : flash_io3
End-point    : soc/cpu/mem_rdata_q_reg_28_/D

path  72:

           Pin                  Type       Fanout Load Slew Delay Arrival   Location    
                                                  (fF) (ps)  (ps)   (ps)       (x,   y) 
----------------------------------------------------------------------------------------
(clock flash_clk)            launch                                     0 R             
(et4351.sdc_line_68_3_1)     ext delay                      +9000    9000 F             
flash_io3                    inout port         2 59.5    0    +0    9000 F             
flash_bufs_3_/io 
flash_bufs_3_/soc_i 
soc/flash_io3_di 
  g2831/B1                                                     +0    9000               
  g2831/Y                    AOI22X1LVT         1  4.4  130  +143    9143 R             
  g2760/B                                                      +0    9143               
  g2760/Y                    NAND2X1LVT         2  6.3  154  +133    9276 F             
  cpu/mem_rdata[3] 
    g115760/A1N                                                +0    9276               
    g115760/Y                OAI2BB1X1LVT       2  6.5  152  +135    9411 F             
    g115233/A1                                                 +0    9411               
    g115233/Y                AOI22X1LVT         1  4.2  123  +117    9528 R             
    g114847/B0                                                 +0    9528               
    g114847/Y                OA21X1LVT          9 22.8  233  +210    9738 R             
    g114688/A                                                  +0    9738               
    g114688/Y                INVX1LVT           7 17.5  224  +198    9936 F             
    g113666/D                                                  +0    9936               
    g113666/Y                OR4X1LVT           5 13.2  157  +209   10145 F             
    g113281/B                                                  +0   10145               
    g113281/Y                NOR2X1LVT          3  8.9  194  +161   10306 R             
    g113197/A                                                  +0   10306               
    g113197/Y                INVX1LVT           7 17.3  217  +182   10488 F             
    g111313/A0                                                 +0   10488               
    g111313/Y                AOI21X1LVT         1  4.2  117  +133   10621 R             
    g110639/D                                                  +0   10621               
    g110639/Y                OR4X1LVT           1  4.2   48   +80   10701 R             
    g110530/A1N                                                +0   10701               
    g110530/Y                AOI2BB1X1LVT       2  6.3  141  +104   10805 R             
    g110448/C0                                                 +0   10805               
    g110448/Y                AOI211XLLVT        1  4.1  204  +112   10917 F             
    g110387/A1                                                 +0   10917               
    g110387/Y                OA21X2LVT         13 31.8  185  +213   11130 F             
    g110334/B                                                  +0   11130               
    g110334/Y                NOR2X2LVT          7 18.0  206  +165   11295 R             
    g110248/A                                                  +0   11295               
    g110248/Y                AND2X1LVT          4 11.8  124  +159   11454 R             
    g109952/B                                                  +0   11454               
    g109952/Y                NAND2X1LVT         3  8.8  204  +160   11614 F             
    g109666/B0                                                 +0   11614               
    g109666/Y                OAI2BB1X1LVT       4 11.1  148  +144   11758 R             
    g109295/C                                                  +0   11758               
    g109295/Y                NOR4X1LVT          1  4.3   88   +94   11851 F             
    g109223/C0                                                 +0   11851               
    g109223/Y                AOI221X1LVT        1  4.4  168  +127   11978 R             
    g109212/C0                                                 +0   11978               
    g109212/Y                OAI221X1LVT        1  4.1  187  +176   12154 F             
    g109197/B                                                  +0   12154               
    g109197/Y                OR2X1LVT           1  4.1   51  +103   12256 F             
    mem_rdata_q_reg_26_/D    DFFX1LVT                          +0   12256               
    mem_rdata_q_reg_26_/CK   setup                        0   +34   12291 R             
- - - - - - - - - - - - - - - - - - - - - - - - - - - - - - - - - - - - - - - - - - - - 
(clock clk)                  capture                                16000 R             
                             uncertainty                     -250   15750 R             
----------------------------------------------------------------------------------------
Cost Group   : 'clk' (path_group 'clk')
Timing slack :    3459ps 
Start-point  : flash_io3
End-point    : soc/cpu/mem_rdata_q_reg_26_/D

path  73:

           Pin                  Type       Fanout Load Slew Delay Arrival   Location    
                                                  (fF) (ps)  (ps)   (ps)       (x,   y) 
----------------------------------------------------------------------------------------
(clock flash_clk)            launch                                     0 R             
(et4351.sdc_line_68_3_1)     ext delay                      +9000    9000 F             
flash_io3                    inout port         2 59.5    0    +0    9000 F             
flash_bufs_3_/io 
flash_bufs_3_/soc_i 
soc/flash_io3_di 
  g2831/B1                                                     +0    9000               
  g2831/Y                    AOI22X1LVT         1  4.4  130  +143    9143 R             
  g2760/B                                                      +0    9143               
  g2760/Y                    NAND2X1LVT         2  6.3  154  +133    9276 F             
  cpu/mem_rdata[3] 
    g115760/A1N                                                +0    9276               
    g115760/Y                OAI2BB1X1LVT       2  6.5  152  +135    9411 F             
    g115233/A1                                                 +0    9411               
    g115233/Y                AOI22X1LVT         1  4.2  123  +117    9528 R             
    g114847/B0                                                 +0    9528               
    g114847/Y                OA21X1LVT          9 22.8  233  +210    9738 R             
    g114688/A                                                  +0    9738               
    g114688/Y                INVX1LVT           7 17.5  224  +198    9936 F             
    g113666/D                                                  +0    9936               
    g113666/Y                OR4X1LVT           5 13.2  157  +209   10145 F             
    g113277/B                                                  +0   10145               
    g113277/Y                NAND2X1LVT         4 10.9  156  +123   10269 R             
    g112960/A1N                                                +0   10269               
    g112960/Y                OAI2BB1X1LVT       1  4.4   71  +107   10375 R             
    g111313/A1                                                 +0   10375               
    g111313/Y                AOI21X1LVT         1  4.1  116   +94   10469 F             
    g110639/D                                                  +0   10469               
    g110639/Y                OR4X1LVT           1  4.1   60  +129   10598 F             
    g110530/A1N                                                +0   10598               
    g110530/Y                AOI2BB1X1LVT       2  6.1   90   +87   10685 F             
    g110448/C0                                                 +0   10685               
    g110448/Y                AOI211XLLVT        1  4.2  240  +172   10857 R             
    g110387/A1                                                 +0   10857               
    g110387/Y                OA21X2LVT         13 33.2  179  +223   11080 R             
    g110366/A                                                  +0   11080               
    g110366/Y                INVX1LVT           5 13.2  171  +152   11232 F             
    g110293/A                                                  +0   11232               
    g110293/Y                AND2X1LVT          5 12.6  140  +134   11365 F             
    g109659/A1N                                                +0   11365               
    g109659/Y                OAI2BB1X1LVT       3  8.6  198  +157   11522 F             
    g109462/AN                                                 +0   11522               
    g109462/Y                NAND4BX1LVT        1  4.3  220  +202   11724 F             
    g109296/D                                                  +0   11724               
    g109296/Y                NOR4X1LVT          1  4.4  212  +186   11910 R             
    g109214/B1                                                 +0   11910               
    g109214/Y                AOI222X1LVT        1  4.3  161  +161   12071 F             
    g109203/C0                                                 +0   12071               
    g109203/Y                OAI221X1LVT        1  4.2  134   +89   12161 R             
    g109193/B                                                  +0   12161               
    g109193/Y                OR2X1LVT           1  4.2   47   +78   12239 R             
    mem_rdata_q_reg_27_/D    DFFX1LVT                          +0   12239               
    mem_rdata_q_reg_27_/CK   setup                        0   +50   12290 R             
- - - - - - - - - - - - - - - - - - - - - - - - - - - - - - - - - - - - - - - - - - - - 
(clock clk)                  capture                                16000 R             
                             uncertainty                     -250   15750 R             
----------------------------------------------------------------------------------------
Cost Group   : 'clk' (path_group 'clk')
Timing slack :    3460ps 
Start-point  : flash_io3
End-point    : soc/cpu/mem_rdata_q_reg_27_/D

path  74:

           Pin                  Type       Fanout Load Slew Delay Arrival   Location    
                                                  (fF) (ps)  (ps)   (ps)       (x,   y) 
----------------------------------------------------------------------------------------
(clock flash_clk)            launch                                     0 R             
(et4351.sdc_line_68_2_1)     ext delay                      +9000    9000 F             
flash_io2                    inout port         2 59.3    0    +0    9000 F             
flash_bufs_2_/io 
flash_bufs_2_/soc_i 
soc/flash_io2_di 
  g2850/A1                                                     +0    9000               
  g2850/Y                    AO22X1LVT          1  4.3   54  +139    9139 F             
  g2795/C0                                                     +0    9139               
  g2795/Y                    AOI221X1LVT        1  4.4  169  +115    9254 R             
  g2761/B                                                      +0    9254               
  g2761/Y                    NAND2X1LVT         2  6.3  158  +148    9401 F             
  cpu/mem_rdata[2] 
    g115757/A1N                                                +0    9401               
    g115757/Y                OAI2BB1X1LVT       2  6.5  152  +136    9537 F             
    g115232/A1                                                 +0    9537               
    g115232/Y                AOI22X1LVT         1  4.2  123  +117    9654 R             
    g114843/B0                                                 +0    9654               
    g114843/Y                OA21X1LVT          9 23.2  237  +212    9866 R             
    g114684/A                                                  +0    9866               
    g114684/Y                INVX1LVT           5 13.2  180  +174   10040 F             
    g113666/C                                                  +0   10040               
    g113666/Y                OR4X1LVT           5 13.2  157  +213   10254 F             
    g113264/B                                                  +0   10254               
    g113264/Y                NAND2X1LVT         2  6.5  101   +99   10353 R             
    g113094/B                                                  +0   10353               
    g113094/Y                NOR2X1LVT          5 12.8  175  +120   10473 F             
    g110639/B                                                  +0   10473               
    g110639/Y                OR4X1LVT           1  4.1   60  +166   10639 F             
    g110530/A1N                                                +0   10639               
    g110530/Y                AOI2BB1X1LVT       2  6.1   90   +87   10726 F             
    g110448/C0                                                 +0   10726               
    g110448/Y                AOI211XLLVT        1  4.2  240  +172   10898 R             
    g110387/A1                                                 +0   10898               
    g110387/Y                OA21X2LVT         13 33.2  179  +223   11121 R             
    g110366/A                                                  +0   11121               
    g110366/Y                INVX1LVT           5 13.2  171  +152   11273 F             
    g110293/A                                                  +0   11273               
    g110293/Y                AND2X1LVT          5 12.6  140  +134   11406 F             
    g110245/B                                                  +0   11406               
    g110245/Y                NAND2X1LVT         3  8.9  115  +106   11512 R             
    g109654/A                                                  +0   11512               
    g109654/Y                NAND2X1LVT         1  4.3  107  +103   11615 F             
    g109581/A                                                  +0   11615               
    g109581/Y                NOR2X1LVT          1  4.4  114   +94   11709 R             
    g109458/B                                                  +0   11709               
    g109458/Y                NAND2X1LVT         1  4.3  117  +104   11813 F             
    g109295/D                                                  +0   11813               
    g109295/Y                NOR4X1LVT          1  4.4  207  +151   11964 R             
    g109223/C0                                                 +0   11964               
    g109223/Y                AOI221X1LVT        1  4.3  145  +112   12076 F             
    g109212/C0                                                 +0   12076               
    g109212/Y                OAI221X1LVT        1  4.2  136   +83   12159 R             
    g109197/B                                                  +0   12159               
    g109197/Y                OR2X1LVT           1  4.2   47   +79   12238 R             
    mem_rdata_q_reg_26_/D    DFFX1LVT                          +0   12238               
    mem_rdata_q_reg_26_/CK   setup                        0   +50   12288 R             
- - - - - - - - - - - - - - - - - - - - - - - - - - - - - - - - - - - - - - - - - - - - 
(clock clk)                  capture                                16000 R             
                             uncertainty                     -250   15750 R             
----------------------------------------------------------------------------------------
Cost Group   : 'clk' (path_group 'clk')
Timing slack :    3462ps 
Start-point  : flash_io2
End-point    : soc/cpu/mem_rdata_q_reg_26_/D

path  75:

           Pin                  Type       Fanout Load Slew Delay Arrival   Location    
                                                  (fF) (ps)  (ps)   (ps)       (x,   y) 
----------------------------------------------------------------------------------------
(clock flash_clk)            launch                                     0 R             
(et4351.sdc_line_68_3_1)     ext delay                      +9000    9000 F             
flash_io3                    inout port         2 59.5    0    +0    9000 F             
flash_bufs_3_/io 
flash_bufs_3_/soc_i 
soc/flash_io3_di 
  g2831/B1                                                     +0    9000               
  g2831/Y                    AOI22X1LVT         1  4.4  130  +143    9143 R             
  g2760/B                                                      +0    9143               
  g2760/Y                    NAND2X1LVT         2  6.3  154  +133    9276 F             
  cpu/mem_rdata[3] 
    g115760/A1N                                                +0    9276               
    g115760/Y                OAI2BB1X1LVT       2  6.5  152  +135    9411 F             
    g115233/A1                                                 +0    9411               
    g115233/Y                AOI22X1LVT         1  4.2  123  +117    9528 R             
    g114847/B0                                                 +0    9528               
    g114847/Y                OA21X1LVT          9 22.8  233  +210    9738 R             
    g114688/A                                                  +0    9738               
    g114688/Y                INVX1LVT           7 17.5  224  +198    9936 F             
    g113666/D                                                  +0    9936               
    g113666/Y                OR4X1LVT           5 13.2  157  +209   10145 F             
    g113264/B                                                  +0   10145               
    g113264/Y                NAND2X1LVT         2  6.5  101   +99   10244 R             
    g113094/B                                                  +0   10244               
    g113094/Y                NOR2X1LVT          5 12.8  175  +120   10364 F             
    g110639/B                                                  +0   10364               
    g110639/Y                OR4X1LVT           1  4.1   60  +166   10531 F             
    g110530/A1N                                                +0   10531               
    g110530/Y                AOI2BB1X1LVT       2  6.1   90   +87   10618 F             
    g110448/C0                                                 +0   10618               
    g110448/Y                AOI211XLLVT        1  4.2  240  +172   10790 R             
    g110387/A1                                                 +0   10790               
    g110387/Y                OA21X2LVT         13 33.2  179  +223   11013 R             
    g110334/B                                                  +0   11013               
    g110334/Y                NOR2X2LVT          7 17.3  131  +116   11129 F             
    g110248/A                                                  +0   11129               
    g110248/Y                AND2X1LVT          4 11.3  127  +117   11246 F             
    g109952/B                                                  +0   11246               
    g109952/Y                NAND2X1LVT         3  9.1  131  +102   11348 R             
    g109666/B0                                                 +0   11348               
    g109666/Y                OAI2BB1X1LVT       4 10.7  239  +184   11532 F             
    g109647/B                                                  +0   11532               
    g109647/Y                OR2X1LVT           2  6.3   75  +127   11659 F             
    g109386/AN                                                 +0   11659               
    g109386/Y                NAND3BXLLVT        1  4.3  278  +192   11851 F             
    g109330/B                                                  +0   11851               
    g109330/Y                NOR2X1LVT          1  4.4  123  +156   12007 R             
    g109242/A1                                                 +0   12007               
    g109242/Y                AOI22X1LVT         1  4.3  137  +125   12132 F             
    g109222/C0                                                 +0   12132               
    g109222/Y                OAI221X1LVT        1  4.2  142   +80   12212 R             
    mem_rdata_q_reg_25_/D    DFFX1LVT                          +0   12212               
    mem_rdata_q_reg_25_/CK   setup                        0   +76   12288 R             
- - - - - - - - - - - - - - - - - - - - - - - - - - - - - - - - - - - - - - - - - - - - 
(clock clk)                  capture                                16000 R             
                             uncertainty                     -250   15750 R             
----------------------------------------------------------------------------------------
Cost Group   : 'clk' (path_group 'clk')
Timing slack :    3462ps 
Start-point  : flash_io3
End-point    : soc/cpu/mem_rdata_q_reg_25_/D

path  76:

           Pin                  Type       Fanout Load Slew Delay Arrival   Location    
                                                  (fF) (ps)  (ps)   (ps)       (x,   y) 
----------------------------------------------------------------------------------------
(clock flash_clk)            launch                                     0 R             
(et4351.sdc_line_68_2_1)     ext delay                      +9000    9000 R             
flash_io2                    inout port         2 59.4    0    +0    9000 R             
flash_bufs_2_/io 
flash_bufs_2_/soc_i 
soc/flash_io2_di 
  g2850/A1                                                     +0    9000               
  g2850/Y                    AO22X1LVT          1  4.4   53  +154    9154 R             
  g2795/C0                                                     +0    9154               
  g2795/Y                    AOI221X1LVT        1  4.3  145   +53    9206 F             
  g2761/B                                                      +0    9206               
  g2761/Y                    NAND2X1LVT         2  6.5   94   +94    9300 R             
  cpu/mem_rdata[2] 
    g115757/A1N                                                +0    9300               
    g115757/Y                OAI2BB1X1LVT       2  6.7   99  +103    9403 R             
    g115232/A1                                                 +0    9403               
    g115232/Y                AOI22X1LVT         1  4.1  135  +113    9517 F             
    g114843/B0                                                 +0    9517               
    g114843/Y                OA21X1LVT          9 22.3  247  +191    9708 F             
    g114684/A                                                  +0    9708               
    g114684/Y                INVX1LVT           5 13.7  177  +170    9878 R             
    g113666/C                                                  +0    9878               
    g113666/Y                OR4X1LVT           5 13.7  142  +156   10034 R             
    g113281/B                                                  +0   10034               
    g113281/Y                NOR2X1LVT          3  8.6  127  +111   10145 F             
    g113197/A                                                  +0   10145               
    g113197/Y                INVX1LVT           7 18.0  200  +150   10295 R             
    g111313/A0                                                 +0   10295               
    g111313/Y                AOI21X1LVT         1  4.1  116  +138   10434 F             
    g110639/D                                                  +0   10434               
    g110639/Y                OR4X1LVT           1  4.1   60  +129   10562 F             
    g110530/A1N                                                +0   10562               
    g110530/Y                AOI2BB1X1LVT       2  6.1   90   +87   10649 F             
    g110448/C0                                                 +0   10649               
    g110448/Y                AOI211XLLVT        1  4.2  240  +172   10821 R             
    g110387/A1                                                 +0   10821               
    g110387/Y                OA21X2LVT         13 33.2  179  +223   11044 R             
    g110334/B                                                  +0   11044               
    g110334/Y                NOR2X2LVT          7 17.3  131  +116   11160 F             
    g110248/A                                                  +0   11160               
    g110248/Y                AND2X1LVT          4 11.3  127  +117   11278 F             
    g109953/B0                                                 +0   11278               
    g109953/Y                OAI31X2LVT         3  9.1  166   +70   11348 R             
    g109659/B0                                                 +0   11348               
    g109659/Y                OAI2BB1X1LVT       3  8.6  198  +171   11518 F             
    g109462/AN                                                 +0   11518               
    g109462/Y                NAND4BX1LVT        1  4.3  220  +202   11720 F             
    g109296/D                                                  +0   11720               
    g109296/Y                NOR4X1LVT          1  4.4  212  +186   11906 R             
    g109214/B1                                                 +0   11906               
    g109214/Y                AOI222X1LVT        1  4.3  161  +161   12068 F             
    g109203/C0                                                 +0   12068               
    g109203/Y                OAI221X1LVT        1  4.2  134   +89   12157 R             
    g109193/B                                                  +0   12157               
    g109193/Y                OR2X1LVT           1  4.2   47   +78   12236 R             
    mem_rdata_q_reg_27_/D    DFFX1LVT                          +0   12236               
    mem_rdata_q_reg_27_/CK   setup                        0   +50   12286 R             
- - - - - - - - - - - - - - - - - - - - - - - - - - - - - - - - - - - - - - - - - - - - 
(clock clk)                  capture                                16000 R             
                             uncertainty                     -250   15750 R             
----------------------------------------------------------------------------------------
Cost Group   : 'clk' (path_group 'clk')
Timing slack :    3464ps 
Start-point  : flash_io2
End-point    : soc/cpu/mem_rdata_q_reg_27_/D

path  77:

           Pin                  Type       Fanout Load Slew Delay Arrival   Location    
                                                  (fF) (ps)  (ps)   (ps)       (x,   y) 
----------------------------------------------------------------------------------------
(clock flash_clk)            launch                                     0 R             
(et4351.sdc_line_68_2_1)     ext delay                      +9000    9000 F             
flash_io2                    inout port         2 59.3    0    +0    9000 F             
flash_bufs_2_/io 
flash_bufs_2_/soc_i 
soc/flash_io2_di 
  g2850/A1                                                     +0    9000               
  g2850/Y                    AO22X1LVT          1  4.3   54  +139    9139 F             
  g2795/C0                                                     +0    9139               
  g2795/Y                    AOI221X1LVT        1  4.4  169  +115    9254 R             
  g2761/B                                                      +0    9254               
  g2761/Y                    NAND2X1LVT         2  6.3  158  +148    9401 F             
  cpu/mem_rdata[2] 
    g115757/A1N                                                +0    9401               
    g115757/Y                OAI2BB1X1LVT       2  6.5  152  +136    9537 F             
    g115232/A1                                                 +0    9537               
    g115232/Y                AOI22X1LVT         1  4.2  123  +117    9654 R             
    g114843/B0                                                 +0    9654               
    g114843/Y                OA21X1LVT          9 23.2  237  +212    9866 R             
    g114684/A                                                  +0    9866               
    g114684/Y                INVX1LVT           5 13.2  180  +174   10040 F             
    g113666/C                                                  +0   10040               
    g113666/Y                OR4X1LVT           5 13.2  157  +213   10254 F             
    g113277/B                                                  +0   10254               
    g113277/Y                NAND2X1LVT         4 10.9  156  +123   10377 R             
    g112960/A1N                                                +0   10377               
    g112960/Y                OAI2BB1X1LVT       1  4.4   71  +107   10484 R             
    g111313/A1                                                 +0   10484               
    g111313/Y                AOI21X1LVT         1  4.1  116   +94   10578 F             
    g110639/D                                                  +0   10578               
    g110639/Y                OR4X1LVT           1  4.1   60  +129   10706 F             
    g110530/A1N                                                +0   10706               
    g110530/Y                AOI2BB1X1LVT       2  6.1   90   +87   10793 F             
    g110448/C0                                                 +0   10793               
    g110448/Y                AOI211XLLVT        1  4.2  240  +172   10965 R             
    g110387/A1                                                 +0   10965               
    g110387/Y                OA21X2LVT         13 33.2  179  +223   11188 R             
    g110334/B                                                  +0   11188               
    g110334/Y                NOR2X2LVT          7 17.3  131  +116   11304 F             
    g110248/A                                                  +0   11304               
    g110248/Y                AND2X1LVT          4 11.3  127  +117   11422 F             
    g109952/B                                                  +0   11422               
    g109952/Y                NAND2X1LVT         3  9.1  131  +102   11524 R             
    g109666/B0                                                 +0   11524               
    g109666/Y                OAI2BB1X1LVT       4 10.7  239  +184   11707 F             
    g109296/C                                                  +0   11707               
    g109296/Y                NOR4X1LVT          1  4.4  212  +198   11906 R             
    g109214/B1                                                 +0   11906               
    g109214/Y                AOI222X1LVT        1  4.3  161  +161   12067 F             
    g109203/C0                                                 +0   12067               
    g109203/Y                OAI221X1LVT        1  4.2  134   +89   12156 R             
    g109193/B                                                  +0   12156               
    g109193/Y                OR2X1LVT           1  4.2   47   +78   12235 R             
    mem_rdata_q_reg_27_/D    DFFX1LVT                          +0   12235               
    mem_rdata_q_reg_27_/CK   setup                        0   +50   12285 R             
- - - - - - - - - - - - - - - - - - - - - - - - - - - - - - - - - - - - - - - - - - - - 
(clock clk)                  capture                                16000 R             
                             uncertainty                     -250   15750 R             
----------------------------------------------------------------------------------------
Cost Group   : 'clk' (path_group 'clk')
Timing slack :    3465ps 
Start-point  : flash_io2
End-point    : soc/cpu/mem_rdata_q_reg_27_/D

path  78:

           Pin                  Type       Fanout Load Slew Delay Arrival   Location    
                                                  (fF) (ps)  (ps)   (ps)       (x,   y) 
----------------------------------------------------------------------------------------
(clock flash_clk)            launch                                     0 R             
(et4351.sdc_line_68_3_1)     ext delay                      +9000    9000 F             
flash_io3                    inout port         2 59.5    0    +0    9000 F             
flash_bufs_3_/io 
flash_bufs_3_/soc_i 
soc/flash_io3_di 
  g2831/B1                                                     +0    9000               
  g2831/Y                    AOI22X1LVT         1  4.4  130  +143    9143 R             
  g2760/B                                                      +0    9143               
  g2760/Y                    NAND2X1LVT         2  6.3  154  +133    9276 F             
  cpu/mem_rdata[3] 
    g115760/A1N                                                +0    9276               
    g115760/Y                OAI2BB1X1LVT       2  6.5  152  +135    9411 F             
    g115233/A1                                                 +0    9411               
    g115233/Y                AOI22X1LVT         1  4.2  123  +117    9528 R             
    g114847/B0                                                 +0    9528               
    g114847/Y                OA21X1LVT          9 22.8  233  +210    9738 R             
    g114688/A                                                  +0    9738               
    g114688/Y                INVX1LVT           7 17.5  224  +198    9936 F             
    g113666/D                                                  +0    9936               
    g113666/Y                OR4X1LVT           5 13.2  157  +209   10145 F             
    g113281/B                                                  +0   10145               
    g113281/Y                NOR2X1LVT          3  8.9  194  +161   10306 R             
    g113197/A                                                  +0   10306               
    g113197/Y                INVX1LVT           7 17.3  217  +182   10488 F             
    g111313/A0                                                 +0   10488               
    g111313/Y                AOI21X1LVT         1  4.2  117  +133   10621 R             
    g110639/D                                                  +0   10621               
    g110639/Y                OR4X1LVT           1  4.2   48   +80   10701 R             
    g110530/A1N                                                +0   10701               
    g110530/Y                AOI2BB1X1LVT       2  6.3  141  +104   10805 R             
    g110448/C0                                                 +0   10805               
    g110448/Y                AOI211XLLVT        1  4.1  204  +112   10917 F             
    g110387/A1                                                 +0   10917               
    g110387/Y                OA21X2LVT         13 31.8  185  +213   11130 F             
    g110334/B                                                  +0   11130               
    g110334/Y                NOR2X2LVT          7 18.0  206  +165   11295 R             
    g110248/A                                                  +0   11295               
    g110248/Y                AND2X1LVT          4 11.8  124  +159   11454 R             
    g109953/B0                                                 +0   11454               
    g109953/Y                OAI31X2LVT         3  8.8  129  +119   11573 F             
    g109659/B0                                                 +0   11573               
    g109659/Y                OAI2BB1X1LVT       3  8.9  115  +104   11677 R             
    g109462/AN                                                 +0   11677               
    g109462/Y                NAND4BX1LVT        1  4.4   87   +80   11757 R             
    g109296/D                                                  +0   11757               
    g109296/Y                NOR4X1LVT          1  4.3   80   +66   11823 F             
    g109214/B1                                                 +0   11823               
    g109214/Y                AOI222X1LVT        1  4.4  187  +142   11965 R             
    g109203/C0                                                 +0   11965               
    g109203/Y                OAI221X1LVT        1  4.1  188  +182   12147 F             
    g109193/B                                                  +0   12147               
    g109193/Y                OR2X1LVT           1  4.1   51  +103   12250 F             
    mem_rdata_q_reg_27_/D    DFFX1LVT                          +0   12250               
    mem_rdata_q_reg_27_/CK   setup                        0   +34   12285 R             
- - - - - - - - - - - - - - - - - - - - - - - - - - - - - - - - - - - - - - - - - - - - 
(clock clk)                  capture                                16000 R             
                             uncertainty                     -250   15750 R             
----------------------------------------------------------------------------------------
Cost Group   : 'clk' (path_group 'clk')
Timing slack :    3465ps 
Start-point  : flash_io3
End-point    : soc/cpu/mem_rdata_q_reg_27_/D

path  79:

           Pin                  Type       Fanout Load Slew Delay Arrival   Location    
                                                  (fF) (ps)  (ps)   (ps)       (x,   y) 
----------------------------------------------------------------------------------------
(clock flash_clk)            launch                                     0 R             
(et4351.sdc_line_68_2_1)     ext delay                      +9000    9000 F             
flash_io2                    inout port         2 59.3    0    +0    9000 F             
flash_bufs_2_/io 
flash_bufs_2_/soc_i 
soc/flash_io2_di 
  g2850/A1                                                     +0    9000               
  g2850/Y                    AO22X1LVT          1  4.3   54  +139    9139 F             
  g2795/C0                                                     +0    9139               
  g2795/Y                    AOI221X1LVT        1  4.4  169  +115    9254 R             
  g2761/B                                                      +0    9254               
  g2761/Y                    NAND2X1LVT         2  6.3  158  +148    9401 F             
  cpu/mem_rdata[2] 
    g115757/A1N                                                +0    9401               
    g115757/Y                OAI2BB1X1LVT       2  6.5  152  +136    9537 F             
    g115232/A1                                                 +0    9537               
    g115232/Y                AOI22X1LVT         1  4.2  123  +117    9654 R             
    g114843/B0                                                 +0    9654               
    g114843/Y                OA21X1LVT          9 23.2  237  +212    9866 R             
    g114684/A                                                  +0    9866               
    g114684/Y                INVX1LVT           5 13.2  180  +174   10040 F             
    g113666/C                                                  +0   10040               
    g113666/Y                OR4X1LVT           5 13.2  157  +213   10254 F             
    g113281/B                                                  +0   10254               
    g113281/Y                NOR2X1LVT          3  8.9  194  +161   10415 R             
    g113197/A                                                  +0   10415               
    g113197/Y                INVX1LVT           7 17.3  217  +182   10597 F             
    g111313/A0                                                 +0   10597               
    g111313/Y                AOI21X1LVT         1  4.2  117  +133   10729 R             
    g110639/D                                                  +0   10729               
    g110639/Y                OR4X1LVT           1  4.2   48   +80   10809 R             
    g110530/A1N                                                +0   10809               
    g110530/Y                AOI2BB1X1LVT       2  6.3  141  +104   10914 R             
    g110448/C0                                                 +0   10914               
    g110448/Y                AOI211XLLVT        1  4.1  204  +112   11026 F             
    g110387/A1                                                 +0   11026               
    g110387/Y                OA21X2LVT         13 31.8  185  +213   11238 F             
    g110334/B                                                  +0   11238               
    g110334/Y                NOR2X2LVT          7 18.0  206  +165   11403 R             
    g110247/B                                                  +0   11403               
    g110247/Y                NAND2X1LVT         3  8.6  209  +188   11591 F             
    g109949/A                                                  +0   11591               
    g109949/Y                AND2X1LVT          2  6.5   75  +106   11697 F             
    g109462/D                                                  +0   11697               
    g109462/Y                NAND4BX1LVT        1  4.4   87   +60   11757 R             
    g109296/D                                                  +0   11757               
    g109296/Y                NOR4X1LVT          1  4.3   80   +66   11823 F             
    g109214/B1                                                 +0   11823               
    g109214/Y                AOI222X1LVT        1  4.4  187  +142   11965 R             
    g109203/C0                                                 +0   11965               
    g109203/Y                OAI221X1LVT        1  4.1  188  +182   12147 F             
    g109193/B                                                  +0   12147               
    g109193/Y                OR2X1LVT           1  4.1   51  +103   12250 F             
    mem_rdata_q_reg_27_/D    DFFX1LVT                          +0   12250               
    mem_rdata_q_reg_27_/CK   setup                        0   +34   12284 R             
- - - - - - - - - - - - - - - - - - - - - - - - - - - - - - - - - - - - - - - - - - - - 
(clock clk)                  capture                                16000 R             
                             uncertainty                     -250   15750 R             
----------------------------------------------------------------------------------------
Cost Group   : 'clk' (path_group 'clk')
Timing slack :    3466ps 
Start-point  : flash_io2
End-point    : soc/cpu/mem_rdata_q_reg_27_/D

path  80:

           Pin                  Type       Fanout Load Slew Delay Arrival   Location    
                                                  (fF) (ps)  (ps)   (ps)       (x,   y) 
----------------------------------------------------------------------------------------
(clock flash_clk)            launch                                     0 R             
(et4351.sdc_line_68_2_1)     ext delay                      +9000    9000 F             
flash_io2                    inout port         2 59.3    0    +0    9000 F             
flash_bufs_2_/io 
flash_bufs_2_/soc_i 
soc/flash_io2_di 
  g2850/A1                                                     +0    9000               
  g2850/Y                    AO22X1LVT          1  4.3   54  +139    9139 F             
  g2795/C0                                                     +0    9139               
  g2795/Y                    AOI221X1LVT        1  4.4  169  +115    9254 R             
  g2761/B                                                      +0    9254               
  g2761/Y                    NAND2X1LVT         2  6.3  158  +148    9401 F             
  cpu/mem_rdata[2] 
    g115757/A1N                                                +0    9401               
    g115757/Y                OAI2BB1X1LVT       2  6.5  152  +136    9537 F             
    g115232/A1                                                 +0    9537               
    g115232/Y                AOI22X1LVT         1  4.2  123  +117    9654 R             
    g114843/B0                                                 +0    9654               
    g114843/Y                OA21X1LVT          9 23.2  237  +212    9866 R             
    g114684/A                                                  +0    9866               
    g114684/Y                INVX1LVT           5 13.2  180  +174   10040 F             
    g113666/C                                                  +0   10040               
    g113666/Y                OR4X1LVT           5 13.2  157  +213   10254 F             
    g113164/C                                                  +0   10254               
    g113164/Y                OR3X1LVT           4 11.3  132  +160   10413 F             
    g112993/B                                                  +0   10413               
    g112993/Y                NOR2X2LVT          6 15.8  179  +136   10549 R             
    g110639/C                                                  +0   10549               
    g110639/Y                OR4X1LVT           1  4.2   48  +105   10654 R             
    g110530/A1N                                                +0   10654               
    g110530/Y                AOI2BB1X1LVT       2  6.3  141  +104   10758 R             
    g110448/C0                                                 +0   10758               
    g110448/Y                AOI211XLLVT        1  4.1  204  +112   10871 F             
    g110387/A1                                                 +0   10871               
    g110387/Y                OA21X2LVT         13 31.8  185  +213   11083 F             
    g110366/A                                                  +0   11083               
    g110366/Y                INVX1LVT           5 13.7  167  +147   11231 R             
    g110293/A                                                  +0   11231               
    g110293/Y                AND2X1LVT          5 13.1  137  +156   11386 R             
    g110245/B                                                  +0   11386               
    g110245/Y                NAND2X1LVT         3  8.6  201  +162   11549 F             
    g109654/A                                                  +0   11549               
    g109654/Y                NAND2X1LVT         1  4.4   82  +106   11654 R             
    g109581/A                                                  +0   11654               
    g109581/Y                NOR2X1LVT          1  4.3   68   +66   11721 F             
    g109458/B                                                  +0   11721               
    g109458/Y                NAND2X1LVT         1  4.4   93   +54   11775 R             
    g109295/D                                                  +0   11775               
    g109295/Y                NOR4X1LVT          1  4.3   88   +69   11844 F             
    g109223/C0                                                 +0   11844               
    g109223/Y                AOI221X1LVT        1  4.4  168  +127   11970 R             
    g109212/C0                                                 +0   11970               
    g109212/Y                OAI221X1LVT        1  4.1  187  +176   12146 F             
    g109197/B                                                  +0   12146               
    g109197/Y                OR2X1LVT           1  4.1   51  +103   12249 F             
    mem_rdata_q_reg_26_/D    DFFX1LVT                          +0   12249               
    mem_rdata_q_reg_26_/CK   setup                        0   +34   12283 R             
- - - - - - - - - - - - - - - - - - - - - - - - - - - - - - - - - - - - - - - - - - - - 
(clock clk)                  capture                                16000 R             
                             uncertainty                     -250   15750 R             
----------------------------------------------------------------------------------------
Cost Group   : 'clk' (path_group 'clk')
Timing slack :    3467ps 
Start-point  : flash_io2
End-point    : soc/cpu/mem_rdata_q_reg_26_/D

path  81:

           Pin                  Type       Fanout Load Slew Delay Arrival   Location    
                                                  (fF) (ps)  (ps)   (ps)       (x,   y) 
----------------------------------------------------------------------------------------
(clock flash_clk)            launch                                     0 R             
(et4351.sdc_line_68_3_1)     ext delay                      +9000    9000 F             
flash_io3                    inout port         2 59.5    0    +0    9000 F             
flash_bufs_3_/io 
flash_bufs_3_/soc_i 
soc/flash_io3_di 
  g2831/B1                                                     +0    9000               
  g2831/Y                    AOI22X1LVT         1  4.4  130  +143    9143 R             
  g2760/B                                                      +0    9143               
  g2760/Y                    NAND2X1LVT         2  6.3  154  +133    9276 F             
  cpu/mem_rdata[3] 
    g115760/A1N                                                +0    9276               
    g115760/Y                OAI2BB1X1LVT       2  6.5  152  +135    9411 F             
    g115233/A1                                                 +0    9411               
    g115233/Y                AOI22X1LVT         1  4.2  123  +117    9528 R             
    g114847/B0                                                 +0    9528               
    g114847/Y                OA21X1LVT          9 22.8  233  +210    9738 R             
    g114688/A                                                  +0    9738               
    g114688/Y                INVX1LVT           7 17.5  224  +198    9936 F             
    g113666/D                                                  +0    9936               
    g113666/Y                OR4X1LVT           5 13.2  157  +209   10145 F             
    g113281/B                                                  +0   10145               
    g113281/Y                NOR2X1LVT          3  8.9  194  +161   10306 R             
    g113197/A                                                  +0   10306               
    g113197/Y                INVX1LVT           7 17.3  217  +182   10488 F             
    g111313/A0                                                 +0   10488               
    g111313/Y                AOI21X1LVT         1  4.2  117  +133   10621 R             
    g110639/D                                                  +0   10621               
    g110639/Y                OR4X1LVT           1  4.2   48   +80   10701 R             
    g110530/A1N                                                +0   10701               
    g110530/Y                AOI2BB1X1LVT       2  6.3  141  +104   10805 R             
    g110448/C0                                                 +0   10805               
    g110448/Y                AOI211XLLVT        1  4.1  204  +112   10917 F             
    g110387/A1                                                 +0   10917               
    g110387/Y                OA21X2LVT         13 31.8  185  +213   11130 F             
    g110334/B                                                  +0   11130               
    g110334/Y                NOR2X2LVT          7 18.0  206  +165   11295 R             
    g110286/B0                                                 +0   11295               
    g110286/Y                OAI21X1LVT         3  8.4  212  +194   11488 F             
    g109946/A                                                  +0   11488               
    g109946/Y                AND2X1LVT          2  6.5   75  +107   11595 F             
    g109654/B                                                  +0   11595               
    g109654/Y                NAND2X1LVT         1  4.4   82   +57   11652 R             
    g109581/A                                                  +0   11652               
    g109581/Y                NOR2X1LVT          1  4.3   68   +66   11718 F             
    g109458/B                                                  +0   11718               
    g109458/Y                NAND2X1LVT         1  4.4   93   +54   11773 R             
    g109295/D                                                  +0   11773               
    g109295/Y                NOR4X1LVT          1  4.3   88   +69   11842 F             
    g109223/C0                                                 +0   11842               
    g109223/Y                AOI221X1LVT        1  4.4  168  +127   11968 R             
    g109212/C0                                                 +0   11968               
    g109212/Y                OAI221X1LVT        1  4.1  187  +176   12144 F             
    g109197/B                                                  +0   12144               
    g109197/Y                OR2X1LVT           1  4.1   51  +103   12246 F             
    mem_rdata_q_reg_26_/D    DFFX1LVT                          +0   12246               
    mem_rdata_q_reg_26_/CK   setup                        0   +34   12281 R             
- - - - - - - - - - - - - - - - - - - - - - - - - - - - - - - - - - - - - - - - - - - - 
(clock clk)                  capture                                16000 R             
                             uncertainty                     -250   15750 R             
----------------------------------------------------------------------------------------
Cost Group   : 'clk' (path_group 'clk')
Timing slack :    3469ps 
Start-point  : flash_io3
End-point    : soc/cpu/mem_rdata_q_reg_26_/D

path  82:

           Pin                  Type       Fanout Load Slew Delay Arrival   Location    
                                                  (fF) (ps)  (ps)   (ps)       (x,   y) 
----------------------------------------------------------------------------------------
(clock flash_clk)            launch                                     0 R             
(et4351.sdc_line_68_2_1)     ext delay                      +9000    9000 F             
flash_io2                    inout port         2 59.3    0    +0    9000 F             
flash_bufs_2_/io 
flash_bufs_2_/soc_i 
soc/flash_io2_di 
  g2850/A1                                                     +0    9000               
  g2850/Y                    AO22X1LVT          1  4.3   54  +139    9139 F             
  g2795/C0                                                     +0    9139               
  g2795/Y                    AOI221X1LVT        1  4.4  169  +115    9254 R             
  g2761/B                                                      +0    9254               
  g2761/Y                    NAND2X1LVT         2  6.3  158  +148    9401 F             
  cpu/mem_rdata[2] 
    g115757/A1N                                                +0    9401               
    g115757/Y                OAI2BB1X1LVT       2  6.5  152  +136    9537 F             
    g115232/A1                                                 +0    9537               
    g115232/Y                AOI22X1LVT         1  4.2  123  +117    9654 R             
    g114843/B0                                                 +0    9654               
    g114843/Y                OA21X1LVT          9 23.2  237  +212    9866 R             
    g114684/A                                                  +0    9866               
    g114684/Y                INVX1LVT           5 13.2  180  +174   10040 F             
    g113666/C                                                  +0   10040               
    g113666/Y                OR4X1LVT           5 13.2  157  +213   10254 F             
    g113164/C                                                  +0   10254               
    g113164/Y                OR3X1LVT           4 11.3  132  +160   10413 F             
    g112993/B                                                  +0   10413               
    g112993/Y                NOR2X2LVT          6 15.8  179  +136   10549 R             
    g110639/C                                                  +0   10549               
    g110639/Y                OR4X1LVT           1  4.2   48  +105   10654 R             
    g110530/A1N                                                +0   10654               
    g110530/Y                AOI2BB1X1LVT       2  6.3  141  +104   10758 R             
    g110448/C0                                                 +0   10758               
    g110448/Y                AOI211XLLVT        1  4.1  204  +112   10871 F             
    g110387/A1                                                 +0   10871               
    g110387/Y                OA21X2LVT         13 31.8  185  +213   11083 F             
    g110334/B                                                  +0   11083               
    g110334/Y                NOR2X2LVT          7 18.0  206  +165   11248 R             
    g110248/A                                                  +0   11248               
    g110248/Y                AND2X1LVT          4 11.8  124  +159   11407 R             
    g109952/B                                                  +0   11407               
    g109952/Y                NAND2X1LVT         3  8.8  204  +160   11567 F             
    g109666/B0                                                 +0   11567               
    g109666/Y                OAI2BB1X1LVT       4 11.1  148  +144   11711 R             
    g109647/B                                                  +0   11711               
    g109647/Y                OR2X1LVT           2  6.5   70   +94   11806 R             
    g109386/AN                                                 +0   11806               
    g109386/Y                NAND3BXLLVT        1  4.4  115   +80   11886 R             
    g109330/B                                                  +0   11886               
    g109330/Y                NOR2X1LVT          1  4.3   71   +75   11961 F             
    g109242/A1                                                 +0   11961               
    g109242/Y                AOI22X1LVT         1  4.4  126   +94   12055 R             
    g109222/C0                                                 +0   12055               
    g109222/Y                OAI221X1LVT        1  4.1  183  +160   12215 F             
    mem_rdata_q_reg_25_/D    DFFX1LVT                          +0   12215               
    mem_rdata_q_reg_25_/CK   setup                        0   +66   12280 R             
- - - - - - - - - - - - - - - - - - - - - - - - - - - - - - - - - - - - - - - - - - - - 
(clock clk)                  capture                                16000 R             
                             uncertainty                     -250   15750 R             
----------------------------------------------------------------------------------------
Cost Group   : 'clk' (path_group 'clk')
Timing slack :    3470ps 
Start-point  : flash_io2
End-point    : soc/cpu/mem_rdata_q_reg_25_/D

path  83:

           Pin                  Type       Fanout Load Slew Delay Arrival   Location    
                                                  (fF) (ps)  (ps)   (ps)       (x,   y) 
----------------------------------------------------------------------------------------
(clock flash_clk)            launch                                     0 R             
(et4351.sdc_line_68_2_1)     ext delay                      +9000    9000 F             
flash_io2                    inout port         2 59.3    0    +0    9000 F             
flash_bufs_2_/io 
flash_bufs_2_/soc_i 
soc/flash_io2_di 
  g2850/A1                                                     +0    9000               
  g2850/Y                    AO22X1LVT          1  4.3   54  +139    9139 F             
  g2795/C0                                                     +0    9139               
  g2795/Y                    AOI221X1LVT        1  4.4  169  +115    9254 R             
  g2761/B                                                      +0    9254               
  g2761/Y                    NAND2X1LVT         2  6.3  158  +148    9401 F             
  cpu/mem_rdata[2] 
    g115757/A1N                                                +0    9401               
    g115757/Y                OAI2BB1X1LVT       2  6.5  152  +136    9537 F             
    g115232/A1                                                 +0    9537               
    g115232/Y                AOI22X1LVT         1  4.2  123  +117    9654 R             
    g114843/B0                                                 +0    9654               
    g114843/Y                OA21X1LVT          9 23.2  237  +212    9866 R             
    g114684/A                                                  +0    9866               
    g114684/Y                INVX1LVT           5 13.2  180  +174   10040 F             
    g113666/C                                                  +0   10040               
    g113666/Y                OR4X1LVT           5 13.2  157  +213   10254 F             
    g113264/B                                                  +0   10254               
    g113264/Y                NAND2X1LVT         2  6.5  101   +99   10353 R             
    g113094/B                                                  +0   10353               
    g113094/Y                NOR2X1LVT          5 12.8  175  +120   10473 F             
    g110639/B                                                  +0   10473               
    g110639/Y                OR4X1LVT           1  4.1   60  +166   10639 F             
    g110530/A1N                                                +0   10639               
    g110530/Y                AOI2BB1X1LVT       2  6.1   90   +87   10726 F             
    g110448/C0                                                 +0   10726               
    g110448/Y                AOI211XLLVT        1  4.2  240  +172   10898 R             
    g110387/A1                                                 +0   10898               
    g110387/Y                OA21X2LVT         13 33.2  179  +223   11121 R             
    g110334/B                                                  +0   11121               
    g110334/Y                NOR2X2LVT          7 17.3  131  +116   11237 F             
    g110248/A                                                  +0   11237               
    g110248/Y                AND2X1LVT          4 11.3  127  +117   11355 F             
    g109953/B0                                                 +0   11355               
    g109953/Y                OAI31X2LVT         3  9.1  166   +70   11424 R             
    g109648/C                                                  +0   11424               
    g109648/Y                NAND3BX1LVT        2  6.3  230  +189   11614 F             
    g109416/B                                                  +0   11614               
    g109416/Y                NOR2X1LVT          1  4.4  118  +138   11752 R             
    g109325/C                                                  +0   11752               
    g109325/Y                NAND3X1LVT         1  4.3  165  +137   11889 F             
    g109241/C                                                  +0   11889               
    g109241/Y                NOR3BX1LVT         1  4.4  157  +141   12030 R             
    g109213/C0                                                 +0   12030               
    g109213/Y                AOI221X1LVT        1  4.3  142   +93   12123 F             
    g109202/C0                                                 +0   12123               
    g109202/Y                OAI221X1LVT        1  4.3  144   +83   12205 R             
    mem_rdata_q_reg_28_/D    DFFHQX1LVT                        +0   12205               
    mem_rdata_q_reg_28_/CK   setup                        0   +73   12278 R             
- - - - - - - - - - - - - - - - - - - - - - - - - - - - - - - - - - - - - - - - - - - - 
(clock clk)                  capture                                16000 R             
                             uncertainty                     -250   15750 R             
----------------------------------------------------------------------------------------
Cost Group   : 'clk' (path_group 'clk')
Timing slack :    3472ps 
Start-point  : flash_io2
End-point    : soc/cpu/mem_rdata_q_reg_28_/D

path  84:

           Pin                  Type       Fanout Load Slew Delay Arrival   Location    
                                                  (fF) (ps)  (ps)   (ps)       (x,   y) 
----------------------------------------------------------------------------------------
(clock flash_clk)            launch                                     0 R             
(et4351.sdc_line_68_2_1)     ext delay                      +9000    9000 F             
flash_io2                    inout port         2 59.3    0    +0    9000 F             
flash_bufs_2_/io 
flash_bufs_2_/soc_i 
soc/flash_io2_di 
  g2850/A1                                                     +0    9000               
  g2850/Y                    AO22X1LVT          1  4.3   54  +139    9139 F             
  g2795/C0                                                     +0    9139               
  g2795/Y                    AOI221X1LVT        1  4.4  169  +115    9254 R             
  g2761/B                                                      +0    9254               
  g2761/Y                    NAND2X1LVT         2  6.3  158  +148    9401 F             
  cpu/mem_rdata[2] 
    g115757/A1N                                                +0    9401               
    g115757/Y                OAI2BB1X1LVT       2  6.5  152  +136    9537 F             
    g115232/A1                                                 +0    9537               
    g115232/Y                AOI22X1LVT         1  4.2  123  +117    9654 R             
    g114843/B0                                                 +0    9654               
    g114843/Y                OA21X1LVT          9 23.2  237  +212    9866 R             
    g114684/A                                                  +0    9866               
    g114684/Y                INVX1LVT           5 13.2  180  +174   10040 F             
    g113666/C                                                  +0   10040               
    g113666/Y                OR4X1LVT           5 13.2  157  +213   10254 F             
    g113281/B                                                  +0   10254               
    g113281/Y                NOR2X1LVT          3  8.9  194  +161   10415 R             
    g113197/A                                                  +0   10415               
    g113197/Y                INVX1LVT           7 17.3  217  +182   10597 F             
    g111313/A0                                                 +0   10597               
    g111313/Y                AOI21X1LVT         1  4.2  117  +133   10729 R             
    g110639/D                                                  +0   10729               
    g110639/Y                OR4X1LVT           1  4.2   48   +80   10809 R             
    g110530/A1N                                                +0   10809               
    g110530/Y                AOI2BB1X1LVT       2  6.3  141  +104   10914 R             
    g110448/C0                                                 +0   10914               
    g110448/Y                AOI211XLLVT        1  4.1  204  +112   11026 F             
    g110387/A1                                                 +0   11026               
    g110387/Y                OA21X2LVT         13 31.8  185  +213   11238 F             
    g110331/B                                                  +0   11238               
    g110331/Y                NOR2X1LVT          2  6.7  156  +147   11385 R             
    g110316/A                                                  +0   11385               
    g110316/Y                INVX1LVT           2  6.1   92  +100   11486 F             
    g110250/B                                                  +0   11486               
    g110250/Y                OR2X1LVT           4 10.9  124  +121   11607 F             
    g109956/B0                                                 +0   11607               
    g109956/Y                OAI2BB1X1LVT       4 11.5  139  +116   11723 R             
    g109296/B                                                  +0   11723               
    g109296/Y                NOR4X1LVT          1  4.3   80   +94   11817 F             
    g109214/B1                                                 +0   11817               
    g109214/Y                AOI222X1LVT        1  4.4  187  +142   11958 R             
    g109203/C0                                                 +0   11958               
    g109203/Y                OAI221X1LVT        1  4.1  188  +182   12141 F             
    g109193/B                                                  +0   12141               
    g109193/Y                OR2X1LVT           1  4.1   51  +103   12244 F             
    mem_rdata_q_reg_27_/D    DFFX1LVT                          +0   12244               
    mem_rdata_q_reg_27_/CK   setup                        0   +34   12278 R             
- - - - - - - - - - - - - - - - - - - - - - - - - - - - - - - - - - - - - - - - - - - - 
(clock clk)                  capture                                16000 R             
                             uncertainty                     -250   15750 R             
----------------------------------------------------------------------------------------
Cost Group   : 'clk' (path_group 'clk')
Timing slack :    3472ps 
Start-point  : flash_io2
End-point    : soc/cpu/mem_rdata_q_reg_27_/D

path  85:

           Pin                  Type       Fanout Load Slew Delay Arrival   Location    
                                                  (fF) (ps)  (ps)   (ps)       (x,   y) 
----------------------------------------------------------------------------------------
(clock flash_clk)            launch                                     0 R             
(et4351.sdc_line_68_3_1)     ext delay                      +9000    9000 R             
flash_io3                    inout port         2 59.6    0    +0    9000 R             
flash_bufs_3_/io 
flash_bufs_3_/soc_i 
soc/flash_io3_di 
  g2831/B1                                                     +0    9000               
  g2831/Y                    AOI22X1LVT         1  4.3  146  +140    9140 F             
  g2760/B                                                      +0    9140               
  g2760/Y                    NAND2X1LVT         2  6.5   94   +95    9235 R             
  cpu/mem_rdata[3] 
    g115760/A1N                                                +0    9235               
    g115760/Y                OAI2BB1X1LVT       2  6.7   99  +103    9338 R             
    g115233/A1                                                 +0    9338               
    g115233/Y                AOI22X1LVT         1  4.1  135  +113    9451 F             
    g114847/B0                                                 +0    9451               
    g114847/Y                OA21X1LVT          9 21.9  242  +189    9640 F             
    g114688/A                                                  +0    9640               
    g114688/Y                INVX1LVT           7 18.2  220  +194    9834 R             
    g113666/D                                                  +0    9834               
    g113666/Y                OR4X1LVT           5 13.7  142  +159    9992 R             
    g113281/B                                                  +0    9992               
    g113281/Y                NOR2X1LVT          3  8.6  127  +111   10104 F             
    g113197/A                                                  +0   10104               
    g113197/Y                INVX1LVT           7 18.0  200  +150   10254 R             
    g111313/A0                                                 +0   10254               
    g111313/Y                AOI21X1LVT         1  4.1  116  +138   10392 F             
    g110639/D                                                  +0   10392               
    g110639/Y                OR4X1LVT           1  4.1   60  +129   10521 F             
    g110530/A1N                                                +0   10521               
    g110530/Y                AOI2BB1X1LVT       2  6.1   90   +87   10608 F             
    g110448/C0                                                 +0   10608               
    g110448/Y                AOI211XLLVT        1  4.2  240  +172   10780 R             
    g110387/A1                                                 +0   10780               
    g110387/Y                OA21X2LVT         13 33.2  179  +223   11002 R             
    g110334/B                                                  +0   11002               
    g110334/Y                NOR2X2LVT          7 17.3  131  +116   11119 F             
    g110248/A                                                  +0   11119               
    g110248/Y                AND2X1LVT          4 11.3  127  +117   11236 F             
    g109952/B                                                  +0   11236               
    g109952/Y                NAND2X1LVT         3  9.1  131  +102   11338 R             
    g109666/B0                                                 +0   11338               
    g109666/Y                OAI2BB1X1LVT       4 10.7  239  +184   11522 F             
    g109647/B                                                  +0   11522               
    g109647/Y                OR2X1LVT           2  6.3   75  +127   11649 F             
    g109386/AN                                                 +0   11649               
    g109386/Y                NAND3BXLLVT        1  4.3  278  +192   11841 F             
    g109330/B                                                  +0   11841               
    g109330/Y                NOR2X1LVT          1  4.4  123  +156   11997 R             
    g109242/A1                                                 +0   11997               
    g109242/Y                AOI22X1LVT         1  4.3  137  +125   12122 F             
    g109222/C0                                                 +0   12122               
    g109222/Y                OAI221X1LVT        1  4.2  142   +80   12202 R             
    mem_rdata_q_reg_25_/D    DFFX1LVT                          +0   12202               
    mem_rdata_q_reg_25_/CK   setup                        0   +76   12278 R             
- - - - - - - - - - - - - - - - - - - - - - - - - - - - - - - - - - - - - - - - - - - - 
(clock clk)                  capture                                16000 R             
                             uncertainty                     -250   15750 R             
----------------------------------------------------------------------------------------
Cost Group   : 'clk' (path_group 'clk')
Timing slack :    3472ps 
Start-point  : flash_io3
End-point    : soc/cpu/mem_rdata_q_reg_25_/D

path  86:

           Pin                  Type       Fanout Load Slew Delay Arrival   Location    
                                                  (fF) (ps)  (ps)   (ps)       (x,   y) 
----------------------------------------------------------------------------------------
(clock flash_clk)            launch                                     0 R             
(et4351.sdc_line_68_2_1)     ext delay                      +9000    9000 F             
flash_io2                    inout port         2 59.3    0    +0    9000 F             
flash_bufs_2_/io 
flash_bufs_2_/soc_i 
soc/flash_io2_di 
  g2850/A1                                                     +0    9000               
  g2850/Y                    AO22X1LVT          1  4.3   54  +139    9139 F             
  g2795/C0                                                     +0    9139               
  g2795/Y                    AOI221X1LVT        1  4.4  169  +115    9254 R             
  g2761/B                                                      +0    9254               
  g2761/Y                    NAND2X1LVT         2  6.3  158  +148    9401 F             
  cpu/mem_rdata[2] 
    g115757/A1N                                                +0    9401               
    g115757/Y                OAI2BB1X1LVT       2  6.5  152  +136    9537 F             
    g115232/A1                                                 +0    9537               
    g115232/Y                AOI22X1LVT         1  4.2  123  +117    9654 R             
    g114843/B0                                                 +0    9654               
    g114843/Y                OA21X1LVT          9 23.2  237  +212    9866 R             
    g114684/A                                                  +0    9866               
    g114684/Y                INVX1LVT           5 13.2  180  +174   10040 F             
    g113666/C                                                  +0   10040               
    g113666/Y                OR4X1LVT           5 13.2  157  +213   10254 F             
    g113281/B                                                  +0   10254               
    g113281/Y                NOR2X1LVT          3  8.9  194  +161   10415 R             
    g113197/A                                                  +0   10415               
    g113197/Y                INVX1LVT           7 17.3  217  +182   10597 F             
    g111313/A0                                                 +0   10597               
    g111313/Y                AOI21X1LVT         1  4.2  117  +133   10729 R             
    g110639/D                                                  +0   10729               
    g110639/Y                OR4X1LVT           1  4.2   48   +80   10809 R             
    g110530/A1N                                                +0   10809               
    g110530/Y                AOI2BB1X1LVT       2  6.3  141  +104   10914 R             
    g110448/C0                                                 +0   10914               
    g110448/Y                AOI211XLLVT        1  4.1  204  +112   11026 F             
    g110387/A1                                                 +0   11026               
    g110387/Y                OA21X2LVT         13 31.8  185  +213   11238 F             
    g110366/A                                                  +0   11238               
    g110366/Y                INVX1LVT           5 13.7  167  +147   11386 R             
    g110293/A                                                  +0   11386               
    g110293/Y                AND2X1LVT          5 13.1  137  +156   11541 R             
    g109659/A1N                                                +0   11541               
    g109659/Y                OAI2BB1X1LVT       3  8.9  115  +126   11668 R             
    g109462/AN                                                 +0   11668               
    g109462/Y                NAND4BX1LVT        1  4.4   87   +80   11748 R             
    g109296/D                                                  +0   11748               
    g109296/Y                NOR4X1LVT          1  4.3   80   +66   11814 F             
    g109214/B1                                                 +0   11814               
    g109214/Y                AOI222X1LVT        1  4.4  187  +142   11956 R             
    g109203/C0                                                 +0   11956               
    g109203/Y                OAI221X1LVT        1  4.1  188  +182   12138 F             
    g109193/B                                                  +0   12138               
    g109193/Y                OR2X1LVT           1  4.1   51  +103   12241 F             
    mem_rdata_q_reg_27_/D    DFFX1LVT                          +0   12241               
    mem_rdata_q_reg_27_/CK   setup                        0   +34   12276 R             
- - - - - - - - - - - - - - - - - - - - - - - - - - - - - - - - - - - - - - - - - - - - 
(clock clk)                  capture                                16000 R             
                             uncertainty                     -250   15750 R             
----------------------------------------------------------------------------------------
Cost Group   : 'clk' (path_group 'clk')
Timing slack :    3474ps 
Start-point  : flash_io2
End-point    : soc/cpu/mem_rdata_q_reg_27_/D

path  87:

           Pin                  Type       Fanout Load Slew Delay Arrival   Location    
                                                  (fF) (ps)  (ps)   (ps)       (x,   y) 
----------------------------------------------------------------------------------------
(clock flash_clk)            launch                                     0 R             
(et4351.sdc_line_68_2_1)     ext delay                      +9000    9000 F             
flash_io2                    inout port         2 59.3    0    +0    9000 F             
flash_bufs_2_/io 
flash_bufs_2_/soc_i 
soc/flash_io2_di 
  g2850/A1                                                     +0    9000               
  g2850/Y                    AO22X1LVT          1  4.3   54  +139    9139 F             
  g2795/C0                                                     +0    9139               
  g2795/Y                    AOI221X1LVT        1  4.4  169  +115    9254 R             
  g2761/B                                                      +0    9254               
  g2761/Y                    NAND2X1LVT         2  6.3  158  +148    9401 F             
  cpu/mem_rdata[2] 
    g115757/A1N                                                +0    9401               
    g115757/Y                OAI2BB1X1LVT       2  6.5  152  +136    9537 F             
    g115232/A1                                                 +0    9537               
    g115232/Y                AOI22X1LVT         1  4.2  123  +117    9654 R             
    g114843/B0                                                 +0    9654               
    g114843/Y                OA21X1LVT          9 23.2  237  +212    9866 R             
    g114684/A                                                  +0    9866               
    g114684/Y                INVX1LVT           5 13.2  180  +174   10040 F             
    g113666/C                                                  +0   10040               
    g113666/Y                OR4X1LVT           5 13.2  157  +213   10254 F             
    g113164/C                                                  +0   10254               
    g113164/Y                OR3X1LVT           4 11.3  132  +160   10413 F             
    g112960/B0                                                 +0   10413               
    g112960/Y                OAI2BB1X1LVT       1  4.4   71   +80   10494 R             
    g111313/A1                                                 +0   10494               
    g111313/Y                AOI21X1LVT         1  4.1  116   +94   10588 F             
    g110639/D                                                  +0   10588               
    g110639/Y                OR4X1LVT           1  4.1   60  +129   10716 F             
    g110530/A1N                                                +0   10716               
    g110530/Y                AOI2BB1X1LVT       2  6.1   90   +87   10803 F             
    g110448/C0                                                 +0   10803               
    g110448/Y                AOI211XLLVT        1  4.2  240  +172   10975 R             
    g110387/A1                                                 +0   10975               
    g110387/Y                OA21X2LVT         13 33.2  179  +223   11198 R             
    g110331/B                                                  +0   11198               
    g110331/Y                NOR2X1LVT          2  6.5  101  +113   11311 F             
    g110244/B                                                  +0   11311               
    g110244/Y                NAND2X1LVT         3  8.9  110   +92   11403 R             
    g109946/B                                                  +0   11403               
    g109946/Y                AND2X1LVT          2  6.7   74  +109   11511 R             
    g109654/B                                                  +0   11511               
    g109654/Y                NAND2X1LVT         1  4.3  107   +89   11600 F             
    g109581/A                                                  +0   11600               
    g109581/Y                NOR2X1LVT          1  4.4  114   +94   11694 R             
    g109458/B                                                  +0   11694               
    g109458/Y                NAND2X1LVT         1  4.3  117  +104   11797 F             
    g109295/D                                                  +0   11797               
    g109295/Y                NOR4X1LVT          1  4.4  207  +151   11948 R             
    g109223/C0                                                 +0   11948               
    g109223/Y                AOI221X1LVT        1  4.3  145  +112   12060 F             
    g109212/C0                                                 +0   12060               
    g109212/Y                OAI221X1LVT        1  4.2  136   +83   12144 R             
    g109197/B                                                  +0   12144               
    g109197/Y                OR2X1LVT           1  4.2   47   +79   12223 R             
    mem_rdata_q_reg_26_/D    DFFX1LVT                          +0   12223               
    mem_rdata_q_reg_26_/CK   setup                        0   +50   12273 R             
- - - - - - - - - - - - - - - - - - - - - - - - - - - - - - - - - - - - - - - - - - - - 
(clock clk)                  capture                                16000 R             
                             uncertainty                     -250   15750 R             
----------------------------------------------------------------------------------------
Cost Group   : 'clk' (path_group 'clk')
Timing slack :    3477ps 
Start-point  : flash_io2
End-point    : soc/cpu/mem_rdata_q_reg_26_/D

path  88:

           Pin                  Type       Fanout Load Slew Delay Arrival   Location    
                                                  (fF) (ps)  (ps)   (ps)       (x,   y) 
----------------------------------------------------------------------------------------
(clock flash_clk)            launch                                     0 R             
(et4351.sdc_line_68_2_1)     ext delay                      +9000    9000 R             
flash_io2                    inout port         2 59.4    0    +0    9000 R             
flash_bufs_2_/io 
flash_bufs_2_/soc_i 
soc/flash_io2_di 
  g2850/A1                                                     +0    9000               
  g2850/Y                    AO22X1LVT          1  4.4   53  +154    9154 R             
  g2795/C0                                                     +0    9154               
  g2795/Y                    AOI221X1LVT        1  4.3  145   +53    9206 F             
  g2761/B                                                      +0    9206               
  g2761/Y                    NAND2X1LVT         2  6.5   94   +94    9300 R             
  cpu/mem_rdata[2] 
    g115757/A1N                                                +0    9300               
    g115757/Y                OAI2BB1X1LVT       2  6.7   99  +103    9403 R             
    g115232/A1                                                 +0    9403               
    g115232/Y                AOI22X1LVT         1  4.1  135  +113    9517 F             
    g114843/B0                                                 +0    9517               
    g114843/Y                OA21X1LVT          9 22.3  247  +191    9708 F             
    g114684/A                                                  +0    9708               
    g114684/Y                INVX1LVT           5 13.7  177  +170    9878 R             
    g113666/C                                                  +0    9878               
    g113666/Y                OR4X1LVT           5 13.7  142  +156   10034 R             
    g113281/B                                                  +0   10034               
    g113281/Y                NOR2X1LVT          3  8.6  127  +111   10145 F             
    g113197/A                                                  +0   10145               
    g113197/Y                INVX1LVT           7 18.0  200  +150   10295 R             
    g111313/A0                                                 +0   10295               
    g111313/Y                AOI21X1LVT         1  4.1  116  +138   10434 F             
    g110639/D                                                  +0   10434               
    g110639/Y                OR4X1LVT           1  4.1   60  +129   10562 F             
    g110530/A1N                                                +0   10562               
    g110530/Y                AOI2BB1X1LVT       2  6.1   90   +87   10649 F             
    g110448/C0                                                 +0   10649               
    g110448/Y                AOI211XLLVT        1  4.2  240  +172   10821 R             
    g110387/A1                                                 +0   10821               
    g110387/Y                OA21X2LVT         13 33.2  179  +223   11044 R             
    g110366/A                                                  +0   11044               
    g110366/Y                INVX1LVT           5 13.2  171  +152   11196 F             
    g110293/A                                                  +0   11196               
    g110293/Y                AND2X1LVT          5 12.6  140  +134   11330 F             
    g110246/AN                                                 +0   11330               
    g110246/Y                NOR2BX1LVT         3  8.4  113  +102   11432 F             
    g109648/AN                                                 +0   11432               
    g109648/Y                NAND3BX1LVT        2  6.3  230  +175   11607 F             
    g109416/B                                                  +0   11607               
    g109416/Y                NOR2X1LVT          1  4.4  118  +138   11745 R             
    g109325/C                                                  +0   11745               
    g109325/Y                NAND3X1LVT         1  4.3  165  +137   11882 F             
    g109241/C                                                  +0   11882               
    g109241/Y                NOR3BX1LVT         1  4.4  157  +141   12023 R             
    g109213/C0                                                 +0   12023               
    g109213/Y                AOI221X1LVT        1  4.3  142   +93   12116 F             
    g109202/C0                                                 +0   12116               
    g109202/Y                OAI221X1LVT        1  4.3  144   +83   12199 R             
    mem_rdata_q_reg_28_/D    DFFHQX1LVT                        +0   12199               
    mem_rdata_q_reg_28_/CK   setup                        0   +73   12272 R             
- - - - - - - - - - - - - - - - - - - - - - - - - - - - - - - - - - - - - - - - - - - - 
(clock clk)                  capture                                16000 R             
                             uncertainty                     -250   15750 R             
----------------------------------------------------------------------------------------
Cost Group   : 'clk' (path_group 'clk')
Timing slack :    3478ps 
Start-point  : flash_io2
End-point    : soc/cpu/mem_rdata_q_reg_28_/D

path  89:

           Pin                  Type       Fanout Load Slew Delay Arrival   Location    
                                                  (fF) (ps)  (ps)   (ps)       (x,   y) 
----------------------------------------------------------------------------------------
(clock flash_clk)            launch                                     0 R             
(et4351.sdc_line_68_3_1)     ext delay                      +9000    9000 F             
flash_io3                    inout port         2 59.5    0    +0    9000 F             
flash_bufs_3_/io 
flash_bufs_3_/soc_i 
soc/flash_io3_di 
  g2831/B1                                                     +0    9000               
  g2831/Y                    AOI22X1LVT         1  4.4  130  +143    9143 R             
  g2760/B                                                      +0    9143               
  g2760/Y                    NAND2X1LVT         2  6.3  154  +133    9276 F             
  cpu/mem_rdata[3] 
    g115760/A1N                                                +0    9276               
    g115760/Y                OAI2BB1X1LVT       2  6.5  152  +135    9411 F             
    g115233/A1                                                 +0    9411               
    g115233/Y                AOI22X1LVT         1  4.2  123  +117    9528 R             
    g114847/B0                                                 +0    9528               
    g114847/Y                OA21X1LVT          9 22.8  233  +210    9738 R             
    g114688/A                                                  +0    9738               
    g114688/Y                INVX1LVT           7 17.5  224  +198    9936 F             
    g113666/D                                                  +0    9936               
    g113666/Y                OR4X1LVT           5 13.2  157  +209   10145 F             
    g113164/C                                                  +0   10145               
    g113164/Y                OR3X1LVT           4 11.3  132  +160   10305 F             
    g112960/B0                                                 +0   10305               
    g112960/Y                OAI2BB1X1LVT       1  4.4   71   +80   10385 R             
    g111313/A1                                                 +0   10385               
    g111313/Y                AOI21X1LVT         1  4.1  116   +94   10479 F             
    g110639/D                                                  +0   10479               
    g110639/Y                OR4X1LVT           1  4.1   60  +129   10608 F             
    g110530/A1N                                                +0   10608               
    g110530/Y                AOI2BB1X1LVT       2  6.1   90   +87   10695 F             
    g110448/C0                                                 +0   10695               
    g110448/Y                AOI211XLLVT        1  4.2  240  +172   10867 R             
    g110387/A1                                                 +0   10867               
    g110387/Y                OA21X2LVT         13 33.2  179  +223   11090 R             
    g110334/B                                                  +0   11090               
    g110334/Y                NOR2X2LVT          7 17.3  131  +116   11206 F             
    g110248/A                                                  +0   11206               
    g110248/Y                AND2X1LVT          4 11.3  127  +117   11323 F             
    g109953/B0                                                 +0   11323               
    g109953/Y                OAI31X2LVT         3  9.1  166   +70   11393 R             
    g109659/B0                                                 +0   11393               
    g109659/Y                OAI2BB1X1LVT       3  8.6  198  +171   11564 F             
    g109581/B                                                  +0   11564               
    g109581/Y                NOR2X1LVT          1  4.4  114  +127   11691 R             
    g109458/B                                                  +0   11691               
    g109458/Y                NAND2X1LVT         1  4.3  117  +104   11795 F             
    g109295/D                                                  +0   11795               
    g109295/Y                NOR4X1LVT          1  4.4  207  +151   11946 R             
    g109223/C0                                                 +0   11946               
    g109223/Y                AOI221X1LVT        1  4.3  145  +112   12058 F             
    g109212/C0                                                 +0   12058               
    g109212/Y                OAI221X1LVT        1  4.2  136   +83   12141 R             
    g109197/B                                                  +0   12141               
    g109197/Y                OR2X1LVT           1  4.2   47   +79   12220 R             
    mem_rdata_q_reg_26_/D    DFFX1LVT                          +0   12220               
    mem_rdata_q_reg_26_/CK   setup                        0   +50   12270 R             
- - - - - - - - - - - - - - - - - - - - - - - - - - - - - - - - - - - - - - - - - - - - 
(clock clk)                  capture                                16000 R             
                             uncertainty                     -250   15750 R             
----------------------------------------------------------------------------------------
Cost Group   : 'clk' (path_group 'clk')
Timing slack :    3480ps 
Start-point  : flash_io3
End-point    : soc/cpu/mem_rdata_q_reg_26_/D

path  90:

           Pin                  Type       Fanout Load Slew Delay Arrival   Location    
                                                  (fF) (ps)  (ps)   (ps)       (x,   y) 
----------------------------------------------------------------------------------------
(clock flash_clk)            launch                                     0 R             
(et4351.sdc_line_68_2_1)     ext delay                      +9000    9000 F             
flash_io2                    inout port         2 59.3    0    +0    9000 F             
flash_bufs_2_/io 
flash_bufs_2_/soc_i 
soc/flash_io2_di 
  g2850/A1                                                     +0    9000               
  g2850/Y                    AO22X1LVT          1  4.3   54  +139    9139 F             
  g2795/C0                                                     +0    9139               
  g2795/Y                    AOI221X1LVT        1  4.4  169  +115    9254 R             
  g2761/B                                                      +0    9254               
  g2761/Y                    NAND2X1LVT         2  6.3  158  +148    9401 F             
  cpu/mem_rdata[2] 
    g115757/A1N                                                +0    9401               
    g115757/Y                OAI2BB1X1LVT       2  6.5  152  +136    9537 F             
    g115232/A1                                                 +0    9537               
    g115232/Y                AOI22X1LVT         1  4.2  123  +117    9654 R             
    g114843/B0                                                 +0    9654               
    g114843/Y                OA21X1LVT          9 23.2  237  +212    9866 R             
    g114684/A                                                  +0    9866               
    g114684/Y                INVX1LVT           5 13.2  180  +174   10040 F             
    g113666/C                                                  +0   10040               
    g113666/Y                OR4X1LVT           5 13.2  157  +213   10254 F             
    g113264/B                                                  +0   10254               
    g113264/Y                NAND2X1LVT         2  6.5  101   +99   10353 R             
    g113094/B                                                  +0   10353               
    g113094/Y                NOR2X1LVT          5 12.8  175  +120   10473 F             
    g110639/B                                                  +0   10473               
    g110639/Y                OR4X1LVT           1  4.1   60  +166   10639 F             
    g110530/A1N                                                +0   10639               
    g110530/Y                AOI2BB1X1LVT       2  6.1   90   +87   10726 F             
    g110448/C0                                                 +0   10726               
    g110448/Y                AOI211XLLVT        1  4.2  240  +172   10898 R             
    g110387/A1                                                 +0   10898               
    g110387/Y                OA21X2LVT         13 33.2  179  +223   11121 R             
    g110366/A                                                  +0   11121               
    g110366/Y                INVX1LVT           5 13.2  171  +152   11273 F             
    g110293/A                                                  +0   11273               
    g110293/Y                AND2X1LVT          5 12.6  140  +134   11406 F             
    g109659/A1N                                                +0   11406               
    g109659/Y                OAI2BB1X1LVT       3  8.6  198  +157   11563 F             
    g109581/B                                                  +0   11563               
    g109581/Y                NOR2X1LVT          1  4.4  114  +127   11690 R             
    g109458/B                                                  +0   11690               
    g109458/Y                NAND2X1LVT         1  4.3  117  +104   11794 F             
    g109295/D                                                  +0   11794               
    g109295/Y                NOR4X1LVT          1  4.4  207  +151   11945 R             
    g109223/C0                                                 +0   11945               
    g109223/Y                AOI221X1LVT        1  4.3  145  +112   12057 F             
    g109212/C0                                                 +0   12057               
    g109212/Y                OAI221X1LVT        1  4.2  136   +83   12140 R             
    g109197/B                                                  +0   12140               
    g109197/Y                OR2X1LVT           1  4.2   47   +79   12219 R             
    mem_rdata_q_reg_26_/D    DFFX1LVT                          +0   12219               
    mem_rdata_q_reg_26_/CK   setup                        0   +50   12270 R             
- - - - - - - - - - - - - - - - - - - - - - - - - - - - - - - - - - - - - - - - - - - - 
(clock clk)                  capture                                16000 R             
                             uncertainty                     -250   15750 R             
----------------------------------------------------------------------------------------
Cost Group   : 'clk' (path_group 'clk')
Timing slack :    3480ps 
Start-point  : flash_io2
End-point    : soc/cpu/mem_rdata_q_reg_26_/D

path  91:

           Pin                  Type       Fanout Load Slew Delay Arrival   Location    
                                                  (fF) (ps)  (ps)   (ps)       (x,   y) 
----------------------------------------------------------------------------------------
(clock flash_clk)            launch                                     0 R             
(et4351.sdc_line_68_2_1)     ext delay                      +9000    9000 F             
flash_io2                    inout port         2 59.3    0    +0    9000 F             
flash_bufs_2_/io 
flash_bufs_2_/soc_i 
soc/flash_io2_di 
  g2850/A1                                                     +0    9000               
  g2850/Y                    AO22X1LVT          1  4.3   54  +139    9139 F             
  g2795/C0                                                     +0    9139               
  g2795/Y                    AOI221X1LVT        1  4.4  169  +115    9254 R             
  g2761/B                                                      +0    9254               
  g2761/Y                    NAND2X1LVT         2  6.3  158  +148    9401 F             
  cpu/mem_rdata[2] 
    g115757/A1N                                                +0    9401               
    g115757/Y                OAI2BB1X1LVT       2  6.5  152  +136    9537 F             
    g115232/A1                                                 +0    9537               
    g115232/Y                AOI22X1LVT         1  4.2  123  +117    9654 R             
    g114843/B0                                                 +0    9654               
    g114843/Y                OA21X1LVT          9 23.2  237  +212    9866 R             
    g114684/A                                                  +0    9866               
    g114684/Y                INVX1LVT           5 13.2  180  +174   10040 F             
    g113666/C                                                  +0   10040               
    g113666/Y                OR4X1LVT           5 13.2  157  +213   10254 F             
    g113164/C                                                  +0   10254               
    g113164/Y                OR3X1LVT           4 11.3  132  +160   10413 F             
    g112993/B                                                  +0   10413               
    g112993/Y                NOR2X2LVT          6 15.8  179  +136   10549 R             
    g110639/C                                                  +0   10549               
    g110639/Y                OR4X1LVT           1  4.2   48  +105   10654 R             
    g110530/A1N                                                +0   10654               
    g110530/Y                AOI2BB1X1LVT       2  6.3  141  +104   10758 R             
    g110448/C0                                                 +0   10758               
    g110448/Y                AOI211XLLVT        1  4.1  204  +112   10871 F             
    g110387/A1                                                 +0   10871               
    g110387/Y                OA21X2LVT         13 31.8  185  +213   11083 F             
    g110334/B                                                  +0   11083               
    g110334/Y                NOR2X2LVT          7 18.0  206  +165   11248 R             
    g110248/A                                                  +0   11248               
    g110248/Y                AND2X1LVT          4 11.8  124  +159   11407 R             
    g109953/B0                                                 +0   11407               
    g109953/Y                OAI31X2LVT         3  8.8  129  +119   11526 F             
    g109659/B0                                                 +0   11526               
    g109659/Y                OAI2BB1X1LVT       3  8.9  115  +104   11630 R             
    g109581/B                                                  +0   11630               
    g109581/Y                NOR2X1LVT          1  4.3   68   +75   11705 F             
    g109458/B                                                  +0   11705               
    g109458/Y                NAND2X1LVT         1  4.4   93   +54   11760 R             
    g109295/D                                                  +0   11760               
    g109295/Y                NOR4X1LVT          1  4.3   88   +69   11828 F             
    g109223/C0                                                 +0   11828               
    g109223/Y                AOI221X1LVT        1  4.4  168  +127   11955 R             
    g109212/C0                                                 +0   11955               
    g109212/Y                OAI221X1LVT        1  4.1  187  +176   12131 F             
    g109197/B                                                  +0   12131               
    g109197/Y                OR2X1LVT           1  4.1   51  +103   12233 F             
    mem_rdata_q_reg_26_/D    DFFX1LVT                          +0   12233               
    mem_rdata_q_reg_26_/CK   setup                        0   +34   12268 R             
- - - - - - - - - - - - - - - - - - - - - - - - - - - - - - - - - - - - - - - - - - - - 
(clock clk)                  capture                                16000 R             
                             uncertainty                     -250   15750 R             
----------------------------------------------------------------------------------------
Cost Group   : 'clk' (path_group 'clk')
Timing slack :    3482ps 
Start-point  : flash_io2
End-point    : soc/cpu/mem_rdata_q_reg_26_/D

path  92:

           Pin                  Type       Fanout Load Slew Delay Arrival   Location    
                                                  (fF) (ps)  (ps)   (ps)       (x,   y) 
----------------------------------------------------------------------------------------
(clock flash_clk)            launch                                     0 R             
(et4351.sdc_line_68_2_1)     ext delay                      +9000    9000 R             
flash_io2                    inout port         2 59.4    0    +0    9000 R             
flash_bufs_2_/io 
flash_bufs_2_/soc_i 
soc/flash_io2_di 
  g2850/A1                                                     +0    9000               
  g2850/Y                    AO22X1LVT          1  4.4   53  +154    9154 R             
  g2795/C0                                                     +0    9154               
  g2795/Y                    AOI221X1LVT        1  4.3  145   +53    9206 F             
  g2761/B                                                      +0    9206               
  g2761/Y                    NAND2X1LVT         2  6.5   94   +94    9300 R             
  cpu/mem_rdata[2] 
    g115757/A1N                                                +0    9300               
    g115757/Y                OAI2BB1X1LVT       2  6.7   99  +103    9403 R             
    g115232/A1                                                 +0    9403               
    g115232/Y                AOI22X1LVT         1  4.1  135  +113    9517 F             
    g114843/B0                                                 +0    9517               
    g114843/Y                OA21X1LVT          9 22.3  247  +191    9708 F             
    g114684/A                                                  +0    9708               
    g114684/Y                INVX1LVT           5 13.7  177  +170    9878 R             
    g113666/C                                                  +0    9878               
    g113666/Y                OR4X1LVT           5 13.7  142  +156   10034 R             
    g113281/B                                                  +0   10034               
    g113281/Y                NOR2X1LVT          3  8.6  127  +111   10145 F             
    g113197/A                                                  +0   10145               
    g113197/Y                INVX1LVT           7 18.0  200  +150   10295 R             
    g111313/A0                                                 +0   10295               
    g111313/Y                AOI21X1LVT         1  4.1  116  +138   10434 F             
    g110639/D                                                  +0   10434               
    g110639/Y                OR4X1LVT           1  4.1   60  +129   10562 F             
    g110530/A1N                                                +0   10562               
    g110530/Y                AOI2BB1X1LVT       2  6.1   90   +87   10649 F             
    g110448/C0                                                 +0   10649               
    g110448/Y                AOI211XLLVT        1  4.2  240  +172   10821 R             
    g110387/A1                                                 +0   10821               
    g110387/Y                OA21X2LVT         13 33.2  179  +223   11044 R             
    g110366/A                                                  +0   11044               
    g110366/Y                INVX1LVT           5 13.2  171  +152   11196 F             
    g110293/A                                                  +0   11196               
    g110293/Y                AND2X1LVT          5 12.6  140  +134   11330 F             
    g110245/B                                                  +0   11330               
    g110245/Y                NAND2X1LVT         3  8.9  115  +106   11436 R             
    g109949/B                                                  +0   11436               
    g109949/Y                AND2X1LVT          2  6.7   73  +110   11546 R             
    g109462/D                                                  +0   11546               
    g109462/Y                NAND4BX1LVT        1  4.3  220  +156   11701 F             
    g109296/D                                                  +0   11701               
    g109296/Y                NOR4X1LVT          1  4.4  212  +186   11887 R             
    g109214/B1                                                 +0   11887               
    g109214/Y                AOI222X1LVT        1  4.3  161  +161   12048 F             
    g109203/C0                                                 +0   12048               
    g109203/Y                OAI221X1LVT        1  4.2  134   +89   12138 R             
    g109193/B                                                  +0   12138               
    g109193/Y                OR2X1LVT           1  4.2   47   +78   12216 R             
    mem_rdata_q_reg_27_/D    DFFX1LVT                          +0   12216               
    mem_rdata_q_reg_27_/CK   setup                        0   +50   12267 R             
- - - - - - - - - - - - - - - - - - - - - - - - - - - - - - - - - - - - - - - - - - - - 
(clock clk)                  capture                                16000 R             
                             uncertainty                     -250   15750 R             
----------------------------------------------------------------------------------------
Cost Group   : 'clk' (path_group 'clk')
Timing slack :    3483ps 
Start-point  : flash_io2
End-point    : soc/cpu/mem_rdata_q_reg_27_/D

path  93:

           Pin                  Type       Fanout Load Slew Delay Arrival   Location    
                                                  (fF) (ps)  (ps)   (ps)       (x,   y) 
----------------------------------------------------------------------------------------
(clock flash_clk)            launch                                     0 R             
(et4351.sdc_line_68_2_1)     ext delay                      +9000    9000 F             
flash_io2                    inout port         2 59.3    0    +0    9000 F             
flash_bufs_2_/io 
flash_bufs_2_/soc_i 
soc/flash_io2_di 
  g2850/A1                                                     +0    9000               
  g2850/Y                    AO22X1LVT          1  4.3   54  +139    9139 F             
  g2795/C0                                                     +0    9139               
  g2795/Y                    AOI221X1LVT        1  4.4  169  +115    9254 R             
  g2761/B                                                      +0    9254               
  g2761/Y                    NAND2X1LVT         2  6.3  158  +148    9401 F             
  cpu/mem_rdata[2] 
    g115757/A1N                                                +0    9401               
    g115757/Y                OAI2BB1X1LVT       2  6.5  152  +136    9537 F             
    g115232/A1                                                 +0    9537               
    g115232/Y                AOI22X1LVT         1  4.2  123  +117    9654 R             
    g114843/B0                                                 +0    9654               
    g114843/Y                OA21X1LVT          9 23.2  237  +212    9866 R             
    g114684/A                                                  +0    9866               
    g114684/Y                INVX1LVT           5 13.2  180  +174   10040 F             
    g113666/C                                                  +0   10040               
    g113666/Y                OR4X1LVT           5 13.2  157  +213   10254 F             
    g113164/C                                                  +0   10254               
    g113164/Y                OR3X1LVT           4 11.3  132  +160   10413 F             
    g112993/B                                                  +0   10413               
    g112993/Y                NOR2X2LVT          6 15.8  179  +136   10549 R             
    g110639/C                                                  +0   10549               
    g110639/Y                OR4X1LVT           1  4.2   48  +105   10654 R             
    g110530/A1N                                                +0   10654               
    g110530/Y                AOI2BB1X1LVT       2  6.3  141  +104   10758 R             
    g110448/C0                                                 +0   10758               
    g110448/Y                AOI211XLLVT        1  4.1  204  +112   10871 F             
    g110387/A1                                                 +0   10871               
    g110387/Y                OA21X2LVT         13 31.8  185  +213   11083 F             
    g110334/B                                                  +0   11083               
    g110334/Y                NOR2X2LVT          7 18.0  206  +165   11248 R             
    g110248/A                                                  +0   11248               
    g110248/Y                AND2X1LVT          4 11.8  124  +159   11407 R             
    g109952/B                                                  +0   11407               
    g109952/Y                NAND2X1LVT         3  8.8  204  +160   11567 F             
    g109666/B0                                                 +0   11567               
    g109666/Y                OAI2BB1X1LVT       4 11.1  148  +144   11711 R             
    g109296/C                                                  +0   11711               
    g109296/Y                NOR4X1LVT          1  4.3   80   +94   11805 F             
    g109214/B1                                                 +0   11805               
    g109214/Y                AOI222X1LVT        1  4.4  187  +142   11946 R             
    g109203/C0                                                 +0   11946               
    g109203/Y                OAI221X1LVT        1  4.1  188  +182   12129 F             
    g109193/B                                                  +0   12129               
    g109193/Y                OR2X1LVT           1  4.1   51  +103   12232 F             
    mem_rdata_q_reg_27_/D    DFFX1LVT                          +0   12232               
    mem_rdata_q_reg_27_/CK   setup                        0   +34   12266 R             
- - - - - - - - - - - - - - - - - - - - - - - - - - - - - - - - - - - - - - - - - - - - 
(clock clk)                  capture                                16000 R             
                             uncertainty                     -250   15750 R             
----------------------------------------------------------------------------------------
Cost Group   : 'clk' (path_group 'clk')
Timing slack :    3484ps 
Start-point  : flash_io2
End-point    : soc/cpu/mem_rdata_q_reg_27_/D

path  94:

           Pin                  Type       Fanout Load Slew Delay Arrival   Location    
                                                  (fF) (ps)  (ps)   (ps)       (x,   y) 
----------------------------------------------------------------------------------------
(clock flash_clk)            launch                                     0 R             
(et4351.sdc_line_68_2_1)     ext delay                      +9000    9000 F             
flash_io2                    inout port         2 59.3    0    +0    9000 F             
flash_bufs_2_/io 
flash_bufs_2_/soc_i 
soc/flash_io2_di 
  g2850/A1                                                     +0    9000               
  g2850/Y                    AO22X1LVT          1  4.3   54  +139    9139 F             
  g2795/C0                                                     +0    9139               
  g2795/Y                    AOI221X1LVT        1  4.4  169  +115    9254 R             
  g2761/B                                                      +0    9254               
  g2761/Y                    NAND2X1LVT         2  6.3  158  +148    9401 F             
  cpu/mem_rdata[2] 
    g115757/A1N                                                +0    9401               
    g115757/Y                OAI2BB1X1LVT       2  6.5  152  +136    9537 F             
    g115232/A1                                                 +0    9537               
    g115232/Y                AOI22X1LVT         1  4.2  123  +117    9654 R             
    g114843/B0                                                 +0    9654               
    g114843/Y                OA21X1LVT          9 23.2  237  +212    9866 R             
    g114684/A                                                  +0    9866               
    g114684/Y                INVX1LVT           5 13.2  180  +174   10040 F             
    g113666/C                                                  +0   10040               
    g113666/Y                OR4X1LVT           5 13.2  157  +213   10254 F             
    g113277/B                                                  +0   10254               
    g113277/Y                NAND2X1LVT         4 10.9  156  +123   10377 R             
    g112960/A1N                                                +0   10377               
    g112960/Y                OAI2BB1X1LVT       1  4.4   71  +107   10484 R             
    g111313/A1                                                 +0   10484               
    g111313/Y                AOI21X1LVT         1  4.1  116   +94   10578 F             
    g110639/D                                                  +0   10578               
    g110639/Y                OR4X1LVT           1  4.1   60  +129   10706 F             
    g110530/A1N                                                +0   10706               
    g110530/Y                AOI2BB1X1LVT       2  6.1   90   +87   10793 F             
    g110448/C0                                                 +0   10793               
    g110448/Y                AOI211XLLVT        1  4.2  240  +172   10965 R             
    g110387/A1                                                 +0   10965               
    g110387/Y                OA21X2LVT         13 33.2  179  +223   11188 R             
    g110331/B                                                  +0   11188               
    g110331/Y                NOR2X1LVT          2  6.5  101  +113   11301 F             
    g110244/B                                                  +0   11301               
    g110244/Y                NAND2X1LVT         3  8.9  110   +92   11393 R             
    g109946/B                                                  +0   11393               
    g109946/Y                AND2X1LVT          2  6.7   74  +109   11501 R             
    g109654/B                                                  +0   11501               
    g109654/Y                NAND2X1LVT         1  4.3  107   +89   11590 F             
    g109581/A                                                  +0   11590               
    g109581/Y                NOR2X1LVT          1  4.4  114   +94   11684 R             
    g109458/B                                                  +0   11684               
    g109458/Y                NAND2X1LVT         1  4.3  117  +104   11788 F             
    g109295/D                                                  +0   11788               
    g109295/Y                NOR4X1LVT          1  4.4  207  +151   11939 R             
    g109223/C0                                                 +0   11939               
    g109223/Y                AOI221X1LVT        1  4.3  145  +112   12050 F             
    g109212/C0                                                 +0   12050               
    g109212/Y                OAI221X1LVT        1  4.2  136   +83   12134 R             
    g109197/B                                                  +0   12134               
    g109197/Y                OR2X1LVT           1  4.2   47   +79   12213 R             
    mem_rdata_q_reg_26_/D    DFFX1LVT                          +0   12213               
    mem_rdata_q_reg_26_/CK   setup                        0   +50   12263 R             
- - - - - - - - - - - - - - - - - - - - - - - - - - - - - - - - - - - - - - - - - - - - 
(clock clk)                  capture                                16000 R             
                             uncertainty                     -250   15750 R             
----------------------------------------------------------------------------------------
Cost Group   : 'clk' (path_group 'clk')
Timing slack :    3487ps 
Start-point  : flash_io2
End-point    : soc/cpu/mem_rdata_q_reg_26_/D

path  95:

           Pin                  Type       Fanout Load Slew Delay Arrival   Location    
                                                  (fF) (ps)  (ps)   (ps)       (x,   y) 
----------------------------------------------------------------------------------------
(clock flash_clk)            launch                                     0 R             
(et4351.sdc_line_68_2_1)     ext delay                      +9000    9000 F             
flash_io2                    inout port         2 59.3    0    +0    9000 F             
flash_bufs_2_/io 
flash_bufs_2_/soc_i 
soc/flash_io2_di 
  g2850/A1                                                     +0    9000               
  g2850/Y                    AO22X1LVT          1  4.3   54  +139    9139 F             
  g2795/C0                                                     +0    9139               
  g2795/Y                    AOI221X1LVT        1  4.4  169  +115    9254 R             
  g2761/B                                                      +0    9254               
  g2761/Y                    NAND2X1LVT         2  6.3  158  +148    9401 F             
  cpu/mem_rdata[2] 
    g115757/A1N                                                +0    9401               
    g115757/Y                OAI2BB1X1LVT       2  6.5  152  +136    9537 F             
    g115232/A1                                                 +0    9537               
    g115232/Y                AOI22X1LVT         1  4.2  123  +117    9654 R             
    g114843/B0                                                 +0    9654               
    g114843/Y                OA21X1LVT          9 23.2  237  +212    9866 R             
    g114684/A                                                  +0    9866               
    g114684/Y                INVX1LVT           5 13.2  180  +174   10040 F             
    g113666/C                                                  +0   10040               
    g113666/Y                OR4X1LVT           5 13.2  157  +213   10254 F             
    g113281/B                                                  +0   10254               
    g113281/Y                NOR2X1LVT          3  8.9  194  +161   10415 R             
    g113197/A                                                  +0   10415               
    g113197/Y                INVX1LVT           7 17.3  217  +182   10597 F             
    g111313/A0                                                 +0   10597               
    g111313/Y                AOI21X1LVT         1  4.2  117  +133   10729 R             
    g110639/D                                                  +0   10729               
    g110639/Y                OR4X1LVT           1  4.2   48   +80   10809 R             
    g110530/A1N                                                +0   10809               
    g110530/Y                AOI2BB1X1LVT       2  6.3  141  +104   10914 R             
    g110448/C0                                                 +0   10914               
    g110448/Y                AOI211XLLVT        1  4.1  204  +112   11026 F             
    g110387/A1                                                 +0   11026               
    g110387/Y                OA21X2LVT         13 31.8  185  +213   11238 F             
    g110334/B                                                  +0   11238               
    g110334/Y                NOR2X2LVT          7 18.0  206  +165   11403 R             
    g110248/A                                                  +0   11403               
    g110248/Y                AND2X1LVT          4 11.8  124  +159   11562 R             
    g109952/B                                                  +0   11562               
    g109952/Y                NAND2X1LVT         3  8.8  204  +160   11722 F             
    g116840/B                                                  +0   11722               
    g116840/Y                NAND2BX1LVT        4 11.1  146  +142   11864 R             
    g109294/C                                                  +0   11864               
    g109294/Y                NOR4X1LVT          1  4.3   88   +93   11957 F             
    g109206/A1                                                 +0   11957               
    g109206/Y                AOI221X1LVT        1  4.4  165  +137   12094 R             
    g109198/B                                                  +0   12094               
    g109198/Y                NAND2X1LVT         1  4.1  113  +120   12214 F             
    mem_rdata_q_reg_30_/D    DFFX1LVT                          +0   12214               
    mem_rdata_q_reg_30_/CK   setup                        0   +49   12263 R             
- - - - - - - - - - - - - - - - - - - - - - - - - - - - - - - - - - - - - - - - - - - - 
(clock clk)                  capture                                16000 R             
                             uncertainty                     -250   15750 R             
----------------------------------------------------------------------------------------
Cost Group   : 'clk' (path_group 'clk')
Timing slack :    3487ps 
Start-point  : flash_io2
End-point    : soc/cpu/mem_rdata_q_reg_30_/D

path  96:

           Pin                  Type       Fanout Load Slew Delay Arrival   Location    
                                                  (fF) (ps)  (ps)   (ps)       (x,   y) 
----------------------------------------------------------------------------------------
(clock flash_clk)            launch                                     0 R             
(et4351.sdc_line_68_3_1)     ext delay                      +9000    9000 F             
flash_io3                    inout port         2 59.5    0    +0    9000 F             
flash_bufs_3_/io 
flash_bufs_3_/soc_i 
soc/flash_io3_di 
  g2831/B1                                                     +0    9000               
  g2831/Y                    AOI22X1LVT         1  4.4  130  +143    9143 R             
  g2760/B                                                      +0    9143               
  g2760/Y                    NAND2X1LVT         2  6.3  154  +133    9276 F             
  cpu/mem_rdata[3] 
    g115760/A1N                                                +0    9276               
    g115760/Y                OAI2BB1X1LVT       2  6.5  152  +135    9411 F             
    g115233/A1                                                 +0    9411               
    g115233/Y                AOI22X1LVT         1  4.2  123  +117    9528 R             
    g114847/B0                                                 +0    9528               
    g114847/Y                OA21X1LVT          9 22.8  233  +210    9738 R             
    g114688/A                                                  +0    9738               
    g114688/Y                INVX1LVT           7 17.5  224  +198    9936 F             
    g113666/D                                                  +0    9936               
    g113666/Y                OR4X1LVT           5 13.2  157  +209   10145 F             
    g113277/B                                                  +0   10145               
    g113277/Y                NAND2X1LVT         4 10.9  156  +123   10269 R             
    g112960/A1N                                                +0   10269               
    g112960/Y                OAI2BB1X1LVT       1  4.4   71  +107   10375 R             
    g111313/A1                                                 +0   10375               
    g111313/Y                AOI21X1LVT         1  4.1  116   +94   10469 F             
    g110639/D                                                  +0   10469               
    g110639/Y                OR4X1LVT           1  4.1   60  +129   10598 F             
    g110530/A1N                                                +0   10598               
    g110530/Y                AOI2BB1X1LVT       2  6.1   90   +87   10685 F             
    g110448/C0                                                 +0   10685               
    g110448/Y                AOI211XLLVT        1  4.2  240  +172   10857 R             
    g110387/A1                                                 +0   10857               
    g110387/Y                OA21X2LVT         13 33.2  179  +223   11080 R             
    g110334/B                                                  +0   11080               
    g110334/Y                NOR2X2LVT          7 17.3  131  +116   11196 F             
    g110248/A                                                  +0   11196               
    g110248/Y                AND2X1LVT          4 11.3  127  +117   11314 F             
    g109953/B0                                                 +0   11314               
    g109953/Y                OAI31X2LVT         3  9.1  166   +70   11383 R             
    g109659/B0                                                 +0   11383               
    g109659/Y                OAI2BB1X1LVT       3  8.6  198  +171   11554 F             
    g109581/B                                                  +0   11554               
    g109581/Y                NOR2X1LVT          1  4.4  114  +127   11681 R             
    g109458/B                                                  +0   11681               
    g109458/Y                NAND2X1LVT         1  4.3  117  +104   11785 F             
    g109295/D                                                  +0   11785               
    g109295/Y                NOR4X1LVT          1  4.4  207  +151   11936 R             
    g109223/C0                                                 +0   11936               
    g109223/Y                AOI221X1LVT        1  4.3  145  +112   12048 F             
    g109212/C0                                                 +0   12048               
    g109212/Y                OAI221X1LVT        1  4.2  136   +83   12131 R             
    g109197/B                                                  +0   12131               
    g109197/Y                OR2X1LVT           1  4.2   47   +79   12210 R             
    mem_rdata_q_reg_26_/D    DFFX1LVT                          +0   12210               
    mem_rdata_q_reg_26_/CK   setup                        0   +50   12260 R             
- - - - - - - - - - - - - - - - - - - - - - - - - - - - - - - - - - - - - - - - - - - - 
(clock clk)                  capture                                16000 R             
                             uncertainty                     -250   15750 R             
----------------------------------------------------------------------------------------
Cost Group   : 'clk' (path_group 'clk')
Timing slack :    3490ps 
Start-point  : flash_io3
End-point    : soc/cpu/mem_rdata_q_reg_26_/D

path  97:

           Pin                  Type       Fanout Load Slew Delay Arrival   Location    
                                                  (fF) (ps)  (ps)   (ps)       (x,   y) 
----------------------------------------------------------------------------------------
(clock flash_clk)            launch                                     0 R             
(et4351.sdc_line_68_3_1)     ext delay                      +9000    9000 F             
flash_io3                    inout port         2 59.5    0    +0    9000 F             
flash_bufs_3_/io 
flash_bufs_3_/soc_i 
soc/flash_io3_di 
  g2831/B1                                                     +0    9000               
  g2831/Y                    AOI22X1LVT         1  4.4  130  +143    9143 R             
  g2760/B                                                      +0    9143               
  g2760/Y                    NAND2X1LVT         2  6.3  154  +133    9276 F             
  cpu/mem_rdata[3] 
    g115760/A1N                                                +0    9276               
    g115760/Y                OAI2BB1X1LVT       2  6.5  152  +135    9411 F             
    g115233/A1                                                 +0    9411               
    g115233/Y                AOI22X1LVT         1  4.2  123  +117    9528 R             
    g114847/B0                                                 +0    9528               
    g114847/Y                OA21X1LVT          9 22.8  233  +210    9738 R             
    g114688/A                                                  +0    9738               
    g114688/Y                INVX1LVT           7 17.5  224  +198    9936 F             
    g113666/D                                                  +0    9936               
    g113666/Y                OR4X1LVT           5 13.2  157  +209   10145 F             
    g113164/C                                                  +0   10145               
    g113164/Y                OR3X1LVT           4 11.3  132  +160   10305 F             
    g112960/B0                                                 +0   10305               
    g112960/Y                OAI2BB1X1LVT       1  4.4   71   +80   10385 R             
    g111313/A1                                                 +0   10385               
    g111313/Y                AOI21X1LVT         1  4.1  116   +94   10479 F             
    g110639/D                                                  +0   10479               
    g110639/Y                OR4X1LVT           1  4.1   60  +129   10608 F             
    g110530/A1N                                                +0   10608               
    g110530/Y                AOI2BB1X1LVT       2  6.1   90   +87   10695 F             
    g110448/C0                                                 +0   10695               
    g110448/Y                AOI211XLLVT        1  4.2  240  +172   10867 R             
    g110387/A1                                                 +0   10867               
    g110387/Y                OA21X2LVT         13 33.2  179  +223   11090 R             
    g110366/A                                                  +0   11090               
    g110366/Y                INVX1LVT           5 13.2  171  +152   11242 F             
    g110293/A                                                  +0   11242               
    g110293/Y                AND2X1LVT          5 12.6  140  +134   11375 F             
    g110245/B                                                  +0   11375               
    g110245/Y                NAND2X1LVT         3  8.9  115  +106   11481 R             
    g109654/A                                                  +0   11481               
    g109654/Y                NAND2X1LVT         1  4.3  107  +103   11584 F             
    g109581/A                                                  +0   11584               
    g109581/Y                NOR2X1LVT          1  4.4  114   +94   11678 R             
    g109458/B                                                  +0   11678               
    g109458/Y                NAND2X1LVT         1  4.3  117  +104   11782 F             
    g109295/D                                                  +0   11782               
    g109295/Y                NOR4X1LVT          1  4.4  207  +151   11933 R             
    g109223/C0                                                 +0   11933               
    g109223/Y                AOI221X1LVT        1  4.3  145  +112   12044 F             
    g109212/C0                                                 +0   12044               
    g109212/Y                OAI221X1LVT        1  4.2  136   +83   12128 R             
    g109197/B                                                  +0   12128               
    g109197/Y                OR2X1LVT           1  4.2   47   +79   12207 R             
    mem_rdata_q_reg_26_/D    DFFX1LVT                          +0   12207               
    mem_rdata_q_reg_26_/CK   setup                        0   +50   12257 R             
- - - - - - - - - - - - - - - - - - - - - - - - - - - - - - - - - - - - - - - - - - - - 
(clock clk)                  capture                                16000 R             
                             uncertainty                     -250   15750 R             
----------------------------------------------------------------------------------------
Cost Group   : 'clk' (path_group 'clk')
Timing slack :    3493ps 
Start-point  : flash_io3
End-point    : soc/cpu/mem_rdata_q_reg_26_/D

path  98:

           Pin                  Type       Fanout Load Slew Delay Arrival   Location    
                                                  (fF) (ps)  (ps)   (ps)       (x,   y) 
----------------------------------------------------------------------------------------
(clock flash_clk)            launch                                     0 R             
(et4351.sdc_line_68_2_1)     ext delay                      +9000    9000 F             
flash_io2                    inout port         2 59.3    0    +0    9000 F             
flash_bufs_2_/io 
flash_bufs_2_/soc_i 
soc/flash_io2_di 
  g2850/A1                                                     +0    9000               
  g2850/Y                    AO22X1LVT          1  4.3   54  +139    9139 F             
  g2795/C0                                                     +0    9139               
  g2795/Y                    AOI221X1LVT        1  4.4  169  +115    9254 R             
  g2761/B                                                      +0    9254               
  g2761/Y                    NAND2X1LVT         2  6.3  158  +148    9401 F             
  cpu/mem_rdata[2] 
    g115757/A1N                                                +0    9401               
    g115757/Y                OAI2BB1X1LVT       2  6.5  152  +136    9537 F             
    g115232/A1                                                 +0    9537               
    g115232/Y                AOI22X1LVT         1  4.2  123  +117    9654 R             
    g114843/B0                                                 +0    9654               
    g114843/Y                OA21X1LVT          9 23.2  237  +212    9866 R             
    g114684/A                                                  +0    9866               
    g114684/Y                INVX1LVT           5 13.2  180  +174   10040 F             
    g113666/C                                                  +0   10040               
    g113666/Y                OR4X1LVT           5 13.2  157  +213   10254 F             
    g113164/C                                                  +0   10254               
    g113164/Y                OR3X1LVT           4 11.3  132  +160   10413 F             
    g112960/B0                                                 +0   10413               
    g112960/Y                OAI2BB1X1LVT       1  4.4   71   +80   10494 R             
    g111313/A1                                                 +0   10494               
    g111313/Y                AOI21X1LVT         1  4.1  116   +94   10588 F             
    g110639/D                                                  +0   10588               
    g110639/Y                OR4X1LVT           1  4.1   60  +129   10716 F             
    g110530/A1N                                                +0   10716               
    g110530/Y                AOI2BB1X1LVT       2  6.1   90   +87   10803 F             
    g110448/C0                                                 +0   10803               
    g110448/Y                AOI211XLLVT        1  4.2  240  +172   10975 R             
    g110387/A1                                                 +0   10975               
    g110387/Y                OA21X2LVT         13 33.2  179  +223   11198 R             
    g110331/B                                                  +0   11198               
    g110331/Y                NOR2X1LVT          2  6.5  101  +113   11311 F             
    g110316/A                                                  +0   11311               
    g110316/Y                INVX1LVT           2  6.3   81   +76   11387 R             
    g110250/B                                                  +0   11387               
    g110250/Y                OR2X1LVT           4 11.3  117  +104   11491 R             
    g109956/B0                                                 +0   11491               
    g109956/Y                OAI2BB1X1LVT       4 11.1  246  +184   11675 F             
    g109296/B                                                  +0   11675               
    g109296/Y                NOR4X1LVT          1  4.4  212  +203   11877 R             
    g109214/B1                                                 +0   11877               
    g109214/Y                AOI222X1LVT        1  4.3  161  +161   12039 F             
    g109203/C0                                                 +0   12039               
    g109203/Y                OAI221X1LVT        1  4.2  134   +89   12128 R             
    g109193/B                                                  +0   12128               
    g109193/Y                OR2X1LVT           1  4.2   47   +78   12207 R             
    mem_rdata_q_reg_27_/D    DFFX1LVT                          +0   12207               
    mem_rdata_q_reg_27_/CK   setup                        0   +50   12257 R             
- - - - - - - - - - - - - - - - - - - - - - - - - - - - - - - - - - - - - - - - - - - - 
(clock clk)                  capture                                16000 R             
                             uncertainty                     -250   15750 R             
----------------------------------------------------------------------------------------
Cost Group   : 'clk' (path_group 'clk')
Timing slack :    3493ps 
Start-point  : flash_io2
End-point    : soc/cpu/mem_rdata_q_reg_27_/D

path  99:

           Pin                  Type       Fanout Load Slew Delay Arrival   Location    
                                                  (fF) (ps)  (ps)   (ps)       (x,   y) 
----------------------------------------------------------------------------------------
(clock flash_clk)            launch                                     0 R             
(et4351.sdc_line_68_2_1)     ext delay                      +9000    9000 F             
flash_io2                    inout port         2 59.3    0    +0    9000 F             
flash_bufs_2_/io 
flash_bufs_2_/soc_i 
soc/flash_io2_di 
  g2850/A1                                                     +0    9000               
  g2850/Y                    AO22X1LVT          1  4.3   54  +139    9139 F             
  g2795/C0                                                     +0    9139               
  g2795/Y                    AOI221X1LVT        1  4.4  169  +115    9254 R             
  g2761/B                                                      +0    9254               
  g2761/Y                    NAND2X1LVT         2  6.3  158  +148    9401 F             
  cpu/mem_rdata[2] 
    g115757/A1N                                                +0    9401               
    g115757/Y                OAI2BB1X1LVT       2  6.5  152  +136    9537 F             
    g115232/A1                                                 +0    9537               
    g115232/Y                AOI22X1LVT         1  4.2  123  +117    9654 R             
    g114843/B0                                                 +0    9654               
    g114843/Y                OA21X1LVT          9 23.2  237  +212    9866 R             
    g114684/A                                                  +0    9866               
    g114684/Y                INVX1LVT           5 13.2  180  +174   10040 F             
    g113666/C                                                  +0   10040               
    g113666/Y                OR4X1LVT           5 13.2  157  +213   10254 F             
    g113281/B                                                  +0   10254               
    g113281/Y                NOR2X1LVT          3  8.9  194  +161   10415 R             
    g113197/A                                                  +0   10415               
    g113197/Y                INVX1LVT           7 17.3  217  +182   10597 F             
    g111313/A0                                                 +0   10597               
    g111313/Y                AOI21X1LVT         1  4.2  117  +133   10729 R             
    g110639/D                                                  +0   10729               
    g110639/Y                OR4X1LVT           1  4.2   48   +80   10809 R             
    g110530/A1N                                                +0   10809               
    g110530/Y                AOI2BB1X1LVT       2  6.3  141  +104   10914 R             
    g110448/C0                                                 +0   10914               
    g110448/Y                AOI211XLLVT        1  4.1  204  +112   11026 F             
    g110387/A1                                                 +0   11026               
    g110387/Y                OA21X2LVT         13 31.8  185  +213   11238 F             
    g110331/B                                                  +0   11238               
    g110331/Y                NOR2X1LVT          2  6.7  156  +147   11385 R             
    g110316/A                                                  +0   11385               
    g110316/Y                INVX1LVT           2  6.1   92  +100   11486 F             
    g110250/B                                                  +0   11486               
    g110250/Y                OR2X1LVT           4 10.9  124  +121   11607 F             
    g109956/B0                                                 +0   11607               
    g109956/Y                OAI2BB1X1LVT       4 11.5  139  +116   11723 R             
    g109295/B                                                  +0   11723               
    g109295/Y                NOR4X1LVT          1  4.3   88   +94   11817 F             
    g109223/C0                                                 +0   11817               
    g109223/Y                AOI221X1LVT        1  4.4  168  +127   11944 R             
    g109212/C0                                                 +0   11944               
    g109212/Y                OAI221X1LVT        1  4.1  187  +176   12119 F             
    g109197/B                                                  +0   12119               
    g109197/Y                OR2X1LVT           1  4.1   51  +103   12222 F             
    mem_rdata_q_reg_26_/D    DFFX1LVT                          +0   12222               
    mem_rdata_q_reg_26_/CK   setup                        0   +34   12256 R             
- - - - - - - - - - - - - - - - - - - - - - - - - - - - - - - - - - - - - - - - - - - - 
(clock clk)                  capture                                16000 R             
                             uncertainty                     -250   15750 R             
----------------------------------------------------------------------------------------
Cost Group   : 'clk' (path_group 'clk')
Timing slack :    3494ps 
Start-point  : flash_io2
End-point    : soc/cpu/mem_rdata_q_reg_26_/D

path 100:

           Pin                  Type       Fanout Load Slew Delay Arrival   Location    
                                                  (fF) (ps)  (ps)   (ps)       (x,   y) 
----------------------------------------------------------------------------------------
(clock flash_clk)            launch                                     0 R             
(et4351.sdc_line_68_2_1)     ext delay                      +9000    9000 R             
flash_io2                    inout port         2 59.4    0    +0    9000 R             
flash_bufs_2_/io 
flash_bufs_2_/soc_i 
soc/flash_io2_di 
  g2850/A1                                                     +0    9000               
  g2850/Y                    AO22X1LVT          1  4.4   53  +154    9154 R             
  g2795/C0                                                     +0    9154               
  g2795/Y                    AOI221X1LVT        1  4.3  145   +53    9206 F             
  g2761/B                                                      +0    9206               
  g2761/Y                    NAND2X1LVT         2  6.5   94   +94    9300 R             
  cpu/mem_rdata[2] 
    g115757/A1N                                                +0    9300               
    g115757/Y                OAI2BB1X1LVT       2  6.7   99  +103    9403 R             
    g115232/A1                                                 +0    9403               
    g115232/Y                AOI22X1LVT         1  4.1  135  +113    9517 F             
    g114843/B0                                                 +0    9517               
    g114843/Y                OA21X1LVT          9 22.3  247  +191    9708 F             
    g114684/A                                                  +0    9708               
    g114684/Y                INVX1LVT           5 13.7  177  +170    9878 R             
    g113666/C                                                  +0    9878               
    g113666/Y                OR4X1LVT           5 13.7  142  +156   10034 R             
    g113281/B                                                  +0   10034               
    g113281/Y                NOR2X1LVT          3  8.6  127  +111   10145 F             
    g113197/A                                                  +0   10145               
    g113197/Y                INVX1LVT           7 18.0  200  +150   10295 R             
    g113082/B                                                  +0   10295               
    g113082/Y                NOR2X1LVT          2  6.1  104  +118   10414 F             
    g111319/D                                                  +0   10414               
    g111319/Y                OR4X1LVT           1  4.3   62  +127   10541 F             
    g110638/D                                                  +0   10541               
    g110638/Y                NOR4X1LVT          1  4.4  202  +133   10673 R             
    g110526/A1                                                 +0   10673               
    g110526/Y                OAI211X1LVT        1  4.3  181  +165   10838 F             
    g110431/A1                                                 +0   10838               
    g110431/Y                OAI21X1LVT         1  4.2  115  +125   10963 R             
    g110430/B                                                  +0   10963               
    g110430/Y                AND2X1LVT          9 23.0  234  +199   11162 R             
    g110361/B                                                  +0   11162               
    g110361/Y                OR2X1LVT           4 11.3  117  +142   11304 R             
    g110332/B0                                                 +0   11304               
    g110332/Y                AOI21X1LVT         3  8.8  210  +103   11407 F             
    g110249/B                                                  +0   11407               
    g110249/Y                NOR2X1LVT          4 11.5  249  +208   11615 R             
    g109947/B0                                                 +0   11615               
    g109947/Y                OAI2BB1X1LVT       2  6.3  156  +172   11787 F             
    g109459/D                                                  +0   11787               
    g109459/Y                NOR4X1LVT          1  4.4  207  +164   11952 R             
    g109297/A1                                                 +0   11952               
    g109297/Y                AOI221X1LVT        1  4.3  152  +164   12115 F             
    g109243/B                                                  +0   12115               
    g109243/Y                NAND2X1LVT         1  4.3   76   +85   12200 R             
    mem_rdata_q_reg_23_/D    DFFHQX1LVT                        +0   12200               
    mem_rdata_q_reg_23_/CK   setup                        0   +55   12255 R             
- - - - - - - - - - - - - - - - - - - - - - - - - - - - - - - - - - - - - - - - - - - - 
(clock clk)                  capture                                16000 R             
                             uncertainty                     -250   15750 R             
----------------------------------------------------------------------------------------
Cost Group   : 'clk' (path_group 'clk')
Timing slack :    3495ps 
Start-point  : flash_io2
End-point    : soc/cpu/mem_rdata_q_reg_23_/D

